ISO-10303-21;
HEADER;
FILE_DESCRIPTION (( 'STEP AP214' ),
    '1' );
FILE_NAME ('LTST-C191TBKT.STEP',
    '2023-01-12T21:44:39',
    ( 'ADMIN' ),
    ( '' ),
    'SwSTEP 2.0',
    'SolidWorks 2016',
    '' );
FILE_SCHEMA (( 'AUTOMOTIVE_DESIGN' ));
ENDSEC;

DATA;
#1 = DIRECTION ( 'NONE',  ( -0.0000000000000000000, 1.000000000000000000, 0.0000000000000000000 ) ) ;
#2 = CARTESIAN_POINT ( 'NONE',  ( 1.464646490379500000, 1.980050006160170200, 0.0000000000000000000 ) ) ;
#3 = DIRECTION ( 'NONE',  ( 0.0000000000000000000, 0.0000000000000000000, 1.000000000000000000 ) ) ;
#4 = DIRECTION ( 'NONE',  ( 0.0000000000000000000, 0.0000000000000000000, -1.000000000000000000 ) ) ;
#5 = MECHANICAL_DESIGN_GEOMETRIC_PRESENTATION_REPRESENTATION (  '', ( #10424 ), #586 ) ;
#6 = CARTESIAN_POINT ( 'NONE',  ( 1.646673668681170000, 1.974774644385469700, 0.0000000000000000000 ) ) ;
#7 =( NAMED_UNIT ( * ) PLANE_ANGLE_UNIT ( ) SI_UNIT ( $, .RADIAN. ) );
#8 = ORIENTED_EDGE ( 'NONE', *, *, #678, .F. ) ;
#9 = CARTESIAN_POINT ( 'NONE',  ( 0.4480549931478379800, -0.2980549931478380100, 0.5999999999999999800 ) ) ;
#10 = VECTOR ( 'NONE', #2058, 1000.000000000000000 ) ;
#11 = CARTESIAN_POINT ( 'NONE',  ( 1.599976746015110000, 2.005512028770319900, 0.0000000000000000000 ) ) ;
#12 = EDGE_CURVE ( 'NONE', #5209, #115, #3758, .T. ) ;
#13 = EDGE_CURVE ( 'NONE', #7362, #1646, #8479, .T. ) ;
#14 = CARTESIAN_POINT ( 'NONE',  ( 1.507599488027270100, 2.006507609743080100, 0.1000000000000000100 ) ) ;
#15 = EDGE_CURVE ( 'NONE', #5827, #9167, #6129, .T. ) ;
#16 = SURFACE_STYLE_USAGE ( .BOTH. , #5402 ) ;
#17 = PRESENTATION_LAYER_ASSIGNMENT (  '', '', ( #10439 ) ) ;
#18 = CARTESIAN_POINT ( 'NONE',  ( -0.4925819434078035400, -0.3193175798994705700, 0.6080779394139741400 ) ) ;
#19 = VERTEX_POINT ( 'NONE', #4479 ) ;
#20 = DIRECTION ( 'NONE',  ( 1.000000000000000000, 0.0000000000000000000, 0.0000000000000000000 ) ) ;
#21 = ORIENTED_EDGE ( 'NONE', *, *, #4235, .F. ) ;
#22 =( NAMED_UNIT ( * ) PLANE_ANGLE_UNIT ( ) SI_UNIT ( $, .RADIAN. ) );
#23 = CIRCLE ( 'NONE', #4696, 0.009999999999999998500 ) ;
#24 = DIRECTION ( 'NONE',  ( -1.000000000000000000, -0.0000000000000000000, -0.0000000000000000000 ) ) ;
#25 =( BOUNDED_SURFACE ( )  B_SPLINE_SURFACE ( 3, 3, ( 
 ( #4019, #8491, #3154, #9396 ),
 ( #4054, #10320, #4949, #11202 ),
 ( #5853, #474, #6719, #1368 ),
 ( #7615, #2279, #8523, #3198 ) ),
 .UNSPECIFIED., .F., .F., .F. ) 
 B_SPLINE_SURFACE_WITH_KNOTS ( ( 4, 4 ),
 ( 4, 4 ),
 ( 0.0000000000000000000, 1.000000000000000000 ),
 ( 0.0000000000000000000, 1.000000000000000000 ),
 .UNSPECIFIED. ) 
 GEOMETRIC_REPRESENTATION_ITEM ( )  RATIONAL_B_SPLINE_SURFACE ( (
 ( 1.000000000000000000, 0.3333333333333330900, 0.3333333333333330900, 1.000000000000000000),
 ( 0.9299384305661946300, 0.3099794768553980100, 0.3099794768553980100, 0.9299384305661946300),
 ( 0.9299384305661946300, 0.3099794768553980100, 0.3099794768553980100, 0.9299384305661946300),
 ( 1.000000000000000000, 0.3333333333333330900, 0.3333333333333330900, 1.000000000000000000) ) ) 
 REPRESENTATION_ITEM ( '' )  SURFACE ( )  );
#26 = ORIENTED_EDGE ( 'NONE', *, *, #4043, .T. ) ;
#27 = MECHANICAL_DESIGN_GEOMETRIC_PRESENTATION_REPRESENTATION (  '', ( #8042 ), #617 ) ;
#28 = EDGE_CURVE ( 'NONE', #560, #11356, #8217, .T. ) ;
#29 = ORIENTED_EDGE ( 'NONE', *, *, #597, .T. ) ;
#30 = STYLED_ITEM ( 'NONE', ( #3755 ), #6243 ) ;
#31 = MECHANICAL_DESIGN_GEOMETRIC_PRESENTATION_REPRESENTATION (  '', ( #10459 ), #622 ) ;
#32 = FILL_AREA_STYLE ('',( #5424 ) ) ;
#33 = CARTESIAN_POINT ( 'NONE',  ( 0.6458578643762693500, -0.08587889112488295000, 0.1799999999999999400 ) ) ;
#34 = CARTESIAN_POINT ( 'NONE',  ( 0.7875735931288072600, 0.4000000000000000200, 0.1700000000000000100 ) ) ;
#35 = CARTESIAN_POINT ( 'NONE',  ( -0.4620144847819205900, -0.3245170327464611500, 0.6431364870301264900 ) ) ;
#36 = DIRECTION ( 'NONE',  ( -1.000000000000000000, 0.0000000000000000000, -0.0000000000000000000 ) ) ;
#37 = DIRECTION ( 'NONE',  ( 1.000000000000000000, 0.0000000000000000000, 0.0000000000000000000 ) ) ;
#38 = DIRECTION ( 'NONE',  ( 0.0000000000000000000, 1.000000000000000000, 0.0000000000000000000 ) ) ;
#39 = VERTEX_POINT ( 'NONE', #2604 ) ;
#40 = CARTESIAN_POINT ( 'NONE',  ( -0.7880911030393221700, -0.1504694589883744100, 0.1733748288059405200 ) ) ;
#41 =( BOUNDED_CURVE ( )  B_SPLINE_CURVE ( 3, ( #8056, #7943, #8015, #8213 ),
 .UNSPECIFIED., .F., .F. ) 
 B_SPLINE_CURVE_WITH_KNOTS ( ( 4, 4 ),
 ( 2.363620831664868100, 3.919564475514722500 ),
 .UNSPECIFIED. ) 
 CURVE ( )  GEOMETRIC_REPRESENTATION_ITEM ( )  RATIONAL_B_SPLINE_CURVE ( ( 1.000000000000000000, 0.8082256338399265200, 0.8082256338399265200, 1.000000000000000000 ) ) 
 REPRESENTATION_ITEM ( '' )  );
#42 = PLANE ( 'NONE',  #10493 ) ;
#43 = CARTESIAN_POINT ( 'NONE',  ( 0.8000000000000000400, -0.3499999999999999800, 0.02000000000000000000 ) ) ;
#44 = CARTESIAN_POINT ( 'NONE',  ( -0.8000000000000000400, 0.3499999999999999800, 0.0000000000000000000 ) ) ;
#45 = DIRECTION ( 'NONE',  ( 0.0000000000000000000, 0.0000000000000000000, -1.000000000000000000 ) ) ;
#46 = STYLED_ITEM ( 'NONE', ( #4014 ), #10365 ) ;
#47 = DIRECTION ( 'NONE',  ( 0.9925461516413218700, 0.0000000000000000000, 0.1218693434051487500 ) ) ;
#48 = ORIENTED_EDGE ( 'NONE', *, *, #9902, .T. ) ;
#49 = CARTESIAN_POINT ( 'NONE',  ( 1.600759566099030100, 2.017560650931430100, 0.1000000000000000100 ) ) ;
#50 = CARTESIAN_POINT ( 'NONE',  ( 0.8000000000000000400, -0.3700000000000000000, 0.02000000000000000000 ) ) ;
#51 = LINE ( 'NONE', #3319, #11399 ) ;
#52 = DIRECTION ( 'NONE',  ( 0.06249999999999743300, -0.9980449639169571800, -2.710505431213759900E-015 ) ) ;
#53 =( BOUNDED_CURVE ( )  B_SPLINE_CURVE ( 3, ( #132, #10012, #6431, #1075 ),
 .UNSPECIFIED., .F., .F. ) 
 B_SPLINE_CURVE_WITH_KNOTS ( ( 4, 4 ),
 ( 0.5000000000000000000, 1.000000000000000000 ),
 .UNSPECIFIED. ) 
 CURVE ( )  GEOMETRIC_REPRESENTATION_ITEM ( )  RATIONAL_B_SPLINE_CURVE ( ( 1.000000000000000000, 0.8192459912371081700, 0.8192459912371081700, 1.000000000000000000 ) ) 
 REPRESENTATION_ITEM ( '' )  );
#54 = EDGE_LOOP ( 'NONE', ( #8593, #5463, #3810, #7215 ) ) ;
#55 =( LENGTH_UNIT ( ) NAMED_UNIT ( * ) SI_UNIT ( .MILLI., .METRE. ) );
#56 = PRESENTATION_STYLE_ASSIGNMENT (( #10451 ) ) ;
#57 = CARTESIAN_POINT ( 'NONE',  ( 0.4000000000000000200, 0.1850000000000000000, 0.02000000000000000000 ) ) ;
#58 = SURFACE_SIDE_STYLE ('',( #8950 ) ) ;
#59 = CIRCLE ( 'NONE', #2159, 0.009999999999999998500 ) ;
#60 = CARTESIAN_POINT ( 'NONE',  ( -0.8000000000000000400, 0.3499999999999999800, 0.1700000000000000100 ) ) ;
#61 = EDGE_CURVE ( 'NONE', #3608, #4524, #7934, .T. ) ;
#62 = MECHANICAL_DESIGN_GEOMETRIC_PRESENTATION_REPRESENTATION (  '', ( #9903 ), #663 ) ;
#63 = FILL_AREA_STYLE ('',( #8984 ) ) ;
#64 = LINE ( 'NONE', #3561, #4570 ) ;
#65 = ORIENTED_EDGE ( 'NONE', *, *, #3855, .F. ) ;
#66 = EDGE_LOOP ( 'NONE', ( #4152, #5516, #934, #384, #4675, #6658, #3518, #4226 ) ) ;
#67 = CARTESIAN_POINT ( 'NONE',  ( 0.4480549931478379800, 0.2980549931478379000, 0.5999999999999998700 ) ) ;
#68 = CARTESIAN_POINT ( 'NONE',  ( 0.0000000000000000000, 0.0000000000000000000, 0.0000000000000000000 ) ) ;
#69 = CARTESIAN_POINT ( 'NONE',  ( -0.8000000000000000400, -0.1749999999999999900, 0.03000000000000000200 ) ) ;
#70 = CARTESIAN_POINT ( 'NONE',  ( 0.7900000000000001500, 0.3817157287525380600, 0.1800000000000000200 ) ) ;
#71 = ORIENTED_EDGE ( 'NONE', *, *, #338, .T. ) ;
#72 = CARTESIAN_POINT ( 'NONE',  ( -0.7993186015948873200, -0.1593066545647689200, 0.1748380281824666600 ) ) ;
#73 = UNCERTAINTY_MEASURE_WITH_UNIT (LENGTH_MEASURE( 1.000000000000000100E-005 ), #8109, 'distance_accuracy_value', 'NONE');
#74 = FACE_OUTER_BOUND ( 'NONE', #2516, .T. ) ;
#75 = FACE_OUTER_BOUND ( 'NONE', #4237, .T. ) ;
#76 = EDGE_CURVE ( 'NONE', #2706, #9176, #10330, .T. ) ;
#77 = EDGE_CURVE ( 'NONE', #3906, #4826, #3185, .T. ) ;
#78 =( NAMED_UNIT ( * ) PLANE_ANGLE_UNIT ( ) SI_UNIT ( $, .RADIAN. ) );
#79 = AXIS2_PLACEMENT_3D ( 'NONE', #3982, #10248, #4884 ) ;
#80 = PRESENTATION_STYLE_ASSIGNMENT (( #2924 ) ) ;
#81 = ORIENTED_EDGE ( 'NONE', *, *, #7884, .T. ) ;
#82 = ORIENTED_EDGE ( 'NONE', *, *, #10503, .F. ) ;
#83 = SURFACE_STYLE_USAGE ( .BOTH. , #5487 ) ;
#84 = DIRECTION ( 'NONE',  ( 1.000000000000000000, -0.0000000000000000000, -0.0000000000000000000 ) ) ;
#85 = DIRECTION ( 'NONE',  ( 1.000000000000000000, 0.0000000000000000000, 0.0000000000000000000 ) ) ;
#86 = PRESENTATION_STYLE_ASSIGNMENT (( #3400 ) ) ;
#87 = VECTOR ( 'NONE', #6281, 1000.000000000000000 ) ;
#88 = PRESENTATION_STYLE_ASSIGNMENT (( #9684 ) ) ;
#89 = DIRECTION ( 'NONE',  ( 0.0000000000000000000, 0.0000000000000000000, 1.000000000000000000 ) ) ;
#90 = SURFACE_STYLE_USAGE ( .BOTH. , #133 ) ;
#91 = LINE ( 'NONE', #8790, #6937 ) ;
#92 = ORIENTED_EDGE ( 'NONE', *, *, #4758, .F. ) ;
#93 = AXIS2_PLACEMENT_3D ( 'NONE', #10331, #4061, #3163 ) ;
#94 = FILL_AREA_STYLE ('',( #645 ) ) ;
#95 = EDGE_CURVE ( 'NONE', #5016, #7557, #3486, .T. ) ;
#96 = EDGE_LOOP ( 'NONE', ( #5972, #11512, #7779, #6803 ) ) ;
#97 = ORIENTED_EDGE ( 'NONE', *, *, #9422, .T. ) ;
#98 = PRESENTATION_LAYER_ASSIGNMENT (  '', '', ( #10528 ) ) ;
#99 = LINE ( 'NONE', #8051, #11456 ) ;
#100 =( GEOMETRIC_REPRESENTATION_CONTEXT ( 3 ) GLOBAL_UNCERTAINTY_ASSIGNED_CONTEXT ( ( #10036 ) ) GLOBAL_UNIT_ASSIGNED_CONTEXT ( ( #4418, #10673, #5338 ) ) REPRESENTATION_CONTEXT ( 'NONE', 'WORKASPACE' ) );
#101 = ORIENTED_EDGE ( 'NONE', *, *, #6020, .T. ) ;
#102 = FACE_OUTER_BOUND ( 'NONE', #3055, .T. ) ;
#103 =( GEOMETRIC_REPRESENTATION_CONTEXT ( 3 ) GLOBAL_UNCERTAINTY_ASSIGNED_CONTEXT ( ( #1893 ) ) GLOBAL_UNIT_ASSIGNED_CONTEXT ( ( #8507, #3177, #9416 ) ) REPRESENTATION_CONTEXT ( 'NONE', 'WORKASPACE' ) );
#104 = ORIENTED_EDGE ( 'NONE', *, *, #10005, .F. ) ;
#105 = FILL_AREA_STYLE ('',( #3651 ) ) ;
#106 = FACE_OUTER_BOUND ( 'NONE', #3998, .T. ) ;
#107 = UNCERTAINTY_MEASURE_WITH_UNIT (LENGTH_MEASURE( 1.000000000000000100E-005 ), #9927, 'distance_accuracy_value', 'NONE');
#108 =( NAMED_UNIT ( * ) SI_UNIT ( $, .STERADIAN. ) SOLID_ANGLE_UNIT ( ) );
#109 = ORIENTED_EDGE ( 'NONE', *, *, #379, .F. ) ;
#110 = DIRECTION ( 'NONE',  ( -0.3301180510536037600, 0.8484716754920946800, -0.4136639798873089600 ) ) ;
#111 = ORIENTED_EDGE ( 'NONE', *, *, #5043, .T. ) ;
#112 = FACE_OUTER_BOUND ( 'NONE', #9023, .T. ) ;
#113 = ORIENTED_EDGE ( 'NONE', *, *, #5423, .F. ) ;
#114 =( NAMED_UNIT ( * ) SI_UNIT ( $, .STERADIAN. ) SOLID_ANGLE_UNIT ( ) );
#115 = VERTEX_POINT ( 'NONE', #6121 ) ;
#116 = PRESENTATION_STYLE_ASSIGNMENT (( #9566 ) ) ;
#117 = PRESENTATION_STYLE_ASSIGNMENT (( #5410 ) ) ;
#118 = CARTESIAN_POINT ( 'NONE',  ( -0.7900000000000000400, 0.1596871942267129900, 0.01000000000000000000 ) ) ;
#119 = CARTESIAN_POINT ( 'NONE',  ( 0.5003726924179342500, -0.4000000000000004700, 0.1800000000000000500 ) ) ;
#120 = CARTESIAN_POINT ( 'NONE',  ( -0.8043509730773288300, -0.1545795646686652600, 0.1647732852175836900 ) ) ;
#121 = AXIS2_PLACEMENT_3D ( 'NONE', #6006, #652, #6891 ) ;
#122 = B_SPLINE_CURVE_WITH_KNOTS ( 'NONE', 2,
 ( #5522, #1035, #8184, #2839 ),
 .UNSPECIFIED., .F., .F.,
 ( 3, 1, 3 ),
 ( 0.0000000000000000000, 5.341217835296488000E-006, 1.068243567059297600E-005 ),
 .UNSPECIFIED. ) ;
#123 = FILL_AREA_STYLE ('',( #3669 ) ) ;
#124 = DIRECTION ( 'NONE',  ( 0.5292407919724579900, 0.5292407919724613200, 0.6631804944543584500 ) ) ;
#125 = VERTEX_POINT ( 'NONE', #1727 ) ;
#126 = CARTESIAN_POINT ( 'NONE',  ( -0.7955363292937877000, 0.1591337124127562300, -0.001242919917975009300 ) ) ;
#127 =( LENGTH_UNIT ( ) NAMED_UNIT ( * ) SI_UNIT ( .MILLI., .METRE. ) );
#128 = CARTESIAN_POINT ( 'NONE',  ( 0.4745170327464610100, -0.3245170327464609900, 0.6331590247227180100 ) ) ;
#129 = CARTESIAN_POINT ( 'NONE',  ( -0.8000000000000000400, 0.3700000000000000000, 0.02000000000000000000 ) ) ;
#130 = LINE ( 'NONE', #7207, #4638 ) ;
#131 = DIRECTION ( 'NONE',  ( 0.0000000000000000000, 0.0000000000000000000, 1.000000000000000000 ) ) ;
#132 = CARTESIAN_POINT ( 'NONE',  ( 0.6400000000000001200, 1.355252715606880500E-017, 0.1799999999999999900 ) ) ;
#133 = SURFACE_SIDE_STYLE ('',( #5330 ) ) ;
#134 = STYLED_ITEM ( 'NONE', ( #8621 ), #11118 ) ;
#135 = CARTESIAN_POINT ( 'NONE',  ( 1.464646490379500000, 2.001050005802550200, 0.0000000000000000000 ) ) ;
#136 = DIRECTION ( 'NONE',  ( 0.0000000000000000000, 0.0000000000000000000, 1.000000000000000000 ) ) ;
#137 = PRESENTATION_LAYER_ASSIGNMENT (  '', '', ( #10562 ) ) ;
#138 = FACE_BOUND ( 'NONE', #4142, .T. ) ;
#139 =( NAMED_UNIT ( * ) PLANE_ANGLE_UNIT ( ) SI_UNIT ( $, .RADIAN. ) );
#140 = COLOUR_RGB ( '',0.8627450980392157300, 0.6274509803921568500, 0.05882352941176470500 ) ;
#141 = DIRECTION ( 'NONE',  ( -0.0000000000000000000, 1.000000000000000000, 0.0000000000000000000 ) ) ;
#142 = ORIENTED_EDGE ( 'NONE', *, *, #7255, .F. ) ;
#143 = FACE_OUTER_BOUND ( 'NONE', #8525, .T. ) ;
#144 =( NAMED_UNIT ( * ) PLANE_ANGLE_UNIT ( ) SI_UNIT ( $, .RADIAN. ) );
#145 = FILL_AREA_STYLE ('',( #10407 ) ) ;
#146 = EDGE_CURVE ( 'NONE', #3781, #6407, #5317, .T. ) ;
#147 =( NAMED_UNIT ( * ) SI_UNIT ( $, .STERADIAN. ) SOLID_ANGLE_UNIT ( ) );
#148 = PRESENTATION_LAYER_ASSIGNMENT (  '', '', ( #10578 ) ) ;
#149 = CARTESIAN_POINT ( 'NONE',  ( 1.573667184064460000, 1.985192742244400200, 0.1000000000000000100 ) ) ;
#150 = VECTOR ( 'NONE', #9208, 1000.000000000000000 ) ;
#151 = PLANE ( 'NONE',  #5608 ) ;
#152 = ORIENTED_EDGE ( 'NONE', *, *, #4290, .T. ) ;
#153 = MECHANICAL_DESIGN_GEOMETRIC_PRESENTATION_REPRESENTATION (  '', ( #10587 ), #753 ) ;
#154 = LINE ( 'NONE', #2796, #4381 ) ;
#155 = SURFACE_SIDE_STYLE ('',( #9913 ) ) ;
#156 = ORIENTED_EDGE ( 'NONE', *, *, #9236, .F. ) ;
#157 = CARTESIAN_POINT ( 'NONE',  ( -0.4514535246750246400, 0.3516608847354835700, 0.6299027702572722600 ) ) ;
#158 = EDGE_LOOP ( 'NONE', ( #3430, #2382, #7705, #11259, #7090 ) ) ;
#159 =( LENGTH_UNIT ( ) NAMED_UNIT ( * ) SI_UNIT ( .MILLI., .METRE. ) );
#160 = EDGE_CURVE ( 'NONE', #4068, #8911, #7630, .T. ) ;
#161 = CARTESIAN_POINT ( 'NONE',  ( 0.4725754448888172500, -0.2973731807574378500, 0.6563702038029803900 ) ) ;
#162 = EDGE_CURVE ( 'NONE', #6254, #6422, #9780, .T. ) ;
#163 = DIRECTION ( 'NONE',  ( 0.0000000000000000000, 1.000000000000000000, -0.0000000000000000000 ) ) ;
#164 =( GEOMETRIC_REPRESENTATION_CONTEXT ( 3 ) GLOBAL_UNCERTAINTY_ASSIGNED_CONTEXT ( ( #8560 ) ) GLOBAL_UNIT_ASSIGNED_CONTEXT ( ( #2666, #8916, #3572 ) ) REPRESENTATION_CONTEXT ( 'NONE', 'WORKASPACE' ) );
#165 = PRESENTATION_LAYER_ASSIGNMENT (  '', '', ( #10603 ) ) ;
#166 = CARTESIAN_POINT ( 'NONE',  ( -0.7959945797752958600, -0.1456835046669547600, 0.1647732852175836400 ) ) ;
#167 = DIRECTION ( 'NONE',  ( 0.0000000000000000000, 0.0000000000000000000, 1.000000000000000000 ) ) ;
#168 = CARTESIAN_POINT ( 'NONE',  ( 1.568663942658580000, 2.001359678760009900, 0.1000000000000000100 ) ) ;
#169 = FACE_OUTER_BOUND ( 'NONE', #3754, .T. ) ;
#170 = B_SPLINE_CURVE_WITH_KNOTS ( 'NONE', 2,
 ( #3870, #2968, #4772, #11027 ),
 .UNSPECIFIED., .F., .F.,
 ( 3, 1, 3 ),
 ( 0.0000000000000000000, 8.656303334450751200E-006, 1.731260666890150200E-005 ),
 .UNSPECIFIED. ) ;
#171 = FILL_AREA_STYLE ('',( #1113 ) ) ;
#172 = ORIENTED_EDGE ( 'NONE', *, *, #516, .F. ) ;
#173 = DIRECTION ( 'NONE',  ( 0.0000000000000000000, 0.0000000000000000000, 1.000000000000000000 ) ) ;
#174 = CARTESIAN_POINT ( 'NONE',  ( -0.7900000000000001500, -0.1596871942267129900, 0.01000000000000018900 ) ) ;
#175 = CARTESIAN_POINT ( 'NONE',  ( -0.07619999999999999000, 0.1270000000000000000, 0.002000000000000000900 ) ) ;
#176 = VECTOR ( 'NONE', #9558, 1000.000000000000000 ) ;
#177 = SURFACE_STYLE_USAGE ( .BOTH. , #5569 ) ;
#178 = MECHANICAL_DESIGN_GEOMETRIC_PRESENTATION_REPRESENTATION (  '', ( #10020 ), #778 ) ;
#179 = SURFACE_STYLE_FILL_AREA ( #32 ) ;
#180 =( LENGTH_UNIT ( ) NAMED_UNIT ( * ) SI_UNIT ( .MILLI., .METRE. ) );
#181 = PRESENTATION_LAYER_ASSIGNMENT (  '', '', ( #10619 ) ) ;
#182 = VERTEX_POINT ( 'NONE', #2439 ) ;
#183 = B_SPLINE_SURFACE_WITH_KNOTS ( 'NONE', 2, 1, ( 
 ( #3597, #8068 ),
 ( #2725, #8976 ),
 ( #3636, #9890 ),
 ( #4542, #10784 ) ),
 .UNSPECIFIED., .F., .F., .F.,
 ( 3, 1, 3 ),
 ( 2, 2 ),
 ( 0.0000000000000000000, 1.000000000000000000, 2.000000000000000000 ),
 ( 0.0000000000000000000, 0.01000000000000000000 ),
 .UNSPECIFIED. ) ;
#184 = STYLED_ITEM ( 'NONE', ( #1112 ), #9529 ) ;
#185 = LINE ( 'NONE', #5666, #9024 ) ;
#186 =( NAMED_UNIT ( * ) SI_UNIT ( $, .STERADIAN. ) SOLID_ANGLE_UNIT ( ) );
#187 = SURFACE_STYLE_FILL_AREA ( #2688 ) ;
#188 = LINE ( 'NONE', #7466, #4688 ) ;
#189 =( LENGTH_UNIT ( ) NAMED_UNIT ( * ) SI_UNIT ( .MILLI., .METRE. ) );
#190 = DIRECTION ( 'NONE',  ( -1.000000000000000000, -0.0000000000000000000, 0.0000000000000000000 ) ) ;
#191 = COLOUR_RGB ( '',0.8627450980392157300, 0.6274509803921568500, 0.05882352941176470500 ) ;
#192 = SURFACE_SIDE_STYLE ('',( #8630 ) ) ;
#193 = ORIENTED_EDGE ( 'NONE', *, *, #8536, .F. ) ;
#194 = CARTESIAN_POINT ( 'NONE',  ( 0.7817157287525381400, 0.3899999999999999000, 0.1800000000000000200 ) ) ;
#195 = VECTOR ( 'NONE', #163, 1000.000000000000000 ) ;
#196 = ORIENTED_EDGE ( 'NONE', *, *, #533, .T. ) ;
#197 = LINE ( 'NONE', #9394, #9426 ) ;
#198 = AXIS2_PLACEMENT_3D ( 'NONE', #9124, #3787, #10047 ) ;
#199 = FILL_AREA_STYLE_COLOUR ( '', #3138 ) ;
#200 = CARTESIAN_POINT ( 'NONE',  ( -0.4000000000000000800, 0.1850000000000000000, 0.1599999999999999800 ) ) ;
#202 = DIRECTION ( 'NONE',  ( -1.000000000000000000, -0.0000000000000000000, 0.0000000000000000000 ) ) ;
#201 = PRESENTATION_LAYER_ASSIGNMENT (  '', '', ( #11212 ) ) ;
#203 = CARTESIAN_POINT ( 'NONE',  ( -0.7909622082928541300, -0.1504105945630585000, 0.1748380281824667700 ) ) ;
#204 = FACE_OUTER_BOUND ( 'NONE', #220, .T. ) ;
#205 = ORIENTED_EDGE ( 'NONE', *, *, #10716, .T. ) ;
#206 = VECTOR ( 'NONE', #10624, 1000.000000000000000 ) ;
#207 =( NAMED_UNIT ( * ) PLANE_ANGLE_UNIT ( ) SI_UNIT ( $, .RADIAN. ) );
#208 = EDGE_CURVE ( 'NONE', #3472, #3495, #2909, .T. ) ;
#209 = PRESENTATION_LAYER_ASSIGNMENT (  '', '', ( #822 ) ) ;
#210 = PLANE ( 'NONE',  #3103 ) ;
#211 = PRESENTATION_STYLE_ASSIGNMENT (( #11157 ) ) ;
#212 = PRODUCT_DEFINITION_CONTEXT ( 'detailed design', #2381, 'design' ) ;
#213 =( GEOMETRIC_REPRESENTATION_CONTEXT ( 3 ) GLOBAL_UNCERTAINTY_ASSIGNED_CONTEXT ( ( #2771 ) ) GLOBAL_UNIT_ASSIGNED_CONTEXT ( ( #1931, #8182, #2838 ) ) REPRESENTATION_CONTEXT ( 'NONE', 'WORKASPACE' ) );
#214 = ORIENTED_EDGE ( 'NONE', *, *, #5445, .T. ) ;
#215 = PRESENTATION_STYLE_ASSIGNMENT (( #8681 ) ) ;
#216 = PRESENTATION_LAYER_ASSIGNMENT (  '', '', ( #10658 ) ) ;
#217 = CYLINDRICAL_SURFACE ( 'NONE', #3537, 0.05000000000000000300 ) ;
#218 = EDGE_LOOP ( 'NONE', ( #246, #4536, #6161, #1769, #2201, #5406 ) ) ;
#219 = CARTESIAN_POINT ( 'NONE',  ( 1.489900946999670000, 2.022050005444920200, 0.1000000000000000100 ) ) ;
#220 = EDGE_LOOP ( 'NONE', ( #3611, #505, #5661, #4456 ) ) ;
#221 = CARTESIAN_POINT ( 'NONE',  ( -0.7982170378636490600, -0.1563905365920398600, 0.1756568542494923400 ) ) ;
#222 = ORIENTED_EDGE ( 'NONE', *, *, #11051, .F. ) ;
#223 = COLOUR_RGB ( '',0.0000000000000000000, 0.6470588235294118000, 0.9568627450980391500 ) ;
#224 = SURFACE_STYLE_USAGE ( .BOTH. , #192 ) ;
#225 = EDGE_CURVE ( 'NONE', #6041, #7660, #5002, .T. ) ;
#226 = CIRCLE ( 'NONE', #5467, 0.009999999999999984600 ) ;
#227 = EDGE_CURVE ( 'NONE', #8475, #6817, #235, .T. ) ;
#228 = AXIS2_PLACEMENT_3D ( 'NONE', #6371, #1021, #7247 ) ;
#229 = EDGE_CURVE ( 'NONE', #866, #11250, #803, .T. ) ;
#230 = ORIENTED_EDGE ( 'NONE', *, *, #2001, .T. ) ;
#231 = CARTESIAN_POINT ( 'NONE',  ( 1.489900946999670000, 2.014051626326669900, 0.0000000000000000000 ) ) ;
#232 = LINE ( 'NONE', #7138, #9466 ) ;
#233 = VECTOR ( 'NONE', #1526, 1000.000000000000000 ) ;
#234 = AXIS2_PLACEMENT_3D ( 'NONE', #4388, #10637, #5296 ) ;
#235 = CIRCLE ( 'NONE', #4964, 0.01000000000000000200 ) ;
#236 = PLANE ( 'NONE',  #11233 ) ;
#237 = VECTOR ( 'NONE', #5081, 1000.000000000000000 ) ;
#238 = ORIENTED_EDGE ( 'NONE', *, *, #11420, .F. ) ;
#239 = CARTESIAN_POINT ( 'NONE',  ( 1.571250652219200000, 1.987983665967320000, 0.0000000000000000000 ) ) ;
#240 = DIRECTION ( 'NONE',  ( 0.4123105625617679000, -0.3872983346207441400, 0.8246211251235300300 ) ) ;
#241 = VERTEX_POINT ( 'NONE', #5742 ) ;
#242 = FACE_OUTER_BOUND ( 'NONE', #6604, .T. ) ;
#243 = ORIENTED_EDGE ( 'NONE', *, *, #2247, .F. ) ;
#244 = VECTOR ( 'NONE', #5347, 1000.000000000000000 ) ;
#245 = DIRECTION ( 'NONE',  ( -0.4123105625617682300, -0.3872983346207472000, -0.8246211251235284800 ) ) ;
#246 = ORIENTED_EDGE ( 'NONE', *, *, #160, .F. ) ;
#247 = CARTESIAN_POINT ( 'NONE',  ( -0.7899999999999997000, -0.1596871942267129900, 0.1799999999999999900 ) ) ;
#248 = STYLED_ITEM ( 'NONE', ( #3923 ), #729 ) ;
#249 = EDGE_CURVE ( 'NONE', #5632, #5950, #7085, .T. ) ;
#250 = UNCERTAINTY_MEASURE_WITH_UNIT (LENGTH_MEASURE( 1.000000000000000100E-005 ), #8908, 'distance_accuracy_value', 'NONE');
#251 =( GEOMETRIC_REPRESENTATION_CONTEXT ( 3 ) GLOBAL_UNCERTAINTY_ASSIGNED_CONTEXT ( ( #8802 ) ) GLOBAL_UNIT_ASSIGNED_CONTEXT ( ( #3178, #9418, #4073 ) ) REPRESENTATION_CONTEXT ( 'NONE', 'WORKASPACE' ) );
#252 =( LENGTH_UNIT ( ) NAMED_UNIT ( * ) SI_UNIT ( .MILLI., .METRE. ) );
#253 = AXIS2_PLACEMENT_3D ( 'NONE', #118, #6373, #1023 ) ;
#254 = COLOUR_RGB ( '',1.000000000000000000, 0.9921568627450980700, 0.9411764705882352800 ) ;
#255 = CARTESIAN_POINT ( 'NONE',  ( -0.8000000000000000400, -0.1850000000000000000, 0.02000000000000000000 ) ) ;
#256 = CARTESIAN_POINT ( 'NONE',  ( -0.8000000000000000400, -0.1850000000000000000, 0.03000000000000000200 ) ) ;
#257 = ORIENTED_EDGE ( 'NONE', *, *, #703, .T. ) ;
#258 = VECTOR ( 'NONE', #5779, 1000.000000000000000 ) ;
#259 = SURFACE_STYLE_USAGE ( .BOTH. , #288 ) ;
#260 = CYLINDRICAL_SURFACE ( 'NONE', #9849, 0.01000000000000000200 ) ;
#261 = FILL_AREA_STYLE_COLOUR ( '', #10776 ) ;
#262 = UNCERTAINTY_MEASURE_WITH_UNIT (LENGTH_MEASURE( 1.000000000000000100E-005 ), #5301, 'distance_accuracy_value', 'NONE');
#263 = PRESENTATION_STYLE_ASSIGNMENT (( #949 ) ) ;
#264 = CARTESIAN_POINT ( 'NONE',  ( 1.525298029054880100, 2.014051626326669900, 0.1000000000000000100 ) ) ;
#265 = ORIENTED_EDGE ( 'NONE', *, *, #4885, .F. ) ;
#266 = COLOUR_RGB ( '',1.000000000000000000, 0.9921568627450980700, 0.9411764705882352800 ) ;
#267 = MECHANICAL_DESIGN_GEOMETRIC_PRESENTATION_REPRESENTATION (  '', ( #9491 ), #875 ) ;
#268 = CARTESIAN_POINT ( 'NONE',  ( -0.7900000000000000400, -0.1596871942267129600, 0.1700000000000000100 ) ) ;
#269 = SURFACE_STYLE_USAGE ( .BOTH. , #155 ) ;
#270 = DIRECTION ( 'NONE',  ( 1.000000000000000000, 0.0000000000000000000, -0.0000000000000000000 ) ) ;
#271 = DIRECTION ( 'NONE',  ( 0.0000000000000000000, -0.0000000000000000000, -1.000000000000000000 ) ) ;
#272 = CARTESIAN_POINT ( 'NONE',  ( -0.4000000000000000200, -0.1499999999999999900, 0.1799999999999999700 ) ) ;
#273 = CARTESIAN_POINT ( 'NONE',  ( -0.8008747832827533000, -0.1538940194805949200, 0.1703413634112842200 ) ) ;
#274 = EDGE_CURVE ( 'NONE', #11240, #5209, #4734, .T. ) ;
#275 = CARTESIAN_POINT ( 'NONE',  ( 1.558006294300130000, 1.988048385278420300, 0.0000000000000000000 ) ) ;
#276 = PRESENTATION_LAYER_ASSIGNMENT (  '', '', ( #10718 ) ) ;
#277 = EDGE_LOOP ( 'NONE', ( #9073, #3696, #1339, #5353 ) ) ;
#278 = AXIS2_PLACEMENT_3D ( 'NONE', #9936, #4574, #10812 ) ;
#279 = MECHANICAL_DESIGN_GEOMETRIC_PRESENTATION_REPRESENTATION (  '', ( #10126 ), #892 ) ;
#280 = VECTOR ( 'NONE', #4749, 1000.000000000000000 ) ;
#281 = CARTESIAN_POINT ( 'NONE',  ( 0.07619999999999999000, 0.1270000000000000000, 0.002000000000000000900 ) ) ;
#282 = CARTESIAN_POINT ( 'NONE',  ( 0.8000000000000000400, 0.1850000000000000000, 0.1499999999999999900 ) ) ;
#283 = FACE_OUTER_BOUND ( 'NONE', #11477, .T. ) ;
#284 = DIRECTION ( 'NONE',  ( -1.000000000000000000, -0.0000000000000000000, 0.0000000000000000000 ) ) ;
#285 = CARTESIAN_POINT ( 'NONE',  ( 1.540103539337589900, 1.988048385278420300, 0.1000000000000000100 ) ) ;
#286 = ORIENTED_EDGE ( 'NONE', *, *, #10061, .F. ) ;
#287 = ORIENTED_EDGE ( 'NONE', *, *, #7623, .F. ) ;
#288 = SURFACE_SIDE_STYLE ('',( #4904 ) ) ;
#289 = EDGE_CURVE ( 'NONE', #2865, #6660, #6787, .T. ) ;
#290 = CARTESIAN_POINT ( 'NONE',  ( 0.7960104076400857900, -0.1540413993313948200, 0.1756568542494924300 ) ) ;
#291 = MECHANICAL_DESIGN_GEOMETRIC_PRESENTATION_REPRESENTATION (  '', ( #9517 ), #907 ) ;
#292 = EDGE_CURVE ( 'NONE', #7660, #6384, #770, .T. ) ;
#293 = DIRECTION ( 'NONE',  ( 0.0000000000000000000, 1.000000000000000000, 0.0000000000000000000 ) ) ;
#294 = PRESENTATION_STYLE_ASSIGNMENT (( #5438 ) ) ;
#295 = DIRECTION ( 'NONE',  ( 1.000000000000000000, 0.0000000000000000000, 0.0000000000000000000 ) ) ;
#296 = ORIENTED_EDGE ( 'NONE', *, *, #1881, .F. ) ;
#297 = PRODUCT_DEFINITION_FORMATION_WITH_SPECIFIED_SOURCE ( 'ANY', '', #5820, .NOT_KNOWN. ) ;
#298 = EDGE_LOOP ( 'NONE', ( #2847, #4526, #9295, #5163 ) ) ;
#299 = CARTESIAN_POINT ( 'NONE',  ( 0.4063967376778778700, -0.3817457901632267400, 0.6118227751711621300 ) ) ;
#300 = FACE_OUTER_BOUND ( 'NONE', #4518, .T. ) ;
#301 = DIRECTION ( 'NONE',  ( 1.000000000000000000, 0.0000000000000000000, -0.0000000000000000000 ) ) ;
#302 = UNCERTAINTY_MEASURE_WITH_UNIT (LENGTH_MEASURE( 1.000000000000000100E-005 ), #6758, 'distance_accuracy_value', 'NONE');
#303 = ORIENTED_EDGE ( 'NONE', *, *, #578, .F. ) ;
#304 = PRESENTATION_LAYER_ASSIGNMENT (  '', '', ( #925 ) ) ;
#305 = PLANE ( 'NONE',  #9207 ) ;
#306 = EDGE_CURVE ( 'NONE', #9201, #4632, #2047, .T. ) ;
#307 = CARTESIAN_POINT ( 'NONE',  ( -0.7700000000000000200, 0.4000000000000000200, 0.0000000000000000000 ) ) ;
#308 = STYLED_ITEM ( 'NONE', ( #2592 ), #5892 ) ;
#309 =( GEOMETRIC_REPRESENTATION_CONTEXT ( 3 ) GLOBAL_UNCERTAINTY_ASSIGNED_CONTEXT ( ( #7061 ) ) GLOBAL_UNIT_ASSIGNED_CONTEXT ( ( #5077, #11332, #5949 ) ) REPRESENTATION_CONTEXT ( 'NONE', 'WORKASPACE' ) );
#310 = CARTESIAN_POINT ( 'NONE',  ( -0.7964615228356259900, -0.1491957449593051800, 0.1703413634112843600 ) ) ;
#311 = CARTESIAN_POINT ( 'NONE',  ( 0.5066666666666673800, -0.1419441726459666800, 0.0000000000000000000 ) ) ;
#312 = CARTESIAN_POINT ( 'NONE',  ( -0.7990804081733013900, -0.1621684676773500500, 0.1733748288059405700 ) ) ;
#313 = SURFACE_SIDE_STYLE ('',( #10862 ) ) ;
#314 = ADVANCED_FACE ( 'NONE', ( #8924 ), #941, .T. ) ;
#315 = ORIENTED_EDGE ( 'NONE', *, *, #6226, .F. ) ;
#316 = FILL_AREA_STYLE_COLOUR ( '', #6522 ) ;
#317 = UNCERTAINTY_MEASURE_WITH_UNIT (LENGTH_MEASURE( 1.000000000000000100E-005 ), #11117, 'distance_accuracy_value', 'NONE');
#318 = VECTOR ( 'NONE', #6040, 1000.000000000000000 ) ;
#319 = CARTESIAN_POINT ( 'NONE',  ( 1.543833400629000200, 1.980050006160170200, 0.1000000000000000100 ) ) ;
#320 = PRESENTATION_STYLE_ASSIGNMENT (( #343 ) ) ;
#321 = VERTEX_POINT ( 'NONE', #9951 ) ;
#322 = FILL_AREA_STYLE ('',( #861 ) ) ;
#324 =( GEOMETRIC_REPRESENTATION_CONTEXT ( 3 ) GLOBAL_UNCERTAINTY_ASSIGNED_CONTEXT ( ( #5518 ) ) GLOBAL_UNIT_ASSIGNED_CONTEXT ( ( #467, #6706, #1357 ) ) REPRESENTATION_CONTEXT ( 'NONE', 'WORKASPACE' ) );
#323 = CIRCLE ( 'NONE', #4650, 0.04999999999999995400 ) ;
#325 = STYLED_ITEM ( 'NONE', ( #7377 ), #9661 ) ;
#326 = DIRECTION ( 'NONE',  ( 0.0000000000000000000, -1.000000000000000000, 0.0000000000000000000 ) ) ;
#327 = DIRECTION ( 'NONE',  ( 1.000000000000000000, 0.0000000000000000000, -0.0000000000000000000 ) ) ;
#328 = CARTESIAN_POINT ( 'NONE',  ( -0.8000000000000000400, -0.3700000000000000000, 0.1700000000000000100 ) ) ;
#329 =( NAMED_UNIT ( * ) SI_UNIT ( $, .STERADIAN. ) SOLID_ANGLE_UNIT ( ) );
#330 = FILL_AREA_STYLE ('',( #1155 ) ) ;
#331 = VERTEX_POINT ( 'NONE', #2112 ) ;
#332 = ORIENTED_EDGE ( 'NONE', *, *, #4235, .T. ) ;
#333 = FACE_OUTER_BOUND ( 'NONE', #2118, .T. ) ;
#334 =( NAMED_UNIT ( * ) PLANE_ANGLE_UNIT ( ) SI_UNIT ( $, .RADIAN. ) );
#335 = FACE_OUTER_BOUND ( 'NONE', #6069, .T. ) ;
#336 = COLOUR_RGB ( '',0.0000000000000000000, 0.7019607843137254400, 0.9803921568627450600 ) ;
#337 = CARTESIAN_POINT ( 'NONE',  ( 1.576151786981580000, 1.982367782848170100, 0.1000000000000000100 ) ) ;
#338 = EDGE_CURVE ( 'NONE', #6185, #1037, #8071, .T. ) ;
#339 = VERTEX_POINT ( 'NONE', #2076 ) ;
#340 = FACE_OUTER_BOUND ( 'NONE', #6307, .T. ) ;
#341 =( GEOMETRIC_REPRESENTATION_CONTEXT ( 3 ) GLOBAL_UNCERTAINTY_ASSIGNED_CONTEXT ( ( #7155 ) ) GLOBAL_UNIT_ASSIGNED_CONTEXT ( ( #9241, #3901, #10164 ) ) REPRESENTATION_CONTEXT ( 'NONE', 'WORKASPACE' ) );
#343 = SURFACE_STYLE_USAGE ( .BOTH. , #5733 ) ;
#342 = AXIS2_PLACEMENT_3D ( 'NONE', #6440, #1097, #7318 ) ;
#344 = CARTESIAN_POINT ( 'NONE',  ( -0.7938037774165220800, -0.1516922620707499800, 0.1756568542494924000 ) ) ;
#345 = CIRCLE ( 'NONE', #3925, 0.01000000000000000200 ) ;
#346 =( LENGTH_UNIT ( ) NAMED_UNIT ( * ) SI_UNIT ( .MILLI., .METRE. ) );
#347 =( LENGTH_UNIT ( ) NAMED_UNIT ( * ) SI_UNIT ( .MILLI., .METRE. ) );
#348 = CARTESIAN_POINT ( 'NONE',  ( -0.7958578643762690400, 0.3700000000000000500, 0.1800000000000000500 ) ) ;
#349 = VECTOR ( 'NONE', #3792, 1000.000000000000000 ) ;
#350 = ORIENTED_EDGE ( 'NONE', *, *, #10237, .T. ) ;
#351 = PLANE ( 'NONE',  #7186 ) ;
#352 = ORIENTED_EDGE ( 'NONE', *, *, #8183, .F. ) ;
#353 = PRESENTATION_STYLE_ASSIGNMENT (( #6693 ) ) ;
#354 = CARTESIAN_POINT ( 'NONE',  ( -0.8000000000000000400, -0.1850000000000000000, 0.02000000000000000000 ) ) ;
#355 = CARTESIAN_POINT ( 'NONE',  ( 0.8000000000000000400, 0.3499999999999999800, 0.1799999999999999900 ) ) ;
#356 = ORIENTED_EDGE ( 'NONE', *, *, #10132, .T. ) ;
#357 = COLOUR_RGB ( '',0.0000000000000000000, 0.7019607843137254400, 0.9803921568627450600 ) ;
#358 = VECTOR ( 'NONE', #8951, 1000.000000000000000 ) ;
#359 = EDGE_CURVE ( 'NONE', #5954, #5180, #3323, .T. ) ;
#360 = DIRECTION ( 'NONE',  ( 0.0000000000000000000, 0.0000000000000000000, 1.000000000000000000 ) ) ;
#361 =( NAMED_UNIT ( * ) SI_UNIT ( $, .STERADIAN. ) SOLID_ANGLE_UNIT ( ) );
#362 = VERTEX_POINT ( 'NONE', #2153 ) ;
#363 = MECHANICAL_DESIGN_GEOMETRIC_PRESENTATION_REPRESENTATION (  '', ( #9596 ), #991 ) ;
#364 = ORIENTED_EDGE ( 'NONE', *, *, #7844, .T. ) ;
#365 = FACE_OUTER_BOUND ( 'NONE', #8208, .T. ) ;
#366 = CARTESIAN_POINT ( 'NONE',  ( 1.617130716549560100, 1.980359679117640300, 0.0000000000000000000 ) ) ;
#367 = DIRECTION ( 'NONE',  ( 1.000000000000000000, 0.0000000000000000000, 0.0000000000000000000 ) ) ;
#368 = VERTEX_POINT ( 'NONE', #10942 ) ;
#369 = COLOUR_RGB ( '',0.8627450980392157300, 0.6274509803921568500, 0.05882352941176470500 ) ;
#370 = DIRECTION ( 'NONE',  ( 0.0000000000000000000, 0.0000000000000000000, -1.000000000000000000 ) ) ;
#371 = SURFACE_STYLE_USAGE ( .BOTH. , #2414 ) ;
#372 = VERTEX_POINT ( 'NONE', #6540 ) ;
#373 = DIRECTION ( 'NONE',  ( -1.000000000000000000, 0.0000000000000000000, 0.0000000000000000000 ) ) ;
#375 = SURFACE_SIDE_STYLE ('',( #5862 ) ) ;
#374 = LINE ( 'NONE', #8374, #2494 ) ;
#376 = ADVANCED_FACE ( 'NONE', ( #3043 ), #5663, .F. ) ;
#377 = ORIENTED_EDGE ( 'NONE', *, *, #8004, .F. ) ;
#378 = DIRECTION ( 'NONE',  ( 0.0000000000000000000, 1.000000000000000000, 0.0000000000000000000 ) ) ;
#379 = EDGE_CURVE ( 'NONE', #5974, #5651, #5452, .T. ) ;
#380 = EDGE_CURVE ( 'NONE', #1930, #3118, #10463, .T. ) ;
#381 = PLANE ( 'NONE',  #9688 ) ;
#382 = PRESENTATION_LAYER_ASSIGNMENT (  '', '', ( #11424 ) ) ;
#383 = VERTEX_POINT ( 'NONE', #9427 ) ;
#384 = ORIENTED_EDGE ( 'NONE', *, *, #4057, .T. ) ;
#385 = VECTOR ( 'NONE', #5959, 1000.000000000000000 ) ;
#386 = B_SPLINE_SURFACE_WITH_KNOTS ( 'NONE', 2, 1, ( 
 ( #2531, #7002 ),
 ( #1657, #7910 ),
 ( #2567, #8819 ),
 ( #3481, #9728 ) ),
 .UNSPECIFIED., .F., .F., .F.,
 ( 3, 1, 3 ),
 ( 2, 2 ),
 ( 0.0000000000000000000, 1.000000000000000000, 2.000000000000000000 ),
 ( 0.0000000000000000000, 0.01000000000000000000 ),
 .UNSPECIFIED. ) ;
#387 = UNCERTAINTY_MEASURE_WITH_UNIT (LENGTH_MEASURE( 1.000000000000000100E-005 ), #2360, 'distance_accuracy_value', 'NONE');
#388 = CARTESIAN_POINT ( 'NONE',  ( -0.7700000000000000200, -0.4000000000000000200, 0.02000000000000000000 ) ) ;
#389 = FACE_OUTER_BOUND ( 'NONE', #9194, .T. ) ;
#390 = CARTESIAN_POINT ( 'NONE',  ( -0.7960104076400856800, -0.1540413993313948200, 0.1756568542494924000 ) ) ;
#391 =( NAMED_UNIT ( * ) PLANE_ANGLE_UNIT ( ) SI_UNIT ( $, .RADIAN. ) );
#392 = FACE_OUTER_BOUND ( 'NONE', #7137, .T. ) ;
#393 = FILL_AREA_STYLE_COLOUR ( '', #5151 ) ;
#394 = ORIENTED_EDGE ( 'NONE', *, *, #10600, .F. ) ;
#395 = CARTESIAN_POINT ( 'NONE',  ( -0.4000000000000000200, -0.1499999999999999900, 0.0000000000000000000 ) ) ;
#396 =( NAMED_UNIT ( * ) SI_UNIT ( $, .STERADIAN. ) SOLID_ANGLE_UNIT ( ) );
#397 =( GEOMETRIC_REPRESENTATION_CONTEXT ( 3 ) GLOBAL_UNCERTAINTY_ASSIGNED_CONTEXT ( ( #3199 ) ) GLOBAL_UNIT_ASSIGNED_CONTEXT ( ( #5277, #5331, #5695 ) ) REPRESENTATION_CONTEXT ( 'NONE', 'WORKASPACE' ) );
#398 = EDGE_CURVE ( 'NONE', #3608, #1699, #11450, .T. ) ;
#399 = PRESENTATION_LAYER_ASSIGNMENT (  '', '', ( #10238 ) ) ;
#400 = PRESENTATION_LAYER_ASSIGNMENT (  '', '', ( #10831 ) ) ;
#401 = DIRECTION ( 'NONE',  ( 0.0000000000000000000, 0.0000000000000000000, -1.000000000000000000 ) ) ;
#402 = AXIS2_PLACEMENT_3D ( 'NONE', #11566, #6184, #830 ) ;
#403 = CARTESIAN_POINT ( 'NONE',  ( 1.611923261208750200, 2.000366784701750300, 0.1000000000000000100 ) ) ;
#404 =( NAMED_UNIT ( * ) SI_UNIT ( $, .STERADIAN. ) SOLID_ANGLE_UNIT ( ) );
#405 = LINE ( 'NONE', #3344, #6430 ) ;
#406 = FILL_AREA_STYLE ('',( #9358 ) ) ;
#407 = SURFACE_STYLE_USAGE ( .BOTH. , #5774 ) ;
#408 = LINE ( 'NONE', #6686, #2817 ) ;
#409 = DIRECTION ( 'NONE',  ( 1.000000000000000000, 0.0000000000000000000, -0.0000000000000000000 ) ) ;
#410 = LINE ( 'NONE', #1051, #7258 ) ;
#411 = CARTESIAN_POINT ( 'NONE',  ( -0.7960104076400856800, -0.1540413993313948800, 0.1756568542494924300 ) ) ;
#412 = ORIENTED_EDGE ( 'NONE', *, *, #2647, .T. ) ;
#413 = VECTOR ( 'NONE', #4845, 1000.000000000000000 ) ;
#414 =( GEOMETRIC_REPRESENTATION_CONTEXT ( 3 ) GLOBAL_UNCERTAINTY_ASSIGNED_CONTEXT ( ( #6796 ) ) GLOBAL_UNIT_ASSIGNED_CONTEXT ( ( #8028, #2690, #8948 ) ) REPRESENTATION_CONTEXT ( 'NONE', 'WORKASPACE' ) );
#415 =( NAMED_UNIT ( * ) PLANE_ANGLE_UNIT ( ) SI_UNIT ( $, .RADIAN. ) );
#416 = STYLED_ITEM ( 'NONE', ( #8300 ), #7405 ) ;
#417 = SURFACE_STYLE_FILL_AREA ( #10250 ) ;
#418 = FILL_AREA_STYLE ('',( #7527 ) ) ;
#419 = VERTEX_POINT ( 'NONE', #6239 ) ;
#420 =( BOUNDED_SURFACE ( )  B_SPLINE_SURFACE ( 3, 3, ( 
 ( #5931, #10450, #5097, #11352 ),
 ( #5971, #614, #6862, #1510 ),
 ( #7759, #2420, #8675, #3340 ),
 ( #9576, #4230, #10492, #5142 ) ),
 .UNSPECIFIED., .F., .F., .F. ) 
 B_SPLINE_SURFACE_WITH_KNOTS ( ( 4, 4 ),
 ( 4, 4 ),
 ( 0.0000000000000000000, 1.000000000000000000 ),
 ( 0.0000000000000000000, 1.000000000000000000 ),
 .UNSPECIFIED. ) 
 GEOMETRIC_REPRESENTATION_ITEM ( )  RATIONAL_B_SPLINE_SURFACE ( (
 ( 1.000000000000000000, 0.3333333333333360900, 0.3333333333333360900, 1.000000000000000000),
 ( 0.9289825745457260800, 0.3096608581819112500, 0.3096608581819112500, 0.9289825745457260800),
 ( 0.9289825745457260800, 0.3096608581819112500, 0.3096608581819112500, 0.9289825745457260800),
 ( 1.000000000000000000, 0.3333333333333360900, 0.3333333333333360900, 1.000000000000000000) ) ) 
 REPRESENTATION_ITEM ( '' )  SURFACE ( )  );
#421 = CARTESIAN_POINT ( 'NONE',  ( 1.605796843160729900, 2.001359678760009900, 0.0000000000000000000 ) ) ;
#422 =( NAMED_UNIT ( * ) SI_UNIT ( $, .STERADIAN. ) SOLID_ANGLE_UNIT ( ) );
#423 = EDGE_CURVE ( 'NONE', #1707, #4025, #11138, .T. ) ;
#424 = CARTESIAN_POINT ( 'NONE',  ( 0.5066666666666674900, 0.1419441726459666800, 0.0000000000000000000 ) ) ;
#425 = STYLED_ITEM ( 'NONE', ( #8335 ), #2074 ) ;
#426 = ORIENTED_EDGE ( 'NONE', *, *, #1255, .T. ) ;
#427 =( NAMED_UNIT ( * ) PLANE_ANGLE_UNIT ( ) SI_UNIT ( $, .RADIAN. ) );
#428 = ADVANCED_FACE ( 'NONE', ( #6639 ), #4260, .T. ) ;
#429 = AXIS2_PLACEMENT_3D ( 'NONE', #11625, #6228, #877 ) ;
#430 = ADVANCED_FACE ( 'NONE', ( #1072 ), #6606, .T. ) ;
#431 = ORIENTED_EDGE ( 'NONE', *, *, #3632, .F. ) ;
#432 =( NAMED_UNIT ( * ) SI_UNIT ( $, .STERADIAN. ) SOLID_ANGLE_UNIT ( ) );
#433 = ORIENTED_EDGE ( 'NONE', *, *, #5498, .F. ) ;
#434 = CARTESIAN_POINT ( 'NONE',  ( 0.7990393399629758300, -0.1625548777015472500, 0.006827189806825573400 ) ) ;
#435 =( LENGTH_UNIT ( ) NAMED_UNIT ( * ) SI_UNIT ( .MILLI., .METRE. ) );
#436 = ORIENTED_EDGE ( 'NONE', *, *, #289, .T. ) ;
#437 = EDGE_CURVE ( 'NONE', #9148, #4025, #7071, .T. ) ;
#438 = CARTESIAN_POINT ( 'NONE',  ( -0.8043509730773290600, 0.1545795646686653200, 0.1647732852175838900 ) ) ;
#439 = EDGE_CURVE ( 'NONE', #6698, #1771, #2314, .T. ) ;
#440 = CARTESIAN_POINT ( 'NONE',  ( -0.4000000000000000200, -0.3499999999999999800, 0.02000000000000000000 ) ) ;
#441 = PRESENTATION_STYLE_ASSIGNMENT (( #7449 ) ) ;
#442 = STYLED_ITEM ( 'NONE', ( #4476 ), #3451 ) ;
#443 = DIRECTION ( 'NONE',  ( 0.0000000000000000000, 0.0000000000000000000, 1.000000000000000000 ) ) ;
#444 =( NAMED_UNIT ( * ) PLANE_ANGLE_UNIT ( ) SI_UNIT ( $, .RADIAN. ) );
#445 =( NAMED_UNIT ( * ) SI_UNIT ( $, .STERADIAN. ) SOLID_ANGLE_UNIT ( ) );
#446 = UNCERTAINTY_MEASURE_WITH_UNIT (LENGTH_MEASURE( 1.000000000000000100E-005 ), #5329, 'distance_accuracy_value', 'NONE');
#447 = ORIENTED_EDGE ( 'NONE', *, *, #6435, .F. ) ;
#448 = SURFACE_SIDE_STYLE ('',( #3035 ) ) ;
#449 =( LENGTH_UNIT ( ) NAMED_UNIT ( * ) SI_UNIT ( .MILLI., .METRE. ) );
#450 = PRESENTATION_STYLE_ASSIGNMENT (( #8509 ) ) ;
#451 = VECTOR ( 'NONE', #9245, 1000.000000000000000 ) ;
#452 = SURFACE_SIDE_STYLE ('',( #8743 ) ) ;
#453 = FACE_OUTER_BOUND ( 'NONE', #7134, .T. ) ;
#454 = AXIS2_PLACEMENT_3D ( 'NONE', #9996, #9967, #9923 ) ;
#455 = CARTESIAN_POINT ( 'NONE',  ( 0.7960104076400857900, -0.1540413993313949300, 0.1756568542494923400 ) ) ;
#456 = EDGE_CURVE ( 'NONE', #7788, #10704, #4720, .T. ) ;
#457 = STYLED_ITEM ( 'NONE', ( #589 ), #6013 ) ;
#458 =( GEOMETRIC_REPRESENTATION_CONTEXT ( 3 ) GLOBAL_UNCERTAINTY_ASSIGNED_CONTEXT ( ( #9145 ) ) GLOBAL_UNIT_ASSIGNED_CONTEXT ( ( #8288, #2949, #9191 ) ) REPRESENTATION_CONTEXT ( 'NONE', 'WORKASPACE' ) );
#459 = VERTEX_POINT ( 'NONE', #6754 ) ;
#460 = UNCERTAINTY_MEASURE_WITH_UNIT (LENGTH_MEASURE( 1.000000000000000100E-005 ), #6277, 'distance_accuracy_value', 'NONE');
#461 = AXIS2_PLACEMENT_3D ( 'NONE', #1589, #7851, #2517 ) ;
#462 = FACE_OUTER_BOUND ( 'NONE', #9520, .T. ) ;
#463 = CARTESIAN_POINT ( 'NONE',  ( 0.5250000000000004700, -0.1330726618555938000, 0.009999999999999996700 ) ) ;
#464 = LINE ( 'NONE', #6391, #5265 ) ;
#465 = VERTEX_POINT ( 'NONE', #2580 ) ;
#467 =( LENGTH_UNIT ( ) NAMED_UNIT ( * ) SI_UNIT ( .MILLI., .METRE. ) );
#466 = LINE ( 'NONE', #11162, #2591 ) ;
#468 = CIRCLE ( 'NONE', #9534, 0.05000000000000002400 ) ;
#469 = DIRECTION ( 'NONE',  ( 0.0000000000000000000, -0.0000000000000000000, 1.000000000000000000 ) ) ;
#470 = CARTESIAN_POINT ( 'NONE',  ( 0.7994240845272081500, 0.1595870722175834500, 0.005240933610754024300 ) ) ;
#471 =( LENGTH_UNIT ( ) NAMED_UNIT ( * ) SI_UNIT ( .MILLI., .METRE. ) );
#472 =( LENGTH_UNIT ( ) NAMED_UNIT ( * ) SI_UNIT ( .MILLI., .METRE. ) );
#473 = DIRECTION ( 'NONE',  ( 0.0000000000000000000, 0.0000000000000000000, -1.000000000000000000 ) ) ;
#474 = CARTESIAN_POINT ( 'NONE',  ( 0.4744183792393802900, 0.3721743422346438000, 0.5844421234396296500 ) ) ;
#475 = ORIENTED_EDGE ( 'NONE', *, *, #11239, .T. ) ;
#476 = STYLED_ITEM ( 'NONE', ( #9885 ), #7051 ) ;
#477 = PRESENTATION_STYLE_ASSIGNMENT (( #2506 ) ) ;
#478 = LINE ( 'NONE', #6992, #2882 ) ;
#479 = CARTESIAN_POINT ( 'NONE',  ( -0.8000000000000000400, -0.3499999999999999800, 0.0000000000000000000 ) ) ;
#480 = CIRCLE ( 'NONE', #1268, 0.009999999999999998500 ) ;
#481 = CARTESIAN_POINT ( 'NONE',  ( -0.1991441109234209900, 0.1499999999999999900, 0.0000000000000000000 ) ) ;
#482 = CARTESIAN_POINT ( 'NONE',  ( 1.641976745299859900, 2.022359678402379800, 0.0000000000000000000 ) ) ;
#483 = LINE ( 'NONE', #10201, #2609 ) ;
#484 = ADVANCED_FACE ( 'NONE', ( #4451 ), #10447, .T. ) ;
#485 = ADVANCED_FACE ( 'NONE', ( #5947 ), #6797, .T. ) ;
#486 = ORIENTED_EDGE ( 'NONE', *, *, #8767, .T. ) ;
#487 = SURFACE_STYLE_FILL_AREA ( #9532 ) ;
#488 = CIRCLE ( 'NONE', #7575, 0.01000000000000000000 ) ;
#489 = CARTESIAN_POINT ( 'NONE',  ( 0.8000000000000000400, -0.1749999999999999900, 0.1499999999999999900 ) ) ;
#490 = VECTOR ( 'NONE', #9731, 1000.000000000000000 ) ;
#491 = DIRECTION ( 'NONE',  ( -0.0000000000000000000, -0.0000000000000000000, -1.000000000000000000 ) ) ;
#492 =( NAMED_UNIT ( * ) PLANE_ANGLE_UNIT ( ) SI_UNIT ( $, .RADIAN. ) );
#493 = ORIENTED_EDGE ( 'NONE', *, *, #2668, .F. ) ;
#494 = CARTESIAN_POINT ( 'NONE',  ( 0.07619999999999999000, -0.07619999999999999000, 0.002000000000000000900 ) ) ;
#495 = PRESENTATION_LAYER_ASSIGNMENT (  '', '', ( #11551 ) ) ;
#496 = PRESENTATION_STYLE_ASSIGNMENT (( #8981 ) ) ;
#497 = PRESENTATION_LAYER_ASSIGNMENT (  '', '', ( #10937 ) ) ;
#498 =( NAMED_UNIT ( * ) PLANE_ANGLE_UNIT ( ) SI_UNIT ( $, .RADIAN. ) );
#499 = ORIENTED_EDGE ( 'NONE', *, *, #1572, .F. ) ;
#500 = DIRECTION ( 'NONE',  ( 1.000000000000000000, 0.0000000000000000000, -0.0000000000000000000 ) ) ;
#502 = CARTESIAN_POINT ( 'NONE',  ( 1.611923261208750200, 1.980359679117640300, 0.1000000000000000100 ) ) ;
#501 =( GEOMETRIC_REPRESENTATION_CONTEXT ( 3 ) GLOBAL_UNCERTAINTY_ASSIGNED_CONTEXT ( ( #10725 ) ) GLOBAL_UNIT_ASSIGNED_CONTEXT ( ( #10361, #4995, #11245 ) ) REPRESENTATION_CONTEXT ( 'NONE', 'WORKASPACE' ) );
#503 = EDGE_LOOP ( 'NONE', ( #668, #10375, #10314, #9489 ) ) ;
#504 = VECTOR ( 'NONE', #2841, 1000.000000000000000 ) ;
#505 = ORIENTED_EDGE ( 'NONE', *, *, #9007, .F. ) ;
#506 = PRESENTATION_STYLE_ASSIGNMENT (( #8603 ) ) ;
#507 = VECTOR ( 'NONE', #6379, 1000.000000000000000 ) ;
#508 = LINE ( 'NONE', #6926, #233 ) ;
#509 = CARTESIAN_POINT ( 'NONE',  ( 0.0000000000000000000, 0.0000000000000000000, 0.02000000000000000000 ) ) ;
#510 = VECTOR ( 'NONE', #6961, 1000.000000000000000 ) ;
#511 =( LENGTH_UNIT ( ) NAMED_UNIT ( * ) SI_UNIT ( .MILLI., .METRE. ) );
#512 = CARTESIAN_POINT ( 'NONE',  ( 1.587213375081740100, 2.023244605453760100, 0.1000000000000000100 ) ) ;
#513 = CARTESIAN_POINT ( 'NONE',  ( 1.489900946999670000, 2.006507609743080100, 0.1000000000000000100 ) ) ;
#514 = ORIENTED_EDGE ( 'NONE', *, *, #7424, .T. ) ;
#515 = COLOUR_RGB ( '',0.0000000000000000000, 0.7019607843137254400, 0.9803921568627450600 ) ;
#516 = EDGE_CURVE ( 'NONE', #4261, #8394, #2754, .T. ) ;
#517 = SURFACE_STYLE_USAGE ( .BOTH. , #5881 ) ;
#518 = PRESENTATION_LAYER_ASSIGNMENT (  '', '', ( #10950 ) ) ;
#519 = CARTESIAN_POINT ( 'NONE',  ( 1.573667184064460000, 1.985192742244400200, 0.0000000000000000000 ) ) ;
#520 = PLANE ( 'NONE',  #10156 ) ;
#521 = VERTEX_POINT ( 'NONE', #5880 ) ;
#522 = LINE ( 'NONE', #1667, #9794 ) ;
#523 = VECTOR ( 'NONE', #1967, 1000.000000000000000 ) ;
#524 = CARTESIAN_POINT ( 'NONE',  ( 0.7900000000000000400, -0.3700000000000000000, 0.1799999999999999900 ) ) ;
#525 = UNCERTAINTY_MEASURE_WITH_UNIT (LENGTH_MEASURE( 1.000000000000000100E-005 ), #1981, 'distance_accuracy_value', 'NONE');
#526 = CARTESIAN_POINT ( 'NONE',  ( 0.4000000000000000200, 0.3711456281878179900, 0.4149999999999999800 ) ) ;
#527 = FACE_OUTER_BOUND ( 'NONE', #8454, .T. ) ;
#528 = FILL_AREA_STYLE ('',( #3949 ) ) ;
#529 = ORIENTED_EDGE ( 'NONE', *, *, #4461, .T. ) ;
#530 = SURFACE_STYLE_FILL_AREA ( #1701 ) ;
#531 = FILL_AREA_STYLE ('',( #11252 ) ) ;
#532 = STYLED_ITEM ( 'NONE', ( #2177 ), #428 ) ;
#533 = EDGE_CURVE ( 'NONE', #6337, #7297, #345, .T. ) ;
#534 = AXIS2_PLACEMENT_3D ( 'NONE', #10607, #5257, #11511 ) ;
#535 =( GEOMETRIC_REPRESENTATION_CONTEXT ( 3 ) GLOBAL_UNCERTAINTY_ASSIGNED_CONTEXT ( ( #4127 ) ) GLOBAL_UNIT_ASSIGNED_CONTEXT ( ( #159, #6424, #1069 ) ) REPRESENTATION_CONTEXT ( 'NONE', 'WORKASPACE' ) );
#536 =( NAMED_UNIT ( * ) SI_UNIT ( $, .STERADIAN. ) SOLID_ANGLE_UNIT ( ) );
#537 = LINE ( 'NONE', #1643, #5039 ) ;
#538 = CARTESIAN_POINT ( 'NONE',  ( 0.0000000000000000000, 0.0000000000000000000, 0.1799999999999999900 ) ) ;
#539 = DIRECTION ( 'NONE',  ( 0.0000000000000000000, 1.000000000000000000, 0.0000000000000000000 ) ) ;
#540 = ORIENTED_EDGE ( 'NONE', *, *, #11347, .T. ) ;
#541 = APPLICATION_CONTEXT ( 'automotive_design' ) ;
#542 = CARTESIAN_POINT ( 'NONE',  ( 0.8008747832827533000, -0.1538940194805951100, 0.1703413634112844200 ) ) ;
#543 = CARTESIAN_POINT ( 'NONE',  ( 1.556610832411420100, 2.006665889013230100, 0.0000000000000000000 ) ) ;
#544 =( NAMED_UNIT ( * ) SI_UNIT ( $, .STERADIAN. ) SOLID_ANGLE_UNIT ( ) );
#545 = CARTESIAN_POINT ( 'NONE',  ( -0.7960104076400854600, -0.1540413993313948000, 0.1756568542494924600 ) ) ;
#546 = DIRECTION ( 'NONE',  ( 0.0000000000000000000, 0.0000000000000000000, 1.000000000000000000 ) ) ;
#547 = FILL_AREA_STYLE ('',( #11272 ) ) ;
#548 = SURFACE_STYLE_FILL_AREA ( #7942 ) ;
#549 = PRESENTATION_LAYER_ASSIGNMENT (  '', '', ( #1148 ) ) ;
#550 = ADVANCED_FACE ( 'NONE', ( #9598 ), #2454, .T. ) ;
#551 = ADVANCED_FACE ( 'NONE', ( #8755 ), #4164, .T. ) ;
#552 = VECTOR ( 'NONE', #2554, 1000.000000000000000 ) ;
#553 =( GEOMETRIC_REPRESENTATION_CONTEXT ( 3 ) GLOBAL_UNCERTAINTY_ASSIGNED_CONTEXT ( ( #2169 ) ) GLOBAL_UNIT_ASSIGNED_CONTEXT ( ( #3627, #9881, #4531 ) ) REPRESENTATION_CONTEXT ( 'NONE', 'WORKASPACE' ) );
#554 = DIRECTION ( 'NONE',  ( 0.0000000000000000000, -1.000000000000000000, 0.0000000000000000000 ) ) ;
#555 = SURFACE_STYLE_USAGE ( .BOTH. , #2397 ) ;
#556 = AXIS2_PLACEMENT_3D ( 'NONE', #2970, #9213, #3871 ) ;
#557 = CARTESIAN_POINT ( 'NONE',  ( -0.7854284641271247500, 0.1552291404743184900, 0.1852800012348747300 ) ) ;
#558 = VECTOR ( 'NONE', #5571, 1000.000000000000000 ) ;
#559 = DIRECTION ( 'NONE',  ( -0.0000000000000000000, -0.0000000000000000000, 1.000000000000000000 ) ) ;
#560 = VERTEX_POINT ( 'NONE', #976 ) ;
#561 = LINE ( 'NONE', #9141, #9829 ) ;
#562 = DIRECTION ( 'NONE',  ( 0.0000000000000000000, 1.000000000000000000, 0.0000000000000000000 ) ) ;
#563 =( LENGTH_UNIT ( ) NAMED_UNIT ( * ) SI_UNIT ( .MILLI., .METRE. ) );
#564 = DIRECTION ( 'NONE',  ( -0.0000000000000000000, 1.000000000000000000, 0.0000000000000000000 ) ) ;
#565 = ORIENTED_EDGE ( 'NONE', *, *, #2484, .F. ) ;
#566 = EDGE_CURVE ( 'NONE', #2203, #2615, #5565, .T. ) ;
#567 = VERTEX_POINT ( 'NONE', #8420 ) ;
#568 = STYLED_ITEM ( 'NONE', ( #8336 ), #10662 ) ;
#569 = UNCERTAINTY_MEASURE_WITH_UNIT (LENGTH_MEASURE( 1.000000000000000100E-005 ), #3745, 'distance_accuracy_value', 'NONE');
#570 = MECHANICAL_DESIGN_GEOMETRIC_PRESENTATION_REPRESENTATION (  '', ( #10998 ), #1166 ) ;
#571 = CARTESIAN_POINT ( 'NONE',  ( 1.574484039804199900, 2.001359678760009900, 0.05000000000000000300 ) ) ;
#572 = FILL_AREA_STYLE_COLOUR ( '', #4427 ) ;
#573 = APPLICATION_CONTEXT ( 'automotive_design' ) ;
#574 = EDGE_LOOP ( 'NONE', ( #6400, #5461, #3954, #9052 ) ) ;
#575 =( NAMED_UNIT ( * ) PLANE_ANGLE_UNIT ( ) SI_UNIT ( $, .RADIAN. ) );
#576 = ORIENTED_EDGE ( 'NONE', *, *, #2227, .T. ) ;
#577 = EDGE_LOOP ( 'NONE', ( #11090, #9067, #5867, #7981 ) ) ;
#578 = EDGE_CURVE ( 'NONE', #4524, #9619, #7909, .T. ) ;
#579 = CARTESIAN_POINT ( 'NONE',  ( -0.7989442719099992800, -0.1596871942267129600, 0.005527864045000547100 ) ) ;
#580 = PRESENTATION_LAYER_ASSIGNMENT (  '', '', ( #9833 ) ) ;
#581 = CARTESIAN_POINT ( 'NONE',  ( 1.587247410737570000, 1.984307815193020000, 0.1000000000000000100 ) ) ;
#582 = STYLED_ITEM ( 'NONE', ( #8282 ), #8656 ) ;
#583 = ITEM_DEFINED_TRANSFORMATION ( 'NONE', 'NONE', #9143,  #3980 ) ;
#584 = ORIENTED_EDGE ( 'NONE', *, *, #3239, .F. ) ;
#585 = DIRECTION ( 'NONE',  ( 0.0000000000000000000, 0.0000000000000000000, -1.000000000000000000 ) ) ;
#586 =( GEOMETRIC_REPRESENTATION_CONTEXT ( 3 ) GLOBAL_UNCERTAINTY_ASSIGNED_CONTEXT ( ( #6642 ) ) GLOBAL_UNIT_ASSIGNED_CONTEXT ( ( #1351, #7596, #2259 ) ) REPRESENTATION_CONTEXT ( 'NONE', 'WORKASPACE' ) );
#587 = CARTESIAN_POINT ( 'NONE',  ( 1.443065452288000000, 1.996810134352520000, 0.1000000000000000100 ) ) ;
#588 = COLOUR_RGB ( '',0.0000000000000000000, 0.6470588235294118000, 0.9568627450980391500 ) ;
#589 = PRESENTATION_STYLE_ASSIGNMENT (( #5850 ) ) ;
#590 = FILL_AREA_STYLE_COLOUR ( '', #10461 ) ;
#591 = VECTOR ( 'NONE', #4404, 1000.000000000000000 ) ;
#592 = FILL_AREA_STYLE_COLOUR ( '', #6650 ) ;
#593 = UNCERTAINTY_MEASURE_WITH_UNIT (LENGTH_MEASURE( 1.000000000000000100E-005 ), #7152, 'distance_accuracy_value', 'NONE');
#594 = EDGE_CURVE ( 'NONE', #8394, #7491, #7602, .T. ) ;
#595 = ORIENTED_EDGE ( 'NONE', *, *, #2263, .F. ) ;
#596 = CARTESIAN_POINT ( 'NONE',  ( 0.4000000000000000200, 0.3499999999999999800, 0.1600000000000000000 ) ) ;
#597 = EDGE_CURVE ( 'NONE', #10404, #6135, #2885, .T. ) ;
#598 = CARTESIAN_POINT ( 'NONE',  ( 0.7900000000000000400, 0.1596871942267129600, 0.01000000000000000000 ) ) ;
#599 = EDGE_CURVE ( 'NONE', #362, #2938, #480, .T. ) ;
#600 =( NAMED_UNIT ( * ) SI_UNIT ( $, .STERADIAN. ) SOLID_ANGLE_UNIT ( ) );
#601 = CIRCLE ( 'NONE', #931, 0.05000000000000002400 ) ;
#602 = CARTESIAN_POINT ( 'NONE',  ( 0.0000000000000000000, 0.1850000000000000000, 0.02000000000000000000 ) ) ;
#603 = CARTESIAN_POINT ( 'NONE',  ( -0.4764586206041050400, 0.3516608847354832400, 0.6099478456424556300 ) ) ;
#604 = CARTESIAN_POINT ( 'NONE',  ( 1.540103539337589900, 2.006665889013230100, 0.0000000000000000000 ) ) ;
#605 = LINE ( 'NONE', #5652, #5405 ) ;
#606 = ORIENTED_EDGE ( 'NONE', *, *, #6227, .F. ) ;
#607 = PRESENTATION_STYLE_ASSIGNMENT (( #177 ) ) ;
#608 = ADVANCED_FACE ( 'NONE', ( #9748 ), #5459, .T. ) ;
#609 = DIRECTION ( 'NONE',  ( 0.0000000000000000000, -0.0000000000000000000, 1.000000000000000000 ) ) ;
#610 = ADVANCED_FACE ( 'NONE', ( #11268 ), #3717, .T. ) ;
#611 = ADVANCED_FACE ( 'NONE', ( #708 ), #11505, .T. ) ;
#612 = UNCERTAINTY_MEASURE_WITH_UNIT (LENGTH_MEASURE( 1.000000000000000100E-005 ), #11122, 'distance_accuracy_value', 'NONE');
#613 = FACE_OUTER_BOUND ( 'NONE', #4212, .T. ) ;
#614 = CARTESIAN_POINT ( 'NONE',  ( 0.7964615228356261000, -0.1491957449593052100, 0.009658636588715619600 ) ) ;
#615 = ORIENTED_EDGE ( 'NONE', *, *, #9154, .F. ) ;
#616 = PRESENTATION_STYLE_ASSIGNMENT (( #10643 ) ) ;
#617 =( GEOMETRIC_REPRESENTATION_CONTEXT ( 3 ) GLOBAL_UNCERTAINTY_ASSIGNED_CONTEXT ( ( #1969 ) ) GLOBAL_UNIT_ASSIGNED_CONTEXT ( ( #2140, #2028, #1991 ) ) REPRESENTATION_CONTEXT ( 'NONE', 'WORKASPACE' ) );
#618 = EDGE_CURVE ( 'NONE', #6660, #3046, #2232, .T. ) ;
#619 = DIRECTION ( 'NONE',  ( 1.000000000000000000, 0.0000000000000000000, 0.0000000000000000000 ) ) ;
#621 = PRESENTATION_LAYER_ASSIGNMENT (  '', '', ( #30 ) ) ;
#620 = COLOUR_RGB ( '',0.8627450980392157300, 0.6274509803921568500, 0.05882352941176470500 ) ;
#622 =( GEOMETRIC_REPRESENTATION_CONTEXT ( 3 ) GLOBAL_UNCERTAINTY_ASSIGNED_CONTEXT ( ( #5476 ) ) GLOBAL_UNIT_ASSIGNED_CONTEXT ( ( #666, #6912, #1554 ) ) REPRESENTATION_CONTEXT ( 'NONE', 'WORKASPACE' ) );
#623 = CARTESIAN_POINT ( 'NONE',  ( -0.7960104076400856800, -0.1540413993313948800, 0.1756568542494924300 ) ) ;
#624 = LINE ( 'NONE', #8396, #5422 ) ;
#625 = STYLED_ITEM ( 'NONE', ( #9369 ), #9348 ) ;
#626 = CARTESIAN_POINT ( 'NONE',  ( 1.587213375081740100, 2.023244605453760100, 0.0000000000000000000 ) ) ;
#627 = SURFACE_SIDE_STYLE ('',( #2161 ) ) ;
#628 = CIRCLE ( 'NONE', #10819, 0.01000000000000000200 ) ;
#629 = CARTESIAN_POINT ( 'NONE',  ( 1.635714184628547000, 1.980359679117639000, 0.1000000000000000100 ) ) ;
#630 = ORIENTED_EDGE ( 'NONE', *, *, #11091, .F. ) ;
#631 = VECTOR ( 'NONE', #8836, 1000.000000000000000 ) ;
#632 = COLOUR_RGB ( '',0.0000000000000000000, 0.7019607843137254400, 0.9803921568627450600 ) ;
#633 = CARTESIAN_POINT ( 'NONE',  ( -0.7900000000000000400, 0.3499999999999999800, 0.1799999999999999900 ) ) ;
#634 = CARTESIAN_POINT ( 'NONE',  ( 1.600759566099030100, 1.985192742244400200, 0.0000000000000000000 ) ) ;
#635 = SURFACE_STYLE_FILL_AREA ( #996 ) ;
#636 = CARTESIAN_POINT ( 'NONE',  ( -0.7700000000000000200, -0.4000000000000000200, 0.1700000000000000100 ) ) ;
#637 = LINE ( 'NONE', #8233, #7198 ) ;
#638 = VERTEX_POINT ( 'NONE', #10378 ) ;
#639 = CARTESIAN_POINT ( 'NONE',  ( 0.7905590169943750300, 0.1507604086910344600, 0.1744721359549995500 ) ) ;
#640 = ORIENTED_EDGE ( 'NONE', *, *, #5047, .T. ) ;
#641 = VECTOR ( 'NONE', #10295, 1000.000000000000000 ) ;
#642 = AXIS2_PLACEMENT_3D ( 'NONE', #11462, #6085, #719 ) ;
#643 = SURFACE_STYLE_FILL_AREA ( #3106 ) ;
#644 = CARTESIAN_POINT ( 'NONE',  ( 0.0000000000000000000, -0.1499999999999999900, 0.02000000000000000000 ) ) ;
#645 = FILL_AREA_STYLE_COLOUR ( '', #4492 ) ;
#646 = PLANE ( 'NONE',  #10721 ) ;
#647 = ORIENTED_EDGE ( 'NONE', *, *, #2698, .F. ) ;
#648 = VECTOR ( 'NONE', #7971, 1000.000000000000000 ) ;
#649 = LINE ( 'NONE', #2692, #7204 ) ;
#650 = CARTESIAN_POINT ( 'NONE',  ( 1.487246165845520100, 2.014732339443119800, 0.1000000000000000100 ) ) ;
#651 = SURFACE_STYLE_FILL_AREA ( #6359 ) ;
#652 = DIRECTION ( 'NONE',  ( 1.000000000000000000, 0.0000000000000000000, 0.0000000000000000000 ) ) ;
#653 =( LENGTH_UNIT ( ) NAMED_UNIT ( * ) SI_UNIT ( .MILLI., .METRE. ) );
#654 = ORIENTED_EDGE ( 'NONE', *, *, #3567, .T. ) ;
#655 = DIRECTION ( 'NONE',  ( -0.0000000000000000000, 1.000000000000000000, -0.0000000000000000000 ) ) ;
#656 = ORIENTED_EDGE ( 'NONE', *, *, #2788, .T. ) ;
#657 = ORIENTED_EDGE ( 'NONE', *, *, #3406, .F. ) ;
#658 = ORIENTED_EDGE ( 'NONE', *, *, #359, .T. ) ;
#659 = COLOUR_RGB ( '',0.0000000000000000000, 0.7019607843137254400, 0.9803921568627450600 ) ;
#660 = PRESENTATION_STYLE_ASSIGNMENT (( #1644 ) ) ;
#661 = EDGE_CURVE ( 'NONE', #6600, #3625, #4644, .T. ) ;
#662 = ORIENTED_EDGE ( 'NONE', *, *, #3236, .T. ) ;
#663 =( GEOMETRIC_REPRESENTATION_CONTEXT ( 3 ) GLOBAL_UNCERTAINTY_ASSIGNED_CONTEXT ( ( #7679 ) ) GLOBAL_UNIT_ASSIGNED_CONTEXT ( ( #1717, #1764, #1814 ) ) REPRESENTATION_CONTEXT ( 'NONE', 'WORKASPACE' ) );
#664 = CARTESIAN_POINT ( 'NONE',  ( -0.7900000000000000400, -0.1596871942267129900, 0.1700000000000000100 ) ) ;
#665 = SURFACE_STYLE_USAGE ( .BOTH. , #6019 ) ;
#666 =( LENGTH_UNIT ( ) NAMED_UNIT ( * ) SI_UNIT ( .MILLI., .METRE. ) );
#667 = ORIENTED_EDGE ( 'NONE', *, *, #5214, .F. ) ;
#668 = ORIENTED_EDGE ( 'NONE', *, *, #6809, .F. ) ;
#669 = FACE_OUTER_BOUND ( 'NONE', #5293, .T. ) ;
#670 = CARTESIAN_POINT ( 'NONE',  ( -0.7960104076400856800, 0.1540413993313948200, 0.004343145750507443200 ) ) ;
#671 = ORIENTED_EDGE ( 'NONE', *, *, #7120, .T. ) ;
#672 = VERTEX_POINT ( 'NONE', #10033 ) ;
#673 = CARTESIAN_POINT ( 'NONE',  ( 0.7982170378636491700, 0.1563905365920397700, 0.1756568542494925100 ) ) ;
#674 = ADVANCED_FACE ( 'NONE', ( #6983 ), #4324, .F. ) ;
#675 =( BOUNDED_SURFACE ( )  B_SPLINE_SURFACE ( 3, 3, ( 
 ( #128, #3742, #10006, #4649 ),
 ( #10893, #5555, #161, #6425 ),
 ( #1070, #7298, #1958, #8224 ),
 ( #2869, #9120, #3783, #10042 ) ),
 .UNSPECIFIED., .F., .F., .F. ) 
 B_SPLINE_SURFACE_WITH_KNOTS ( ( 4, 4 ),
 ( 4, 4 ),
 ( 0.0000000000000000000, 1.000000000000000000 ),
 ( 0.0000000000000000000, 1.000000000000000000 ),
 .UNSPECIFIED. ) 
 GEOMETRIC_REPRESENTATION_ITEM ( )  RATIONAL_B_SPLINE_SURFACE ( (
 ( 1.000000000000000000, 0.3333333333333318700, 0.3333333333333318700, 1.000000000000000000),
 ( 0.9299384305661941900, 0.3099794768553967300, 0.3099794768553967300, 0.9299384305661941900),
 ( 0.9299384305661941900, 0.3099794768553967300, 0.3099794768553967300, 0.9299384305661941900),
 ( 1.000000000000000000, 0.3333333333333318700, 0.3333333333333318700, 1.000000000000000000) ) ) 
 REPRESENTATION_ITEM ( '' )  SURFACE ( )  );
#676 = ADVANCED_FACE ( 'NONE', ( #10653 ), #8931, .F. ) ;
#677 = CARTESIAN_POINT ( 'NONE',  ( -0.7700000000000000200, 0.3900000000000000100, 0.1700000000000000100 ) ) ;
#678 = EDGE_CURVE ( 'NONE', #5477, #836, #6978, .T. ) ;
#679 =( NAMED_UNIT ( * ) SI_UNIT ( $, .STERADIAN. ) SOLID_ANGLE_UNIT ( ) );
#680 = STYLED_ITEM ( 'NONE', ( #3670 ), #3032 ) ;
#681 = ADVANCED_FACE ( 'NONE', ( #5054 ), #1828, .T. ) ;
#682 = EDGE_CURVE ( 'NONE', #6351, #9692, #11342, .T. ) ;
#683 = DIRECTION ( 'NONE',  ( 0.0000000000000000000, -1.000000000000000000, 0.0000000000000000000 ) ) ;
#684 = CARTESIAN_POINT ( 'NONE',  ( 1.646673668681170000, 1.974774644385469700, 0.0000000000000000000 ) ) ;
#685 = ORIENTED_EDGE ( 'NONE', *, *, #661, .F. ) ;
#686 = AXIS2_PLACEMENT_3D ( 'NONE', #366, #6607, #1256 ) ;
#687 = VECTOR ( 'NONE', #4908, 1000.000000000000000 ) ;
#688 = CARTESIAN_POINT ( 'NONE',  ( 0.8000000000000000400, -0.3499999999999999800, 0.0000000000000000000 ) ) ;
#689 = ORIENTED_EDGE ( 'NONE', *, *, #3406, .T. ) ;
#690 = COLOUR_RGB ( '',0.8627450980392157300, 0.6274509803921568500, 0.05882352941176470500 ) ;
#691 = DIRECTION ( 'NONE',  ( 0.0000000000000000000, -0.0000000000000000000, 1.000000000000000000 ) ) ;
#692 = CARTESIAN_POINT ( 'NONE',  ( 1.577921641042250100, 2.014054978381730100, 0.1000000000000000100 ) ) ;
#693 = CARTESIAN_POINT ( 'NONE',  ( 1.565038991714900100, 2.025958925018020100, 0.0000000000000000000 ) ) ;
#694 = UNCERTAINTY_MEASURE_WITH_UNIT (LENGTH_MEASURE( 1.000000000000000100E-005 ), #5044, 'distance_accuracy_value', 'NONE');
#695 = DIRECTION ( 'NONE',  ( -0.0000000000000000000, -1.000000000000000000, -0.0000000000000000000 ) ) ;
#696 = CARTESIAN_POINT ( 'NONE',  ( 1.470670801460050000, 1.987367672161970000, 0.0000000000000000000 ) ) ;
#697 = CARTESIAN_POINT ( 'NONE',  ( -0.4745170327464609000, -0.3245170327464610400, 0.6331590247227179000 ) ) ;
#698 = FACE_OUTER_BOUND ( 'NONE', #5224, .T. ) ;
#699 = FILL_AREA_STYLE_COLOUR ( '', #1748 ) ;
#700 = COLOUR_RGB ( '',0.0000000000000000000, 0.7019607843137254400, 0.9803921568627450600 ) ;
#701 = DIRECTION ( 'NONE',  ( 0.0000000000000000000, -0.0000000000000000000, -1.000000000000000000 ) ) ;
#702 = AXIS2_PLACEMENT_3D ( 'NONE', #7729, #5074, #4113 ) ;
#703 = EDGE_CURVE ( 'NONE', #7387, #8178, #8963, .T. ) ;
#704 = MECHANICAL_DESIGN_GEOMETRIC_PRESENTATION_REPRESENTATION (  '', ( #10528 ), #1271 ) ;
#705 = SURFACE_SIDE_STYLE ('',( #8036 ) ) ;
#706 = SURFACE_STYLE_USAGE ( .BOTH. , #6059 ) ;
#707 = ORIENTED_EDGE ( 'NONE', *, *, #9026, .T. ) ;
#708 = FACE_OUTER_BOUND ( 'NONE', #3245, .T. ) ;
#709 =( LENGTH_UNIT ( ) NAMED_UNIT ( * ) SI_UNIT ( .MILLI., .METRE. ) );
#710 = PLANE ( 'NONE',  #4917 ) ;
#711 = ORIENTED_EDGE ( 'NONE', *, *, #8932, .T. ) ;
#712 = ORIENTED_EDGE ( 'NONE', *, *, #8470, .F. ) ;
#713 = PRESENTATION_LAYER_ASSIGNMENT (  '', '', ( #11126 ) ) ;
#714 = DIRECTION ( 'NONE',  ( 0.0000000000000000000, -1.000000000000000000, 0.0000000000000000000 ) ) ;
#715 = STYLED_ITEM ( 'NONE', ( #1350 ), #9842 ) ;
#716 = CARTESIAN_POINT ( 'NONE',  ( -0.6500000000000001300, 0.0000000000000000000, 0.009999999999999998500 ) ) ;
#717 = DIRECTION ( 'NONE',  ( -1.000000000000000000, 0.0000000000000000000, 0.0000000000000000000 ) ) ;
#718 = ORIENTED_EDGE ( 'NONE', *, *, #3614, .F. ) ;
#719 = DIRECTION ( 'NONE',  ( 1.000000000000000000, 0.0000000000000000000, -0.0000000000000000000 ) ) ;
#720 = CYLINDRICAL_SURFACE ( 'NONE', #3616, 0.01000000000000002600 ) ;
#721 = VERTEX_POINT ( 'NONE', #8098 ) ;
#722 = ORIENTED_EDGE ( 'NONE', *, *, #1899, .T. ) ;
#723 =( NAMED_UNIT ( * ) SI_UNIT ( $, .STERADIAN. ) SOLID_ANGLE_UNIT ( ) );
#724 = CARTESIAN_POINT ( 'NONE',  ( 0.4000000000000000200, 0.3900000000000000700, 0.1700000000000000100 ) ) ;
#725 =( LENGTH_UNIT ( ) NAMED_UNIT ( * ) SI_UNIT ( .MILLI., .METRE. ) );
#726 = LINE ( 'NONE', #6827, #5523 ) ;
#727 = SURFACE_SIDE_STYLE ('',( #7195 ) ) ;
#728 = CARTESIAN_POINT ( 'NONE',  ( -0.4514535246750240300, -0.3516608847354837900, 0.6299027702572727000 ) ) ;
#729 = ADVANCED_FACE ( 'NONE', ( #4198 ), #752, .T. ) ;
#730 = PRESENTATION_LAYER_ASSIGNMENT (  '', '', ( #134 ) ) ;
#731 = EDGE_LOOP ( 'NONE', ( #10734, #6213, #4701, #21 ) ) ;
#732 = DIRECTION ( 'NONE',  ( -1.000000000000000000, 0.0000000000000000000, 0.0000000000000000000 ) ) ;
#733 = MECHANICAL_DESIGN_GEOMETRIC_PRESENTATION_REPRESENTATION (  '', ( #10562 ), #1308 ) ;
#734 = DIRECTION ( 'NONE',  ( 1.000000000000000000, 0.0000000000000000000, 0.0000000000000000000 ) ) ;
#735 = CARTESIAN_POINT ( 'NONE',  ( 1.507599488027270100, 1.980050006160170200, 0.0000000000000000000 ) ) ;
#736 = CARTESIAN_POINT ( 'NONE',  ( 1.646673668681170000, 2.025958925018020100, 0.0000000000000000000 ) ) ;
#737 = PRESENTATION_STYLE_ASSIGNMENT (( #2137 ) ) ;
#738 =( LENGTH_UNIT ( ) NAMED_UNIT ( * ) SI_UNIT ( .MILLI., .METRE. ) );
#739 = FILL_AREA_STYLE_COLOUR ( '', #2943 ) ;
#740 = CARTESIAN_POINT ( 'NONE',  ( 0.8000000000000000400, -0.1596871942267129900, 0.0000000000000000000 ) ) ;
#741 =( NAMED_UNIT ( * ) SI_UNIT ( $, .STERADIAN. ) SOLID_ANGLE_UNIT ( ) );
#742 = CARTESIAN_POINT ( 'NONE',  ( 0.4000000000000000200, 0.3499999999999999800, 0.0000000000000000000 ) ) ;
#743 = ORIENTED_EDGE ( 'NONE', *, *, #5960, .T. ) ;
#744 = COLOUR_RGB ( '',0.0000000000000000000, 0.7019607843137254400, 0.9803921568627450600 ) ;
#745 = DIRECTION ( 'NONE',  ( 1.000000000000000000, 0.0000000000000000000, -0.0000000000000000000 ) ) ;
#746 = EDGE_CURVE ( 'NONE', #1092, #5758, #3082, .T. ) ;
#747 = DIRECTION ( 'NONE',  ( 0.0000000000000000000, 0.0000000000000000000, 1.000000000000000000 ) ) ;
#748 = MECHANICAL_DESIGN_GEOMETRIC_PRESENTATION_REPRESENTATION (  '', ( #10578 ), #1323 ) ;
#749 = CARTESIAN_POINT ( 'NONE',  ( -0.8000000000000000400, 0.3700000000000000000, 0.1700000000000000100 ) ) ;
#750 = DIRECTION ( 'NONE',  ( 0.0000000000000000000, 0.0000000000000000000, -1.000000000000000000 ) ) ;
#751 = CARTESIAN_POINT ( 'NONE',  ( 1.558006294300130000, 2.001304665244250100, 0.0000000000000000000 ) ) ;
#752 =( BOUNDED_SURFACE ( )  B_SPLINE_SURFACE ( 3, 3, ( 
 ( #7172, #6703, #6671, #6625 ),
 ( #6530, #6456, #6428, #6377 ),
 ( #6338, #6298, #6262, #6220 ),
 ( #6155, #6112, #6064, #6025 ) ),
 .UNSPECIFIED., .F., .F., .F. ) 
 B_SPLINE_SURFACE_WITH_KNOTS ( ( 4, 4 ),
 ( 4, 4 ),
 ( 0.0000000000000000000, 1.000000000000000000 ),
 ( 0.0000000000000000000, 1.000000000000000000 ),
 .UNSPECIFIED. ) 
 GEOMETRIC_REPRESENTATION_ITEM ( )  RATIONAL_B_SPLINE_SURFACE ( (
 ( 1.000000000000000000, 0.3333333333333334300, 0.3333333333333334300, 1.000000000000000000),
 ( 0.9299384305661944100, 0.3099794768553982300, 0.3099794768553982300, 0.9299384305661944100),
 ( 0.9299384305661944100, 0.3099794768553982300, 0.3099794768553982300, 0.9299384305661944100),
 ( 1.000000000000000000, 0.3333333333333334300, 0.3333333333333334300, 1.000000000000000000) ) ) 
 REPRESENTATION_ITEM ( '' )  SURFACE ( )  );
#753 =( GEOMETRIC_REPRESENTATION_CONTEXT ( 3 ) GLOBAL_UNCERTAINTY_ASSIGNED_CONTEXT ( ( #2878 ) ) GLOBAL_UNIT_ASSIGNED_CONTEXT ( ( #2673, #8923, #3576 ) ) REPRESENTATION_CONTEXT ( 'NONE', 'WORKASPACE' ) );
#754 = CARTESIAN_POINT ( 'NONE',  ( 1.470670801460050000, 2.014732339443119800, 0.0000000000000000000 ) ) ;
#755 = ORIENTED_EDGE ( 'NONE', *, *, #3992, .T. ) ;
#756 = CARTESIAN_POINT ( 'NONE',  ( -0.4000000000000000200, -0.1499999999999999900, 0.0000000000000000000 ) ) ;
#757 = FILL_AREA_STYLE_COLOUR ( '', #11101 ) ;
#758 = FACE_OUTER_BOUND ( 'NONE', #5303, .T. ) ;
#759 = CARTESIAN_POINT ( 'NONE',  ( 1.433299651367150100, 2.022050005444920200, 0.0000000000000000000 ) ) ;
#760 = LINE ( 'NONE', #9976, #2864 ) ;
#761 = ORIENTED_EDGE ( 'NONE', *, *, #2510, .F. ) ;
#762 = CIRCLE ( 'NONE', #6290, 0.01000000000000000000 ) ;
#763 = CARTESIAN_POINT ( 'NONE',  ( -0.8000000000000003800, -0.3875735931288069000, 0.1758578643762690500 ) ) ;
#764 = EDGE_CURVE ( 'NONE', #2835, #10474, #5491, .T. ) ;
#765 = EDGE_CURVE ( 'NONE', #2496, #8602, #9962, .T. ) ;
#766 = VECTOR ( 'NONE', #5866, 1000.000000000000000 ) ;
#767 = PRESENTATION_LAYER_ASSIGNMENT (  '', '', ( #1344 ) ) ;
#768 = MECHANICAL_DESIGN_GEOMETRIC_PRESENTATION_REPRESENTATION (  '', ( #10603 ), #1346 ) ;
#769 = CARTESIAN_POINT ( 'NONE',  ( -0.7900000000000000400, 0.3700000000000000000, 0.1700000000000000100 ) ) ;
#770 = B_SPLINE_CURVE_WITH_KNOTS ( 'NONE', 2,
 ( #10826, #1939, #10056, #5566 ),
 .UNSPECIFIED., .F., .F.,
 ( 3, 1, 3 ),
 ( 0.0000000000000000000, 8.638968827018452100E-006, 1.727793765403690400E-005 ),
 .UNSPECIFIED. ) ;
#771 = CARTESIAN_POINT ( 'NONE',  ( 1.600759566099030100, 2.017560650931430100, 0.05000000000000000300 ) ) ;
#772 = ORIENTED_EDGE ( 'NONE', *, *, #2734, .T. ) ;
#773 = SURFACE_STYLE_FILL_AREA ( #7140 ) ;
#774 = SURFACE_STYLE_FILL_AREA ( #4766 ) ;
#775 = FACE_OUTER_BOUND ( 'NONE', #2107, .T. ) ;
#776 = DIRECTION ( 'NONE',  ( 1.000000000000000000, 0.0000000000000000000, 0.0000000000000000000 ) ) ;
#777 =( NAMED_UNIT ( * ) SI_UNIT ( $, .STERADIAN. ) SOLID_ANGLE_UNIT ( ) );
#778 =( GEOMETRIC_REPRESENTATION_CONTEXT ( 3 ) GLOBAL_UNCERTAINTY_ASSIGNED_CONTEXT ( ( #8546 ) ) GLOBAL_UNIT_ASSIGNED_CONTEXT ( ( #10500, #10538, #10580 ) ) REPRESENTATION_CONTEXT ( 'NONE', 'WORKASPACE' ) );
#779 = DIRECTION ( 'NONE',  ( 1.000000000000000000, -0.0000000000000000000, -0.0000000000000000000 ) ) ;
#780 = FILL_AREA_STYLE_COLOUR ( '', #515 ) ;
#781 = DIRECTION ( 'NONE',  ( 0.0000000000000000000, 0.0000000000000000000, 1.000000000000000000 ) ) ;
#782 = VERTEX_POINT ( 'NONE', #5362 ) ;
#783 = COLOUR_RGB ( '',0.8627450980392157300, 0.6274509803921568500, 0.05882352941176470500 ) ;
#784 =( NAMED_UNIT ( * ) SI_UNIT ( $, .STERADIAN. ) SOLID_ANGLE_UNIT ( ) );
#785 = VECTOR ( 'NONE', #2571, 1000.000000000000000 ) ;
#786 = AXIS2_PLACEMENT_3D ( 'NONE', #9964, #4597, #10839 ) ;
#787 = PLANE ( 'NONE',  #7360 ) ;
#788 = SURFACE_STYLE_USAGE ( .BOTH. , #6160 ) ;
#789 = VERTEX_POINT ( 'NONE', #5392 ) ;
#790 = ADVANCED_FACE ( 'NONE', ( #698 ), #8210, .T. ) ;
#791 = CIRCLE ( 'NONE', #845, 0.01000000000000000400 ) ;
#792 = EDGE_LOOP ( 'NONE', ( #1472, #4939, #7762, #7233 ) ) ;
#794 = DIRECTION ( 'NONE',  ( -0.1209742911513550100, -0.1209742911513550100, -0.9852565360152930600 ) ) ;
#793 = UNCERTAINTY_MEASURE_WITH_UNIT (LENGTH_MEASURE( 1.000000000000000100E-005 ), #4438, 'distance_accuracy_value', 'NONE');
#795 = ORIENTED_EDGE ( 'NONE', *, *, #8376, .T. ) ;
#796 = EDGE_LOOP ( 'NONE', ( #5058, #1860, #7342, #8723 ) ) ;
#797 = CARTESIAN_POINT ( 'NONE',  ( 1.596539144777060000, 2.014054978381730100, 0.1000000000000000100 ) ) ;
#798 =( NAMED_UNIT ( * ) PLANE_ANGLE_UNIT ( ) SI_UNIT ( $, .RADIAN. ) );
#799 = VERTEX_POINT ( 'NONE', #3697 ) ;
#800 = CIRCLE ( 'NONE', #8280, 0.01000000000000002600 ) ;
#801 = LINE ( 'NONE', #5393, #5313 ) ;
#802 = FILL_AREA_STYLE_COLOUR ( '', #4138 ) ;
#803 = LINE ( 'NONE', #3355, #2329 ) ;
#804 = VECTOR ( 'NONE', #4940, 1000.000000000000000 ) ;
#805 = CARTESIAN_POINT ( 'NONE',  ( 1.540103539337589900, 2.014051626326669900, 0.1000000000000000100 ) ) ;
#806 = AXIS2_PLACEMENT_3D ( 'NONE', #5559, #167, #6429 ) ;
#807 = EDGE_LOOP ( 'NONE', ( #8424, #1382, #9726, #205 ) ) ;
#808 = CARTESIAN_POINT ( 'NONE',  ( 1.481221854764970000, 1.987367672161970000, 0.0000000000000000000 ) ) ;
#809 = MECHANICAL_DESIGN_GEOMETRIC_PRESENTATION_REPRESENTATION (  '', ( #11212 ), #1379 ) ;
#810 = VERTEX_POINT ( 'NONE', #3665 ) ;
#811 = COLOUR_RGB ( '',0.8627450980392157300, 0.6274509803921568500, 0.05882352941176470500 ) ;
#812 = CARTESIAN_POINT ( 'NONE',  ( 0.7900000000000000400, 0.3500000000000000300, 0.1799999999999999900 ) ) ;
#813 = CARTESIAN_POINT ( 'NONE',  ( 1.598377070191459900, 2.020249467741389800, 0.1000000000000000500 ) ) ;
#814 = ORIENTED_EDGE ( 'NONE', *, *, #77, .T. ) ;
#815 = VECTOR ( 'NONE', #3683, 1000.000000000000000 ) ;
#816 = DIRECTION ( 'NONE',  ( -0.9980449639169569600, -0.06250000000000091600, 0.0000000000000000000 ) ) ;
#817 = CARTESIAN_POINT ( 'NONE',  ( -0.4000000000000000200, 0.1749999999999999600, 0.1499999999999999900 ) ) ;
#818 = COLOUR_RGB ( '',0.8627450980392157300, 0.6274509803921568500, 0.05882352941176470500 ) ;
#819 = EDGE_CURVE ( 'NONE', #2774, #8052, #6142, .T. ) ;
#820 = FILL_AREA_STYLE_COLOUR ( '', #2281 ) ;
#821 = PLANE ( 'NONE',  #9437 ) ;
#822 = STYLED_ITEM ( 'NONE', ( #9397 ), #2199 ) ;
#823 =( NAMED_UNIT ( * ) PLANE_ANGLE_UNIT ( ) SI_UNIT ( $, .RADIAN. ) );
#824 = VERTEX_POINT ( 'NONE', #3547 ) ;
#825 = FILL_AREA_STYLE ('',( #5269 ) ) ;
#826 = CARTESIAN_POINT ( 'NONE',  ( 1.611923261208750200, 2.022359678402379800, 0.1000000000000000100 ) ) ;
#827 = UNCERTAINTY_MEASURE_WITH_UNIT (LENGTH_MEASURE( 1.000000000000000100E-005 ), #6180, 'distance_accuracy_value', 'NONE');
#829 = PLANE ( 'NONE',  #3241 ) ;
#828 = STYLED_ITEM ( 'NONE', ( #11392 ), #8572 ) ;
#830 = DIRECTION ( 'NONE',  ( 1.000000000000000000, 0.0000000000000000000, -0.0000000000000000000 ) ) ;
#831 =( NAMED_UNIT ( * ) PLANE_ANGLE_UNIT ( ) SI_UNIT ( $, .RADIAN. ) );
#832 = MECHANICAL_DESIGN_GEOMETRIC_PRESENTATION_REPRESENTATION (  '', ( #10658 ), #1396 ) ;
#833 = CARTESIAN_POINT ( 'NONE',  ( 0.4000000000000000800, 0.1749999999999999900, 0.1499999999999999900 ) ) ;
#834 = DIRECTION ( 'NONE',  ( 1.000000000000000000, -0.0000000000000000000, -0.0000000000000000000 ) ) ;
#835 = VECTOR ( 'NONE', #2519, 1000.000000000000000 ) ;
#836 = VERTEX_POINT ( 'NONE', #3380 ) ;
#837 = CARTESIAN_POINT ( 'NONE',  ( 1.641976745299859900, 2.022359678402379800, 0.0000000000000000000 ) ) ;
#838 = DIRECTION ( 'NONE',  ( 0.0000000000000000000, 0.0000000000000000000, -1.000000000000000000 ) ) ;
#839 = CARTESIAN_POINT ( 'NONE',  ( -0.7905590169943750300, 0.1507604086910344900, 0.005527864045000373600 ) ) ;
#840 = EDGE_CURVE ( 'NONE', #4068, #10453, #4053, .T. ) ;
#841 = EDGE_CURVE ( 'NONE', #1778, #10832, #4055, .T. ) ;
#842 =( NAMED_UNIT ( * ) PLANE_ANGLE_UNIT ( ) SI_UNIT ( $, .RADIAN. ) );
#843 = EDGE_CURVE ( 'NONE', #5012, #6710, #405, .T. ) ;
#844 = DIRECTION ( 'NONE',  ( 0.0000000000000000000, 0.0000000000000000000, 1.000000000000000000 ) ) ;
#845 = AXIS2_PLACEMENT_3D ( 'NONE', #9859, #4510, #10751 ) ;
#846 = FILL_AREA_STYLE_COLOUR ( '', #10446 ) ;
#847 =( LENGTH_UNIT ( ) NAMED_UNIT ( * ) SI_UNIT ( .MILLI., .METRE. ) );
#848 = VECTOR ( 'NONE', #9712, 1000.000000000000000 ) ;
#849 = DIRECTION ( 'NONE',  ( -1.000000000000000000, 0.0000000000000000000, 0.0000000000000000000 ) ) ;
#850 = VECTOR ( 'NONE', #5085, 1000.000000000000000 ) ;
#851 = CARTESIAN_POINT ( 'NONE',  ( -0.7903661165235169600, -0.1538407821866691900, 4.776747495901163400E-017 ) ) ;
#852 = CARTESIAN_POINT ( 'NONE',  ( -0.8000000000000000400, -0.1850000000000000000, 0.1600000000000000000 ) ) ;
#853 = LINE ( 'NONE', #6144, #10107 ) ;
#854 = ADVANCED_FACE ( 'NONE', ( #8814 ), #5349, .T. ) ;
#855 =( NAMED_UNIT ( * ) SI_UNIT ( $, .STERADIAN. ) SOLID_ANGLE_UNIT ( ) );
#856 = ORIENTED_EDGE ( 'NONE', *, *, #8249, .T. ) ;
#857 = DIRECTION ( 'NONE',  ( 1.000000000000000000, 0.0000000000000000000, 0.0000000000000000000 ) ) ;
#858 = AXIS2_PLACEMENT_3D ( 'NONE', #8849, #8013, #7566 ) ;
#859 = EDGE_CURVE ( 'NONE', #8580, #7290, #7658, .T. ) ;
#860 = LINE ( 'NONE', #1949, #10111 ) ;
#861 = FILL_AREA_STYLE_COLOUR ( '', #140 ) ;
#862 = AXIS2_PLACEMENT_3D ( 'NONE', #6885, #1521, #7782 ) ;
#863 = DIRECTION ( 'NONE',  ( 0.0000000000000000000, 1.000000000000000000, 0.0000000000000000000 ) ) ;
#864 = SURFACE_SIDE_STYLE ('',( #8960 ) ) ;
#865 = CARTESIAN_POINT ( 'NONE',  ( 0.8000000000000000400, 0.1850000000000000000, 0.02000000000000000000 ) ) ;
#866 = VERTEX_POINT ( 'NONE', #1811 ) ;
#867 = CARTESIAN_POINT ( 'NONE',  ( -0.4000000000000000200, -0.3499999999999999800, 0.0000000000000000000 ) ) ;
#868 = CARTESIAN_POINT ( 'NONE',  ( -0.4000000000000000200, 0.3499999999999999800, 0.1600000000000000000 ) ) ;
#869 = EDGE_LOOP ( 'NONE', ( #4385, #11147, #3338, #1855 ) ) ;
#870 = SURFACE_STYLE_FILL_AREA ( #5146 ) ;
#871 = CARTESIAN_POINT ( 'NONE',  ( 0.0000000000000000000, 0.3499999999999999800, 0.0000000000000000000 ) ) ;
#872 = CARTESIAN_POINT ( 'NONE',  ( 0.8000000000000000400, 0.0000000000000000000, 0.1799999999999999900 ) ) ;
#873 = ORIENTED_EDGE ( 'NONE', *, *, #10880, .T. ) ;
#874 = DIRECTION ( 'NONE',  ( 1.000000000000000000, 0.0000000000000000000, -0.0000000000000000000 ) ) ;
#875 =( GEOMETRIC_REPRESENTATION_CONTEXT ( 3 ) GLOBAL_UNCERTAINTY_ASSIGNED_CONTEXT ( ( #8358 ) ) GLOBAL_UNIT_ASSIGNED_CONTEXT ( ( #3272, #9519, #4174 ) ) REPRESENTATION_CONTEXT ( 'NONE', 'WORKASPACE' ) );
#876 = FILL_AREA_STYLE_COLOUR ( '', #3004 ) ;
#877 = DIRECTION ( 'NONE',  ( 1.000000000000000000, 0.0000000000000000000, 0.0000000000000000000 ) ) ;
#878 = FILL_AREA_STYLE ('',( #846 ) ) ;
#879 = DIRECTION ( 'NONE',  ( -0.0000000000000000000, -0.0000000000000000000, -1.000000000000000000 ) ) ;
#880 = SHAPE_DEFINITION_REPRESENTATION ( #1149, #1540 ) ;
#881 = ORIENTED_EDGE ( 'NONE', *, *, #7055, .F. ) ;
#882 = CARTESIAN_POINT ( 'NONE',  ( 0.5003726924179342500, 0.4000000000000004100, 0.1799999999999999900 ) ) ;
#883 =( LENGTH_UNIT ( ) NAMED_UNIT ( * ) SI_UNIT ( .MILLI., .METRE. ) );
#884 = DIRECTION ( 'NONE',  ( 1.000000000000000000, -0.0000000000000000000, 0.0000000000000000000 ) ) ;
#885 = LINE ( 'NONE', #9939, #3271 ) ;
#886 = EDGE_CURVE ( 'NONE', #2332, #3363, #3212, .T. ) ;
#887 = MECHANICAL_DESIGN_GEOMETRIC_PRESENTATION_REPRESENTATION (  '', ( #10718 ), #1462 ) ;
#888 =( NAMED_UNIT ( * ) SI_UNIT ( $, .STERADIAN. ) SOLID_ANGLE_UNIT ( ) );
#889 = B_SPLINE_CURVE_WITH_KNOTS ( 'NONE', 2,
 ( #3648, #9901, #6324, #977 ),
 .UNSPECIFIED., .F., .F.,
 ( 3, 1, 3 ),
 ( 0.0000000000000000000, 7.568915725307196700E-006, 1.513783145061439300E-005 ),
 .UNSPECIFIED. ) ;
#890 = SURFACE_STYLE_FILL_AREA ( #6259 ) ;
#891 = PRESENTATION_LAYER_ASSIGNMENT (  '', '', ( #11313 ) ) ;
#892 =( GEOMETRIC_REPRESENTATION_CONTEXT ( 3 ) GLOBAL_UNCERTAINTY_ASSIGNED_CONTEXT ( ( #4508 ) ) GLOBAL_UNIT_ASSIGNED_CONTEXT ( ( #725, #6972, #1616 ) ) REPRESENTATION_CONTEXT ( 'NONE', 'WORKASPACE' ) );
#893 = ORIENTED_EDGE ( 'NONE', *, *, #3087, .F. ) ;
#894 = VECTOR ( 'NONE', #4126, 1000.000000000000000 ) ;
#895 = FILL_AREA_STYLE ('',( #5357 ) ) ;
#896 = SURFACE_SIDE_STYLE ('',( #8112 ) ) ;
#897 = CARTESIAN_POINT ( 'NONE',  ( -0.4480549931478379800, 0.2980549931478380100, 0.5999999999999999800 ) ) ;
#898 = ORIENTED_EDGE ( 'NONE', *, *, #886, .F. ) ;
#899 = COLOUR_RGB ( '',0.8627450980392157300, 0.6274509803921568500, 0.05882352941176470500 ) ;
#900 = LINE ( 'NONE', #6408, #10149 ) ;
#901 = CARTESIAN_POINT ( 'NONE',  ( -0.4745170327464608400, -0.3245170327464610400, 0.6331590247227179000 ) ) ;
#902 = FILL_AREA_STYLE_COLOUR ( '', #1083 ) ;
#903 =( LENGTH_UNIT ( ) NAMED_UNIT ( * ) SI_UNIT ( .MILLI., .METRE. ) );
#904 = LINE ( 'NONE', #2462, #10154 ) ;
#905 = EDGE_CURVE ( 'NONE', #11209, #6279, #2935, .T. ) ;
#906 = DIRECTION ( 'NONE',  ( -0.0000000000000000000, 1.000000000000000000, 0.0000000000000000000 ) ) ;
#907 =( GEOMETRIC_REPRESENTATION_CONTEXT ( 3 ) GLOBAL_UNCERTAINTY_ASSIGNED_CONTEXT ( ( #6755 ) ) GLOBAL_UNIT_ASSIGNED_CONTEXT ( ( #9798, #9746, #9704 ) ) REPRESENTATION_CONTEXT ( 'NONE', 'WORKASPACE' ) );
#908 = EDGE_CURVE ( 'NONE', #9454, #3817, #537, .T. ) ;
#909 = ADVANCED_FACE ( 'NONE', ( #10086 ), #7322, .T. ) ;
#910 = ORIENTED_EDGE ( 'NONE', *, *, #7240, .T. ) ;
#911 = COLOUR_RGB ( '',0.0000000000000000000, 0.7019607843137254400, 0.9803921568627450600 ) ;
#912 = DIRECTION ( 'NONE',  ( 0.0000000000000000000, 0.0000000000000000000, -1.000000000000000000 ) ) ;
#913 = PRODUCT_RELATED_PRODUCT_CATEGORY ( 'part', '', ( #5820 ) ) ;
#914 = CIRCLE ( 'NONE', #10321, 0.05000000000000003700 ) ;
#915 = CARTESIAN_POINT ( 'NONE',  ( 1.598172856256540000, 2.011944767720760000, 0.0000000000000000000 ) ) ;
#916 = DIRECTION ( 'NONE',  ( 1.000000000000000000, 0.0000000000000000000, -0.0000000000000000000 ) ) ;
#917 =( NAMED_UNIT ( * ) PLANE_ANGLE_UNIT ( ) SI_UNIT ( $, .RADIAN. ) );
#918 =( BOUNDED_CURVE ( )  B_SPLINE_CURVE ( 3, ( #6108, #9629, #4327, #6985 ),
 .UNSPECIFIED., .F., .F. ) 
 B_SPLINE_CURVE_WITH_KNOTS ( ( 4, 4 ),
 ( 0.0000000000000000000, 0.5000000000000000000 ),
 .UNSPECIFIED. ) 
 CURVE ( )  GEOMETRIC_REPRESENTATION_ITEM ( )  RATIONAL_B_SPLINE_CURVE ( ( 1.000000000000000000, 0.8192459912371081700, 0.8192459912371081700, 1.000000000000000000 ) ) 
 REPRESENTATION_ITEM ( '' )  );
#919 = CARTESIAN_POINT ( 'NONE',  ( -0.8000000000000000400, -0.1850000000000000000, 0.03000000000000000200 ) ) ;
#920 = ORIENTED_EDGE ( 'NONE', *, *, #1255, .F. ) ;
#921 = CARTESIAN_POINT ( 'NONE',  ( 0.8000000000000000400, -0.3700000000000000000, 0.1700000000000000100 ) ) ;
#922 = LINE ( 'NONE', #7925, #631 ) ;
#923 = VECTOR ( 'NONE', #7900, 1000.000000000000000 ) ;
#924 = CARTESIAN_POINT ( 'NONE',  ( -0.8000000000000001600, -0.1850000000000000000, 0.02000000000000000000 ) ) ;
#925 = STYLED_ITEM ( 'NONE', ( #3606 ), #485 ) ;
#926 = DIRECTION ( 'NONE',  ( 0.1218693434051470200, 0.0000000000000000000, 0.9925461516413220900 ) ) ;
#927 = EDGE_CURVE ( 'NONE', #11011, #8643, #1817, .T. ) ;
#928 = CYLINDRICAL_SURFACE ( 'NONE', #10849, 0.009999999999999998500 ) ;
#930 = PRESENTATION_LAYER_ASSIGNMENT (  '', '', ( #308 ) ) ;
#929 = SURFACE_STYLE_FILL_AREA ( #547 ) ;
#931 = AXIS2_PLACEMENT_3D ( 'NONE', #4250, #10509, #5170 ) ;
#932 = CARTESIAN_POINT ( 'NONE',  ( 0.7900000000000000400, 0.1596871942267129900, 0.1700000000000000100 ) ) ;
#933 = ORIENTED_EDGE ( 'NONE', *, *, #6207, .F. ) ;
#934 = ORIENTED_EDGE ( 'NONE', *, *, #1136, .F. ) ;
#935 = ORIENTED_EDGE ( 'NONE', *, *, #11051, .T. ) ;
#936 = CARTESIAN_POINT ( 'NONE',  ( 1.556610832411420100, 2.006665889013230100, 0.1000000000000000100 ) ) ;
#937 = VERTEX_POINT ( 'NONE', #512 ) ;
#938 = PRESENTATION_STYLE_ASSIGNMENT (( #2443 ) ) ;
#939 = SURFACE_STYLE_USAGE ( .BOTH. , #6291 ) ;
#940 = CARTESIAN_POINT ( 'NONE',  ( 0.7906250000000001300, -0.1497067445875435400, 0.1758578643762690200 ) ) ;
#941 = CYLINDRICAL_SURFACE ( 'NONE', #9784, 0.009999999999999998500 ) ;
#942 = CARTESIAN_POINT ( 'NONE',  ( 0.7999999999999999300, 0.3699999999999998800, 0.1700000000000000100 ) ) ;
#943 = CIRCLE ( 'NONE', #3133, 0.01000000000000002600 ) ;
#944 = CARTESIAN_POINT ( 'NONE',  ( -0.4975805408178979900, -0.2973731807574380200, 0.6364152791881633200 ) ) ;
#945 = CARTESIAN_POINT ( 'NONE',  ( 0.0000000000000000000, 0.3499999999999999800, 0.1799999999999999900 ) ) ;
#946 = FILL_AREA_STYLE ('',( #10772 ) ) ;
#947 = PRESENTATION_STYLE_ASSIGNMENT (( #5211 ) ) ;
#948 = ORIENTED_EDGE ( 'NONE', *, *, #2227, .F. ) ;
#949 = SURFACE_STYLE_USAGE ( .BOTH. , #990 ) ;
#950 = UNCERTAINTY_MEASURE_WITH_UNIT (LENGTH_MEASURE( 1.000000000000000100E-005 ), #4112, 'distance_accuracy_value', 'NONE');
#951 = ORIENTED_EDGE ( 'NONE', *, *, #3254, .T. ) ;
#952 = ORIENTED_EDGE ( 'NONE', *, *, #9218, .T. ) ;
#953 = PRESENTATION_STYLE_ASSIGNMENT (( #8928 ) ) ;
#954 = PRESENTATION_LAYER_ASSIGNMENT (  '', '', ( #325 ) ) ;
#955 = DIRECTION ( 'NONE',  ( 0.0000000000000000000, -0.0000000000000000000, 1.000000000000000000 ) ) ;
#956 = VERTEX_POINT ( 'NONE', #629 ) ;
#957 = DIRECTION ( 'NONE',  ( -0.0000000000000000000, -1.000000000000000000, -0.0000000000000000000 ) ) ;
#958 = CYLINDRICAL_SURFACE ( 'NONE', #9406, 0.009999999999999998500 ) ;
#959 = ORIENTED_EDGE ( 'NONE', *, *, #3701, .F. ) ;
#960 = FILL_AREA_STYLE ('',( #1820 ) ) ;
#961 = CARTESIAN_POINT ( 'NONE',  ( 1.598377070191459900, 2.020249467741389800, 0.1000000000000000100 ) ) ;
#962 = ORIENTED_EDGE ( 'NONE', *, *, #380, .T. ) ;
#963 = SURFACE_STYLE_FILL_AREA ( #10411 ) ;
#964 = LINE ( 'NONE', #11451, #3348 ) ;
#965 = DIRECTION ( 'NONE',  ( 0.0000000000000000000, -1.000000000000000000, -0.0000000000000000000 ) ) ;
#966 = ORIENTED_EDGE ( 'NONE', *, *, #4043, .F. ) ;
#967 = ORIENTED_EDGE ( 'NONE', *, *, #4369, .F. ) ;
#968 = PRESENTATION_STYLE_ASSIGNMENT (( #7190 ) ) ;
#969 = DIRECTION ( 'NONE',  ( 0.0000000000000000000, 1.000000000000000000, 0.0000000000000000000 ) ) ;
#970 = EDGE_CURVE ( 'NONE', #3817, #567, #8660, .T. ) ;
#971 = PLANE ( 'NONE',  #6863 ) ;
#972 = AXIS2_PLACEMENT_3D ( 'NONE', #1211, #7462, #2111 ) ;
#973 = CARTESIAN_POINT ( 'NONE',  ( 1.464646490379500000, 2.022050005444920200, 0.1000000000000000100 ) ) ;
#974 = DIRECTION ( 'NONE',  ( -0.9925461516413220900, 0.0000000000000000000, 0.1218693434051470200 ) ) ;
#975 = PRESENTATION_LAYER_ASSIGNMENT (  '', '', ( #11390 ) ) ;
#976 = CARTESIAN_POINT ( 'NONE',  ( 1.461310996108919900, 1.980050006160170200, 0.1000000000000000100 ) ) ;
#977 = CARTESIAN_POINT ( 'NONE',  ( 1.573667184064460000, 1.985192742244400200, 0.1000000000000000100 ) ) ;
#978 = VERTEX_POINT ( 'NONE', #749 ) ;
#979 = SURFACE_STYLE_USAGE ( .BOTH. , #6326 ) ;
#980 = ORIENTED_EDGE ( 'NONE', *, *, #4369, .T. ) ;
#981 = SURFACE_STYLE_FILL_AREA ( #6550 ) ;
#982 = UNCERTAINTY_MEASURE_WITH_UNIT (LENGTH_MEASURE( 1.000000000000000100E-005 ), #3349, 'distance_accuracy_value', 'NONE');
#983 = DIRECTION ( 'NONE',  ( 0.0000000000000000000, -0.0000000000000000000, 1.000000000000000000 ) ) ;
#984 = EDGE_CURVE ( 'NONE', #2783, #4991, #1509, .T. ) ;
#985 = DIRECTION ( 'NONE',  ( 1.000000000000000000, 0.0000000000000000000, 0.0000000000000000000 ) ) ;
#986 = MECHANICAL_DESIGN_GEOMETRIC_PRESENTATION_REPRESENTATION (  '', ( #9586 ), #1560 ) ;
#987 = DIRECTION ( 'NONE',  ( -1.000000000000000000, 0.0000000000000000000, 0.0000000000000000000 ) ) ;
#988 = FILL_AREA_STYLE ('',( #9878 ) ) ;
#989 = SURFACE_STYLE_FILL_AREA ( #946 ) ;
#990 = SURFACE_SIDE_STYLE ('',( #7385 ) ) ;
#991 =( GEOMETRIC_REPRESENTATION_CONTEXT ( 3 ) GLOBAL_UNCERTAINTY_ASSIGNED_CONTEXT ( ( #9997 ) ) GLOBAL_UNIT_ASSIGNED_CONTEXT ( ( #1583, #7845, #2514 ) ) REPRESENTATION_CONTEXT ( 'NONE', 'WORKASPACE' ) );
#992 = CARTESIAN_POINT ( 'NONE',  ( 1.540103539337589900, 2.001304665244250100, 0.0000000000000000000 ) ) ;
#993 = UNCERTAINTY_MEASURE_WITH_UNIT (LENGTH_MEASURE( 1.000000000000000100E-005 ), #9666, 'distance_accuracy_value', 'NONE');
#994 = DIRECTION ( 'NONE',  ( -0.0000000000000000000, 1.000000000000000000, 0.0000000000000000000 ) ) ;
#995 = ORIENTED_EDGE ( 'NONE', *, *, #2313, .F. ) ;
#996 = FILL_AREA_STYLE ('',( #5399 ) ) ;
#997 =( NAMED_UNIT ( * ) PLANE_ANGLE_UNIT ( ) SI_UNIT ( $, .RADIAN. ) );
#998 = EDGE_CURVE ( 'NONE', #10885, #7231, #3916, .T. ) ;
#999 = EDGE_CURVE ( 'NONE', #115, #3411, #8371, .T. ) ;
#1000 = MECHANICAL_DESIGN_GEOMETRIC_PRESENTATION_REPRESENTATION (  '', ( #11424 ), #1573 ) ;
#1001 = STYLED_ITEM ( 'NONE', ( #7188 ), #4079 ) ;
#1002 = CARTESIAN_POINT ( 'NONE',  ( 0.8000000000000000400, -0.1850000000000000000, 0.1499999999999999900 ) ) ;
#1003 = ORIENTED_EDGE ( 'NONE', *, *, #2809, .T. ) ;
#1004 = FILL_AREA_STYLE ('',( #4580 ) ) ;
#1005 = ORIENTED_EDGE ( 'NONE', *, *, #4072, .F. ) ;
#1006 = CARTESIAN_POINT ( 'NONE',  ( -0.7900000000000000400, 0.1596871942267129900, 0.1800000000000000500 ) ) ;
#1007 = CARTESIAN_POINT ( 'NONE',  ( 0.7900000000000000400, -0.3700000000000000000, 0.1700000000000000100 ) ) ;
#1008 = CARTESIAN_POINT ( 'NONE',  ( -0.5211456281878179600, -0.3693372604249999800, 0.4149999999999999800 ) ) ;
#1009 = COLOUR_RGB ( '',0.0000000000000000000, 0.6470588235294118000, 0.9568627450980391500 ) ;
#1010 = CARTESIAN_POINT ( 'NONE',  ( -0.4000000000000000200, -0.1850000000000000000, 0.1600000000000000000 ) ) ;
#1011 = VERTEX_POINT ( 'NONE', #2233 ) ;
#1012 = SURFACE_STYLE_USAGE ( .BOTH. , #6363 ) ;
#1013 = VERTEX_POINT ( 'NONE', #2195 ) ;
#1014 = AXIS2_PLACEMENT_3D ( 'NONE', #6916, #6959, #6994 ) ;
#1015 = EDGE_CURVE ( 'NONE', #6866, #4121, #3650, .T. ) ;
#1016 = EDGE_LOOP ( 'NONE', ( #7546, #5430, #6947, #1973 ) ) ;
#1017 = CARTESIAN_POINT ( 'NONE',  ( -0.7900000000000000400, -0.1596871942267129900, -3.146122375515972600E-018 ) ) ;
#1018 = MECHANICAL_DESIGN_GEOMETRIC_PRESENTATION_REPRESENTATION (  '', ( #10238 ), #1591 ) ;
#1019 = MECHANICAL_DESIGN_GEOMETRIC_PRESENTATION_REPRESENTATION (  '', ( #10831 ), #1592 ) ;
#1020 = PRESENTATION_LAYER_ASSIGNMENT (  '', '', ( #11448 ) ) ;
#1021 = DIRECTION ( 'NONE',  ( 0.4123105625617687300, 0.3872983346207337100, -0.8246211251235344700 ) ) ;
#1022 = CARTESIAN_POINT ( 'NONE',  ( -0.8000000000000000400, 0.4000000000000000200, 0.0000000000000000000 ) ) ;
#1023 = DIRECTION ( 'NONE',  ( 0.0000000000000000000, 0.0000000000000000000, -1.000000000000000000 ) ) ;
#1024 = PLANE ( 'NONE',  #9169 ) ;
#1025 = ORIENTED_EDGE ( 'NONE', *, *, #678, .T. ) ;
#1026 = FILL_AREA_STYLE ('',( #1762 ) ) ;
#1028 = CARTESIAN_POINT ( 'NONE',  ( 0.7700000000000000200, 0.3700000000000000000, 0.02000000000000000000 ) ) ;
#1027 = SURFACE_STYLE_FILL_AREA ( #1230 ) ;
#1029 = PRESENTATION_STYLE_ASSIGNMENT (( #4168 ) ) ;
#1030 = CARTESIAN_POINT ( 'NONE',  ( -0.7936914531521424000, 0.1515726837599339900, 0.004343145750507766700 ) ) ;
#1031 =( NAMED_UNIT ( * ) SI_UNIT ( $, .STERADIAN. ) SOLID_ANGLE_UNIT ( ) );
#1032 = ORIENTED_EDGE ( 'NONE', *, *, #5113, .T. ) ;
#1033 = SURFACE_SIDE_STYLE ('',( #5396 ) ) ;
#1035 = CARTESIAN_POINT ( 'NONE',  ( 1.584218237369390000, 2.018411542326989900, 0.09999999999999997800 ) ) ;
#1034 = PRESENTATION_LAYER_ASSIGNMENT (  '', '', ( #416 ) ) ;
#1036 = LINE ( 'NONE', #7835, #10275 ) ;
#1037 = VERTEX_POINT ( 'NONE', #2270 ) ;
#1038 = COLOUR_RGB ( '',0.8627450980392157300, 0.6274509803921568500, 0.05882352941176470500 ) ;
#1039 = CARTESIAN_POINT ( 'NONE',  ( 0.8000000000000000400, -0.1596871942267129900, 0.009999999999999998500 ) ) ;
#1040 = B_SPLINE_CURVE_WITH_KNOTS ( 'NONE', 2,
 ( #4364, #9710, #7937, #2594 ),
 .UNSPECIFIED., .F., .F.,
 ( 3, 1, 3 ),
 ( 0.0000000000000000000, 6.692188511574097300E-006, 1.338437702314819500E-005 ),
 .UNSPECIFIED. ) ;
#1041 = FILL_AREA_STYLE_COLOUR ( '', #8327 ) ;
#1042 = ORIENTED_EDGE ( 'NONE', *, *, #7991, .F. ) ;
#1043 = CYLINDRICAL_SURFACE ( 'NONE', #2339, 0.05080000000000000500 ) ;
#1044 = EDGE_CURVE ( 'NONE', #978, #4623, #10491, .T. ) ;
#1045 = PRESENTATION_LAYER_ASSIGNMENT (  '', '', ( #425 ) ) ;
#1046 = CARTESIAN_POINT ( 'NONE',  ( 0.8000000000000000400, 0.1850000000000000000, 0.03000000000000000200 ) ) ;
#1047 = LINE ( 'NONE', #5447, #3440 ) ;
#1048 = ORIENTED_EDGE ( 'NONE', *, *, #6769, .T. ) ;
#1049 = VECTOR ( 'NONE', #10209, 1000.000000000000000 ) ;
#1050 = AXIS2_PLACEMENT_3D ( 'NONE', #7986, #2649, #8900 ) ;
#1051 = CARTESIAN_POINT ( 'NONE',  ( 1.529620557344310000, 1.980050006160170200, 0.0000000000000000000 ) ) ;
#1052 = CARTESIAN_POINT ( 'NONE',  ( -0.4000000000000000200, -0.3499999999999999800, 0.1600000000000000000 ) ) ;
#1053 = UNCERTAINTY_MEASURE_WITH_UNIT (LENGTH_MEASURE( 1.000000000000000100E-005 ), #1802, 'distance_accuracy_value', 'NONE');
#1054 = LINE ( 'NONE', #11214, #766 ) ;
#1055 = CARTESIAN_POINT ( 'NONE',  ( -0.8000000000000000400, 0.3499999999999999800, 0.02000000000000000000 ) ) ;
#1056 = PRESENTATION_STYLE_ASSIGNMENT (( #8945 ) ) ;
#1057 = FILL_AREA_STYLE_COLOUR ( '', #8527 ) ;
#1058 = SURFACE_SIDE_STYLE ('',( #3790 ) ) ;
#1059 = EDGE_LOOP ( 'NONE', ( #3960, #8324, #2130, #4277 ) ) ;
#1060 = VECTOR ( 'NONE', #1766, 1000.000000000000000 ) ;
#1061 = CARTESIAN_POINT ( 'NONE',  ( -0.7960104076400856800, -0.1540413993313948800, 0.1756568542494924300 ) ) ;
#1062 = EDGE_CURVE ( 'NONE', #10811, #10193, #1221, .T. ) ;
#1063 = STYLED_ITEM ( 'NONE', ( #7665 ), #3147 ) ;
#1064 = EDGE_CURVE ( 'NONE', #10278, #2332, #5305, .T. ) ;
#1065 = VECTOR ( 'NONE', #8220, 1000.000000000000000 ) ;
#1066 = AXIS2_PLACEMENT_3D ( 'NONE', #2323, #7473, #6808 ) ;
#1067 = CARTESIAN_POINT ( 'NONE',  ( 1.461310996108919900, 1.996810134352520000, 0.0000000000000000000 ) ) ;
#1068 = EDGE_LOOP ( 'NONE', ( #7830, #3375, #4571, #9953 ) ) ;
#1069 =( NAMED_UNIT ( * ) SI_UNIT ( $, .STERADIAN. ) SOLID_ANGLE_UNIT ( ) );
#1070 = CARTESIAN_POINT ( 'NONE',  ( 0.4944304232934478800, -0.3207392495628433300, 0.6095187945355143900 ) ) ;
#1071 = CARTESIAN_POINT ( 'NONE',  ( 1.433299651367150100, 1.980050006160170200, 0.0000000000000000000 ) ) ;
#1072 = FACE_OUTER_BOUND ( 'NONE', #3345, .T. ) ;
#1073 = COLOUR_RGB ( '',0.0000000000000000000, 0.6470588235294118000, 0.9568627450980391500 ) ;
#1074 = ORIENTED_EDGE ( 'NONE', *, *, #10817, .F. ) ;
#1075 = CARTESIAN_POINT ( 'NONE',  ( 0.7900000000000000400, -0.1596871942267129900, 0.1800000000000000200 ) ) ;
#1076 = DIRECTION ( 'NONE',  ( -0.0000000000000000000, -0.0000000000000000000, 1.000000000000000000 ) ) ;
#1077 = VECTOR ( 'NONE', #1737, 1000.000000000000000 ) ;
#1078 = ORIENTED_EDGE ( 'NONE', *, *, #4866, .F. ) ;
#1079 = DIRECTION ( 'NONE',  ( -1.000000000000000000, -0.0000000000000000000, 0.0000000000000000000 ) ) ;
#1080 = AXIS2_PLACEMENT_3D ( 'NONE', #10157, #10085, #10073 ) ;
#1081 = EDGE_CURVE ( 'NONE', #8501, #2489, #6285, .T. ) ;
#1082 = ORIENTED_EDGE ( 'NONE', *, *, #1656, .T. ) ;
#1083 = COLOUR_RGB ( '',0.0000000000000000000, 0.6470588235294118000, 0.9568627450980391500 ) ;
#1084 = PLANE ( 'NONE',  #5886 ) ;
#1085 = ORIENTED_EDGE ( 'NONE', *, *, #2979, .T. ) ;
#1086 = AXIS2_PLACEMENT_3D ( 'NONE', #8715, #3378, #9627 ) ;
#1087 = VECTOR ( 'NONE', #5281, 1000.000000000000000 ) ;
#1088 =( NAMED_UNIT ( * ) PLANE_ANGLE_UNIT ( ) SI_UNIT ( $, .RADIAN. ) );
#1089 = CIRCLE ( 'NONE', #5187, 0.01000000000000002600 ) ;
#1090 = CARTESIAN_POINT ( 'NONE',  ( 1.565038991714900100, 1.974774644385469700, 0.0000000000000000000 ) ) ;
#1091 = PRESENTATION_STYLE_ASSIGNMENT (( #10397 ) ) ;
#1092 = VERTEX_POINT ( 'NONE', #3965 ) ;
#1093 = ORIENTED_EDGE ( 'NONE', *, *, #3993, .F. ) ;
#1094 = LINE ( 'NONE', #8700, #10338 ) ;
#1095 = DIRECTION ( 'NONE',  ( 0.0000000000000000000, 0.0000000000000000000, 1.000000000000000000 ) ) ;
#1096 = ORIENTED_EDGE ( 'NONE', *, *, #9076, .F. ) ;
#1097 = DIRECTION ( 'NONE',  ( -1.000000000000000000, 0.0000000000000000000, 0.0000000000000000000 ) ) ;
#1098 = ORIENTED_EDGE ( 'NONE', *, *, #4812, .F. ) ;
#1099 =( NAMED_UNIT ( * ) SI_UNIT ( $, .STERADIAN. ) SOLID_ANGLE_UNIT ( ) );
#1100 = SURFACE_SIDE_STYLE ('',( #2665 ) ) ;
#1101 = PRESENTATION_LAYER_ASSIGNMENT (  '', '', ( #476 ) ) ;
#1102 = DIRECTION ( 'NONE',  ( -0.0000000000000000000, 1.000000000000000000, 0.0000000000000000000 ) ) ;
#1103 = AXIS2_PLACEMENT_3D ( 'NONE', #8234, #2886, #9131 ) ;
#1104 = PRESENTATION_STYLE_ASSIGNMENT (( #10360 ) ) ;
#1105 = ORIENTED_EDGE ( 'NONE', *, *, #2859, .T. ) ;
#1106 = FACE_OUTER_BOUND ( 'NONE', #10710, .T. ) ;
#1107 = CARTESIAN_POINT ( 'NONE',  ( -0.8000000000000000400, 0.2000000000000000100, 0.1700000000000000100 ) ) ;
#1108 = CARTESIAN_POINT ( 'NONE',  ( 0.4000000000000000200, -0.1749999999999999900, 0.03000000000000000200 ) ) ;
#1109 = DIRECTION ( 'NONE',  ( 0.0000000000000000000, 1.000000000000000000, 0.0000000000000000000 ) ) ;
#1110 = MECHANICAL_DESIGN_GEOMETRIC_PRESENTATION_REPRESENTATION (  '', ( #11551 ), #1704 ) ;
#1111 = VERTEX_POINT ( 'NONE', #4007 ) ;
#1112 = PRESENTATION_STYLE_ASSIGNMENT (( #7288 ) ) ;
#1113 = FILL_AREA_STYLE_COLOUR ( '', #9795 ) ;
#1114 = MECHANICAL_DESIGN_GEOMETRIC_PRESENTATION_REPRESENTATION (  '', ( #10937 ), #1706 ) ;
#1115 = UNCERTAINTY_MEASURE_WITH_UNIT (LENGTH_MEASURE( 1.000000000000000100E-005 ), #7774, 'distance_accuracy_value', 'NONE');
#1116 = CARTESIAN_POINT ( 'NONE',  ( 1.576151786896379900, 2.020351574873700000, 0.1000000000000000100 ) ) ;
#1117 = FILL_AREA_STYLE ('',( #10016 ) ) ;
#1118 = EDGE_CURVE ( 'NONE', #9346, #3906, #5481, .T. ) ;
#1119 = DIRECTION ( 'NONE',  ( 0.0000000000000000000, 0.0000000000000000000, -1.000000000000000000 ) ) ;
#1120 = CIRCLE ( 'NONE', #6158, 0.009999999999999998500 ) ;
#1121 = MECHANICAL_DESIGN_GEOMETRIC_PRESENTATION_REPRESENTATION (  '', ( #10950 ), #1720 ) ;
#1122 = DIRECTION ( 'NONE',  ( 0.0000000000000000000, 1.000000000000000000, 0.0000000000000000000 ) ) ;
#1123 = UNCERTAINTY_MEASURE_WITH_UNIT (LENGTH_MEASURE( 1.000000000000000100E-005 ), #7669, 'distance_accuracy_value', 'NONE');
#1124 = CARTESIAN_POINT ( 'NONE',  ( 0.8000000000000000400, 0.1850000000000000000, 0.1600000000000000000 ) ) ;
#1125 = FILL_AREA_STYLE_COLOUR ( '', #690 ) ;
#1126 = ORIENTED_EDGE ( 'NONE', *, *, #11036, .F. ) ;
#1127 = DIRECTION ( 'NONE',  ( -0.0000000000000000000, 1.000000000000000000, 0.0000000000000000000 ) ) ;
#1128 = AXIS2_PLACEMENT_3D ( 'NONE', #10722, #7641, #2299 ) ;
#1129 = DIRECTION ( 'NONE',  ( -0.0000000000000000000, 0.0000000000000000000, -1.000000000000000000 ) ) ;
#1130 = CARTESIAN_POINT ( 'NONE',  ( 1.571250652219200000, 1.987983665967320000, 0.0000000000000000000 ) ) ;
#1131 = ORIENTED_EDGE ( 'NONE', *, *, #2406, .F. ) ;
#1132 = PLANE ( 'NONE',  #3227 ) ;
#1133 = ORIENTED_EDGE ( 'NONE', *, *, #2017, .T. ) ;
#1134 = AXIS2_PLACEMENT_3D ( 'NONE', #8296, #1971, #4629 ) ;
#1135 = CARTESIAN_POINT ( 'NONE',  ( 1.573667184064460000, 1.985192742244400200, 0.0000000000000000000 ) ) ;
#1136 = EDGE_CURVE ( 'NONE', #9167, #10644, #7808, .T. ) ;
#1137 = FILL_AREA_STYLE ('',( #4719 ) ) ;
#1138 = SURFACE_STYLE_FILL_AREA ( #825 ) ;
#1139 = PRESENTATION_LAYER_ASSIGNMENT (  '', '', ( #11586 ) ) ;
#1140 = AXIS2_PLACEMENT_3D ( 'NONE', #7613, #2277, #8522 ) ;
#1141 = CARTESIAN_POINT ( 'NONE',  ( 1.464646490379500000, 1.987367672161970000, 0.0000000000000000000 ) ) ;
#1142 = COLOUR_RGB ( '',1.000000000000000000, 0.9921568627450980700, 0.9411764705882352800 ) ;
#1143 = ORIENTED_EDGE ( 'NONE', *, *, #8264, .F. ) ;
#1144 = CARTESIAN_POINT ( 'NONE',  ( -0.5174060846898271800, 0.1367473619437056300, 0.1799999999999999700 ) ) ;
#1145 = B_SPLINE_SURFACE_WITH_KNOTS ( 'NONE', 2, 1, ( 
 ( #6455, #4718 ),
 ( #10961, #5616 ),
 ( #239, #6486 ),
 ( #1135, #7380 ) ),
 .UNSPECIFIED., .F., .F., .F.,
 ( 3, 1, 3 ),
 ( 2, 2 ),
 ( 0.0000000000000000000, 1.000000000000000000, 2.000000000000000000 ),
 ( 0.0000000000000000000, 0.01000000000000000000 ),
 .UNSPECIFIED. ) ;
#1146 = CARTESIAN_POINT ( 'NONE',  ( 0.8000000000000000400, 0.3500000000000000300, 0.1700000000000000100 ) ) ;
#1147 = CARTESIAN_POINT ( 'NONE',  ( 1.605796843160729900, 2.001359678760009900, 0.0000000000000000000 ) ) ;
#1148 = STYLED_ITEM ( 'NONE', ( #11615 ), #1413 ) ;
#1149 = PRODUCT_DEFINITION_SHAPE ( 'NONE', 'NONE',  #4123 ) ;
#1150 = SHAPE_DEFINITION_REPRESENTATION ( #3223, #5525 ) ;
#1151 = EDGE_LOOP ( 'NONE', ( #9772, #4317, #722, #7924, #529 ) ) ;
#1152 = AXIS2_PLACEMENT_3D ( 'NONE', #10916, #7371, #10985 ) ;
#1153 = PLANE ( 'NONE',  #7529 ) ;
#1154 = PLANE ( 'NONE',  #8645 ) ;
#1155 = FILL_AREA_STYLE_COLOUR ( '', #4633 ) ;
#1156 = B_SPLINE_SURFACE_WITH_KNOTS ( 'NONE', 2, 1, ( 
 ( #7632, #6816 ),
 ( #1450, #7703 ),
 ( #2369, #8622 ),
 ( #3280, #9527 ) ),
 .UNSPECIFIED., .F., .F., .F.,
 ( 3, 1, 3 ),
 ( 2, 2 ),
 ( 0.0000000000000000000, 1.000000000000000000, 2.000000000000000000 ),
 ( 0.0000000000000000000, 0.01000000000000000000 ),
 .UNSPECIFIED. ) ;
#1157 = FILL_AREA_STYLE_COLOUR ( '', #369 ) ;
#1158 = ORIENTED_EDGE ( 'NONE', *, *, #10437, .T. ) ;
#1159 = CARTESIAN_POINT ( 'NONE',  ( 0.4745170327464606800, -0.3245170327464610400, 0.6331590247227182300 ) ) ;
#1160 = DIRECTION ( 'NONE',  ( -1.084202172485504600E-014, 0.0000000000000000000, 1.000000000000000000 ) ) ;
#1161 = CARTESIAN_POINT ( 'NONE',  ( 0.8000000000000000400, -0.1850000000000000000, 0.1499999999999999900 ) ) ;
#1162 = VERTEX_POINT ( 'NONE', #4335 ) ;
#1163 = LINE ( 'NONE', #1483, #5924 ) ;
#1164 = EDGE_CURVE ( 'NONE', #8915, #5974, #7517, .T. ) ;
#1165 = UNCERTAINTY_MEASURE_WITH_UNIT (LENGTH_MEASURE( 1.000000000000000100E-005 ), #10327, 'distance_accuracy_value', 'NONE');
#1167 = CARTESIAN_POINT ( 'NONE',  ( 1.587247410737570000, 1.984307815193020000, 0.1000000000000000100 ) ) ;
#1166 =( GEOMETRIC_REPRESENTATION_CONTEXT ( 3 ) GLOBAL_UNCERTAINTY_ASSIGNED_CONTEXT ( ( #10364 ) ) GLOBAL_UNIT_ASSIGNED_CONTEXT ( ( #3617, #9873, #4523 ) ) REPRESENTATION_CONTEXT ( 'NONE', 'WORKASPACE' ) );
#1168 = ORIENTED_EDGE ( 'NONE', *, *, #1257, .T. ) ;
#1169 = COLOUR_RGB ( '',0.8627450980392157300, 0.6274509803921568500, 0.05882352941176470500 ) ;
#1170 = DIRECTION ( 'NONE',  ( 1.000000000000000000, 0.0000000000000000000, -0.0000000000000000000 ) ) ;
#1171 = UNCERTAINTY_MEASURE_WITH_UNIT (LENGTH_MEASURE( 1.000000000000000100E-005 ), #8899, 'distance_accuracy_value', 'NONE');
#1172 = EDGE_CURVE ( 'NONE', #241, #6866, #9954, .T. ) ;
#1173 = CARTESIAN_POINT ( 'NONE',  ( -0.1991441109234209900, -0.1499999999999999900, 0.02000000000000000000 ) ) ;
#1174 = MECHANICAL_DESIGN_GEOMETRIC_PRESENTATION_REPRESENTATION (  '', ( #9833 ), #1804 ) ;
#1175 = CARTESIAN_POINT ( 'NONE',  ( 1.646673668681170000, 2.025958925018020100, 0.1000000000000000100 ) ) ;
#1176 = AXIS2_PLACEMENT_3D ( 'NONE', #10230, #4860, #11104 ) ;
#1177 = ORIENTED_EDGE ( 'NONE', *, *, #10525, .T. ) ;
#1178 = DIRECTION ( 'NONE',  ( 0.0000000000000000000, -0.0000000000000000000, -1.000000000000000000 ) ) ;
#1179 = VECTOR ( 'NONE', #5225, 1000.000000000000000 ) ;
#1180 = STYLED_ITEM ( 'NONE', ( #7594 ), #11495 ) ;
#1181 = CARTESIAN_POINT ( 'NONE',  ( 0.7908984203179009200, -0.1541962812698343700, 0.1812429199179750900 ) ) ;
#1182 = SURFACE_STYLE_FILL_AREA ( #7586 ) ;
#1183 = PLANE ( 'NONE',  #3135 ) ;
#1184 = VERTEX_POINT ( 'NONE', #4793 ) ;
#1185 = SURFACE_SIDE_STYLE ('',( #2385 ) ) ;
#1186 = DIRECTION ( 'NONE',  ( 0.0000000000000000000, 0.0000000000000000000, 1.000000000000000000 ) ) ;
#1187 = SURFACE_SIDE_STYLE ('',( #981 ) ) ;
#1188 = VERTEX_POINT ( 'NONE', #4285 ) ;
#1189 = ADVANCED_FACE ( 'NONE', ( #392 ), #8803, .T. ) ;
#1190 = ORIENTED_EDGE ( 'NONE', *, *, #2948, .F. ) ;
#1191 = EDGE_CURVE ( 'NONE', #5950, #5457, #11172, .T. ) ;
#1192 = CARTESIAN_POINT ( 'NONE',  ( 0.4951919147073416400, -0.3139777154520823600, 0.5950424259647377800 ) ) ;
#1193 = EDGE_CURVE ( 'NONE', #2850, #5591, #1942, .T. ) ;
#1194 = EDGE_CURVE ( 'NONE', #7652, #1013, #2802, .T. ) ;
#1195 = ORIENTED_EDGE ( 'NONE', *, *, #6598, .F. ) ;
#1196 = MECHANICAL_DESIGN_GEOMETRIC_PRESENTATION_REPRESENTATION (  '', ( #9853 ), #1825 ) ;
#1197 = CIRCLE ( 'NONE', #3484, 0.05000000000000001000 ) ;
#1198 = ORIENTED_EDGE ( 'NONE', *, *, #5511, .F. ) ;
#1199 = SURFACE_SIDE_STYLE ('',( #5534 ) ) ;
#1200 = DIRECTION ( 'NONE',  ( -0.0000000000000000000, -0.0000000000000000000, -1.000000000000000000 ) ) ;
#1201 = EDGE_LOOP ( 'NONE', ( #584, #6223, #9333, #4256 ) ) ;
#1202 = SURFACE_STYLE_FILL_AREA ( #9646 ) ;
#1203 = ORIENTED_EDGE ( 'NONE', *, *, #5363, .F. ) ;
#1204 = ORIENTED_EDGE ( 'NONE', *, *, #1879, .F. ) ;
#1205 = LINE ( 'NONE', #5699, #9626 ) ;
#1206 = CARTESIAN_POINT ( 'NONE',  ( 1.464646490379500000, 2.001050005802550200, 0.0000000000000000000 ) ) ;
#1207 =( LENGTH_UNIT ( ) NAMED_UNIT ( * ) SI_UNIT ( .MILLI., .METRE. ) );
#1208 = STYLED_ITEM ( 'NONE', ( #263 ), #909 ) ;
#1209 = EDGE_CURVE ( 'NONE', #10323, #9254, #6421, .T. ) ;
#1210 = MECHANICAL_DESIGN_GEOMETRIC_PRESENTATION_REPRESENTATION (  '', ( #30 ), #1840 ) ;
#1211 = CARTESIAN_POINT ( 'NONE',  ( -0.4480549931478378100, -0.2980549931478377900, 0.5999999999999996400 ) ) ;
#1212 = ORIENTED_EDGE ( 'NONE', *, *, #4533, .F. ) ;
#1213 = AXIS2_PLACEMENT_3D ( 'NONE', #3985, #10249, #4888 ) ;
#1214 = DIRECTION ( 'NONE',  ( -1.000000000000000000, 0.0000000000000000000, 0.0000000000000000000 ) ) ;
#1215 = DIRECTION ( 'NONE',  ( 1.000000000000000000, 0.0000000000000000000, -0.0000000000000000000 ) ) ;
#1216 = ORIENTED_EDGE ( 'NONE', *, *, #8020, .F. ) ;
#1217 = COLOUR_RGB ( '',0.0000000000000000000, 0.7019607843137254400, 0.9803921568627450600 ) ;
#1218 = LINE ( 'NONE', #9945, #8094 ) ;
#1219 = CARTESIAN_POINT ( 'NONE',  ( 0.5097131297115001800, -0.3100858221294339700, 0.5081102281284225500 ) ) ;
#1220 = ORIENTED_EDGE ( 'NONE', *, *, #9850, .F. ) ;
#1221 = LINE ( 'NONE', #2392, #11045 ) ;
#1222 = DIRECTION ( 'NONE',  ( -1.000000000000000000, -0.0000000000000000000, -0.0000000000000000000 ) ) ;
#1223 = FILL_AREA_STYLE_COLOUR ( '', #3531 ) ;
#1224 = SURFACE_STYLE_USAGE ( .BOTH. , #6578 ) ;
#1225 = VERTEX_POINT ( 'NONE', #6874 ) ;
#1226 = PRESENTATION_LAYER_ASSIGNMENT (  '', '', ( #46 ) ) ;
#1227 = FACE_OUTER_BOUND ( 'NONE', #10570, .T. ) ;
#1228 = CARTESIAN_POINT ( 'NONE',  ( 1.582958918189149900, 1.979474752204710300, 0.1000000000000000100 ) ) ;
#1229 = CIRCLE ( 'NONE', #3427, 0.009999999999999998500 ) ;
#1230 = FILL_AREA_STYLE ('',( #11042 ) ) ;
#1231 = UNCERTAINTY_MEASURE_WITH_UNIT (LENGTH_MEASURE( 1.000000000000000100E-005 ), #7429, 'distance_accuracy_value', 'NONE');
#1232 =( NAMED_UNIT ( * ) PLANE_ANGLE_UNIT ( ) SI_UNIT ( $, .RADIAN. ) );
#1233 = DIRECTION ( 'NONE',  ( 0.0000000000000000000, -1.000000000000000000, 0.0000000000000000000 ) ) ;
#1234 = VECTOR ( 'NONE', #5129, 1000.000000000000000 ) ;
#1235 = DIRECTION ( 'NONE',  ( -0.0000000000000000000, -0.0000000000000000000, -1.000000000000000000 ) ) ;
#1236 = EDGE_CURVE ( 'NONE', #8911, #2738, #8497, .T. ) ;
#1237 =( NAMED_UNIT ( * ) SI_UNIT ( $, .STERADIAN. ) SOLID_ANGLE_UNIT ( ) );
#1238 = AXIS2_PLACEMENT_3D ( 'NONE', #3069, #3257, #3299 ) ;
#1239 = ORIENTED_EDGE ( 'NONE', *, *, #3972, .F. ) ;
#1240 = CARTESIAN_POINT ( 'NONE',  ( -0.7851471862576143700, 0.3958578643762689600, 0.1800000000000000800 ) ) ;
#1241 = CARTESIAN_POINT ( 'NONE',  ( 0.4000000000000000200, 0.1850000000000000000, 0.03000000000000000200 ) ) ;
#1242 = CARTESIAN_POINT ( 'NONE',  ( 0.0000000000000000000, -0.3499999999999999800, 0.1799999999999999900 ) ) ;
#1243 = PRESENTATION_LAYER_ASSIGNMENT (  '', '', ( #11084 ) ) ;
#1244 = ADVANCED_FACE ( 'NONE', ( #10908 ), #7032, .T. ) ;
#1245 = VECTOR ( 'NONE', #1222, 1000.000000000000000 ) ;
#1246 = CARTESIAN_POINT ( 'NONE',  ( 1.587213375081740100, 2.023244605453760100, 0.05000000000000000300 ) ) ;
#1247 = SURFACE_STYLE_USAGE ( .BOTH. , #11120 ) ;
#1248 = FACE_OUTER_BOUND ( 'NONE', #8505, .T. ) ;
#1249 = CARTESIAN_POINT ( 'NONE',  ( 1.565038991714900100, 1.974774644385469700, 0.0000000000000000000 ) ) ;
#1250 = UNCERTAINTY_MEASURE_WITH_UNIT (LENGTH_MEASURE( 1.000000000000000100E-005 ), #709, 'distance_accuracy_value', 'NONE');
#1251 = ORIENTED_EDGE ( 'NONE', *, *, #1191, .T. ) ;
#1252 = VECTOR ( 'NONE', #10527, 1000.000000000000000 ) ;
#1253 = ORIENTED_EDGE ( 'NONE', *, *, #2993, .F. ) ;
#1254 = VECTOR ( 'NONE', #2676, 1000.000000000000000 ) ;
#1255 = EDGE_CURVE ( 'NONE', #6460, #3411, #7650, .T. ) ;
#1256 = DIRECTION ( 'NONE',  ( 0.0000000000000000000, 0.0000000000000000000, -1.000000000000000000 ) ) ;
#1257 = EDGE_CURVE ( 'NONE', #6532, #2252, #5339, .T. ) ;
#1258 = STYLED_ITEM ( 'NONE', ( #11168 ), #3336 ) ;
#1259 = SURFACE_SIDE_STYLE ('',( #10795 ) ) ;
#1260 = CARTESIAN_POINT ( 'NONE',  ( 0.8000000000000000400, 0.3700000000000000000, 0.1700000000000000100 ) ) ;
#1261 =( LENGTH_UNIT ( ) NAMED_UNIT ( * ) SI_UNIT ( .MILLI., .METRE. ) );
#1262 = ORIENTED_EDGE ( 'NONE', *, *, #1946, .T. ) ;
#1263 = EDGE_LOOP ( 'NONE', ( #9782, #9552, #7533, #4900 ) ) ;
#1264 = CARTESIAN_POINT ( 'NONE',  ( -0.7900000000000000400, -0.1596871942267129900, 0.1799999999999999900 ) ) ;
#1265 = DIRECTION ( 'NONE',  ( 0.0000000000000000000, 0.0000000000000000000, 1.000000000000000000 ) ) ;
#1266 = VERTEX_POINT ( 'NONE', #8771 ) ;
#1267 = UNCERTAINTY_MEASURE_WITH_UNIT (LENGTH_MEASURE( 1.000000000000000100E-005 ), #9225, 'distance_accuracy_value', 'NONE');
#1268 = AXIS2_PLACEMENT_3D ( 'NONE', #7463, #9242, #2991 ) ;
#1269 = FILL_AREA_STYLE ('',( #6591 ) ) ;
#1270 = EDGE_CURVE ( 'NONE', #9497, #6689, #5022, .T. ) ;
#1271 =( GEOMETRIC_REPRESENTATION_CONTEXT ( 3 ) GLOBAL_UNCERTAINTY_ASSIGNED_CONTEXT ( ( #8955 ) ) GLOBAL_UNIT_ASSIGNED_CONTEXT ( ( #8269, #2929, #9165 ) ) REPRESENTATION_CONTEXT ( 'NONE', 'WORKASPACE' ) );
#1272 = AXIS2_PLACEMENT_3D ( 'NONE', #8024, #2689, #8947 ) ;
#1273 = LINE ( 'NONE', #10118, #10263 ) ;
#1274 = STYLED_ITEM ( 'NONE', ( #6330 ), #8707 ) ;
#1275 = CARTESIAN_POINT ( 'NONE',  ( -0.4480549931478379800, -0.2980549931478380100, 0.5999999999999999800 ) ) ;
#1276 = SURFACE_SIDE_STYLE ('',( #3593 ) ) ;
#1277 = DIRECTION ( 'NONE',  ( -1.000000000000000000, 0.0000000000000000000, 0.0000000000000000000 ) ) ;
#1278 = CARTESIAN_POINT ( 'NONE',  ( 0.7960104076400857900, 0.1540413993313949300, 0.004343145750507655700 ) ) ;
#1279 = VERTEX_POINT ( 'NONE', #8725 ) ;
#1280 = PLANE ( 'NONE',  #5759 ) ;
#1281 = VECTOR ( 'NONE', #1530, 1000.000000000000000 ) ;
#1282 = DIRECTION ( 'NONE',  ( -0.0000000000000000000, 1.000000000000000000, 0.0000000000000000000 ) ) ;
#1283 = CARTESIAN_POINT ( 'NONE',  ( 0.7960104076400856800, -0.1540413993313948500, 0.004343145750507610600 ) ) ;
#1284 = COLOUR_RGB ( '',0.8627450980392157300, 0.6274509803921568500, 0.05882352941176470500 ) ;
#1285 = ORIENTED_EDGE ( 'NONE', *, *, #9667, .T. ) ;
#1286 = SURFACE_STYLE_FILL_AREA ( #6469 ) ;
#1287 = PRESENTATION_STYLE_ASSIGNMENT (( #706 ) ) ;
#1288 = PRESENTATION_STYLE_ASSIGNMENT (( #2586 ) ) ;
#1289 = PRESENTATION_LAYER_ASSIGNMENT (  '', '', ( #715 ) ) ;
#1290 = VERTEX_POINT ( 'NONE', #8650 ) ;
#1291 =( NAMED_UNIT ( * ) PLANE_ANGLE_UNIT ( ) SI_UNIT ( $, .RADIAN. ) );
#1292 = PLANE ( 'NONE',  #10345 ) ;
#1293 = PRESENTATION_STYLE_ASSIGNMENT (( #4024 ) ) ;
#1294 = FILL_AREA_STYLE_COLOUR ( '', #4063 ) ;
#1295 =( LENGTH_UNIT ( ) NAMED_UNIT ( * ) SI_UNIT ( .MILLI., .METRE. ) );
#1296 = CARTESIAN_POINT ( 'NONE',  ( -0.7900000000000001500, 0.1596871942267129900, 0.009999999999999972500 ) ) ;
#1297 = ORIENTED_EDGE ( 'NONE', *, *, #3369, .T. ) ;
#1298 = SURFACE_STYLE_FILL_AREA ( #4484 ) ;
#1299 = VERTEX_POINT ( 'NONE', #9307 ) ;
#1300 = ADVANCED_FACE ( 'NONE', ( #527 ), #8854, .T. ) ;
#1301 = UNCERTAINTY_MEASURE_WITH_UNIT (LENGTH_MEASURE( 1.000000000000000100E-005 ), #7684, 'distance_accuracy_value', 'NONE');
#1302 = ADVANCED_FACE ( 'NONE', ( #4179 ), #6475, .T. ) ;
#1303 = SURFACE_STYLE_USAGE ( .BOTH. , #6664 ) ;
#1304 = ORIENTED_EDGE ( 'NONE', *, *, #7944, .T. ) ;
#1305 = LINE ( 'NONE', #1502, #10583 ) ;
#1306 = MECHANICAL_DESIGN_GEOMETRIC_PRESENTATION_REPRESENTATION (  '', ( #134 ), #1937 ) ;
#1307 = VECTOR ( 'NONE', #834, 1000.000000000000000 ) ;
#1309 = DIRECTION ( 'NONE',  ( 0.0000000000000000000, -1.000000000000000000, 0.0000000000000000000 ) ) ;
#1308 =( GEOMETRIC_REPRESENTATION_CONTEXT ( 3 ) GLOBAL_UNCERTAINTY_ASSIGNED_CONTEXT ( ( #5375 ) ) GLOBAL_UNIT_ASSIGNED_CONTEXT ( ( #3947, #10215, #4844 ) ) REPRESENTATION_CONTEXT ( 'NONE', 'WORKASPACE' ) );
#1310 = SURFACE_STYLE_FILL_AREA ( #1594 ) ;
#1311 =( BOUNDED_CURVE ( )  B_SPLINE_CURVE ( 3, ( #7519, #5051, #4846, #6049 ),
 .UNSPECIFIED., .F., .F. ) 
 B_SPLINE_CURVE_WITH_KNOTS ( ( 4, 4 ),
 ( 0.5000000000000000000, 1.000000000000000000 ),
 .UNSPECIFIED. ) 
 CURVE ( )  GEOMETRIC_REPRESENTATION_ITEM ( )  RATIONAL_B_SPLINE_CURVE ( ( 1.000000000000000000, 0.8192459912371081700, 0.8192459912371081700, 1.000000000000000000 ) ) 
 REPRESENTATION_ITEM ( '' )  );
#1312 = CARTESIAN_POINT ( 'NONE',  ( 0.7899999999999997000, -0.1596871942267129900, 0.0000000000000000000 ) ) ;
#1313 = DIRECTION ( 'NONE',  ( -0.0000000000000000000, -0.0000000000000000000, 1.000000000000000000 ) ) ;
#1314 = COLOUR_RGB ( '',0.0000000000000000000, 0.3725490196078431500, 0.5490196078431373000 ) ;
#1315 = DIRECTION ( 'NONE',  ( 0.0000000000000000000, 0.0000000000000000000, 1.000000000000000000 ) ) ;
#1316 = B_SPLINE_SURFACE_WITH_KNOTS ( 'NONE', 2, 1, ( 
 ( #6524, #11070 ),
 ( #5729, #337 ),
 ( #6589, #1228 ),
 ( #7492, #2133 ) ),
 .UNSPECIFIED., .F., .F., .F.,
 ( 3, 1, 3 ),
 ( 2, 2 ),
 ( 0.0000000000000000000, 1.000000000000000000, 2.000000000000000000 ),
 ( 0.0000000000000000000, 0.01000000000000000000 ),
 .UNSPECIFIED. ) ;
#1317 = ORIENTED_EDGE ( 'NONE', *, *, #7424, .F. ) ;
#1318 = COLOUR_RGB ( '',0.0000000000000000000, 0.6470588235294118000, 0.9568627450980391500 ) ;
#1319 = CARTESIAN_POINT ( 'NONE',  ( 1.464646490379500000, 2.014732339443119800, 0.0000000000000000000 ) ) ;
#1320 =( NAMED_UNIT ( * ) SI_UNIT ( $, .STERADIAN. ) SOLID_ANGLE_UNIT ( ) );
#1321 = EDGE_CURVE ( 'NONE', #3363, #5677, #964, .T. ) ;
#1322 = DIRECTION ( 'NONE',  ( -0.0000000000000000000, 1.000000000000000000, 0.0000000000000000000 ) ) ;
#1323 =( GEOMETRIC_REPRESENTATION_CONTEXT ( 3 ) GLOBAL_UNCERTAINTY_ASSIGNED_CONTEXT ( ( #5532 ) ) GLOBAL_UNIT_ASSIGNED_CONTEXT ( ( #10362, #10399, #10440 ) ) REPRESENTATION_CONTEXT ( 'NONE', 'WORKASPACE' ) );
#1324 = CARTESIAN_POINT ( 'NONE',  ( 0.7808758610888693100, -0.1568991654936683900, -0.006826851410475221600 ) ) ;
#1325 = VECTOR ( 'NONE', #4379, 1000.000000000000000 ) ;
#1326 =( NAMED_UNIT ( * ) SI_UNIT ( $, .STERADIAN. ) SOLID_ANGLE_UNIT ( ) );
#1327 = LINE ( 'NONE', #10712, #3175 ) ;
#1328 = ORIENTED_EDGE ( 'NONE', *, *, #6463, .F. ) ;
#1329 = STYLED_ITEM ( 'NONE', ( #3967 ), #10343 ) ;
#1330 = ORIENTED_EDGE ( 'NONE', *, *, #2408, .F. ) ;
#1331 = CARTESIAN_POINT ( 'NONE',  ( -0.7909622082928542400, 0.1504105945630585000, 0.1748380281824666600 ) ) ;
#1332 = DIRECTION ( 'NONE',  ( 0.0000000000000000000, -0.0000000000000000000, 1.000000000000000000 ) ) ;
#1333 = ORIENTED_EDGE ( 'NONE', *, *, #2083, .T. ) ;
#1334 = FACE_OUTER_BOUND ( 'NONE', #7075, .T. ) ;
#1335 = CARTESIAN_POINT ( 'NONE',  ( -0.8000000000000000400, -0.3700000000000000000, 0.02000000000000000000 ) ) ;
#1336 = VECTOR ( 'NONE', #11536, 1000.000000000000000 ) ;
#1337 =( NAMED_UNIT ( * ) SI_UNIT ( $, .STERADIAN. ) SOLID_ANGLE_UNIT ( ) );
#1338 = SURFACE_SIDE_STYLE ('',( #5026 ) ) ;
#1339 = ORIENTED_EDGE ( 'NONE', *, *, #3895, .T. ) ;
#1340 =( LENGTH_UNIT ( ) NAMED_UNIT ( * ) SI_UNIT ( .MILLI., .METRE. ) );
#1341 = EDGE_CURVE ( 'NONE', #6493, #3492, #4435, .T. ) ;
#1342 = EDGE_CURVE ( 'NONE', #7282, #2417, #7798, .T. ) ;
#1343 = CARTESIAN_POINT ( 'NONE',  ( -0.4327635161968224600, 0.3139777154520824700, 0.6448624302404415400 ) ) ;
#1344 = STYLED_ITEM ( 'NONE', ( #8445 ), #5741 ) ;
#1345 = COLOUR_RGB ( '',0.0000000000000000000, 0.3725490196078431500, 0.5490196078431373000 ) ;
#1346 =( GEOMETRIC_REPRESENTATION_CONTEXT ( 3 ) GLOBAL_UNCERTAINTY_ASSIGNED_CONTEXT ( ( #9511 ) ) GLOBAL_UNIT_ASSIGNED_CONTEXT ( ( #3595, #9845, #4502 ) ) REPRESENTATION_CONTEXT ( 'NONE', 'WORKASPACE' ) );
#1347 = VECTOR ( 'NONE', #8612, 1000.000000000000000 ) ;
#1348 = DIRECTION ( 'NONE',  ( 0.0000000000000000000, 0.0000000000000000000, -1.000000000000000000 ) ) ;
#1349 = ORIENTED_EDGE ( 'NONE', *, *, #10648, .F. ) ;
#1350 = PRESENTATION_STYLE_ASSIGNMENT (( #1575 ) ) ;
#1351 =( LENGTH_UNIT ( ) NAMED_UNIT ( * ) SI_UNIT ( .MILLI., .METRE. ) );
#1352 = FILL_AREA_STYLE ('',( #9378 ) ) ;
#1353 = FILL_AREA_STYLE ('',( #2302 ) ) ;
#1354 = CARTESIAN_POINT ( 'NONE',  ( -0.7960104076400856800, -0.1540413993313946800, 0.004343145750507679100 ) ) ;
#1355 = ORIENTED_EDGE ( 'NONE', *, *, #10434, .F. ) ;
#1356 = COLOUR_RGB ( '',0.0000000000000000000, 0.7019607843137254400, 0.9803921568627450600 ) ;
#1357 =( NAMED_UNIT ( * ) SI_UNIT ( $, .STERADIAN. ) SOLID_ANGLE_UNIT ( ) );
#1358 = VECTOR ( 'NONE', #3405, 1000.000000000000000 ) ;
#1359 = CARTESIAN_POINT ( 'NONE',  ( 0.7808758610888694200, 0.1568991654936682000, -0.006826851410475322200 ) ) ;
#1360 = STYLED_ITEM ( 'NONE', ( #9940 ), #1361 ) ;
#1361 = ADVANCED_FACE ( 'NONE', ( #669 ), #10859, .F. ) ;
#1362 = ADVANCED_FACE ( 'NONE', ( #4621 ), #5849, .F. ) ;
#1363 = ORIENTED_EDGE ( 'NONE', *, *, #5261, .F. ) ;
#1364 =( NAMED_UNIT ( * ) PLANE_ANGLE_UNIT ( ) SI_UNIT ( $, .RADIAN. ) );
#1365 = DIRECTION ( 'NONE',  ( 0.0000000000000000000, 0.0000000000000000000, 1.000000000000000000 ) ) ;
#1366 =( NAMED_UNIT ( * ) SI_UNIT ( $, .STERADIAN. ) SOLID_ANGLE_UNIT ( ) );
#1367 = FILL_AREA_STYLE_COLOUR ( '', #9146 ) ;
#1368 = CARTESIAN_POINT ( 'NONE',  ( 0.4470480758322383200, 0.3207392495628432200, 0.6473315337604772500 ) ) ;
#1369 = UNCERTAINTY_MEASURE_WITH_UNIT (LENGTH_MEASURE( 1.000000000000000100E-005 ), #9755, 'distance_accuracy_value', 'NONE');
#1370 = ORIENTED_EDGE ( 'NONE', *, *, #6666, .F. ) ;
#1371 = CARTESIAN_POINT ( 'NONE',  ( 1.512875014679730300, 2.006507609743080100, 0.1000000000000000100 ) ) ;
#1372 = DIRECTION ( 'NONE',  ( 0.0000000000000000000, -0.0000000000000000000, 1.000000000000000000 ) ) ;
#1373 = SURFACE_STYLE_FILL_AREA ( #7891 ) ;
#1374 = FILL_AREA_STYLE ('',( #1223 ) ) ;
#1375 = SURFACE_SIDE_STYLE ('',( #4002 ) ) ;
#1376 = STYLED_ITEM ( 'NONE', ( #11461 ), #10539 ) ;
#1377 = PRODUCT ( 'LTST-C191TBKT', 'LTST-C191TBKT', '', ( #5903 ) ) ;
#1378 = DIRECTION ( 'NONE',  ( -0.4123105625617689000, -0.3872983346207336000, 0.8246211251235346900 ) ) ;
#1379 =( GEOMETRIC_REPRESENTATION_CONTEXT ( 3 ) GLOBAL_UNCERTAINTY_ASSIGNED_CONTEXT ( ( #4980 ) ) GLOBAL_UNIT_ASSIGNED_CONTEXT ( ( #6948, #1584, #7849 ) ) REPRESENTATION_CONTEXT ( 'NONE', 'WORKASPACE' ) );
#1380 = CARTESIAN_POINT ( 'NONE',  ( -0.4591302947157668300, 0.2462096407409371800, 0.6779020853097214000 ) ) ;
#1381 = DIRECTION ( 'NONE',  ( 1.000000000000000000, 0.0000000000000000000, 0.0000000000000000000 ) ) ;
#1382 = ORIENTED_EDGE ( 'NONE', *, *, #5214, .T. ) ;
#1383 = DIRECTION ( 'NONE',  ( 1.000000000000000000, 0.0000000000000000000, 0.0000000000000000000 ) ) ;
#1384 = EDGE_LOOP ( 'NONE', ( #5546, #6661, #8040, #5192, #1846, #6634, #8069, #48, #350, #6663 ) ) ;
#1385 = FILL_AREA_STYLE ('',( #5828 ) ) ;
#1386 = CARTESIAN_POINT ( 'NONE',  ( 1.641976745299859900, 1.980359679117640300, 0.0000000000000000000 ) ) ;
#1387 = ORIENTED_EDGE ( 'NONE', *, *, #306, .F. ) ;
#1388 = EDGE_CURVE ( 'NONE', #10323, #4868, #10622, .T. ) ;
#1389 = CARTESIAN_POINT ( 'NONE',  ( -0.4480549931478379800, -0.1846686302124999900, 0.6500000000000000200 ) ) ;
#1390 = AXIS2_PLACEMENT_3D ( 'NONE', #1161, #1870, #2460 ) ;
#1391 =( NAMED_UNIT ( * ) SI_UNIT ( $, .STERADIAN. ) SOLID_ANGLE_UNIT ( ) );
#1392 = ORIENTED_EDGE ( 'NONE', *, *, #8587, .T. ) ;
#1393 = DIRECTION ( 'NONE',  ( 0.0000000000000000000, -1.000000000000000000, -0.0000000000000000000 ) ) ;
#1394 = DIRECTION ( 'NONE',  ( -1.000000000000000000, 0.0000000000000000000, 0.0000000000000000000 ) ) ;
#1395 = EDGE_LOOP ( 'NONE', ( #8762, #7767, #6445, #4848 ) ) ;
#1396 =( GEOMETRIC_REPRESENTATION_CONTEXT ( 3 ) GLOBAL_UNCERTAINTY_ASSIGNED_CONTEXT ( ( #1267 ) ) GLOBAL_UNIT_ASSIGNED_CONTEXT ( ( #9225, #3885, #10150 ) ) REPRESENTATION_CONTEXT ( 'NONE', 'WORKASPACE' ) );
#1397 =( NAMED_UNIT ( * ) PLANE_ANGLE_UNIT ( ) SI_UNIT ( $, .RADIAN. ) );
#1398 = CARTESIAN_POINT ( 'NONE',  ( 0.4600858221294340500, -0.3100858221294339700, 0.5020167609581650500 ) ) ;
#1399 = DIRECTION ( 'NONE',  ( 1.000000000000000000, 0.0000000000000000000, 0.0000000000000000000 ) ) ;
#1400 = CARTESIAN_POINT ( 'NONE',  ( 0.7900000000000000400, -0.1596871942267129900, 0.009999999999999998500 ) ) ;
#1401 = CYLINDRICAL_SURFACE ( 'NONE', #4440, 0.01000000000000000200 ) ;
#1402 = VERTEX_POINT ( 'NONE', #8035 ) ;
#1403 = EDGE_CURVE ( 'NONE', #4554, #6817, #1094, .T. ) ;
#1404 = DIRECTION ( 'NONE',  ( 0.0000000000000000000, 0.0000000000000000000, -1.000000000000000000 ) ) ;
#1405 = EDGE_CURVE ( 'NONE', #7446, #2973, #3762, .T. ) ;
#1406 =( NAMED_UNIT ( * ) SI_UNIT ( $, .STERADIAN. ) SOLID_ANGLE_UNIT ( ) );
#1407 = STYLED_ITEM ( 'NONE', ( #11491 ), #3261 ) ;
#1408 = EDGE_CURVE ( 'NONE', #5500, #182, #3494, .T. ) ;
#1409 = DIRECTION ( 'NONE',  ( 0.0000000000000000000, -0.1218693434051470200, 0.9925461516413220900 ) ) ;
#1410 = STYLED_ITEM ( 'NONE', ( #496 ), #3730 ) ;
#1411 = FILL_AREA_STYLE_COLOUR ( '', #6840 ) ;
#1412 = ADVANCED_FACE ( 'NONE', ( #7945 ), #6799, .F. ) ;
#1413 = ADVANCED_FACE ( 'NONE', ( #2340 ), #3573, .T. ) ;
#1414 = VERTEX_POINT ( 'NONE', #6320 ) ;
#1415 = UNCERTAINTY_MEASURE_WITH_UNIT (LENGTH_MEASURE( 1.000000000000000100E-005 ), #9694, 'distance_accuracy_value', 'NONE');
#1416 = SURFACE_STYLE_USAGE ( .BOTH. , #6772 ) ;
#1417 = CARTESIAN_POINT ( 'NONE',  ( -0.5215586932262866700, 0.2462096407409369300, 0.6280820810340174100 ) ) ;
#1418 = CARTESIAN_POINT ( 'NONE',  ( 0.4480549931478379200, -0.2980549931478381200, 0.5999999999999999800 ) ) ;
#1419 = SURFACE_STYLE_FILL_AREA ( #3975 ) ;
#1420 = DIRECTION ( 'NONE',  ( -1.000000000000000000, 0.0000000000000000000, -0.0000000000000000000 ) ) ;
#1421 = CARTESIAN_POINT ( 'NONE',  ( 0.8000000000000000400, 0.1596871942267129600, 0.009999999999999998500 ) ) ;
#1422 = APPLICATION_CONTEXT ( 'automotive_design' ) ;
#1423 = MECHANICAL_DESIGN_GEOMETRIC_PRESENTATION_REPRESENTATION (  '', ( #248 ), #2035 ) ;
#1424 = CARTESIAN_POINT ( 'NONE',  ( 0.7938037774165225300, -0.1516922620707499000, 0.1756568542494923200 ) ) ;
#1425 = EDGE_CURVE ( 'NONE', #7189, #10889, #1445, .T. ) ;
#1426 = PLANE ( 'NONE',  #9240 ) ;
#1427 = AXIS2_PLACEMENT_3D ( 'NONE', #587, #6842, #1486 ) ;
#1428 = STYLED_ITEM ( 'NONE', ( #8644 ), #4962 ) ;
#1429 = ORIENTED_EDGE ( 'NONE', *, *, #970, .T. ) ;
#1430 = DIRECTION ( 'NONE',  ( 1.000000000000000000, 1.836970198721029700E-016, -0.0000000000000000000 ) ) ;
#1431 = PRESENTATION_STYLE_ASSIGNMENT (( #10427 ) ) ;
#1432 = FILL_AREA_STYLE ('',( #1157 ) ) ;
#1433 = STYLED_ITEM ( 'NONE', ( #6177 ), #9090 ) ;
#1434 = SURFACE_SIDE_STYLE ('',( #6111 ) ) ;
#1435 = COLOUR_RGB ( '',1.000000000000000000, 0.9921568627450980700, 0.9411764705882352800 ) ;
#1436 = ORIENTED_EDGE ( 'NONE', *, *, #4832, .F. ) ;
#1437 = SURFACE_STYLE_USAGE ( .BOTH. , #6790 ) ;
#1438 = VECTOR ( 'NONE', #3881, 1000.000000000000000 ) ;
#1439 = DIRECTION ( 'NONE',  ( 0.0000000000000000000, -0.0000000000000000000, 1.000000000000000000 ) ) ;
#1440 = CARTESIAN_POINT ( 'NONE',  ( -0.7994240845272078100, 0.1595870722175834800, 0.1747590663892459900 ) ) ;
#1441 = DIRECTION ( 'NONE',  ( 0.0000000000000000000, 1.000000000000000000, 0.0000000000000000000 ) ) ;
#1442 = SURFACE_STYLE_FILL_AREA ( #10814 ) ;
#1443 = FILL_AREA_STYLE_COLOUR ( '', #4153 ) ;
#1444 = ORIENTED_EDGE ( 'NONE', *, *, #7540, .F. ) ;
#1445 = B_SPLINE_CURVE_WITH_KNOTS ( 'NONE', 2,
 ( #3715, #4217, #6200, #3646 ),
 .UNSPECIFIED., .F., .F.,
 ( 3, 1, 3 ),
 ( 0.0000000000000000000, 5.303794159301169800E-006, 1.060758831860234000E-005 ),
 .UNSPECIFIED. ) ;
#1446 =( NAMED_UNIT ( * ) PLANE_ANGLE_UNIT ( ) SI_UNIT ( $, .RADIAN. ) );
#1447 = FILL_AREA_STYLE_COLOUR ( '', #7720 ) ;
#1448 = COLOUR_RGB ( '',0.0000000000000000000, 0.7019607843137254400, 0.9803921568627450600 ) ;
#1449 = SURFACE_STYLE_USAGE ( .BOTH. , #1702 ) ;
#1450 = CARTESIAN_POINT ( 'NONE',  ( 1.576253893906949900, 2.011910732064920100, 0.0000000000000000000 ) ) ;
#1451 = DIRECTION ( 'NONE',  ( 0.0000000000000000000, 0.0000000000000000000, 1.000000000000000000 ) ) ;
#1452 = ORIENTED_EDGE ( 'NONE', *, *, #6435, .T. ) ;
#1453 = LINE ( 'NONE', #11432, #6237 ) ;
#1454 = DIRECTION ( 'NONE',  ( 0.0000000000000000000, -1.000000000000000000, -0.0000000000000000000 ) ) ;
#1455 = CARTESIAN_POINT ( 'NONE',  ( -0.4951919147073418600, 0.3139777154520822000, 0.5950424259647377800 ) ) ;
#1456 = DIRECTION ( 'NONE',  ( 0.3301180510536021500, 0.8484716754920967900, 0.4136639798873058000 ) ) ;
#1457 = UNCERTAINTY_MEASURE_WITH_UNIT (LENGTH_MEASURE( 1.000000000000000100E-005 ), #7242, 'distance_accuracy_value', 'NONE');
#1458 = FACE_OUTER_BOUND ( 'NONE', #8624, .T. ) ;
#1459 = EDGE_CURVE ( 'NONE', #5638, #7052, #3778, .T. ) ;
#1460 = EDGE_LOOP ( 'NONE', ( #1143, #2655, #4420, #9114 ) ) ;
#1461 = FILL_AREA_STYLE ('',( #572 ) ) ;
#1462 =( GEOMETRIC_REPRESENTATION_CONTEXT ( 3 ) GLOBAL_UNCERTAINTY_ASSIGNED_CONTEXT ( ( #8064 ) ) GLOBAL_UNIT_ASSIGNED_CONTEXT ( ( #2922, #2875, #2842 ) ) REPRESENTATION_CONTEXT ( 'NONE', 'WORKASPACE' ) );
#1463 = FACE_OUTER_BOUND ( 'NONE', #2346, .T. ) ;
#1464 = MECHANICAL_DESIGN_GEOMETRIC_PRESENTATION_REPRESENTATION (  '', ( #11313 ), #2072 ) ;
#1465 = APPLICATION_PROTOCOL_DEFINITION ( 'draft international standard', 'automotive_design', 1998, #9453 ) ;
#1466 = ORIENTED_EDGE ( 'NONE', *, *, #5043, .F. ) ;
#1467 = PRESENTATION_LAYER_ASSIGNMENT (  '', '', ( #2073 ) ) ;
#1468 = VERTEX_POINT ( 'NONE', #3237 ) ;
#1469 = SURFACE_STYLE_FILL_AREA ( #10256 ) ;
#1470 = VECTOR ( 'NONE', #3072, 1000.000000000000000 ) ;
#1471 = CARTESIAN_POINT ( 'NONE',  ( 0.7700000000000000200, -0.3900000000000000700, 0.1700000000000000100 ) ) ;
#1472 = ORIENTED_EDGE ( 'NONE', *, *, #7036, .F. ) ;
#1473 = VECTOR ( 'NONE', #10348, 1000.000000000000000 ) ;
#1474 = CIRCLE ( 'NONE', #10995, 0.009999999999999998500 ) ;
#1475 = SURFACE_SIDE_STYLE ('',( #5173 ) ) ;
#1476 = DIRECTION ( 'NONE',  ( -0.0000000000000000000, 0.0000000000000000000, -1.000000000000000000 ) ) ;
#1477 = ADVANCED_FACE ( 'NONE', ( #10911 ), #3685, .F. ) ;
#1478 = ADVANCED_FACE ( 'NONE', ( #5342 ), #2816, .T. ) ;
#1479 = EDGE_LOOP ( 'NONE', ( #3934, #11510, #8176, #10489 ) ) ;
#1480 = SURFACE_STYLE_USAGE ( .BOTH. , #727 ) ;
#1481 = ORIENTED_EDGE ( 'NONE', *, *, #9096, .F. ) ;
#1482 = EDGE_CURVE ( 'NONE', #7425, #6327, #11322, .T. ) ;
#1483 = CARTESIAN_POINT ( 'NONE',  ( 1.443065452288000000, 1.988048385278420300, 0.0000000000000000000 ) ) ;
#1484 = ADVANCED_FACE ( 'NONE', ( #2066 ), #3352, .T. ) ;
#1485 = EDGE_CURVE ( 'NONE', #1930, #560, #1218, .T. ) ;
#1486 = DIRECTION ( 'NONE',  ( 1.000000000000000000, 0.0000000000000000000, -0.0000000000000000000 ) ) ;
#1487 = CARTESIAN_POINT ( 'NONE',  ( 1.593067507883180000, 1.984307815193020000, 0.0000000000000000000 ) ) ;
#1488 = ORIENTED_EDGE ( 'NONE', *, *, #8389, .F. ) ;
#1489 = FACE_BOUND ( 'NONE', #4029, .T. ) ;
#1490 = COLOUR_RGB ( '',1.000000000000000000, 0.9921568627450980700, 0.9411764705882352800 ) ;
#1491 = FILL_AREA_STYLE_COLOUR ( '', #2470 ) ;
#1492 = VERTEX_POINT ( 'NONE', #9983 ) ;
#1493 = SURFACE_STYLE_FILL_AREA ( #2075 ) ;
#1494 = PLANE ( 'NONE',  #5005 ) ;
#1495 = SURFACE_SIDE_STYLE ('',( #6793 ) ) ;
#1496 =( LENGTH_UNIT ( ) NAMED_UNIT ( * ) SI_UNIT ( .MILLI., .METRE. ) );
#1497 = DIRECTION ( 'NONE',  ( 0.9925461516413219800, 0.0000000000000000000, -0.1218693434051486300 ) ) ;
#1498 = ORIENTED_EDGE ( 'NONE', *, *, #8570, .F. ) ;
#1499 =( NAMED_UNIT ( * ) PLANE_ANGLE_UNIT ( ) SI_UNIT ( $, .RADIAN. ) );
#1500 = ORIENTED_EDGE ( 'NONE', *, *, #1425, .F. ) ;
#1501 = CIRCLE ( 'NONE', #2752, 0.01000000000000000400 ) ;
#1502 = CARTESIAN_POINT ( 'NONE',  ( 1.540103539337589900, 2.001304665244250100, 0.1000000000000000100 ) ) ;
#1503 = DIRECTION ( 'NONE',  ( 0.0000000000000000000, -1.000000000000000000, 0.0000000000000000000 ) ) ;
#1504 = AXIS2_PLACEMENT_3D ( 'NONE', #10790, #2250, #9738 ) ;
#1505 = EDGE_CURVE ( 'NONE', #3470, #2684, #4775, .T. ) ;
#1506 = MECHANICAL_DESIGN_GEOMETRIC_PRESENTATION_REPRESENTATION (  '', ( #308 ), #2103 ) ;
#1507 = VECTOR ( 'NONE', #10981, 1000.000000000000000 ) ;
#1508 = ORIENTED_EDGE ( 'NONE', *, *, #6812, .T. ) ;
#1509 = LINE ( 'NONE', #1206, #10779 ) ;
#1510 = CARTESIAN_POINT ( 'NONE',  ( 0.7982170378636492800, -0.1563905365920397500, 0.004343145750507607100 ) ) ;
#1511 = ORIENTED_EDGE ( 'NONE', *, *, #1118, .F. ) ;
#1512 = CARTESIAN_POINT ( 'NONE',  ( 0.7906249999999999100, -0.1497067445875435200, 0.009999999999999998500 ) ) ;
#1513 = CARTESIAN_POINT ( 'NONE',  ( 0.8000000000000000400, -0.1596871942267129900, 0.1700000000000000100 ) ) ;
#1514 = CARTESIAN_POINT ( 'NONE',  ( 1.487246165845520100, 2.022050005444920200, 0.0000000000000000000 ) ) ;
#1515 =( LENGTH_UNIT ( ) NAMED_UNIT ( * ) SI_UNIT ( .MILLI., .METRE. ) );
#1516 = UNCERTAINTY_MEASURE_WITH_UNIT (LENGTH_MEASURE( 1.000000000000000100E-005 ), #6163, 'distance_accuracy_value', 'NONE');
#1517 = STYLED_ITEM ( 'NONE', ( #6366 ), #6877 ) ;
#1518 = CARTESIAN_POINT ( 'NONE',  ( 1.512875014679730300, 1.980050006160170200, 0.0000000000000000000 ) ) ;
#1519 = MECHANICAL_DESIGN_GEOMETRIC_PRESENTATION_REPRESENTATION (  '', ( #325 ), #2119 ) ;
#1520 = LINE ( 'NONE', #2368, #1234 ) ;
#1521 = DIRECTION ( 'NONE',  ( 0.9980449639169569600, -0.06250000000000091600, 0.0000000000000000000 ) ) ;
#1522 = CARTESIAN_POINT ( 'NONE',  ( 1.591331689436239900, 1.979474752004879900, 0.0000000000000000000 ) ) ;
#1523 = SURFACE_STYLE_FILL_AREA ( #2337 ) ;
#1524 = FILL_AREA_STYLE ('',( #590 ) ) ;
#1525 = VERTEX_POINT ( 'NONE', #8190 ) ;
#1526 = DIRECTION ( 'NONE',  ( -0.0000000000000000000, 1.000000000000000000, 0.0000000000000000000 ) ) ;
#1527 = LINE ( 'NONE', #6577, #8387 ) ;
#1528 = CARTESIAN_POINT ( 'NONE',  ( -0.7900000000000000400, 0.1596871942267129900, -1.064841419405406100E-017 ) ) ;
#1529 = SURFACE_STYLE_USAGE ( .BOTH. , #1615 ) ;
#1530 = DIRECTION ( 'NONE',  ( -0.0000000000000000000, -1.000000000000000000, 0.0000000000000000000 ) ) ;
#1531 = UNCERTAINTY_MEASURE_WITH_UNIT (LENGTH_MEASURE( 1.000000000000000100E-005 ), #11468, 'distance_accuracy_value', 'NONE');
#1532 =( LENGTH_UNIT ( ) NAMED_UNIT ( * ) SI_UNIT ( .MILLI., .METRE. ) );
#1533 = CYLINDRICAL_SURFACE ( 'NONE', #6955, 0.009999999999999998500 ) ;
#1534 = DIRECTION ( 'NONE',  ( -1.000000000000000000, -0.0000000000000000000, 0.0000000000000000000 ) ) ;
#1535 = EDGE_LOOP ( 'NONE', ( #4606, #7404, #10609, #7960, #26, #9450, #7722, #8434 ) ) ;
#1536 = LINE ( 'NONE', #10947, #10802 ) ;
#1537 = EDGE_CURVE ( 'NONE', #3777, #6493, #2704, .T. ) ;
#1538 = ADVANCED_FACE ( 'NONE', ( #10483 ), #7344, .T. ) ;
#1539 =( NAMED_UNIT ( * ) SI_UNIT ( $, .STERADIAN. ) SOLID_ANGLE_UNIT ( ) );
#1540 = SHAPE_REPRESENTATION ( '1', ( #3980 ), #3394 ) ;
#1541 = ADVANCED_FACE ( 'NONE', ( #2504 ), #9857, .T. ) ;
#1542 = ORIENTED_EDGE ( 'NONE', *, *, #2154, .F. ) ;
#1543 = AXIS2_PLACEMENT_3D ( 'NONE', #8438, #3111, #9350 ) ;
#1544 = DIRECTION ( 'NONE',  ( -0.0000000000000000000, 1.000000000000000000, 0.0000000000000000000 ) ) ;
#1545 = MECHANICAL_DESIGN_GEOMETRIC_PRESENTATION_REPRESENTATION (  '', ( #11390 ), #2138 ) ;
#1546 = CARTESIAN_POINT ( 'NONE',  ( -0.4470480758322381600, 0.3207392495628431700, 0.6473315337604773600 ) ) ;
#1547 = ADVANCED_FACE ( 'NONE', ( #1649 ), #3711, .T. ) ;
#1548 = DIRECTION ( 'NONE',  ( 0.5292407919724607700, -0.5292407919724575500, 0.6631804944543592300 ) ) ;
#1549 = UNCERTAINTY_MEASURE_WITH_UNIT (LENGTH_MEASURE( 1.000000000000000100E-005 ), #8694, 'distance_accuracy_value', 'NONE');
#1550 = COLOUR_RGB ( '',0.8627450980392157300, 0.6274509803921568500, 0.05882352941176470500 ) ;
#1551 = DIRECTION ( 'NONE',  ( -0.6010407640085616600, 0.5645794895318108100, 0.5656854249492419000 ) ) ;
#1552 = EDGE_LOOP ( 'NONE', ( #3804, #2715, #4969, #3192 ) ) ;
#1553 =( NAMED_UNIT ( * ) PLANE_ANGLE_UNIT ( ) SI_UNIT ( $, .RADIAN. ) );
#1554 =( NAMED_UNIT ( * ) SI_UNIT ( $, .STERADIAN. ) SOLID_ANGLE_UNIT ( ) );
#1555 = ORIENTED_EDGE ( 'NONE', *, *, #2717, .T. ) ;
#1556 = CARTESIAN_POINT ( 'NONE',  ( 1.641976745299859900, 2.000366784701750300, 0.1000000000000000100 ) ) ;
#1557 = COLOUR_RGB ( '',0.8627450980392157300, 0.6274509803921568500, 0.05882352941176470500 ) ;
#1558 = EDGE_CURVE ( 'NONE', #9247, #11220, #7639, .T. ) ;
#1559 = CARTESIAN_POINT ( 'NONE',  ( -0.7964615228356262100, 0.1491957449593054300, 0.009658636588715581500 ) ) ;
#1560 =( GEOMETRIC_REPRESENTATION_CONTEXT ( 3 ) GLOBAL_UNCERTAINTY_ASSIGNED_CONTEXT ( ( #7929 ) ) GLOBAL_UNIT_ASSIGNED_CONTEXT ( ( #11067, #11139, #11185 ) ) REPRESENTATION_CONTEXT ( 'NONE', 'WORKASPACE' ) );
#1561 = CARTESIAN_POINT ( 'NONE',  ( 0.7959945797752960800, 0.1456835046669548700, 0.1647732852175835000 ) ) ;
#1562 = CARTESIAN_POINT ( 'NONE',  ( 0.8000000000000000400, 0.3499999999999999800, 0.0000000000000000000 ) ) ;
#1563 = ORIENTED_EDGE ( 'NONE', *, *, #1633, .F. ) ;
#1564 = DIRECTION ( 'NONE',  ( 0.0000000000000000000, 1.000000000000000000, 0.0000000000000000000 ) ) ;
#1565 = DIRECTION ( 'NONE',  ( 0.0000000000000000000, 0.0000000000000000000, 1.000000000000000000 ) ) ;
#1566 = CARTESIAN_POINT ( 'NONE',  ( -0.6400000000000000100, 0.08914254706787530500, 0.0000000000000000000 ) ) ;
#1567 = CARTESIAN_POINT ( 'NONE',  ( 0.0000000000000000000, 0.1499999999999999900, 0.1799999999999999900 ) ) ;
#1568 = FILL_AREA_STYLE_COLOUR ( '', #2726 ) ;
#1569 = FILL_AREA_STYLE_COLOUR ( '', #10871 ) ;
#1570 = ORIENTED_EDGE ( 'NONE', *, *, #7643, .T. ) ;
#1571 = EDGE_CURVE ( 'NONE', #2325, #7608, #10070, .T. ) ;
#1572 = EDGE_CURVE ( 'NONE', #8475, #5622, #2919, .T. ) ;
#1573 =( GEOMETRIC_REPRESENTATION_CONTEXT ( 3 ) GLOBAL_UNCERTAINTY_ASSIGNED_CONTEXT ( ( #1123 ) ) GLOBAL_UNIT_ASSIGNED_CONTEXT ( ( #7669, #2333, #8575 ) ) REPRESENTATION_CONTEXT ( 'NONE', 'WORKASPACE' ) );
#1574 = PRESENTATION_LAYER_ASSIGNMENT (  '', '', ( #1001 ) ) ;
#1575 = SURFACE_STYLE_USAGE ( .BOTH. , #6933 ) ;
#1576 = VECTOR ( 'NONE', #11106, 1000.000000000000000 ) ;
#1577 = CLOSED_SHELL ( 'NONE', ( #6883, #9719, #9529, #4268, #6875, #7110, #4080, #4131 ) ) ;
#1578 = FILL_AREA_STYLE ('',( #5186 ) ) ;
#1579 = SHAPE_REPRESENTATION ( '2', ( #3980 ), #6962 ) ;
#1580 = FACE_OUTER_BOUND ( 'NONE', #4828, .T. ) ;
#1581 = ORIENTED_EDGE ( 'NONE', *, *, #4533, .T. ) ;
#1582 = LINE ( 'NONE', #5775, #10566 ) ;
#1583 =( LENGTH_UNIT ( ) NAMED_UNIT ( * ) SI_UNIT ( .MILLI., .METRE. ) );
#1584 =( NAMED_UNIT ( * ) PLANE_ANGLE_UNIT ( ) SI_UNIT ( $, .RADIAN. ) );
#1585 = VERTEX_POINT ( 'NONE', #1006 ) ;
#1586 = ORIENTED_EDGE ( 'NONE', *, *, #6570, .T. ) ;
#1587 = COLOUR_RGB ( '',0.8627450980392157300, 0.6274509803921568500, 0.05882352941176470500 ) ;
#1588 = AXIS2_PLACEMENT_3D ( 'NONE', #6708, #6746, #6791 ) ;
#1589 = CARTESIAN_POINT ( 'NONE',  ( 0.7900000000000000400, 0.1596871942267129600, 0.1700000000000000100 ) ) ;
#1590 =( NAMED_UNIT ( * ) SI_UNIT ( $, .STERADIAN. ) SOLID_ANGLE_UNIT ( ) );
#1591 =( GEOMETRIC_REPRESENTATION_CONTEXT ( 3 ) GLOBAL_UNCERTAINTY_ASSIGNED_CONTEXT ( ( #9269 ) ) GLOBAL_UNIT_ASSIGNED_CONTEXT ( ( #10266, #4905, #11153 ) ) REPRESENTATION_CONTEXT ( 'NONE', 'WORKASPACE' ) );
#1592 =( GEOMETRIC_REPRESENTATION_CONTEXT ( 3 ) GLOBAL_UNCERTAINTY_ASSIGNED_CONTEXT ( ( #1621 ) ) GLOBAL_UNIT_ASSIGNED_CONTEXT ( ( #3544, #9808, #4444 ) ) REPRESENTATION_CONTEXT ( 'NONE', 'WORKASPACE' ) );
#1593 = MECHANICAL_DESIGN_GEOMETRIC_PRESENTATION_REPRESENTATION (  '', ( #11448 ), #2205 ) ;
#1594 = FILL_AREA_STYLE ('',( #4107 ) ) ;
#1595 = CIRCLE ( 'NONE', #6564, 0.01000000000000002600 ) ;
#1596 = CARTESIAN_POINT ( 'NONE',  ( 0.6400000000000000100, 0.0000000000000000000, 0.1700000000000000100 ) ) ;
#1597 = ADVANCED_FACE ( 'NONE', ( #5014 ), #971, .T. ) ;
#1598 = SHAPE_REPRESENTATION ( '4', ( #3980 ), #4380 ) ;
#1599 = VERTEX_POINT ( 'NONE', #921 ) ;
#1600 = LINE ( 'NONE', #6855, #6097 ) ;
#1601 = DIRECTION ( 'NONE',  ( -1.000000000000000000, 0.0000000000000000000, 0.0000000000000000000 ) ) ;
#1602 = UNCERTAINTY_MEASURE_WITH_UNIT (LENGTH_MEASURE( 1.000000000000000100E-005 ), #10774, 'distance_accuracy_value', 'NONE');
#1603 = CARTESIAN_POINT ( 'NONE',  ( -0.8000000000000001600, -0.1850000000000000000, 0.03000000000000000200 ) ) ;
#1604 = CARTESIAN_POINT ( 'NONE',  ( -0.7072172467139158400, 0.1444835484702852700, 0.01000000000000000000 ) ) ;
#1605 = COLOUR_RGB ( '',0.8627450980392157300, 0.6274509803921568500, 0.05882352941176470500 ) ;
#1606 = CARTESIAN_POINT ( 'NONE',  ( 1.464646490379500000, 2.001050005802550200, 0.1000000000000000100 ) ) ;
#1607 = VECTOR ( 'NONE', #9235, 1000.000000000000000 ) ;
#1608 = ORIENTED_EDGE ( 'NONE', *, *, #6809, .T. ) ;
#1609 = SURFACE_SIDE_STYLE ('',( #9467 ) ) ;
#1610 = VERTEX_POINT ( 'NONE', #9664 ) ;
#1611 = PRESENTATION_STYLE_ASSIGNMENT (( #1416 ) ) ;
#1612 = AXIS2_PLACEMENT_3D ( 'NONE', #10785, #5451, #52 ) ;
#1613 = VECTOR ( 'NONE', #11318, 1000.000000000000000 ) ;
#1614 = CARTESIAN_POINT ( 'NONE',  ( 1.461310996108919900, 1.988048385278420300, 0.0000000000000000000 ) ) ;
#1615 = SURFACE_SIDE_STYLE ('',( #530 ) ) ;
#1616 =( NAMED_UNIT ( * ) SI_UNIT ( $, .STERADIAN. ) SOLID_ANGLE_UNIT ( ) );
#1617 = MECHANICAL_DESIGN_GEOMETRIC_PRESENTATION_REPRESENTATION (  '', ( #416 ), #2219 ) ;
#1618 = SURFACE_STYLE_FILL_AREA ( #2533 ) ;
#1619 = CIRCLE ( 'NONE', #8841, 0.01000000000000000000 ) ;
#1620 = FILL_AREA_STYLE ('',( #2736 ) ) ;
#1621 = UNCERTAINTY_MEASURE_WITH_UNIT (LENGTH_MEASURE( 1.000000000000000100E-005 ), #3544, 'distance_accuracy_value', 'NONE');
#1623 = CARTESIAN_POINT ( 'NONE',  ( -0.4944304232934478800, -0.3207392495628431700, 0.6095187945355145000 ) ) ;
#1622 = SURFACE_STYLE_FILL_AREA ( #8857 ) ;
#1624 = FILL_AREA_STYLE ('',( #699 ) ) ;
#1625 = VERTEX_POINT ( 'NONE', #9252 ) ;
#1626 = CARTESIAN_POINT ( 'NONE',  ( 0.07619999999999999000, 0.1270000000000000000, 0.002000000000000000900 ) ) ;
#1627 = VERTEX_POINT ( 'NONE', #8349 ) ;
#1628 = CARTESIAN_POINT ( 'NONE',  ( -0.4670601198863056400, 0.2693041568910418700, 0.6724082048563626600 ) ) ;
#1629 =( NAMED_UNIT ( * ) SI_UNIT ( $, .STERADIAN. ) SOLID_ANGLE_UNIT ( ) );
#1630 = SURFACE_STYLE_FILL_AREA ( #1004 ) ;
#1631 = VERTEX_POINT ( 'NONE', #1830 ) ;
#1632 = SURFACE_STYLE_FILL_AREA ( #406 ) ;
#1633 = EDGE_CURVE ( 'NONE', #6622, #721, #6534, .T. ) ;
#1634 = CARTESIAN_POINT ( 'NONE',  ( 0.4000000000000000200, -0.1850000000000000000, 0.1499999999999999900 ) ) ;
#1635 = PLANE ( 'NONE',  #1655 ) ;
#1636 = ORIENTED_EDGE ( 'NONE', *, *, #1656, .F. ) ;
#1637 = MECHANICAL_DESIGN_GEOMETRIC_PRESENTATION_REPRESENTATION (  '', ( #425 ), #2229 ) ;
#1638 = DIRECTION ( 'NONE',  ( -0.0000000000000000000, -0.0000000000000000000, 1.000000000000000000 ) ) ;
#1639 = CARTESIAN_POINT ( 'NONE',  ( 1.489900946999670000, 2.014051626326669900, 0.1000000000000000100 ) ) ;
#1640 = STYLED_ITEM ( 'NONE', ( #2582 ), #8514 ) ;
#1641 = DIRECTION ( 'NONE',  ( 0.0000000000000000000, 0.0000000000000000000, 1.000000000000000000 ) ) ;
#1642 = EDGE_LOOP ( 'NONE', ( #8029, #10847, #1850, #11430 ) ) ;
#1643 = CARTESIAN_POINT ( 'NONE',  ( 0.4000000000000000200, 0.0000000000000000000, 0.02000000000000000000 ) ) ;
#1644 = SURFACE_STYLE_USAGE ( .BOTH. , #1475 ) ;
#1645 = CARTESIAN_POINT ( 'NONE',  ( -0.4000000000000000200, -0.3499999999999999800, 0.1600000000000000000 ) ) ;
#1646 = VERTEX_POINT ( 'NONE', #826 ) ;
#1647 = CIRCLE ( 'NONE', #3119, 0.01000000000000000200 ) ;
#1648 = CARTESIAN_POINT ( 'NONE',  ( -0.4000000000000000200, -0.1499999999999999900, 0.1600000000000000000 ) ) ;
#1649 = FACE_OUTER_BOUND ( 'NONE', #2989, .T. ) ;
#1650 = DIRECTION ( 'NONE',  ( 0.0000000000000000000, 1.000000000000000000, 0.0000000000000000000 ) ) ;
#1652 = CARTESIAN_POINT ( 'NONE',  ( 0.4000000000000000200, 0.3499999999999999800, 0.0000000000000000000 ) ) ;
#1651 = UNCERTAINTY_MEASURE_WITH_UNIT (LENGTH_MEASURE( 1.000000000000000100E-005 ), #10650, 'distance_accuracy_value', 'NONE');
#1653 = DIRECTION ( 'NONE',  ( 0.0000000000000000000, 0.0000000000000000000, 1.000000000000000000 ) ) ;
#1654 = EDGE_CURVE ( 'NONE', #824, #9542, #1792, .T. ) ;
#1655 = AXIS2_PLACEMENT_3D ( 'NONE', #5262, #11521, #6148 ) ;
#1656 = EDGE_CURVE ( 'NONE', #3050, #2445, #3894, .T. ) ;
#1657 = CARTESIAN_POINT ( 'NONE',  ( 1.603210133217829900, 1.987983666110000100, 0.0000000000000000000 ) ) ;
#1658 = FILL_AREA_STYLE ('',( #757 ) ) ;
#1659 = MECHANICAL_DESIGN_GEOMETRIC_PRESENTATION_REPRESENTATION (  '', ( #442 ), #2248 ) ;
#1660 = SURFACE_STYLE_FILL_AREA ( #7653 ) ;
#1661 = CARTESIAN_POINT ( 'NONE',  ( 0.8000000000000000400, -0.1749999999999999900, 0.03000000000000000200 ) ) ;
#1662 = ORIENTED_EDGE ( 'NONE', *, *, #6807, .F. ) ;
#1663 = CARTESIAN_POINT ( 'NONE',  ( -0.7700000000000003500, -0.3958578643762690200, 0.1800000000000000200 ) ) ;
#1664 = SURFACE_SIDE_STYLE ('',( #2477 ) ) ;
#1665 =( NAMED_UNIT ( * ) SI_UNIT ( $, .STERADIAN. ) SOLID_ANGLE_UNIT ( ) );
#1666 = FILL_AREA_STYLE ('',( #5816 ) ) ;
#1667 = CARTESIAN_POINT ( 'NONE',  ( -0.8000000000000000400, -0.3499999999999999800, 0.1600000000000000000 ) ) ;
#1668 = SURFACE_STYLE_FILL_AREA ( #2351 ) ;
#1669 = ADVANCED_FACE ( 'NONE', ( #11026 ), #42, .F. ) ;
#1670 = CARTESIAN_POINT ( 'NONE',  ( 1.587213375081740100, 2.023244605453760100, 0.0000000000000000000 ) ) ;
#1671 = DIRECTION ( 'NONE',  ( 1.000000000000000000, 0.0000000000000000000, -0.0000000000000000000 ) ) ;
#1672 = AXIS2_PLACEMENT_3D ( 'NONE', #10929, #10919, #10536 ) ;
#1673 = EDGE_CURVE ( 'NONE', #9696, #8361, #9933, .T. ) ;
#1674 = CARTESIAN_POINT ( 'NONE',  ( -0.5144424673475156400, 0.2693041568910417600, 0.6345954656313992400 ) ) ;
#1675 = PRESENTATION_LAYER_ASSIGNMENT (  '', '', ( #457 ) ) ;
#1676 = AXIS2_PLACEMENT_3D ( 'NONE', #7450, #2101, #8368 ) ;
#1677 = STYLED_ITEM ( 'NONE', ( #10120 ), #8832 ) ;
#1678 = LINE ( 'NONE', #2515, #6165 ) ;
#1679 = FILL_AREA_STYLE ('',( #7021 ) ) ;
#1680 = CARTESIAN_POINT ( 'NONE',  ( 1.605796843160729900, 2.001359678760009900, 0.0000000000000000000 ) ) ;
#1681 =( BOUNDED_CURVE ( )  B_SPLINE_CURVE ( 3, ( #4680, #194, #7326, #1984 ),
 .UNSPECIFIED., .F., .F. ) 
 B_SPLINE_CURVE_WITH_KNOTS ( ( 4, 4 ),
 ( 0.0000000000000000000, 1.000000000000000000 ),
 .UNSPECIFIED. ) 
 CURVE ( )  GEOMETRIC_REPRESENTATION_ITEM ( )  RATIONAL_B_SPLINE_CURVE ( ( 1.000000000000000000, 0.8047378541243649400, 0.8047378541243649400, 1.000000000000000000 ) ) 
 REPRESENTATION_ITEM ( '' )  );
#1682 = PLANE ( 'NONE',  #3424 ) ;
#1683 = FILL_AREA_STYLE_COLOUR ( '', #2946 ) ;
#1684 = PRESENTATION_STYLE_ASSIGNMENT (( #4328 ) ) ;
#1685 = SURFACE_STYLE_USAGE ( .BOTH. , #7029 ) ;
#1686 =( NAMED_UNIT ( * ) PLANE_ANGLE_UNIT ( ) SI_UNIT ( $, .RADIAN. ) );
#1687 = PRESENTATION_STYLE_ASSIGNMENT (( #6859 ) ) ;
#1688 = DIRECTION ( 'NONE',  ( -1.000000000000000000, 0.0000000000000000000, 0.0000000000000000000 ) ) ;
#1689 = ORIENTED_EDGE ( 'NONE', *, *, #9864, .T. ) ;
#1690 = ORIENTED_EDGE ( 'NONE', *, *, #160, .T. ) ;
#1691 = EDGE_LOOP ( 'NONE', ( #2906, #1586, #3852, #1690 ) ) ;
#1692 = MECHANICAL_DESIGN_GEOMETRIC_PRESENTATION_REPRESENTATION (  '', ( #476 ), #2280 ) ;
#1693 = FILL_AREA_STYLE_COLOUR ( '', #1073 ) ;
#1694 = VECTOR ( 'NONE', #8275, 1000.000000000000000 ) ;
#1695 = AXIS2_PLACEMENT_3D ( 'NONE', #7279, #1940, #8196 ) ;
#1696 = CARTESIAN_POINT ( 'NONE',  ( 1.594871397641770100, 2.016233260354349800, 0.1000000000000000100 ) ) ;
#1697 = SURFACE_SIDE_STYLE ('',( #10045 ) ) ;
#1698 = EDGE_LOOP ( 'NONE', ( #10449, #9618, #5307, #11459, #6328 ) ) ;
#1699 = VERTEX_POINT ( 'NONE', #2 ) ;
#1700 = CARTESIAN_POINT ( 'NONE',  ( -0.8000000000000000400, -0.3499999999999999800, 0.02000000000000000000 ) ) ;
#1701 = FILL_AREA_STYLE ('',( #4258 ) ) ;
#1702 = SURFACE_SIDE_STYLE ('',( #10105 ) ) ;
#1703 = CARTESIAN_POINT ( 'NONE',  ( 0.4000000000000000200, 0.3499999999999999800, 0.1600000000000000000 ) ) ;
#1704 =( GEOMETRIC_REPRESENTATION_CONTEXT ( 3 ) GLOBAL_UNCERTAINTY_ASSIGNED_CONTEXT ( ( #6829 ) ) GLOBAL_UNIT_ASSIGNED_CONTEXT ( ( #10900, #10856, #10823 ) ) REPRESENTATION_CONTEXT ( 'NONE', 'WORKASPACE' ) );
#1705 = CARTESIAN_POINT ( 'NONE',  ( 1.635714184628549900, 1.980359679117640300, 0.0000000000000000000 ) ) ;
#1706 =( GEOMETRIC_REPRESENTATION_CONTEXT ( 3 ) GLOBAL_UNCERTAINTY_ASSIGNED_CONTEXT ( ( #4245 ) ) GLOBAL_UNIT_ASSIGNED_CONTEXT ( ( #4415, #10664, #5333 ) ) REPRESENTATION_CONTEXT ( 'NONE', 'WORKASPACE' ) );
#1707 = VERTEX_POINT ( 'NONE', #833 ) ;
#1708 = AXIS2_PLACEMENT_3D ( 'NONE', #5048, #11291, #5921 ) ;
#1709 = CARTESIAN_POINT ( 'NONE',  ( -0.4944304232934480000, 0.3207392495628430500, 0.6095187945355145000 ) ) ;
#1710 = FILL_AREA_STYLE_COLOUR ( '', #8461 ) ;
#1711 = SURFACE_SIDE_STYLE ('',( #11556 ) ) ;
#1712 = CARTESIAN_POINT ( 'NONE',  ( -0.8000000000000000400, 0.3499999999999999800, 0.0000000000000000000 ) ) ;
#1713 = SURFACE_STYLE_USAGE ( .BOTH. , #7067 ) ;
#1714 = PRODUCT_DEFINITION_SHAPE ( 'NONE', 'NONE',  #11637 ) ;
#1715 = FILL_AREA_STYLE_COLOUR ( '', #7780 ) ;
#1716 = ORIENTED_EDGE ( 'NONE', *, *, #9006, .F. ) ;
#1717 =( LENGTH_UNIT ( ) NAMED_UNIT ( * ) SI_UNIT ( .MILLI., .METRE. ) );
#1718 = EDGE_CURVE ( 'NONE', #9201, #419, #7502, .T. ) ;
#1719 = SURFACE_SIDE_STYLE ('',( #11431 ) ) ;
#1720 =( GEOMETRIC_REPRESENTATION_CONTEXT ( 3 ) GLOBAL_UNCERTAINTY_ASSIGNED_CONTEXT ( ( #11302 ) ) GLOBAL_UNIT_ASSIGNED_CONTEXT ( ( #2453, #3006, #2579 ) ) REPRESENTATION_CONTEXT ( 'NONE', 'WORKASPACE' ) );
#1721 = FACE_OUTER_BOUND ( 'NONE', #1059, .T. ) ;
#1723 = DIRECTION ( 'NONE',  ( -1.000000000000000000, 0.0000000000000000000, 0.0000000000000000000 ) ) ;
#1722 = PRESENTATION_STYLE_ASSIGNMENT (( #3634 ) ) ;
#1724 = ADVANCED_FACE ( 'NONE', ( #5462 ), #5978, .T. ) ;
#1725 = FACE_OUTER_BOUND ( 'NONE', #3988, .T. ) ;
#1726 = PLANE ( 'NONE',  #6495 ) ;
#1727 = CARTESIAN_POINT ( 'NONE',  ( 1.470670801460050000, 2.014732339443119800, 0.1000000000000000100 ) ) ;
#1728 = PRODUCT_DEFINITION ( 'UNKNOWN', '', #7113, #3797 ) ;
#1729 = PLANE ( 'NONE',  #11184 ) ;
#1730 = ORIENTED_EDGE ( 'NONE', *, *, #9220, .T. ) ;
#1731 = DIRECTION ( 'NONE',  ( -0.0000000000000000000, -1.000000000000000000, -0.0000000000000000000 ) ) ;
#1732 = SURFACE_SIDE_STYLE ('',( #6504 ) ) ;
#1733 = ORIENTED_EDGE ( 'NONE', *, *, #516, .T. ) ;
#1734 = COLOUR_RGB ( '',0.0000000000000000000, 0.7019607843137254400, 0.9803921568627450600 ) ;
#1735 =( NAMED_UNIT ( * ) SI_UNIT ( $, .STERADIAN. ) SOLID_ANGLE_UNIT ( ) );
#1736 = VECTOR ( 'NONE', #2976, 1000.000000000000000 ) ;
#1737 = DIRECTION ( 'NONE',  ( 0.0000000000000000000, 0.0000000000000000000, 1.000000000000000000 ) ) ;
#1738 = PRESENTATION_LAYER_ASSIGNMENT (  '', '', ( #532 ) ) ;
#1739 = EDGE_CURVE ( 'NONE', #4873, #672, #1925, .T. ) ;
#1740 = MECHANICAL_DESIGN_GEOMETRIC_PRESENTATION_REPRESENTATION (  '', ( #11586 ), #2338 ) ;
#1741 = AXIS2_PLACEMENT_3D ( 'NONE', #11200, #5851, #473 ) ;
#1742 = DIRECTION ( 'NONE',  ( 0.0000000000000000000, 0.0000000000000000000, 1.000000000000000000 ) ) ;
#1743 = CARTESIAN_POINT ( 'NONE',  ( -0.07619999999999999000, -0.07619999999999999000, 0.0000000000000000000 ) ) ;
#1744 = VECTOR ( 'NONE', #7181, 1000.000000000000000 ) ;
#1745 = CARTESIAN_POINT ( 'NONE',  ( 1.443850704672070100, 2.022050005444920200, 0.0000000000000000000 ) ) ;
#1746 = UNCERTAINTY_MEASURE_WITH_UNIT (LENGTH_MEASURE( 1.000000000000000100E-005 ), #2251, 'distance_accuracy_value', 'NONE');
#1747 = ORIENTED_EDGE ( 'NONE', *, *, #9606, .T. ) ;
#1748 = COLOUR_RGB ( '',0.0000000000000000000, 0.7019607843137254400, 0.9803921568627450600 ) ;
#1749 = SURFACE_SIDE_STYLE ('',( #7191 ) ) ;
#1750 = CARTESIAN_POINT ( 'NONE',  ( -0.4620144847819206400, 0.3245170327464610400, 0.6431364870301263800 ) ) ;
#1751 = FILL_AREA_STYLE_COLOUR ( '', #2562 ) ;
#1752 = SURFACE_SIDE_STYLE ('',( #10138 ) ) ;
#1753 =( LENGTH_UNIT ( ) NAMED_UNIT ( * ) SI_UNIT ( .MILLI., .METRE. ) );
#1754 = CARTESIAN_POINT ( 'NONE',  ( -0.07619999999999999000, 0.07619999999999999000, 0.0000000000000000000 ) ) ;
#1755 = AXIS2_PLACEMENT_3D ( 'NONE', #7834, #7238, #6357 ) ;
#1756 = CARTESIAN_POINT ( 'NONE',  ( 1.605796843160729900, 2.001359678760009900, 0.0000000000000000000 ) ) ;
#1757 = DIRECTION ( 'NONE',  ( -1.000000000000000000, -0.0000000000000000000, 0.0000000000000000000 ) ) ;
#1758 = ORIENTED_EDGE ( 'NONE', *, *, #3235, .T. ) ;
#1759 = STYLED_ITEM ( 'NONE', ( #5280 ), #6820 ) ;
#1760 = CIRCLE ( 'NONE', #7563, 0.009999999999999998500 ) ;
#1761 = SURFACE_STYLE_FILL_AREA ( #3429 ) ;
#1762 = FILL_AREA_STYLE_COLOUR ( '', #2662 ) ;
#1763 = UNCERTAINTY_MEASURE_WITH_UNIT (LENGTH_MEASURE( 1.000000000000000100E-005 ), #4752, 'distance_accuracy_value', 'NONE');
#1764 =( NAMED_UNIT ( * ) PLANE_ANGLE_UNIT ( ) SI_UNIT ( $, .RADIAN. ) );
#1765 = STYLED_ITEM ( 'NONE', ( #9957 ), #9590 ) ;
#1766 = DIRECTION ( 'NONE',  ( -1.000000000000000000, -0.0000000000000000000, 0.0000000000000000000 ) ) ;
#1767 = LINE ( 'NONE', #7984, #8601 ) ;
#1768 = FILL_AREA_STYLE_COLOUR ( '', #620 ) ;
#1769 = ORIENTED_EDGE ( 'NONE', *, *, #4293, .T. ) ;
#1770 = LINE ( 'NONE', #9053, #3872 ) ;
#1771 = VERTEX_POINT ( 'NONE', #2974 ) ;
#1772 = CARTESIAN_POINT ( 'NONE',  ( 0.4000000000000000200, 0.3499999999999999800, 0.1799999999999999700 ) ) ;
#1773 = ORIENTED_EDGE ( 'NONE', *, *, #8767, .F. ) ;
#1774 = CIRCLE ( 'NONE', #3017, 0.009999999999999998500 ) ;
#1775 = CARTESIAN_POINT ( 'NONE',  ( 0.7906250000000000200, -0.1497067445875434900, 0.1700000000000000100 ) ) ;
#1776 = LINE ( 'NONE', #4722, #11010 ) ;
#1777 = DIRECTION ( 'NONE',  ( -0.0000000000000000000, 0.0000000000000000000, 1.000000000000000000 ) ) ;
#1778 = VERTEX_POINT ( 'NONE', #11031 ) ;
#1779 = VECTOR ( 'NONE', #9230, 1000.000000000000000 ) ;
#1780 = SURFACE_STYLE_USAGE ( .BOTH. , #7116 ) ;
#1781 = COLOUR_RGB ( '',0.0000000000000000000, 0.7019607843137254400, 0.9803921568627450600 ) ;
#1782 = EDGE_CURVE ( 'NONE', #7231, #1184, #8784, .T. ) ;
#1783 = ORIENTED_EDGE ( 'NONE', *, *, #2247, .T. ) ;
#1784 = CARTESIAN_POINT ( 'NONE',  ( -0.7905590169943750300, -0.1507604086910345200, 0.005527864045000351100 ) ) ;
#1785 = STYLED_ITEM ( 'NONE', ( #11394 ), #7634 ) ;
#1786 = PRESENTATION_STYLE_ASSIGNMENT (( #8887 ) ) ;
#1787 = ORIENTED_EDGE ( 'NONE', *, *, #10861, .T. ) ;
#1788 = CARTESIAN_POINT ( 'NONE',  ( -0.4000000000000000200, -0.1850000000000000000, 0.03000000000000000200 ) ) ;
#1789 = CARTESIAN_POINT ( 'NONE',  ( 1.636769289959040000, 1.989106842663970000, 0.1000000000000000100 ) ) ;
#1790 = ORIENTED_EDGE ( 'NONE', *, *, #9422, .F. ) ;
#1791 = VECTOR ( 'NONE', #10827, 1000.000000000000000 ) ;
#1792 = LINE ( 'NONE', #10176, #4172 ) ;
#1794 = ADVANCED_FACE ( 'NONE', ( #6406 ), #2100, .T. ) ;
#1793 = ORIENTED_EDGE ( 'NONE', *, *, #7095, .F. ) ;
#1795 = CARTESIAN_POINT ( 'NONE',  ( 1.433299651367150100, 2.022050005444920200, 0.0000000000000000000 ) ) ;
#1796 = VERTEX_POINT ( 'NONE', #3381 ) ;
#1797 = LINE ( 'NONE', #7350, #3899 ) ;
#1798 = ORIENTED_EDGE ( 'NONE', *, *, #227, .F. ) ;
#1799 = EDGE_CURVE ( 'NONE', #6412, #9176, #5586, .T. ) ;
#1800 = SURFACE_STYLE_FILL_AREA ( #10383 ) ;
#1801 = SURFACE_STYLE_USAGE ( .BOTH. , #7129 ) ;
#1802 =( LENGTH_UNIT ( ) NAMED_UNIT ( * ) SI_UNIT ( .MILLI., .METRE. ) );
#1803 = ORIENTED_EDGE ( 'NONE', *, *, #10576, .F. ) ;
#1804 =( GEOMETRIC_REPRESENTATION_CONTEXT ( 3 ) GLOBAL_UNCERTAINTY_ASSIGNED_CONTEXT ( ( #3067 ) ) GLOBAL_UNIT_ASSIGNED_CONTEXT ( ( #6860, #6904, #6943 ) ) REPRESENTATION_CONTEXT ( 'NONE', 'WORKASPACE' ) );
#1805 = DIRECTION ( 'NONE',  ( 0.0000000000000000000, 0.0000000000000000000, 1.000000000000000000 ) ) ;
#1806 = ORIENTED_EDGE ( 'NONE', *, *, #1865, .T. ) ;
#1807 = SURFACE_SIDE_STYLE ('',( #6037 ) ) ;
#1809 = CARTESIAN_POINT ( 'NONE',  ( 1.512875014679730300, 2.014051626326669900, 0.0000000000000000000 ) ) ;
#1808 = PRESENTATION_LAYER_ASSIGNMENT (  '', '', ( #582 ) ) ;
#1810 = PLANE ( 'NONE',  #8812 ) ;
#1811 = CARTESIAN_POINT ( 'NONE',  ( -0.4000000000000000200, -0.1749999999999999900, 0.1499999999999999900 ) ) ;
#1812 = UNCERTAINTY_MEASURE_WITH_UNIT (LENGTH_MEASURE( 1.000000000000000100E-005 ), #847, 'distance_accuracy_value', 'NONE');
#1813 = AXIS2_PLACEMENT_3D ( 'NONE', #494, #6736, #1381 ) ;
#1814 =( NAMED_UNIT ( * ) SI_UNIT ( $, .STERADIAN. ) SOLID_ANGLE_UNIT ( ) );
#1815 = LINE ( 'NONE', #2010, #7383 ) ;
#1816 = CARTESIAN_POINT ( 'NONE',  ( 0.4480549931478380900, -0.3476823007299043000, 0.6060934671702569200 ) ) ;
#1817 = LINE ( 'NONE', #1141, #4186 ) ;
#1818 = ORIENTED_EDGE ( 'NONE', *, *, #6769, .F. ) ;
#1819 = LINE ( 'NONE', #10953, #6552 ) ;
#1820 = FILL_AREA_STYLE_COLOUR ( '', #3868 ) ;
#1821 = CARTESIAN_POINT ( 'NONE',  ( 1.596539144777060000, 2.014054978381730100, 0.0000000000000000000 ) ) ;
#1822 = EDGE_CURVE ( 'NONE', #11286, #8911, #3183, .T. ) ;
#1823 = EDGE_CURVE ( 'NONE', #465, #3592, #801, .T. ) ;
#1824 = EDGE_CURVE ( 'NONE', #7362, #6631, #7627, .T. ) ;
#1825 =( GEOMETRIC_REPRESENTATION_CONTEXT ( 3 ) GLOBAL_UNCERTAINTY_ASSIGNED_CONTEXT ( ( #4066 ) ) GLOBAL_UNIT_ASSIGNED_CONTEXT ( ( #5722, #334, #6583 ) ) REPRESENTATION_CONTEXT ( 'NONE', 'WORKASPACE' ) );
#1826 = MECHANICAL_DESIGN_GEOMETRIC_PRESENTATION_REPRESENTATION (  '', ( #10439 ), #2413 ) ;
#1827 = CARTESIAN_POINT ( 'NONE',  ( -0.8000000000000000400, 0.4000000000000000200, 0.1600000000000000000 ) ) ;
#1828 = CYLINDRICAL_SURFACE ( 'NONE', #858, 0.01000000000000002600 ) ;
#1829 = FILL_AREA_STYLE ('',( #3599 ) ) ;
#1830 = CARTESIAN_POINT ( 'NONE',  ( 1.461310996108919900, 1.988048385278420300, 0.0000000000000000000 ) ) ;
#1831 =( NAMED_UNIT ( * ) PLANE_ANGLE_UNIT ( ) SI_UNIT ( $, .RADIAN. ) );
#1832 = DIRECTION ( 'NONE',  ( -1.000000000000000000, 0.0000000000000000000, 0.0000000000000000000 ) ) ;
#1833 = LINE ( 'NONE', #3692, #3932 ) ;
#1834 = CARTESIAN_POINT ( 'NONE',  ( 0.7900000000000000400, -0.3499999999999999800, 0.1700000000000000100 ) ) ;
#1835 = ORIENTED_EDGE ( 'NONE', *, *, #764, .F. ) ;
#1836 = AXIS2_PLACEMENT_3D ( 'NONE', #1471, #1430, #1233 ) ;
#1837 = EDGE_CURVE ( 'NONE', #9995, #331, #10060, .T. ) ;
#1838 =( BOUNDED_CURVE ( )  B_SPLINE_CURVE ( 3, ( #4791, #311, #7454, #2106 ),
 .UNSPECIFIED., .F., .F. ) 
 B_SPLINE_CURVE_WITH_KNOTS ( ( 4, 4 ),
 ( 0.0000000000000000000, 1.000000000000000000 ),
 .UNSPECIFIED. ) 
 CURVE ( )  GEOMETRIC_REPRESENTATION_ITEM ( )  RATIONAL_B_SPLINE_CURVE ( ( 1.000000000000000000, 0.3750000000000007800, 0.3750000000000007800, 1.000000000000000000 ) ) 
 REPRESENTATION_ITEM ( '' )  );
#1839 = CARTESIAN_POINT ( 'NONE',  ( -0.4725754448888168600, 0.2973731807574380700, 0.6563702038029806100 ) ) ;
#1840 =( GEOMETRIC_REPRESENTATION_CONTEXT ( 3 ) GLOBAL_UNCERTAINTY_ASSIGNED_CONTEXT ( ( #2115 ) ) GLOBAL_UNIT_ASSIGNED_CONTEXT ( ( #8149, #2815, #9050 ) ) REPRESENTATION_CONTEXT ( 'NONE', 'WORKASPACE' ) );
#1841 = STYLED_ITEM ( 'NONE', ( #6134 ), #5031 ) ;
#1842 = PRESENTATION_LAYER_ASSIGNMENT (  '', '', ( #625 ) ) ;
#1843 =( NAMED_UNIT ( * ) PLANE_ANGLE_UNIT ( ) SI_UNIT ( $, .RADIAN. ) );
#1844 = CARTESIAN_POINT ( 'NONE',  ( 0.6500000000000000200, -0.08357113787613317000, 0.1758578643762690200 ) ) ;
#1845 = CARTESIAN_POINT ( 'NONE',  ( 0.7875735931288071500, 0.4000000000000000200, 0.1758578643762690500 ) ) ;
#1846 = ORIENTED_EDGE ( 'NONE', *, *, #3972, .T. ) ;
#1847 = CIRCLE ( 'NONE', #10134, 0.04999999999999999600 ) ;
#1848 = CARTESIAN_POINT ( 'NONE',  ( -0.4470480758322381600, -0.3207392495628432800, 0.6473315337604773600 ) ) ;
#1849 = SURFACE_STYLE_USAGE ( .BOTH. , #7170 ) ;
#1850 = ORIENTED_EDGE ( 'NONE', *, *, #4866, .T. ) ;
#1851 = UNCERTAINTY_MEASURE_WITH_UNIT (LENGTH_MEASURE( 1.000000000000000100E-005 ), #2294, 'distance_accuracy_value', 'NONE');
#1852 = CARTESIAN_POINT ( 'NONE',  ( 0.0000000000000000000, -0.4000000000000000200, 0.02000000000000000000 ) ) ;
#1853 = ORIENTED_EDGE ( 'NONE', *, *, #8608, .F. ) ;
#1854 = SURFACE_STYLE_USAGE ( .BOTH. , #7179 ) ;
#1855 = ORIENTED_EDGE ( 'NONE', *, *, #4218, .F. ) ;
#1856 = MECHANICAL_DESIGN_GEOMETRIC_PRESENTATION_REPRESENTATION (  '', ( #46 ), #2449 ) ;
#1857 = CARTESIAN_POINT ( 'NONE',  ( 1.591501867715360100, 2.023244605453769800, 0.1000000000000000100 ) ) ;
#1858 = CARTESIAN_POINT ( 'NONE',  ( 0.0000000000000000000, -0.3499999999999999800, 0.1799999999999999900 ) ) ;
#1859 = CARTESIAN_POINT ( 'NONE',  ( 0.7700000000000000200, -0.3700000000000000000, 0.0000000000000000000 ) ) ;
#1860 = ORIENTED_EDGE ( 'NONE', *, *, #8181, .F. ) ;
#1861 = CARTESIAN_POINT ( 'NONE',  ( 1.599976746015110000, 2.001359678760009900, 0.1000000000000000100 ) ) ;
#1862 = DIRECTION ( 'NONE',  ( 1.000000000000000000, 0.0000000000000000000, -0.0000000000000000000 ) ) ;
#1863 = CARTESIAN_POINT ( 'NONE',  ( -0.8000000000000000400, -0.3700000000000000000, 0.0000000000000000000 ) ) ;
#1864 = FACE_OUTER_BOUND ( 'NONE', #9306, .T. ) ;
#1865 = EDGE_CURVE ( 'NONE', #11115, #6412, #9778, .T. ) ;
#1866 =( NAMED_UNIT ( * ) PLANE_ANGLE_UNIT ( ) SI_UNIT ( $, .RADIAN. ) );
#1867 = MECHANICAL_DESIGN_GEOMETRIC_PRESENTATION_REPRESENTATION (  '', ( #11084 ), #2467 ) ;
#1868 = CARTESIAN_POINT ( 'NONE',  ( -0.4975805408178977700, 0.2973731807574378500, 0.6364152791881633200 ) ) ;
#1869 = ORIENTED_EDGE ( 'NONE', *, *, #5445, .F. ) ;
#1870 = DIRECTION ( 'NONE',  ( -1.000000000000000000, 0.0000000000000000000, 0.0000000000000000000 ) ) ;
#1871 = FACE_OUTER_BOUND ( 'NONE', #5756, .T. ) ;
#1872 = DIRECTION ( 'NONE',  ( 0.0000000000000000000, 0.0000000000000000000, 1.000000000000000000 ) ) ;
#1873 = VERTEX_POINT ( 'NONE', #6953 ) ;
#1874 = PRESENTATION_STYLE_ASSIGNMENT (( #11540 ) ) ;
#1875 = CARTESIAN_POINT ( 'NONE',  ( 1.433299651367150100, 1.980050006160170200, 0.0000000000000000000 ) ) ;
#1876 = CARTESIAN_POINT ( 'NONE',  ( 1.540103539337589900, 1.988048385278420300, 0.0000000000000000000 ) ) ;
#1877 = SURFACE_STYLE_USAGE ( .BOTH. , #7210 ) ;
#1878 = CARTESIAN_POINT ( 'NONE',  ( -0.7960104076400853500, -0.1540413993313945200, 0.004343145750507549000 ) ) ;
#1879 = EDGE_CURVE ( 'NONE', #9042, #8936, #232, .T. ) ;
#1880 = ORIENTED_EDGE ( 'NONE', *, *, #11105, .T. ) ;
#1881 = EDGE_CURVE ( 'NONE', #4329, #8789, #2623, .T. ) ;
#1882 = CARTESIAN_POINT ( 'NONE',  ( 1.584218237369390000, 2.018411542326989900, 0.0000000000000000000 ) ) ;
#1883 = PRESENTATION_LAYER_ASSIGNMENT (  '', '', ( #1258 ) ) ;
#1884 = COLOUR_RGB ( '',0.0000000000000000000, 0.7019607843137254400, 0.9803921568627450600 ) ;
#1885 = ORIENTED_EDGE ( 'NONE', *, *, #7334, .F. ) ;
#1886 = EDGE_LOOP ( 'NONE', ( #1662, #873, #7073, #8569 ) ) ;
#1887 = SURFACE_STYLE_USAGE ( .BOTH. , #7224 ) ;
#1888 = LINE ( 'NONE', #6304, #11119 ) ;
#1889 = FACE_OUTER_BOUND ( 'NONE', #11081, .T. ) ;
#1890 = DIRECTION ( 'NONE',  ( -1.000000000000000000, 0.0000000000000000000, 0.0000000000000000000 ) ) ;
#1891 = FACE_OUTER_BOUND ( 'NONE', #7442, .T. ) ;
#1892 = SURFACE_STYLE_USAGE ( .BOTH. , #7235 ) ;
#1893 = UNCERTAINTY_MEASURE_WITH_UNIT (LENGTH_MEASURE( 1.000000000000000100E-005 ), #8507, 'distance_accuracy_value', 'NONE');
#1894 = ORIENTED_EDGE ( 'NONE', *, *, #6585, .T. ) ;
#1895 = CARTESIAN_POINT ( 'NONE',  ( 0.8000000000000000400, -0.1749999999999999900, 0.0000000000000000000 ) ) ;
#1896 = DIRECTION ( 'NONE',  ( 0.0000000000000000000, 0.0000000000000000000, -1.000000000000000000 ) ) ;
#1897 = STYLED_ITEM ( 'NONE', ( #4974 ), #608 ) ;
#1898 = DIRECTION ( 'NONE',  ( 0.0000000000000000000, 0.0000000000000000000, 1.000000000000000000 ) ) ;
#1899 = EDGE_CURVE ( 'NONE', #4021, #7837, #7082, .T. ) ;
#1900 = AXIS2_PLACEMENT_3D ( 'NONE', #6194, #844, #7080 ) ;
#1901 = DIRECTION ( 'NONE',  ( -0.0000000000000000000, 1.000000000000000000, 0.0000000000000000000 ) ) ;
#1902 = AXIS2_PLACEMENT_3D ( 'NONE', #10344, #4971, #11216 ) ;
#1903 =( NAMED_UNIT ( * ) PLANE_ANGLE_UNIT ( ) SI_UNIT ( $, .RADIAN. ) );
#1904 = ORIENTED_EDGE ( 'NONE', *, *, #380, .F. ) ;
#1905 = EDGE_LOOP ( 'NONE', ( #685, #3234, #10039, #6806, #3969 ) ) ;
#1906 = CARTESIAN_POINT ( 'NONE',  ( -0.4870195807110012100, 0.3245170327464608800, 0.6231815624153094200 ) ) ;
#1907 = CIRCLE ( 'NONE', #10226, 0.009999999999999991500 ) ;
#1908 = LINE ( 'NONE', #8511, #6636 ) ;
#1909 = CARTESIAN_POINT ( 'NONE',  ( -0.7900000000000000400, -0.1596871942267129600, 0.01000000000000000000 ) ) ;
#1910 =( BOUNDED_SURFACE ( )  B_SPLINE_SURFACE ( 3, 3, ( 
 ( #5636, #11021, #5672, #290 ),
 ( #6547, #1181, #7435, #2081 ),
 ( #8345, #3002, #9250, #3910 ),
 ( #10173, #4806, #11058, #5711 ) ),
 .UNSPECIFIED., .F., .F., .F. ) 
 B_SPLINE_SURFACE_WITH_KNOTS ( ( 4, 4 ),
 ( 4, 4 ),
 ( 0.0000000000000000000, 1.000000000000000000 ),
 ( 0.0000000000000000000, 1.000000000000000000 ),
 .UNSPECIFIED. ) 
 GEOMETRIC_REPRESENTATION_ITEM ( )  RATIONAL_B_SPLINE_SURFACE ( (
 ( 1.000000000000000000, 0.3333333333333258200, 0.3333333333333258200, 1.000000000000000000),
 ( 0.9222832275901193800, 0.3074277425300328500, 0.3074277425300328500, 0.9222832275901193800),
 ( 0.9222832275901193800, 0.3074277425300328500, 0.3074277425300328500, 0.9222832275901193800),
 ( 1.000000000000000000, 0.3333333333333258200, 0.3333333333333258200, 1.000000000000000000) ) ) 
 REPRESENTATION_ITEM ( '' )  SURFACE ( )  );
#1911 = VECTOR ( 'NONE', #994, 1000.000000000000000 ) ;
#1912 = SURFACE_STYLE_FILL_AREA ( #8654 ) ;
#1913 = DIRECTION ( 'NONE',  ( 0.0000000000000000000, 0.0000000000000000000, 1.000000000000000000 ) ) ;
#1914 = CARTESIAN_POINT ( 'NONE',  ( 1.599976746015110000, 2.001359678760009900, 0.05000000000000000300 ) ) ;
#1915 = CARTESIAN_POINT ( 'NONE',  ( -0.5066666666666673800, 0.1419441726459668700, 0.1800000000000000500 ) ) ;
#1916 = ORIENTED_EDGE ( 'NONE', *, *, #11032, .F. ) ;
#1917 = DIRECTION ( 'NONE',  ( 0.0000000000000000000, -1.000000000000000000, -0.0000000000000000000 ) ) ;
#1918 = ORIENTED_EDGE ( 'NONE', *, *, #9926, .F. ) ;
#1919 = PRESENTATION_STYLE_ASSIGNMENT (( #9920 ) ) ;
#1920 = MECHANICAL_DESIGN_GEOMETRIC_PRESENTATION_REPRESENTATION (  '', ( #715 ), #2528 ) ;
#1921 = VECTOR ( 'NONE', #969, 1000.000000000000000 ) ;
#1922 = ORIENTED_EDGE ( 'NONE', *, *, #9584, .F. ) ;
#1923 = LINE ( 'NONE', #6640, #6405 ) ;
#1924 = DIRECTION ( 'NONE',  ( 1.000000000000000000, 0.0000000000000000000, 0.0000000000000000000 ) ) ;
#1925 = CIRCLE ( 'NONE', #1238, 0.01000000000000002600 ) ;
#1926 = ORIENTED_EDGE ( 'NONE', *, *, #11442, .F. ) ;
#1927 = PRESENTATION_STYLE_ASSIGNMENT (( #4913 ) ) ;
#1928 = CARTESIAN_POINT ( 'NONE',  ( -0.7941636171043935400, 0.1645284209415263100, -0.005280001234875070200 ) ) ;
#1929 = CARTESIAN_POINT ( 'NONE',  ( 0.8000000000000000400, -0.1749999999999999900, 0.02000000000000000000 ) ) ;
#1930 = VERTEX_POINT ( 'NONE', #7648 ) ;
#1931 =( LENGTH_UNIT ( ) NAMED_UNIT ( * ) SI_UNIT ( .MILLI., .METRE. ) );
#1932 = DIRECTION ( 'NONE',  ( -1.000000000000000000, -0.0000000000000000000, 0.0000000000000000000 ) ) ;
#1933 = CARTESIAN_POINT ( 'NONE',  ( 0.8000000000000000400, 0.1850000000000000000, 0.1599999999999999800 ) ) ;
#1934 = CARTESIAN_POINT ( 'NONE',  ( 0.4745170327464609000, 0.3245170327464610400, 0.6331590247227179000 ) ) ;
#1935 = EDGE_LOOP ( 'NONE', ( #6917, #9480, #2255, #3180 ) ) ;
#1936 = CARTESIAN_POINT ( 'NONE',  ( 0.0000000000000000000, -0.3499999999999999800, 0.1799999999999999900 ) ) ;
#1937 =( GEOMETRIC_REPRESENTATION_CONTEXT ( 3 ) GLOBAL_UNCERTAINTY_ASSIGNED_CONTEXT ( ( #10487 ) ) GLOBAL_UNIT_ASSIGNED_CONTEXT ( ( #5111, #11368, #5988 ) ) REPRESENTATION_CONTEXT ( 'NONE', 'WORKASPACE' ) );
#1938 = SURFACE_STYLE_FILL_AREA ( #11129 ) ;
#1939 = CARTESIAN_POINT ( 'NONE',  ( 1.571250652219200000, 1.987983665967320000, 0.09999999999999997800 ) ) ;
#1940 = DIRECTION ( 'NONE',  ( 0.0000000000000000000, 0.0000000000000000000, 1.000000000000000000 ) ) ;
#1941 = VERTEX_POINT ( 'NONE', #7768 ) ;
#1942 = LINE ( 'NONE', #6033, #4044 ) ;
#1943 = DIRECTION ( 'NONE',  ( 0.0000000000000000000, 0.0000000000000000000, -1.000000000000000000 ) ) ;
#1944 = ORIENTED_EDGE ( 'NONE', *, *, #3837, .F. ) ;
#1945 = CARTESIAN_POINT ( 'NONE',  ( -0.4745170327464609500, 0.3245170327464608800, 0.6331590247227181200 ) ) ;
#1946 = EDGE_CURVE ( 'NONE', #4617, #8748, #41, .T. ) ;
#1947 = DIRECTION ( 'NONE',  ( 0.0000000000000000000, -0.0000000000000000000, -1.000000000000000000 ) ) ;
#1948 = CARTESIAN_POINT ( 'NONE',  ( 0.7900000000000000400, 0.3500000000000000300, 0.1700000000000000100 ) ) ;
#1949 = CARTESIAN_POINT ( 'NONE',  ( 1.464646490379500000, 2.001050005802550200, 0.1000000000000000100 ) ) ;
#1950 =( LENGTH_UNIT ( ) NAMED_UNIT ( * ) SI_UNIT ( .MILLI., .METRE. ) );
#1951 =( GEOMETRIC_REPRESENTATION_CONTEXT ( 3 ) GLOBAL_UNCERTAINTY_ASSIGNED_CONTEXT ( ( #793 ) ) GLOBAL_UNIT_ASSIGNED_CONTEXT ( ( #4438, #2116, #3460 ) ) REPRESENTATION_CONTEXT ( 'NONE', 'WORKASPACE' ) );
#1952 = DIRECTION ( 'NONE',  ( 0.0000000000000000000, -1.000000000000000000, 0.0000000000000000000 ) ) ;
#1953 = ORIENTED_EDGE ( 'NONE', *, *, #1164, .T. ) ;
#1954 = CARTESIAN_POINT ( 'NONE',  ( -0.8000000000000000400, 0.3499999999999999800, 0.02000000000000000000 ) ) ;
#1955 = CARTESIAN_POINT ( 'NONE',  ( -0.4870195807110012100, 0.3245170327464607100, 0.6231815624153095300 ) ) ;
#1956 = DIRECTION ( 'NONE',  ( 1.000000000000000000, 0.0000000000000000000, 0.0000000000000000000 ) ) ;
#1957 = EDGE_CURVE ( 'NONE', #10334, #2542, #11599, .T. ) ;
#1958 = CARTESIAN_POINT ( 'NONE',  ( 0.4670601198863058600, -0.2693041568910424200, 0.6724082048563622100 ) ) ;
#1959 = EDGE_CURVE ( 'NONE', #5724, #11240, #4731, .T. ) ;
#1960 = AXIS2_PLACEMENT_3D ( 'NONE', #6819, #1451, #7704 ) ;
#1961 = AXIS2_PLACEMENT_3D ( 'NONE', #10782, #5442, #47 ) ;
#1962 = DIRECTION ( 'NONE',  ( 0.0000000000000000000, 0.0000000000000000000, -1.000000000000000000 ) ) ;
#1963 = PRESENTATION_STYLE_ASSIGNMENT (( #11248 ) ) ;
#1964 = VECTOR ( 'NONE', #7842, 1000.000000000000000 ) ;
#1965 = EDGE_LOOP ( 'NONE', ( #3068, #5070, #9756, #11310 ) ) ;
#1966 = ORIENTED_EDGE ( 'NONE', *, *, #4742, .F. ) ;
#1967 = DIRECTION ( 'NONE',  ( 0.0000000000000000000, 1.000000000000000000, 0.0000000000000000000 ) ) ;
#1968 = EDGE_LOOP ( 'NONE', ( #10336, #3008, #10052, #1251 ) ) ;
#1969 = UNCERTAINTY_MEASURE_WITH_UNIT (LENGTH_MEASURE( 1.000000000000000100E-005 ), #2140, 'distance_accuracy_value', 'NONE');
#1970 = LINE ( 'NONE', #5543, #6702 ) ;
#1971 = DIRECTION ( 'NONE',  ( 0.0000000000000000000, -1.000000000000000000, 0.0000000000000000000 ) ) ;
#1972 = LINE ( 'NONE', #8175, #11208 ) ;
#1973 = ORIENTED_EDGE ( 'NONE', *, *, #6666, .T. ) ;
#1974 = ORIENTED_EDGE ( 'NONE', *, *, #5658, .T. ) ;
#1975 = CARTESIAN_POINT ( 'NONE',  ( -0.4745170327464610600, 0.3245170327464607700, 0.6331590247227181200 ) ) ;
#1976 = MECHANICAL_DESIGN_GEOMETRIC_PRESENTATION_REPRESENTATION (  '', ( #10619 ), #2597 ) ;
#1977 = CYLINDRICAL_SURFACE ( 'NONE', #9707, 0.009999999999999998500 ) ;
#1978 = CARTESIAN_POINT ( 'NONE',  ( 0.7700000000000000200, 0.3900000000000000700, 0.1800000000000000200 ) ) ;
#1979 = CARTESIAN_POINT ( 'NONE',  ( 1.600759566099030100, 1.985192742244400200, 0.1000000000000000100 ) ) ;
#1980 = UNCERTAINTY_MEASURE_WITH_UNIT (LENGTH_MEASURE( 1.000000000000000100E-005 ), #4561, 'distance_accuracy_value', 'NONE');
#1981 =( LENGTH_UNIT ( ) NAMED_UNIT ( * ) SI_UNIT ( .MILLI., .METRE. ) );
#1982 = ORIENTED_EDGE ( 'NONE', *, *, #4463, .T. ) ;
#1983 = CARTESIAN_POINT ( 'NONE',  ( -0.7960104076400854600, -0.1540413993313947700, 0.004343145750507234100 ) ) ;
#1984 = CARTESIAN_POINT ( 'NONE',  ( 0.7900000000000001500, 0.3700000000000000000, 0.1800000000000000200 ) ) ;
#1985 = DIRECTION ( 'NONE',  ( 0.0000000000000000000, 0.0000000000000000000, -1.000000000000000000 ) ) ;
#1986 = CARTESIAN_POINT ( 'NONE',  ( 0.7900000000000000400, -0.3499999999999999800, 0.1700000000000000100 ) ) ;
#1987 = PRESENTATION_LAYER_ASSIGNMENT (  '', '', ( #1376 ) ) ;
#1988 = ORIENTED_EDGE ( 'NONE', *, *, #1270, .T. ) ;
#1989 = SURFACE_SIDE_STYLE ('',( #8999 ) ) ;
#1990 = CARTESIAN_POINT ( 'NONE',  ( -0.8000000000000000400, -0.1850000000000000000, 0.1499999999999999900 ) ) ;
#1991 =( NAMED_UNIT ( * ) SI_UNIT ( $, .STERADIAN. ) SOLID_ANGLE_UNIT ( ) );
#1992 = CARTESIAN_POINT ( 'NONE',  ( -0.7700000000000000200, -0.3900000000000000700, 0.1800000000000000200 ) ) ;
#1993 = COLOUR_RGB ( '',1.000000000000000000, 0.9921568627450980700, 0.9411764705882352800 ) ;
#1994 = DIRECTION ( 'NONE',  ( -0.9980449639169570700, 0.06249999999999946600, 0.0000000000000000000 ) ) ;
#1995 = CARTESIAN_POINT ( 'NONE',  ( 0.4000000000000000200, 0.3499999999999999800, 0.0000000000000000000 ) ) ;
#1996 = UNCERTAINTY_MEASURE_WITH_UNIT (LENGTH_MEASURE( 1.000000000000000100E-005 ), #7163, 'distance_accuracy_value', 'NONE');
#1997 = FILL_AREA_STYLE ('',( #6461 ) ) ;
#1998 = ORIENTED_EDGE ( 'NONE', *, *, #8301, .T. ) ;
#1999 = CARTESIAN_POINT ( 'NONE',  ( 1.573701219720280000, 2.017560650931430100, 0.1000000000000000100 ) ) ;
#2000 = DIRECTION ( 'NONE',  ( 0.0000000000000000000, 1.000000000000000000, 0.0000000000000000000 ) ) ;
#2001 = EDGE_CURVE ( 'NONE', #11142, #4617, #6784, .T. ) ;
#2002 = MECHANICAL_DESIGN_GEOMETRIC_PRESENTATION_REPRESENTATION (  '', ( #822 ), #2629 ) ;
#2003 = SURFACE_STYLE_USAGE ( .BOTH. , #7357 ) ;
#2004 = VERTEX_POINT ( 'NONE', #8852 ) ;
#2005 = PRESENTATION_STYLE_ASSIGNMENT (( #517 ) ) ;
#2006 = PRESENTATION_LAYER_ASSIGNMENT (  '', '', ( #828 ) ) ;
#2007 = CARTESIAN_POINT ( 'NONE',  ( -0.4745170327464609000, 0.3245170327464609300, 0.6331590247227180100 ) ) ;
#2008 = LINE ( 'NONE', #4714, #8889 ) ;
#2009 = VECTOR ( 'NONE', #10408, 1000.000000000000000 ) ;
#2010 = CARTESIAN_POINT ( 'NONE',  ( 1.558006294300130000, 1.988048385278420300, 0.0000000000000000000 ) ) ;
#2011 = DIRECTION ( 'NONE',  ( 1.000000000000000000, -0.0000000000000000000, -0.0000000000000000000 ) ) ;
#2012 = SURFACE_STYLE_FILL_AREA ( #8304 ) ;
#2013 = CARTESIAN_POINT ( 'NONE',  ( 1.568663942658580000, 2.001359678760009900, 0.05000000000000000300 ) ) ;
#2014 = FILL_AREA_STYLE ('',( #5612 ) ) ;
#2015 = ORIENTED_EDGE ( 'NONE', *, *, #7120, .F. ) ;
#2016 = SURFACE_SIDE_STYLE ('',( #11151 ) ) ;
#2017 = EDGE_CURVE ( 'NONE', #10832, #3401, #11294, .T. ) ;
#2018 = EDGE_CURVE ( 'NONE', #3579, #7481, #6521, .T. ) ;
#2019 = EDGE_CURVE ( 'NONE', #672, #10299, #4469, .T. ) ;
#2020 = DIRECTION ( 'NONE',  ( 0.0000000000000000000, 1.000000000000000000, 0.0000000000000000000 ) ) ;
#2021 = PRESENTATION_LAYER_ASSIGNMENT (  '', '', ( #1410 ) ) ;
#2022 = FILL_AREA_STYLE ('',( #1710 ) ) ;
#2023 = FILL_AREA_STYLE ('',( #7378 ) ) ;
#2024 = UNCERTAINTY_MEASURE_WITH_UNIT (LENGTH_MEASURE( 1.000000000000000100E-005 ), #4705, 'distance_accuracy_value', 'NONE');
#2025 = VERTEX_POINT ( 'NONE', #9264 ) ;
#2026 = VECTOR ( 'NONE', #1454, 1000.000000000000000 ) ;
#2027 = SURFACE_STYLE_USAGE ( .BOTH. , #7382 ) ;
#2028 =( NAMED_UNIT ( * ) PLANE_ANGLE_UNIT ( ) SI_UNIT ( $, .RADIAN. ) );
#2029 = PRESENTATION_STYLE_ASSIGNMENT (( #4204 ) ) ;
#2030 = VERTEX_POINT ( 'NONE', #9760 ) ;
#2031 = CARTESIAN_POINT ( 'NONE',  ( -0.7900000000000000400, 0.0000000000000000000, 0.1799999999999999900 ) ) ;
#2032 = CIRCLE ( 'NONE', #4471, 0.009999999999999998500 ) ;
#2033 = ORIENTED_EDGE ( 'NONE', *, *, #7055, .T. ) ;
#2034 = CARTESIAN_POINT ( 'NONE',  ( -0.7903661165235165200, -0.1538407821866691600, 0.1799999999999999900 ) ) ;
#2035 =( GEOMETRIC_REPRESENTATION_CONTEXT ( 3 ) GLOBAL_UNCERTAINTY_ASSIGNED_CONTEXT ( ( #2845 ) ) GLOBAL_UNIT_ASSIGNED_CONTEXT ( ( #6913, #6871, #6833 ) ) REPRESENTATION_CONTEXT ( 'NONE', 'WORKASPACE' ) );
#2036 = EDGE_CURVE ( 'NONE', #19, #3622, #3882, .T. ) ;
#2037 = ORIENTED_EDGE ( 'NONE', *, *, #8860, .F. ) ;
#2038 = STYLED_ITEM ( 'NONE', ( #4401 ), #6138 ) ;
#2039 = AXIS2_PLACEMENT_3D ( 'NONE', #4972, #11217, #5872 ) ;
#2040 = VECTOR ( 'NONE', #10159, 1000.000000000000000 ) ;
#2041 = CARTESIAN_POINT ( 'NONE',  ( -0.4000000000000000200, 0.1850000000000000000, 0.02000000000000000000 ) ) ;
#2042 = CARTESIAN_POINT ( 'NONE',  ( 1.433299651367150100, 2.022050005444920200, 0.1000000000000000100 ) ) ;
#2043 = UNCERTAINTY_MEASURE_WITH_UNIT (LENGTH_MEASURE( 1.000000000000000100E-005 ), #5038, 'distance_accuracy_value', 'NONE');
#2044 = ORIENTED_EDGE ( 'NONE', *, *, #1482, .F. ) ;
#2045 = VECTOR ( 'NONE', #8476, 1000.000000000000000 ) ;
#2046 = CARTESIAN_POINT ( 'NONE',  ( 0.0000000000000000000, -0.3499999999999999800, 0.0000000000000000000 ) ) ;
#2047 = LINE ( 'NONE', #4833, #11296 ) ;
#2048 = SURFACE_STYLE_USAGE ( .BOTH. , #7394 ) ;
#2049 = LINE ( 'NONE', #4163, #4157 ) ;
#2050 = ORIENTED_EDGE ( 'NONE', *, *, #398, .F. ) ;
#2051 = VERTEX_POINT ( 'NONE', #10158 ) ;
#2052 = FILL_AREA_STYLE ('',( #261 ) ) ;
#2053 = ORIENTED_EDGE ( 'NONE', *, *, #8838, .F. ) ;
#2054 = FILL_AREA_STYLE_COLOUR ( '', #3287 ) ;
#2055 = ORIENTED_EDGE ( 'NONE', *, *, #3459, .F. ) ;
#2056 = VECTOR ( 'NONE', #2697, 1000.000000000000000 ) ;
#2057 = COLOUR_RGB ( '',1.000000000000000000, 0.9921568627450980700, 0.9411764705882352800 ) ;
#2058 = DIRECTION ( 'NONE',  ( -1.000000000000000000, -0.0000000000000000000, 0.0000000000000000000 ) ) ;
#2059 = ORIENTED_EDGE ( 'NONE', *, *, #8248, .F. ) ;
#2060 = CARTESIAN_POINT ( 'NONE',  ( -0.7982170378636493900, -0.1563905365920395300, 0.004343145750507751100 ) ) ;
#2061 = STYLED_ITEM ( 'NONE', ( #8921 ), #10313 ) ;
#2062 = CARTESIAN_POINT ( 'NONE',  ( 0.4620144847819207500, -0.3245170327464608800, 0.6431364870301264900 ) ) ;
#2063 = CARTESIAN_POINT ( 'NONE',  ( 1.464646490379500000, 2.014732339443119800, 0.0000000000000000000 ) ) ;
#2064 = SURFACE_SIDE_STYLE ('',( #8766 ) ) ;
#2065 = EDGE_LOOP ( 'NONE', ( #5818, #9610, #6063, #8759, #1098, #193, #2635, #4499, #3092, #4935, #4275 ) ) ;
#2066 = FACE_OUTER_BOUND ( 'NONE', #1068, .T. ) ;
#2067 = FILL_AREA_STYLE ('',( #10083 ) ) ;
#2068 = CARTESIAN_POINT ( 'NONE',  ( 0.7900000000000000400, 0.0000000000000000000, 0.1799999999999999900 ) ) ;
#2069 = EDGE_CURVE ( 'NONE', #1184, #5883, #6255, .T. ) ;
#2070 = CARTESIAN_POINT ( 'NONE',  ( -0.7700000000000000200, -0.3900000000000000700, 0.1700000000000000100 ) ) ;
#2071 = ORIENTED_EDGE ( 'NONE', *, *, #10414, .T. ) ;
#2072 =( GEOMETRIC_REPRESENTATION_CONTEXT ( 3 ) GLOBAL_UNCERTAINTY_ASSIGNED_CONTEXT ( ( #9616 ) ) GLOBAL_UNIT_ASSIGNED_CONTEXT ( ( #8142, #2805, #9043 ) ) REPRESENTATION_CONTEXT ( 'NONE', 'WORKASPACE' ) );
#2073 = STYLED_ITEM ( 'NONE', ( #4276 ), #8061 ) ;
#2074 = ADVANCED_FACE ( 'NONE', ( #4154 ), #11109, .T. ) ;
#2075 = FILL_AREA_STYLE ('',( #9200 ) ) ;
#2076 = CARTESIAN_POINT ( 'NONE',  ( 1.646673668681170000, 1.974774644385469700, 0.1000000000000000100 ) ) ;
#2077 = FACE_OUTER_BOUND ( 'NONE', #3377, .T. ) ;
#2078 = PLANE ( 'NONE',  #5697 ) ;
#2079 = FACE_OUTER_BOUND ( 'NONE', #10511, .T. ) ;
#2080 = EDGE_CURVE ( 'NONE', #11335, #1625, #7487, .T. ) ;
#2081 = CARTESIAN_POINT ( 'NONE',  ( 0.7983293621280290700, -0.1565101149028558800, 0.1756568542494924300 ) ) ;
#2082 = AXIS2_PLACEMENT_3D ( 'NONE', #8754, #8672, #8537 ) ;
#2083 = EDGE_CURVE ( 'NONE', #6854, #7990, #3040, .T. ) ;
#2084 = FILL_AREA_STYLE_COLOUR ( '', #2442 ) ;
#2085 = VECTOR ( 'NONE', #3655, 1000.000000000000000 ) ;
#2086 =( LENGTH_UNIT ( ) NAMED_UNIT ( * ) SI_UNIT ( .MILLI., .METRE. ) );
#2087 = CARTESIAN_POINT ( 'NONE',  ( 1.481221854764970000, 2.014732339443119800, 0.0000000000000000000 ) ) ;
#2088 = ORIENTED_EDGE ( 'NONE', *, *, #4662, .F. ) ;
#2089 = UNCERTAINTY_MEASURE_WITH_UNIT (LENGTH_MEASURE( 1.000000000000000100E-005 ), #435, 'distance_accuracy_value', 'NONE');
#2090 =( LENGTH_UNIT ( ) NAMED_UNIT ( * ) SI_UNIT ( .MILLI., .METRE. ) );
#2091 = ORIENTED_EDGE ( 'NONE', *, *, #5645, .T. ) ;
#2092 = ORIENTED_EDGE ( 'NONE', *, *, #7495, .T. ) ;
#2093 = DIRECTION ( 'NONE',  ( 0.0000000000000000000, -1.000000000000000000, -0.0000000000000000000 ) ) ;
#2094 = VERTEX_POINT ( 'NONE', #10184 ) ;
#2095 = FILL_AREA_STYLE ('',( #7418 ) ) ;
#2096 = VERTEX_POINT ( 'NONE', #7525 ) ;
#2097 = MECHANICAL_DESIGN_GEOMETRIC_PRESENTATION_REPRESENTATION (  '', ( #925 ), #2732 ) ;
#2098 =( LENGTH_UNIT ( ) NAMED_UNIT ( * ) SI_UNIT ( .MILLI., .METRE. ) );
#2099 = EDGE_CURVE ( 'NONE', #10495, #2749, #5154, .T. ) ;
#2100 =( BOUNDED_SURFACE ( )  B_SPLINE_SURFACE ( 3, 3, ( 
 ( #2858, #4240, #4282, #4331 ),
 ( #4368, #4449, #4496, #4529 ),
 ( #4565, #4605, #4676, #4712 ),
 ( #4751, #5020, #5067, #5106 ) ),
 .UNSPECIFIED., .F., .F., .F. ) 
 B_SPLINE_SURFACE_WITH_KNOTS ( ( 4, 4 ),
 ( 4, 4 ),
 ( 0.0000000000000000000, 1.000000000000000000 ),
 ( 0.0000000000000000000, 1.000000000000000000 ),
 .UNSPECIFIED. ) 
 GEOMETRIC_REPRESENTATION_ITEM ( )  RATIONAL_B_SPLINE_SURFACE ( (
 ( 1.000000000000000000, 0.3333333333333357600, 0.3333333333333357600, 1.000000000000000000),
 ( 0.9222832275901198300, 0.3074277425300421800, 0.3074277425300421800, 0.9222832275901198300),
 ( 0.9222832275901198300, 0.3074277425300421800, 0.3074277425300421800, 0.9222832275901198300),
 ( 1.000000000000000000, 0.3333333333333357600, 0.3333333333333357600, 1.000000000000000000) ) ) 
 REPRESENTATION_ITEM ( '' )  SURFACE ( )  );
#2101 = DIRECTION ( 'NONE',  ( 0.3301180510536038100, -0.8484716754920946800, 0.4136639798873088500 ) ) ;
#2102 = COLOUR_RGB ( '',0.8627450980392157300, 0.6274509803921568500, 0.05882352941176470500 ) ;
#2103 =( GEOMETRIC_REPRESENTATION_CONTEXT ( 3 ) GLOBAL_UNCERTAINTY_ASSIGNED_CONTEXT ( ( #3590 ) ) GLOBAL_UNIT_ASSIGNED_CONTEXT ( ( #7197, #1866, #8123 ) ) REPRESENTATION_CONTEXT ( 'NONE', 'WORKASPACE' ) );
#2104 = STYLED_ITEM ( 'NONE', ( #9565 ), #4336 ) ;
#2105 = CARTESIAN_POINT ( 'NONE',  ( -0.8008747832827527400, -0.1538940194805944200, 0.009658636588715486000 ) ) ;
#2106 = CARTESIAN_POINT ( 'NONE',  ( 0.7900000000000000400, 0.1596871942267130100, -3.630141202518429700E-018 ) ) ;
#2107 = EDGE_LOOP ( 'NONE', ( #10813, #4309, #6150, #296 ) ) ;
#2108 = CARTESIAN_POINT ( 'NONE',  ( -0.8000000000000000400, 0.3700000000000000000, 0.0000000000000000000 ) ) ;
#2109 =( NAMED_UNIT ( * ) SI_UNIT ( $, .STERADIAN. ) SOLID_ANGLE_UNIT ( ) );
#2110 = ORIENTED_EDGE ( 'NONE', *, *, #10121, .F. ) ;
#2111 = DIRECTION ( 'NONE',  ( -0.9925461516413219800, 0.0000000000000000000, 0.1218693434051486300 ) ) ;
#2112 = CARTESIAN_POINT ( 'NONE',  ( 1.636769289959040000, 2.022359678402379800, 0.1000000000000000100 ) ) ;
#2113 = CARTESIAN_POINT ( 'NONE',  ( -0.8000000000000000400, -0.3499999999999999800, 0.1600000000000000000 ) ) ;
#2114 = PLANE ( 'NONE',  #9705 ) ;
#2115 = UNCERTAINTY_MEASURE_WITH_UNIT (LENGTH_MEASURE( 1.000000000000000100E-005 ), #8149, 'distance_accuracy_value', 'NONE');
#2116 =( NAMED_UNIT ( * ) PLANE_ANGLE_UNIT ( ) SI_UNIT ( $, .RADIAN. ) );
#2117 = AXIS2_PLACEMENT_3D ( 'NONE', #2269, #8512, #3187 ) ;
#2118 = EDGE_LOOP ( 'NONE', ( #8171, #7765, #11598, #8, #2037, #8214 ) ) ;
#2119 =( GEOMETRIC_REPRESENTATION_CONTEXT ( 3 ) GLOBAL_UNCERTAINTY_ASSIGNED_CONTEXT ( ( #1746 ) ) GLOBAL_UNIT_ASSIGNED_CONTEXT ( ( #2251, #8500, #3164 ) ) REPRESENTATION_CONTEXT ( 'NONE', 'WORKASPACE' ) );
#2120 = PLANE ( 'NONE',  #686 ) ;
#2121 = CARTESIAN_POINT ( 'NONE',  ( -0.5500000000000000400, 0.0000000000000000000, 0.1799999999999999900 ) ) ;
#2122 = COLOUR_RGB ( '',0.0000000000000000000, 0.6470588235294118000, 0.9568627450980391500 ) ;
#2123 = PLANE ( 'NONE',  #3553 ) ;
#2124 =( NAMED_UNIT ( * ) PLANE_ANGLE_UNIT ( ) SI_UNIT ( $, .RADIAN. ) );
#2125 = ADVANCED_FACE ( 'NONE', ( #9611 ), #10340, .T. ) ;
#2126 = ORIENTED_EDGE ( 'NONE', *, *, #6812, .F. ) ;
#2127 = DIRECTION ( 'NONE',  ( 0.0000000000000000000, 0.0000000000000000000, -1.000000000000000000 ) ) ;
#2128 =( NAMED_UNIT ( * ) SI_UNIT ( $, .STERADIAN. ) SOLID_ANGLE_UNIT ( ) );
#2129 = CYLINDRICAL_SURFACE ( 'NONE', #7099, 0.05000000000000001000 ) ;
#2130 = ORIENTED_EDGE ( 'NONE', *, *, #5061, .F. ) ;
#2131 = LINE ( 'NONE', #5246, #6605 ) ;
#2132 = PRESENTATION_STYLE_ASSIGNMENT (( #2003 ) ) ;
#2133 = CARTESIAN_POINT ( 'NONE',  ( 1.587213375081740100, 1.979474752066250100, 0.1000000000000000100 ) ) ;
#2134 = EDGE_CURVE ( 'NONE', #10110, #1873, #11137, .T. ) ;
#2135 = STYLED_ITEM ( 'NONE', ( #1927 ), #11007 ) ;
#2136 = UNCERTAINTY_MEASURE_WITH_UNIT (LENGTH_MEASURE( 1.000000000000000100E-005 ), #9815, 'distance_accuracy_value', 'NONE');
#2137 = SURFACE_STYLE_USAGE ( .BOTH. , #7494 ) ;
#2138 =( GEOMETRIC_REPRESENTATION_CONTEXT ( 3 ) GLOBAL_UNCERTAINTY_ASSIGNED_CONTEXT ( ( #2024 ) ) GLOBAL_UNIT_ASSIGNED_CONTEXT ( ( #4705, #10951, #5610 ) ) REPRESENTATION_CONTEXT ( 'NONE', 'WORKASPACE' ) );
#2139 = VECTOR ( 'NONE', #11482, 1000.000000000000000 ) ;
#2140 =( LENGTH_UNIT ( ) NAMED_UNIT ( * ) SI_UNIT ( .MILLI., .METRE. ) );
#2141 = CARTESIAN_POINT ( 'NONE',  ( -0.7964615228356257700, -0.1491957449593051500, 0.009658636588715120000 ) ) ;
#2142 = CARTESIAN_POINT ( 'NONE',  ( 0.4000000000000000200, -0.1850000000000000000, 0.03000000000000000200 ) ) ;
#2143 = SURFACE_STYLE_FILL_AREA ( #10743 ) ;
#2144 = ORIENTED_EDGE ( 'NONE', *, *, #6248, .T. ) ;
#2146 = CARTESIAN_POINT ( 'NONE',  ( -0.7900000000000000400, 0.3700000000000000000, 0.1800000000000000200 ) ) ;
#2145 = FACE_OUTER_BOUND ( 'NONE', #6892, .T. ) ;
#2147 = COLOUR_RGB ( '',0.0000000000000000000, 0.7019607843137254400, 0.9803921568627450600 ) ;
#2148 = ORIENTED_EDGE ( 'NONE', *, *, #8020, .T. ) ;
#2149 = CARTESIAN_POINT ( 'NONE',  ( -0.7947090617410301800, -0.1442529692437624400, 0.1601389114025244000 ) ) ;
#2150 = DIRECTION ( 'NONE',  ( 1.000000000000000000, -0.0000000000000000000, 0.0000000000000000000 ) ) ;
#2151 = LINE ( 'NONE', #44, #6368 ) ;
#2152 = DIRECTION ( 'NONE',  ( -1.000000000000000000, -0.0000000000000000000, 0.0000000000000000000 ) ) ;
#2153 = CARTESIAN_POINT ( 'NONE',  ( -0.8000000000000000400, 0.1850000000000000000, 0.1600000000000000000 ) ) ;
#2154 = EDGE_CURVE ( 'NONE', #782, #10252, #6393, .T. ) ;
#2155 = DIRECTION ( 'NONE',  ( 0.0000000000000000000, -0.0000000000000000000, -1.000000000000000000 ) ) ;
#2156 = EDGE_LOOP ( 'NONE', ( #3845, #9683, #5133, #8786 ) ) ;
#2157 =( NAMED_UNIT ( * ) PLANE_ANGLE_UNIT ( ) SI_UNIT ( $, .RADIAN. ) );
#2158 = FACE_OUTER_BOUND ( 'NONE', #3600, .T. ) ;
#2160 = SURFACE_STYLE_FILL_AREA ( #9012 ) ;
#2159 = AXIS2_PLACEMENT_3D ( 'NONE', #1634, #7890, #2548 ) ;
#2161 = SURFACE_STYLE_FILL_AREA ( #5109 ) ;
#2162 = CARTESIAN_POINT ( 'NONE',  ( -0.7960104076400855700, 0.1540413993313948200, 0.1756568542494924600 ) ) ;
#2163 = CARTESIAN_POINT ( 'NONE',  ( -0.8000000000000000400, -0.1850000000000000000, 0.02000000000000000000 ) ) ;
#2164 = VECTOR ( 'NONE', #5485, 1000.000000000000000 ) ;
#2165 =( LENGTH_UNIT ( ) NAMED_UNIT ( * ) SI_UNIT ( .MILLI., .METRE. ) );
#2166 = DIRECTION ( 'NONE',  ( 0.0000000000000000000, -0.0000000000000000000, -1.000000000000000000 ) ) ;
#2167 =( NAMED_UNIT ( * ) SI_UNIT ( $, .STERADIAN. ) SOLID_ANGLE_UNIT ( ) );
#2168 = ORIENTED_EDGE ( 'NONE', *, *, #4270, .F. ) ;
#2169 = UNCERTAINTY_MEASURE_WITH_UNIT (LENGTH_MEASURE( 1.000000000000000100E-005 ), #3627, 'distance_accuracy_value', 'NONE');
#2170 = ORIENTED_EDGE ( 'NONE', *, *, #1136, .T. ) ;
#2171 = CARTESIAN_POINT ( 'NONE',  ( -0.5003726924179342500, 0.4000000000000004700, 0.1800000000000000500 ) ) ;
#2172 = EDGE_CURVE ( 'NONE', #2242, #7565, #4015, .T. ) ;
#2173 = EDGE_CURVE ( 'NONE', #672, #6660, #1619, .T. ) ;
#2174 =( LENGTH_UNIT ( ) NAMED_UNIT ( * ) SI_UNIT ( .MILLI., .METRE. ) );
#2175 = STYLED_ITEM ( 'NONE', ( #7331 ), #5398 ) ;
#2176 = MECHANICAL_DESIGN_GEOMETRIC_PRESENTATION_REPRESENTATION (  '', ( #1001 ), #2812 ) ;
#2177 = PRESENTATION_STYLE_ASSIGNMENT (( #5912 ) ) ;
#2178 = FILL_AREA_STYLE_COLOUR ( '', #4281 ) ;
#2179 = FACE_OUTER_BOUND ( 'NONE', #3757, .T. ) ;
#2180 = CLOSED_SHELL ( 'NONE', ( #1669, #9530, #2199, #9796, #10484, #11177, #11429, #7634, #6538, #4336, #11299, #6013, #8652, #4911, #8000, #1538, #2253, #10540, #10365, #4795, #3264, #6818, #9292, #11365, #9348, #4962, #4202, #2198, #1361, #3268, #1413, #314, #10606, #376, #10486, #8455, #7821, #3856, #2376, #1300, #3261, #1244, #9536, #6820, #1484, #7633, #2309, #11178 ) ) ;
#2181 = SURFACE_STYLE_USAGE ( .BOTH. , #7528 ) ;
#2182 = FILL_AREA_STYLE_COLOUR ( '', #5255 ) ;
#2183 = EDGE_LOOP ( 'NONE', ( #8314, #5175, #5891, #11455 ) ) ;
#2184 = ORIENTED_EDGE ( 'NONE', *, *, #8118, .F. ) ;
#2185 = SURFACE_STYLE_FILL_AREA ( #8994 ) ;
#2186 = SURFACE_STYLE_USAGE ( .BOTH. , #2226 ) ;
#2187 = B_SPLINE_CURVE_WITH_KNOTS ( 'NONE', 2,
 ( #7553, #11097, #7666, #7702 ),
 .UNSPECIFIED., .F., .F.,
 ( 3, 1, 3 ),
 ( 0.0000000000000000000, 5.341217835296488000E-006, 1.068243567059297600E-005 ),
 .UNSPECIFIED. ) ;
#2188 = ORIENTED_EDGE ( 'NONE', *, *, #1193, .F. ) ;
#2189 = SURFACE_STYLE_FILL_AREA ( #7737 ) ;
#2190 = CARTESIAN_POINT ( 'NONE',  ( -0.7938037774165221900, -0.1516922620707500100, 0.004343145750507443200 ) ) ;
#2191 = DIRECTION ( 'NONE',  ( -0.5292407919724583200, -0.5292407919724604300, 0.6631804944543587800 ) ) ;
#2192 = ORIENTED_EDGE ( 'NONE', *, *, #5626, .T. ) ;
#2193 = VECTOR ( 'NONE', #10239, 1000.000000000000000 ) ;
#2194 =( LENGTH_UNIT ( ) NAMED_UNIT ( * ) SI_UNIT ( .MILLI., .METRE. ) );
#2195 = CARTESIAN_POINT ( 'NONE',  ( -0.8000000000000000400, -0.1749999999999999600, 0.1499999999999999900 ) ) ;
#2196 = DIRECTION ( 'NONE',  ( 1.000000000000000000, 0.0000000000000000000, 0.0000000000000000000 ) ) ;
#2197 = AXIS2_PLACEMENT_3D ( 'NONE', #5765, #4830, #5802 ) ;
#2198 = ADVANCED_FACE ( 'NONE', ( #6113 ), #4673, .T. ) ;
#2199 = ADVANCED_FACE ( 'NONE', ( #169 ), #1401, .T. ) ;
#2200 = AXIS2_PLACEMENT_3D ( 'NONE', #7651, #2304, #8549 ) ;
#2201 = ORIENTED_EDGE ( 'NONE', *, *, #2698, .T. ) ;
#2202 = DIRECTION ( 'NONE',  ( -0.0000000000000000000, 0.0000000000000000000, 1.000000000000000000 ) ) ;
#2203 = VERTEX_POINT ( 'NONE', #3457 ) ;
#2204 = PRESENTATION_STYLE_ASSIGNMENT (( #6021 ) ) ;
#2205 =( GEOMETRIC_REPRESENTATION_CONTEXT ( 3 ) GLOBAL_UNCERTAINTY_ASSIGNED_CONTEXT ( ( #10934 ) ) GLOBAL_UNIT_ASSIGNED_CONTEXT ( ( #9809, #4445, #10696 ) ) REPRESENTATION_CONTEXT ( 'NONE', 'WORKASPACE' ) );
#2206 = PRESENTATION_STYLE_ASSIGNMENT (( #8952 ) ) ;
#2207 = CARTESIAN_POINT ( 'NONE',  ( 0.7960104076400857900, -0.1540413993313950500, 0.004343145750507714600 ) ) ;
#2208 = ORIENTED_EDGE ( 'NONE', *, *, #9026, .F. ) ;
#2209 = CARTESIAN_POINT ( 'NONE',  ( 1.573701219720280000, 2.017560650931430100, 0.1000000000000000100 ) ) ;
#2210 = FILL_AREA_STYLE_COLOUR ( '', #8174 ) ;
#2211 = DIRECTION ( 'NONE',  ( -1.000000000000000000, 0.0000000000000000000, 0.0000000000000000000 ) ) ;
#2212 = DIRECTION ( 'NONE',  ( 0.0000000000000000000, -1.000000000000000000, 0.0000000000000000000 ) ) ;
#2213 = DIRECTION ( 'NONE',  ( 0.0000000000000000000, 0.0000000000000000000, -1.000000000000000000 ) ) ;
#2214 = DIRECTION ( 'NONE',  ( -0.6010407640085624300, -0.5645794895318114700, -0.5656854249492403500 ) ) ;
#2215 = ORIENTED_EDGE ( 'NONE', *, *, #8023, .F. ) ;
#2216 = FACE_OUTER_BOUND ( 'NONE', #4992, .T. ) ;
#2217 = AXIS2_PLACEMENT_3D ( 'NONE', #9855, #4506, #10747 ) ;
#2218 = FILL_AREA_STYLE_COLOUR ( '', #2760 ) ;
#2219 =( GEOMETRIC_REPRESENTATION_CONTEXT ( 3 ) GLOBAL_UNCERTAINTY_ASSIGNED_CONTEXT ( ( #9134 ) ) GLOBAL_UNIT_ASSIGNED_CONTEXT ( ( #4814, #11065, #5725 ) ) REPRESENTATION_CONTEXT ( 'NONE', 'WORKASPACE' ) );
#2220 = SURFACE_STYLE_USAGE ( .BOTH. , #2257 ) ;
#2221 = FACE_OUTER_BOUND ( 'NONE', #7735, .T. ) ;
#2222 =( NAMED_UNIT ( * ) PLANE_ANGLE_UNIT ( ) SI_UNIT ( $, .RADIAN. ) );
#2223 = PRESENTATION_STYLE_ASSIGNMENT (( #1877 ) ) ;
#2224 = CARTESIAN_POINT ( 'NONE',  ( 1.525298029054880100, 2.022050005444920200, 0.0000000000000000000 ) ) ;
#2225 = FILL_AREA_STYLE ('',( #11146 ) ) ;
#2226 = SURFACE_SIDE_STYLE ('',( #1668 ) ) ;
#2227 = EDGE_CURVE ( 'NONE', #362, #10110, #3815, .T. ) ;
#2228 = CARTESIAN_POINT ( 'NONE',  ( 0.5174060846898271800, 0.1367473619437056300, 6.727808267600749500E-017 ) ) ;
#2229 =( GEOMETRIC_REPRESENTATION_CONTEXT ( 3 ) GLOBAL_UNCERTAINTY_ASSIGNED_CONTEXT ( ( #9978 ) ) GLOBAL_UNIT_ASSIGNED_CONTEXT ( ( #11221, #11269, #6515 ) ) REPRESENTATION_CONTEXT ( 'NONE', 'WORKASPACE' ) );
#2230 = ORIENTED_EDGE ( 'NONE', *, *, #8863, .F. ) ;
#2231 = CARTESIAN_POINT ( 'NONE',  ( -0.8000000000000000400, 0.4000000000000000200, 0.1600000000000000000 ) ) ;
#2232 = CIRCLE ( 'NONE', #1080, 0.01000000000000000000 ) ;
#2233 = CARTESIAN_POINT ( 'NONE',  ( -0.8000000000000000400, -0.3499999999999999800, 0.02000000000000000000 ) ) ;
#2234 = CARTESIAN_POINT ( 'NONE',  ( 0.7960104076400857900, 0.1540413993313948000, 0.004343145750507735500 ) ) ;
#2235 = PRESENTATION_LAYER_ASSIGNMENT (  '', '', ( #1640 ) ) ;
#2236 = DIRECTION ( 'NONE',  ( 0.0000000000000000000, -0.0000000000000000000, -1.000000000000000000 ) ) ;
#2237 = DIRECTION ( 'NONE',  ( -0.0000000000000000000, -0.0000000000000000000, -1.000000000000000000 ) ) ;
#2238 = VECTOR ( 'NONE', #8801, 1000.000000000000000 ) ;
#2239 = DIRECTION ( 'NONE',  ( 1.000000000000000000, -0.0000000000000000000, 0.0000000000000000000 ) ) ;
#2240 = ORIENTED_EDGE ( 'NONE', *, *, #10434, .T. ) ;
#2241 = UNCERTAINTY_MEASURE_WITH_UNIT (LENGTH_MEASURE( 1.000000000000000100E-005 ), #189, 'distance_accuracy_value', 'NONE');
#2242 = VERTEX_POINT ( 'NONE', #3671 ) ;
#2243 = VECTOR ( 'NONE', #5506, 1000.000000000000000 ) ;
#2244 = EDGE_CURVE ( 'NONE', #7088, #362, #8276, .T. ) ;
#2245 = CARTESIAN_POINT ( 'NONE',  ( -0.8056983668750092900, 0.1559519779327381300, 0.1601389114025247600 ) ) ;
#2246 = PRESENTATION_LAYER_ASSIGNMENT (  '', '', ( #1063 ) ) ;
#2247 = EDGE_CURVE ( 'NONE', #125, #3453, #10952, .T. ) ;
#2248 =( GEOMETRIC_REPRESENTATION_CONTEXT ( 3 ) GLOBAL_UNCERTAINTY_ASSIGNED_CONTEXT ( ( #2787 ) ) GLOBAL_UNIT_ASSIGNED_CONTEXT ( ( #2407, #8666, #3317 ) ) REPRESENTATION_CONTEXT ( 'NONE', 'WORKASPACE' ) );
#2249 = SURFACE_STYLE_FILL_AREA ( #9082 ) ;
#2250 = DIRECTION ( 'NONE',  ( 0.0000000000000000000, -1.000000000000000000, 0.0000000000000000000 ) ) ;
#2251 =( LENGTH_UNIT ( ) NAMED_UNIT ( * ) SI_UNIT ( .MILLI., .METRE. ) );
#2252 = VERTEX_POINT ( 'NONE', #3956 ) ;
#2253 = ADVANCED_FACE ( 'NONE', ( #10395 ), #7142, .T. ) ;
#2254 = ADVANCED_FACE ( 'NONE', ( #8542 ), #5191, .F. ) ;
#2255 = ORIENTED_EDGE ( 'NONE', *, *, #10668, .T. ) ;
#2256 =( NAMED_UNIT ( * ) SI_UNIT ( $, .STERADIAN. ) SOLID_ANGLE_UNIT ( ) );
#2257 = SURFACE_SIDE_STYLE ('',( #1523 ) ) ;
#2258 = SURFACE_STYLE_USAGE ( .BOTH. , #2064 ) ;
#2259 =( NAMED_UNIT ( * ) SI_UNIT ( $, .STERADIAN. ) SOLID_ANGLE_UNIT ( ) );
#2260 = ORIENTED_EDGE ( 'NONE', *, *, #1191, .F. ) ;
#2261 = STYLED_ITEM ( 'NONE', ( #4363 ), #674 ) ;
#2262 = SURFACE_STYLE_USAGE ( .BOTH. , #7600 ) ;
#2263 = EDGE_CURVE ( 'NONE', #6574, #6654, #5169, .T. ) ;
#2264 = SURFACE_SIDE_STYLE ('',( #9716 ) ) ;
#2265 = AXIS2_PLACEMENT_3D ( 'NONE', #10119, #4759, #10999 ) ;
#2266 = VECTOR ( 'NONE', #8600, 1000.000000000000000 ) ;
#2267 = CARTESIAN_POINT ( 'NONE',  ( -0.7993186015948878800, -0.1593066545647686700, 0.005161971817533468400 ) ) ;
#2268 = PRESENTATION_LAYER_ASSIGNMENT (  '', '', ( #1677 ) ) ;
#2269 = CARTESIAN_POINT ( 'NONE',  ( 1.587230926944140000, 2.001378828197530000, 0.0000000000000000000 ) ) ;
#2270 = CARTESIAN_POINT ( 'NONE',  ( 0.8000000000000000400, -0.3499999999999999800, 0.02000000000000000000 ) ) ;
#2271 = CARTESIAN_POINT ( 'NONE',  ( 0.7990393399629756000, 0.1625548777015473600, 0.006827189806825578600 ) ) ;
#2272 = VERTEX_POINT ( 'NONE', #6014 ) ;
#2273 = CARTESIAN_POINT ( 'NONE',  ( -0.7900000000000000400, -0.1596871942267129900, 0.1700000000000000100 ) ) ;
#2274 = VECTOR ( 'NONE', #7392, 1000.000000000000000 ) ;
#2275 = DIRECTION ( 'NONE',  ( 0.0000000000000000000, 0.0000000000000000000, 1.000000000000000000 ) ) ;
#2276 = CARTESIAN_POINT ( 'NONE',  ( -0.1991441109234209900, 0.1499999999999999900, 0.02000000000000000000 ) ) ;
#2277 = DIRECTION ( 'NONE',  ( -0.9980449639169570700, 0.06250000000000162400, -0.0000000000000000000 ) ) ;
#2278 = COLOUR_RGB ( '',0.0000000000000000000, 0.7019607843137254400, 0.9803921568627450600 ) ;
#2279 = CARTESIAN_POINT ( 'NONE',  ( 0.4688251361883971600, 0.3817457901632268500, 0.5620027708954582500 ) ) ;
#2280 =( GEOMETRIC_REPRESENTATION_CONTEXT ( 3 ) GLOBAL_UNCERTAINTY_ASSIGNED_CONTEXT ( ( #10021 ) ) GLOBAL_UNIT_ASSIGNED_CONTEXT ( ( #5397, #7, #6268 ) ) REPRESENTATION_CONTEXT ( 'NONE', 'WORKASPACE' ) );
#2281 = COLOUR_RGB ( '',0.7921568627450980000, 0.8196078431372548800, 0.9333333333333333500 ) ;
#2282 = STYLED_ITEM ( 'NONE', ( #5172 ), #10202 ) ;
#2283 = ORIENTED_EDGE ( 'NONE', *, *, #2313, .T. ) ;
#2284 = PLANE ( 'NONE',  #9081 ) ;
#2285 = FACE_OUTER_BOUND ( 'NONE', #11590, .T. ) ;
#2286 = CARTESIAN_POINT ( 'NONE',  ( 1.540103539337589900, 2.006665889013230100, 0.0000000000000000000 ) ) ;
#2287 = ORIENTED_EDGE ( 'NONE', *, *, #9185, .F. ) ;
#2288 = SURFACE_STYLE_FILL_AREA ( #11234 ) ;
#2289 = ORIENTED_EDGE ( 'NONE', *, *, #11571, .T. ) ;
#2290 = VECTOR ( 'NONE', #10887, 1000.000000000000000 ) ;
#2291 = PRODUCT ( '4', '4', '', ( #2348 ) ) ;
#2292 = CARTESIAN_POINT ( 'NONE',  ( 0.2000000000000000100, 0.2980549931478380100, 0.5999999999999999800 ) ) ;
#2293 = LINE ( 'NONE', #4143, #8890 ) ;
#2294 =( LENGTH_UNIT ( ) NAMED_UNIT ( * ) SI_UNIT ( .MILLI., .METRE. ) );
#2295 = CARTESIAN_POINT ( 'NONE',  ( 1.565038991714900100, 2.025958925018020100, 0.0000000000000000000 ) ) ;
#2296 = CARTESIAN_POINT ( 'NONE',  ( 1.443850704672070100, 2.022050005444920200, 0.0000000000000000000 ) ) ;
#2297 = VERTEX_POINT ( 'NONE', #5969 ) ;
#2298 = PRESENTATION_LAYER_ASSIGNMENT (  '', '', ( #2923 ) ) ;
#2299 = DIRECTION ( 'NONE',  ( 1.000000000000000000, 0.0000000000000000000, 0.0000000000000000000 ) ) ;
#2300 = SURFACE_STYLE_USAGE ( .BOTH. , #7642 ) ;
#2302 = FILL_AREA_STYLE_COLOUR ( '', #1993 ) ;
#2301 = AXIS2_PLACEMENT_3D ( 'NONE', #526, #6766, #1409 ) ;
#2303 = COLOUR_RGB ( '',1.000000000000000000, 0.9921568627450980700, 0.9411764705882352800 ) ;
#2304 = DIRECTION ( 'NONE',  ( -0.9980449639169569600, -0.06250000000000091600, 0.0000000000000000000 ) ) ;
#2305 = CARTESIAN_POINT ( 'NONE',  ( -0.8000000000000000400, 0.4000000000000000200, 0.0000000000000000000 ) ) ;
#2306 = SURFACE_STYLE_FILL_AREA ( #3966 ) ;
#2307 = CARTESIAN_POINT ( 'NONE',  ( 0.7817157287525381400, -0.3899999999999999000, 0.1800000000000000200 ) ) ;
#2308 = ADVANCED_FACE ( 'NONE', ( #6325 ), #720, .T. ) ;
#2309 = ADVANCED_FACE ( 'NONE', ( #3950 ), #9116, .T. ) ;
#2310 = ORIENTED_EDGE ( 'NONE', *, *, #5363, .T. ) ;
#2311 = PLANE ( 'NONE',  #11141 ) ;
#2312 = CARTESIAN_POINT ( 'NONE',  ( -0.6500000000000000200, 0.0000000000000000000, 0.004142135623730989500 ) ) ;
#2313 = EDGE_CURVE ( 'NONE', #9619, #8696, #11522, .T. ) ;
#2314 = LINE ( 'NONE', #8829, #9171 ) ;
#2315 = CARTESIAN_POINT ( 'NONE',  ( -0.7700000000000000200, -0.3700000000000000000, 0.02000000000000000000 ) ) ;
#2316 = ORIENTED_EDGE ( 'NONE', *, *, #8043, .F. ) ;
#2317 = DIRECTION ( 'NONE',  ( 1.000000000000000000, -2.710505431213754000E-015, 0.0000000000000000000 ) ) ;
#2318 = ORIENTED_EDGE ( 'NONE', *, *, #4514, .T. ) ;
#2319 = UNCERTAINTY_MEASURE_WITH_UNIT (LENGTH_MEASURE( 1.000000000000000100E-005 ), #9899, 'distance_accuracy_value', 'NONE');
#2320 = PRODUCT_DEFINITION ( 'UNKNOWN', '', #8308, #10353 ) ;
#2321 = VERTEX_POINT ( 'NONE', #8251 ) ;
#2322 = VECTOR ( 'NONE', #1109, 1000.000000000000000 ) ;
#2323 = CARTESIAN_POINT ( 'NONE',  ( -0.8000000000000000400, 0.1850000000000000000, 0.1499999999999999900 ) ) ;
#2324 = CARTESIAN_POINT ( 'NONE',  ( 0.0000000000000000000, 0.0000000000000000000, 0.0000000000000000000 ) ) ;
#2325 = VERTEX_POINT ( 'NONE', #8218 ) ;
#2326 = VECTOR ( 'NONE', #6476, 1000.000000000000000 ) ;
#2327 = FACE_OUTER_BOUND ( 'NONE', #4603, .T. ) ;
#2328 = FILL_AREA_STYLE ('',( #1411 ) ) ;
#2329 = VECTOR ( 'NONE', #9595, 1000.000000000000000 ) ;
#2330 = CARTESIAN_POINT ( 'NONE',  ( 0.7900000000000000400, 0.1596871942267129900, 0.1700000000000000100 ) ) ;
#2331 = VECTOR ( 'NONE', #9523, 1000.000000000000000 ) ;
#2332 = VERTEX_POINT ( 'NONE', #8284 ) ;
#2333 =( NAMED_UNIT ( * ) PLANE_ANGLE_UNIT ( ) SI_UNIT ( $, .RADIAN. ) );
#2334 = MECHANICAL_DESIGN_GEOMETRIC_PRESENTATION_REPRESENTATION (  '', ( #532 ), #2947 ) ;
#2335 = EDGE_CURVE ( 'NONE', #6337, #9069, #1972, .T. ) ;
#2336 = ORIENTED_EDGE ( 'NONE', *, *, #95, .F. ) ;
#2337 = FILL_AREA_STYLE ('',( #3456 ) ) ;
#2338 =( GEOMETRIC_REPRESENTATION_CONTEXT ( 3 ) GLOBAL_UNCERTAINTY_ASSIGNED_CONTEXT ( ( #262 ) ) GLOBAL_UNIT_ASSIGNED_CONTEXT ( ( #5301, #11552, #6173 ) ) REPRESENTATION_CONTEXT ( 'NONE', 'WORKASPACE' ) );
#2339 = AXIS2_PLACEMENT_3D ( 'NONE', #9086, #2806, #1956 ) ;
#2340 = FACE_OUTER_BOUND ( 'NONE', #9477, .T. ) ;
#2341 =( NAMED_UNIT ( * ) PLANE_ANGLE_UNIT ( ) SI_UNIT ( $, .RADIAN. ) );
#2342 = UNCERTAINTY_MEASURE_WITH_UNIT (LENGTH_MEASURE( 1.000000000000000100E-005 ), #8799, 'distance_accuracy_value', 'NONE');
#2343 = ORIENTED_EDGE ( 'NONE', *, *, #5784, .T. ) ;
#2344 = VECTOR ( 'NONE', #6241, 1000.000000000000000 ) ;
#2345 = DIRECTION ( 'NONE',  ( -0.0000000000000000000, 0.0000000000000000000, 1.000000000000000000 ) ) ;
#2346 = EDGE_LOOP ( 'NONE', ( #3649, #2391, #8904, #3341 ) ) ;
#2347 = CARTESIAN_POINT ( 'NONE',  ( 0.4480549931478379800, -0.2980549931478379000, 0.5999999999999996400 ) ) ;
#2348 = PRODUCT_CONTEXT ( 'NONE', #1422, 'mechanical' ) ;
#2349 = CARTESIAN_POINT ( 'NONE',  ( 0.8043509730773289500, -0.1545795646686656500, 0.1647732852175838900 ) ) ;
#2350 = DIRECTION ( 'NONE',  ( 0.0000000000000000000, -1.000000000000000000, 0.0000000000000000000 ) ) ;
#2351 = FILL_AREA_STYLE ('',( #3066 ) ) ;
#2352 = CARTESIAN_POINT ( 'NONE',  ( -0.8043509730773283900, -0.1545795646686646300, 0.01522671478241606500 ) ) ;
#2353 =( LENGTH_UNIT ( ) NAMED_UNIT ( * ) SI_UNIT ( .MILLI., .METRE. ) );
#2354 = ORIENTED_EDGE ( 'NONE', *, *, #4115, .T. ) ;
#2355 = FACE_OUTER_BOUND ( 'NONE', #4410, .T. ) ;
#2356 =( NAMED_UNIT ( * ) PLANE_ANGLE_UNIT ( ) SI_UNIT ( $, .RADIAN. ) );
#2357 = MECHANICAL_DESIGN_GEOMETRIC_PRESENTATION_REPRESENTATION (  '', ( #1148 ), #2961 ) ;
#2358 = AXIS2_PLACEMENT_3D ( 'NONE', #43, #6301, #955 ) ;
#2359 = CARTESIAN_POINT ( 'NONE',  ( -0.07619999999999999000, -0.1270000000000000000, 0.0000000000000000000 ) ) ;
#2360 =( LENGTH_UNIT ( ) NAMED_UNIT ( * ) SI_UNIT ( .MILLI., .METRE. ) );
#2361 = PRESENTATION_LAYER_ASSIGNMENT (  '', '', ( #1765 ) ) ;
#2362 = CARTESIAN_POINT ( 'NONE',  ( -0.7808758610888691900, 0.1568991654936682500, 0.1868268514104751700 ) ) ;
#2363 = PLANE ( 'NONE',  #1427 ) ;
#2364 = FILL_AREA_STYLE_COLOUR ( '', #8297 ) ;
#2365 = SURFACE_SIDE_STYLE ('',( #4318 ) ) ;
#2366 = ORIENTED_EDGE ( 'NONE', *, *, #4194, .F. ) ;
#2367 = CARTESIAN_POINT ( 'NONE',  ( -0.4976823007299042700, -0.2980549931478377900, 0.6060934671702570300 ) ) ;
#2368 = CARTESIAN_POINT ( 'NONE',  ( 1.443850704672070100, 1.988048385278420300, 0.0000000000000000000 ) ) ;
#2369 = CARTESIAN_POINT ( 'NONE',  ( 1.574484039804209900, 2.005443957458690600, 0.0000000000000000000 ) ) ;
#2370 = EDGE_CURVE ( 'NONE', #10535, #2325, #10530, .T. ) ;
#2371 = ADVANCED_FACE ( 'NONE', ( #7004 ), #6360, .T. ) ;
#2372 = CARTESIAN_POINT ( 'NONE',  ( 1.507599488027270100, 1.980050006160170200, 0.1000000000000000100 ) ) ;
#2373 = ADVANCED_FACE ( 'NONE', ( #3243 ), #10833, .T. ) ;
#2374 = PRESENTATION_LAYER_ASSIGNMENT (  '', '', ( #568 ) ) ;
#2375 = CARTESIAN_POINT ( 'NONE',  ( -0.4480549931478379800, 0.2980549931478379000, 0.5999999999999996400 ) ) ;
#2376 = ADVANCED_FACE ( 'NONE', ( #283 ), #1533, .T. ) ;
#2377 =( NAMED_UNIT ( * ) SI_UNIT ( $, .STERADIAN. ) SOLID_ANGLE_UNIT ( ) );
#2378 = SURFACE_STYLE_USAGE ( .BOTH. , #7712 ) ;
#2379 = CARTESIAN_POINT ( 'NONE',  ( -0.4000000000000000800, 0.1850000000000000000, 0.1499999999999999900 ) ) ;
#2380 = EDGE_LOOP ( 'NONE', ( #3891, #10014, #5441, #9179 ) ) ;
#2381 = APPLICATION_CONTEXT ( 'automotive_design' ) ;
#2382 = ORIENTED_EDGE ( 'NONE', *, *, #2036, .T. ) ;
#2383 = DIRECTION ( 'NONE',  ( 0.0000000000000000000, -1.000000000000000000, 0.0000000000000000000 ) ) ;
#2384 = DIRECTION ( 'NONE',  ( 0.0000000000000000000, 0.0000000000000000000, -1.000000000000000000 ) ) ;
#2385 = SURFACE_STYLE_FILL_AREA ( #6549 ) ;
#2386 = CARTESIAN_POINT ( 'NONE',  ( -0.7959945797752955300, -0.1456835046669547600, 0.01522671478241558100 ) ) ;
#2387 = EDGE_CURVE ( 'NONE', #10457, #2004, #2187, .T. ) ;
#2388 = CARTESIAN_POINT ( 'NONE',  ( -0.5003726924179342500, 0.4000000000000003600, 0.1799999999999999900 ) ) ;
#2389 = PRESENTATION_LAYER_ASSIGNMENT (  '', '', ( #2994 ) ) ;
#2390 = CARTESIAN_POINT ( 'NONE',  ( 1.464646490379500000, 2.014732339443119800, 0.1000000000000000100 ) ) ;
#2391 = ORIENTED_EDGE ( 'NONE', *, *, #1571, .T. ) ;
#2392 = CARTESIAN_POINT ( 'NONE',  ( -0.4000000000000000200, 0.0000000000000000000, 0.02000000000000000000 ) ) ;
#2393 = UNCERTAINTY_MEASURE_WITH_UNIT (LENGTH_MEASURE( 1.000000000000000100E-005 ), #4800, 'distance_accuracy_value', 'NONE');
#2394 = MECHANICAL_DESIGN_GEOMETRIC_PRESENTATION_REPRESENTATION (  '', ( #582 ), #2999 ) ;
#2395 = ORIENTED_EDGE ( 'NONE', *, *, #6002, .T. ) ;
#2396 = CARTESIAN_POINT ( 'NONE',  ( 0.4000000000000000200, 0.1749999999999999600, 0.1499999999999999900 ) ) ;
#2397 = SURFACE_SIDE_STYLE ('',( #7918 ) ) ;
#2398 = AXIS2_PLACEMENT_3D ( 'NONE', #4039, #4928, #3174 ) ;
#2399 = LINE ( 'NONE', #4406, #4528 ) ;
#2400 = CARTESIAN_POINT ( 'NONE',  ( -0.4000000000000000200, 0.3499999999999999800, 0.02000000000000000000 ) ) ;
#2401 = CARTESIAN_POINT ( 'NONE',  ( 1.599976746015110000, 1.993089014395179800, 0.0000000000000000000 ) ) ;
#2402 = SURFACE_SIDE_STYLE ('',( #6519 ) ) ;
#2403 = ORIENTED_EDGE ( 'NONE', *, *, #6169, .T. ) ;
#2404 = SURFACE_SIDE_STYLE ('',( #2189 ) ) ;
#2405 = ORIENTED_EDGE ( 'NONE', *, *, #6731, .T. ) ;
#2406 = EDGE_CURVE ( 'NONE', #11085, #5591, #11066, .T. ) ;
#2407 =( LENGTH_UNIT ( ) NAMED_UNIT ( * ) SI_UNIT ( .MILLI., .METRE. ) );
#2408 = EDGE_CURVE ( 'NONE', #3110, #9247, #6311, .T. ) ;
#2409 =( NAMED_UNIT ( * ) SI_UNIT ( $, .STERADIAN. ) SOLID_ANGLE_UNIT ( ) );
#2410 = EDGE_CURVE ( 'NONE', #321, #9733, #10798, .T. ) ;
#2411 =( BOUNDED_SURFACE ( )  B_SPLINE_SURFACE ( 3, 3, ( 
 ( #10051, #10968, #5623, #247 ),
 ( #6496, #1144, #7389, #2034 ),
 ( #8293, #2957, #9199, #3853 ),
 ( #10125, #4764, #11005, #5656 ) ),
 .UNSPECIFIED., .F., .F., .F. ) 
 B_SPLINE_SURFACE_WITH_KNOTS ( ( 4, 4 ),
 ( 4, 4 ),
 ( 0.0000000000000000000, 1.000000000000000000 ),
 ( 0.0000000000000000000, 1.000000000000000000 ),
 .UNSPECIFIED. ) 
 GEOMETRIC_REPRESENTATION_ITEM ( )  RATIONAL_B_SPLINE_SURFACE ( (
 ( 1.000000000000000000, 0.3750000000000008300, 0.3750000000000008300, 1.000000000000000000),
 ( 0.8047378541243677100, 0.3017766952966385900, 0.3017766952966385900, 0.8047378541243677100),
 ( 0.8047378541243677100, 0.3017766952966385900, 0.3017766952966385900, 0.8047378541243677100),
 ( 1.000000000000000000, 0.3750000000000008300, 0.3750000000000008300, 1.000000000000000000) ) ) 
 REPRESENTATION_ITEM ( '' )  SURFACE ( )  );
#2412 = SURFACE_STYLE_FILL_AREA ( #1352 ) ;
#2413 =( GEOMETRIC_REPRESENTATION_CONTEXT ( 3 ) GLOBAL_UNCERTAINTY_ASSIGNED_CONTEXT ( ( #9889 ) ) GLOBAL_UNIT_ASSIGNED_CONTEXT ( ( #1207, #7459, #2109 ) ) REPRESENTATION_CONTEXT ( 'NONE', 'WORKASPACE' ) );
#2414 = SURFACE_SIDE_STYLE ('',( #8382 ) ) ;
#2415 = CARTESIAN_POINT ( 'NONE',  ( -0.6500000000000001300, 0.0000000000000000000, 0.009999999999999998500 ) ) ;
#2416 = CARTESIAN_POINT ( 'NONE',  ( 1.587213375081740100, 1.979474752066250100, 0.1000000000000000100 ) ) ;
#2417 = VERTEX_POINT ( 'NONE', #8451 ) ;
#2418 = CARTESIAN_POINT ( 'NONE',  ( -0.1991441109234209900, 0.0000000000000000000, 0.02000000000000000000 ) ) ;
#2419 = CARTESIAN_POINT ( 'NONE',  ( -0.4745170327464609500, 0.3245170327464608800, 0.6331590247227180100 ) ) ;
#2420 = CARTESIAN_POINT ( 'NONE',  ( 0.7959945797752959700, -0.1456835046669549000, 0.01522671478241645700 ) ) ;
#2421 = AXIS2_PLACEMENT_3D ( 'NONE', #2679, #2426, #1962 ) ;
#2422 = EDGE_CURVE ( 'NONE', #7887, #4170, #3938, .T. ) ;
#2423 = SHAPE_REPRESENTATION_RELATIONSHIP ( 'NONE' , 'NONE' ,  #5508, #4951 ) ;
#2424 = AXIS2_PLACEMENT_3D ( 'NONE', #2468, #8716, #3379 ) ;
#2425 = EDGE_LOOP ( 'NONE', ( #2289, #9982, #1452, #9935, #1392 ) ) ;
#2426 = DIRECTION ( 'NONE',  ( 0.0000000000000000000, -1.000000000000000000, 0.0000000000000000000 ) ) ;
#2427 = CARTESIAN_POINT ( 'NONE',  ( -0.7909622082928544600, -0.1504105945630584100, 0.005161971817532967100 ) ) ;
#2428 = MECHANICAL_DESIGN_GEOMETRIC_PRESENTATION_REPRESENTATION (  '', ( #625 ), #3042 ) ;
#2429 = ORIENTED_EDGE ( 'NONE', *, *, #5021, .T. ) ;
#2430 = SURFACE_SIDE_STYLE ('',( #2612 ) ) ;
#2431 = FACE_OUTER_BOUND ( 'NONE', #2156, .T. ) ;
#2432 = ORIENTED_EDGE ( 'NONE', *, *, #6627, .T. ) ;
#2433 =( NAMED_UNIT ( * ) SI_UNIT ( $, .STERADIAN. ) SOLID_ANGLE_UNIT ( ) );
#2434 = CARTESIAN_POINT ( 'NONE',  ( -0.7900000000000000400, 0.1596871942267131000, 0.01000000000000000000 ) ) ;
#2435 = ADVANCED_FACE ( 'NONE', ( #1248 ), #8795, .F. ) ;
#2436 = ADVANCED_FACE ( 'NONE', ( #5218 ), #8419, .T. ) ;
#2437 = COLOUR_RGB ( '',0.8627450980392157300, 0.6274509803921568500, 0.05882352941176470500 ) ;
#2438 = DIRECTION ( 'NONE',  ( 0.0000000000000000000, 0.0000000000000000000, -1.000000000000000000 ) ) ;
#2439 = CARTESIAN_POINT ( 'NONE',  ( 1.529620557344310000, 2.022050005444920200, 0.0000000000000000000 ) ) ;
#2440 = CARTESIAN_POINT ( 'NONE',  ( 1.590174477138280000, 2.018411542327000200, 0.0000000000000000000 ) ) ;
#2441 = ADVANCED_FACE ( 'NONE', ( #4371 ), #5619, .T. ) ;
#2442 = COLOUR_RGB ( '',0.8627450980392157300, 0.6274509803921568500, 0.05882352941176470500 ) ;
#2443 = SURFACE_STYLE_USAGE ( .BOTH. , #7785 ) ;
#2444 = LINE ( 'NONE', #7987, #4825 ) ;
#2445 = VERTEX_POINT ( 'NONE', #6931 ) ;
#2446 = ORIENTED_EDGE ( 'NONE', *, *, #6081, .F. ) ;
#2447 = COLOUR_RGB ( '',0.0000000000000000000, 0.7019607843137254400, 0.9803921568627450600 ) ;
#2448 = SURFACE_SIDE_STYLE ('',( #8216 ) ) ;
#2449 =( GEOMETRIC_REPRESENTATION_CONTEXT ( 3 ) GLOBAL_UNCERTAINTY_ASSIGNED_CONTEXT ( ( #1415 ) ) GLOBAL_UNIT_ASSIGNED_CONTEXT ( ( #9694, #4345, #10594 ) ) REPRESENTATION_CONTEXT ( 'NONE', 'WORKASPACE' ) );
#2450 = CARTESIAN_POINT ( 'NONE',  ( -0.8000000000000000400, -0.3499999999999999800, 0.0000000000000000000 ) ) ;
#2451 =( NAMED_UNIT ( * ) PLANE_ANGLE_UNIT ( ) SI_UNIT ( $, .RADIAN. ) );
#2452 = SURFACE_SIDE_STYLE ('',( #6890 ) ) ;
#2453 =( LENGTH_UNIT ( ) NAMED_UNIT ( * ) SI_UNIT ( .MILLI., .METRE. ) );
#2454 = PLANE ( 'NONE',  #8709 ) ;
#2455 = CARTESIAN_POINT ( 'NONE',  ( 1.556610832411420100, 1.998667509894980000, 0.0000000000000000000 ) ) ;
#2456 = EDGE_LOOP ( 'NONE', ( #109, #7878, #4378, #6878 ) ) ;
#2457 = LINE ( 'NONE', #6233, #9300 ) ;
#2458 = CARTESIAN_POINT ( 'NONE',  ( 1.540103539337589900, 1.998667509894980000, 0.1000000000000000100 ) ) ;
#2459 = PRESENTATION_STYLE_ASSIGNMENT (( #1480 ) ) ;
#2460 = DIRECTION ( 'NONE',  ( 0.0000000000000000000, 0.0000000000000000000, 1.000000000000000000 ) ) ;
#2461 = EDGE_CURVE ( 'NONE', #2684, #3046, #1311, .T. ) ;
#2462 = CARTESIAN_POINT ( 'NONE',  ( 0.4000000000000000200, 0.3499999999999999800, 0.1600000000000000000 ) ) ;
#2463 = AXIS2_PLACEMENT_3D ( 'NONE', #3550, #3587, #3666 ) ;
#2464 = PLANE ( 'NONE',  #3210 ) ;
#2465 = FACE_OUTER_BOUND ( 'NONE', #8093, .T. ) ;
#2466 = ORIENTED_EDGE ( 'NONE', *, *, #7559, .F. ) ;
#2468 = CARTESIAN_POINT ( 'NONE',  ( 0.5211456281878179600, 0.3693372604249999800, 0.4149999999999999800 ) ) ;
#2467 =( GEOMETRIC_REPRESENTATION_CONTEXT ( 3 ) GLOBAL_UNCERTAINTY_ASSIGNED_CONTEXT ( ( #5705 ) ) GLOBAL_UNIT_ASSIGNED_CONTEXT ( ( #11408, #6038, #679 ) ) REPRESENTATION_CONTEXT ( 'NONE', 'WORKASPACE' ) );
#2469 = ORIENTED_EDGE ( 'NONE', *, *, #2099, .T. ) ;
#2470 = COLOUR_RGB ( '',0.8627450980392157300, 0.6274509803921568500, 0.05882352941176470500 ) ;
#2471 = LINE ( 'NONE', #9856, #87 ) ;
#2472 = CARTESIAN_POINT ( 'NONE',  ( -0.7990804081733015000, -0.1621684676773496900, 0.006625171194059788200 ) ) ;
#2473 = CARTESIAN_POINT ( 'NONE',  ( -0.7982170378636490600, 0.1563905365920398600, 0.004343145750507443200 ) ) ;
#2474 = FACE_OUTER_BOUND ( 'NONE', #6205, .T. ) ;
#2475 = CARTESIAN_POINT ( 'NONE',  ( 0.7993186015948872100, 0.1593066545647689500, 0.1748380281824668500 ) ) ;
#2476 = DIRECTION ( 'NONE',  ( 0.9980449639169571800, -0.06250000000000038900, -0.0000000000000000000 ) ) ;
#2477 = SURFACE_STYLE_FILL_AREA ( #7009 ) ;
#2478 = ORIENTED_EDGE ( 'NONE', *, *, #9608, .F. ) ;
#2479 = FILL_AREA_STYLE_COLOUR ( '', #6932 ) ;
#2480 = UNCERTAINTY_MEASURE_WITH_UNIT (LENGTH_MEASURE( 1.000000000000000100E-005 ), #1295, 'distance_accuracy_value', 'NONE');
#2481 = ORIENTED_EDGE ( 'NONE', *, *, #3084, .F. ) ;
#2482 = ORIENTED_EDGE ( 'NONE', *, *, #3761, .T. ) ;
#2483 = LINE ( 'NONE', #1809, #4604 ) ;
#2484 = EDGE_CURVE ( 'NONE', #7096, #978, #1120, .T. ) ;
#2485 = CARTESIAN_POINT ( 'NONE',  ( -0.7900000000000001500, 0.1596871942267129900, 0.0000000000000000000 ) ) ;
#2486 = PRESENTATION_LAYER_ASSIGNMENT (  '', '', ( #680 ) ) ;
#2487 = EDGE_CURVE ( 'NONE', #3817, #7618, #10371, .T. ) ;
#2488 = CARTESIAN_POINT ( 'NONE',  ( 1.568663942428350200, 2.006635205518609900, 0.0000000000000000000 ) ) ;
#2489 = VERTEX_POINT ( 'NONE', #812 ) ;
#2490 = CIRCLE ( 'NONE', #198, 0.05000000000000001000 ) ;
#2491 = MECHANICAL_DESIGN_GEOMETRIC_PRESENTATION_REPRESENTATION (  '', ( #1258 ), #3089 ) ;
#2492 = FILL_AREA_STYLE ('',( #1491 ) ) ;
#2493 = ORIENTED_EDGE ( 'NONE', *, *, #6647, .F. ) ;
#2494 = VECTOR ( 'NONE', #11086, 1000.000000000000000 ) ;
#2495 = CARTESIAN_POINT ( 'NONE',  ( -0.8000000000000000400, -0.1749999999999999900, 0.03000000000000000200 ) ) ;
#2496 = VERTEX_POINT ( 'NONE', #1260 ) ;
#2497 = CARTESIAN_POINT ( 'NONE',  ( -0.7960104076400856800, 0.1540413993313949100, 0.004343145750507580200 ) ) ;
#2498 = CARTESIAN_POINT ( 'NONE',  ( 0.4000000000000000800, -0.1749999999999999600, 0.1499999999999999900 ) ) ;
#2499 = COLOUR_RGB ( '',0.0000000000000000000, 0.6470588235294118000, 0.9568627450980391500 ) ;
#2500 = VERTEX_POINT ( 'NONE', #1335 ) ;
#2501 =( NAMED_UNIT ( * ) PLANE_ANGLE_UNIT ( ) SI_UNIT ( $, .RADIAN. ) );
#2502 = VERTEX_POINT ( 'NONE', #650 ) ;
#2503 = COLOUR_RGB ( '',1.000000000000000000, 0.9921568627450980700, 0.9411764705882352800 ) ;
#2504 = FACE_OUTER_BOUND ( 'NONE', #277, .T. ) ;
#2505 = ADVANCED_FACE ( 'NONE', ( #5364 ), #7438, .T. ) ;
#2506 = SURFACE_STYLE_USAGE ( .BOTH. , #7838 ) ;
#2507 = ADVANCED_FACE ( 'NONE', ( #9229 ), #2123, .F. ) ;
#2508 = DIRECTION ( 'NONE',  ( 0.0000000000000000000, 0.0000000000000000000, 1.000000000000000000 ) ) ;
#2509 = PRESENTATION_LAYER_ASSIGNMENT (  '', '', ( #1897 ) ) ;
#2510 = EDGE_CURVE ( 'NONE', #1162, #6941, #6012, .T. ) ;
#2511 = STYLED_ITEM ( 'NONE', ( #3710 ), #5948 ) ;
#2512 = STYLED_ITEM ( 'NONE', ( #6613 ), #4515 ) ;
#2513 = PRESENTATION_LAYER_ASSIGNMENT (  '', '', ( #1274 ) ) ;
#2514 =( NAMED_UNIT ( * ) SI_UNIT ( $, .STERADIAN. ) SOLID_ANGLE_UNIT ( ) );
#2515 = CARTESIAN_POINT ( 'NONE',  ( 1.502323961374810100, 2.006507609743080100, 0.1000000000000000100 ) ) ;
#2516 = EDGE_LOOP ( 'NONE', ( #1998, #1198, #7809, #4103 ) ) ;
#2517 = DIRECTION ( 'NONE',  ( 0.0000000000000000000, 0.0000000000000000000, -1.000000000000000000 ) ) ;
#2518 = CARTESIAN_POINT ( 'NONE',  ( 0.0000000000000000000, 0.0000000000000000000, 0.0000000000000000000 ) ) ;
#2519 = DIRECTION ( 'NONE',  ( -1.000000000000000000, 0.0000000000000000000, 0.0000000000000000000 ) ) ;
#2520 = CARTESIAN_POINT ( 'NONE',  ( -0.8056983668750088400, -0.1559519779327373000, 0.01986108859747529400 ) ) ;
#2521 = SURFACE_STYLE_FILL_AREA ( #3728 ) ;
#2522 = DIRECTION ( 'NONE',  ( -1.000000000000000000, 0.0000000000000000000, 0.0000000000000000000 ) ) ;
#2523 = SURFACE_STYLE_USAGE ( .BOTH. , #7856 ) ;
#2524 = DIRECTION ( 'NONE',  ( 0.06249999999999743300, 0.9980449639169571800, -3.557538378468059800E-015 ) ) ;
#2525 = MECHANICAL_DESIGN_GEOMETRIC_PRESENTATION_REPRESENTATION (  '', ( #11126 ), #3117 ) ;
#2527 = CARTESIAN_POINT ( 'NONE',  ( 1.487246165845520100, 2.014732339443119800, 0.0000000000000000000 ) ) ;
#2526 = UNCERTAINTY_MEASURE_WITH_UNIT (LENGTH_MEASURE( 1.000000000000000100E-005 ), #8631, 'distance_accuracy_value', 'NONE');
#2528 =( GEOMETRIC_REPRESENTATION_CONTEXT ( 3 ) GLOBAL_UNCERTAINTY_ASSIGNED_CONTEXT ( ( #7111 ) ) GLOBAL_UNIT_ASSIGNED_CONTEXT ( ( #7836, #2501, #8744 ) ) REPRESENTATION_CONTEXT ( 'NONE', 'WORKASPACE' ) );
#2529 = DIRECTION ( 'NONE',  ( 0.0000000000000000000, 0.0000000000000000000, 1.000000000000000000 ) ) ;
#2530 = VECTOR ( 'NONE', #6767, 1000.000000000000000 ) ;
#2531 = CARTESIAN_POINT ( 'NONE',  ( 1.600759566099030100, 1.985192742244400200, 0.0000000000000000000 ) ) ;
#2532 = VECTOR ( 'NONE', #491, 1000.000000000000000 ) ;
#2533 = FILL_AREA_STYLE ('',( #1569 ) ) ;
#2534 = ORIENTED_EDGE ( 'NONE', *, *, #3958, .F. ) ;
#2535 =( LENGTH_UNIT ( ) NAMED_UNIT ( * ) SI_UNIT ( .MILLI., .METRE. ) );
#2536 = FACE_OUTER_BOUND ( 'NONE', #9127, .T. ) ;
#2537 = DIRECTION ( 'NONE',  ( -1.000000000000000000, -1.589639881786250100E-014, 0.0000000000000000000 ) ) ;
#2538 =( LENGTH_UNIT ( ) NAMED_UNIT ( * ) SI_UNIT ( .MILLI., .METRE. ) );
#2539 = SURFACE_STYLE_USAGE ( .BOTH. , #3054 ) ;
#2540 = CARTESIAN_POINT ( 'NONE',  ( -0.4270360317781705700, -0.3721743422346437400, 0.6222548626645929600 ) ) ;
#2541 = CIRCLE ( 'NONE', #3309, 0.05000000000000002400 ) ;
#2542 = VERTEX_POINT ( 'NONE', #4394 ) ;
#2543 = SURFACE_STYLE_USAGE ( .BOTH. , #7880 ) ;
#2544 = ORIENTED_EDGE ( 'NONE', *, *, #3014, .F. ) ;
#2545 = STYLED_ITEM ( 'NONE', ( #1293 ), #7821 ) ;
#2546 = CIRCLE ( 'NONE', #253, 0.01000000000000000000 ) ;
#2547 = CARTESIAN_POINT ( 'NONE',  ( 0.4000000000000000200, -0.1850000000000000000, 0.03000000000000000200 ) ) ;
#2548 = DIRECTION ( 'NONE',  ( 0.0000000000000000000, 0.0000000000000000000, 1.000000000000000000 ) ) ;
#2549 = SURFACE_SIDE_STYLE ('',( #1373 ) ) ;
#2550 = PLANE ( 'NONE',  #6773 ) ;
#2551 = ORIENTED_EDGE ( 'NONE', *, *, #4548, .F. ) ;
#2552 = DIRECTION ( 'NONE',  ( 0.0000000000000000000, -1.000000000000000000, 0.0000000000000000000 ) ) ;
#2553 = UNCERTAINTY_MEASURE_WITH_UNIT (LENGTH_MEASURE( 1.000000000000000100E-005 ), #7030, 'distance_accuracy_value', 'NONE');
#2554 = DIRECTION ( 'NONE',  ( 0.0000000000000000000, 0.0000000000000000000, 1.000000000000000000 ) ) ;
#2555 = ORIENTED_EDGE ( 'NONE', *, *, #7623, .T. ) ;
#2556 = CARTESIAN_POINT ( 'NONE',  ( -0.7947090617410298400, -0.1442529692437625500, 0.01986108859747481500 ) ) ;
#2557 = EDGE_CURVE ( 'NONE', #2739, #9844, #1520, .T. ) ;
#2558 = CARTESIAN_POINT ( 'NONE',  ( -0.4000000000000000200, 0.1749999999999999900, 0.02999999999999999900 ) ) ;
#2559 = STYLED_ITEM ( 'NONE', ( #1963 ), #2441 ) ;
#2560 = DIRECTION ( 'NONE',  ( -0.0000000000000000000, -1.000000000000000000, 0.0000000000000000000 ) ) ;
#2561 = DIRECTION ( 'NONE',  ( 0.0000000000000000000, -1.000000000000000000, -0.0000000000000000000 ) ) ;
#2562 = COLOUR_RGB ( '',1.000000000000000000, 0.9921568627450980700, 0.9411764705882352800 ) ;
#2563 = ADVANCED_FACE ( 'NONE', ( #3668 ), #5298, .T. ) ;
#2564 = ORIENTED_EDGE ( 'NONE', *, *, #6505, .T. ) ;
#2565 = PRESENTATION_LAYER_ASSIGNMENT (  '', '', ( #1329 ) ) ;
#2566 = PLANE ( 'NONE',  #9065 ) ;
#2567 = CARTESIAN_POINT ( 'NONE',  ( 1.605796842762790000, 1.996254330567880200, 0.0000000000000000000 ) ) ;
#2568 = UNCERTAINTY_MEASURE_WITH_UNIT (LENGTH_MEASURE( 1.000000000000000100E-005 ), #9379, 'distance_accuracy_value', 'NONE');
#2569 = SURFACE_STYLE_USAGE ( .BOTH. , #7911 ) ;
#2570 = LINE ( 'NONE', #7732, #2266 ) ;
#2571 = DIRECTION ( 'NONE',  ( 1.000000000000000000, -0.0000000000000000000, 0.0000000000000000000 ) ) ;
#2572 = CARTESIAN_POINT ( 'NONE',  ( -0.7958578643762692600, -0.3851471862576138500, 0.1799999999999999900 ) ) ;
#2573 = COLOUR_RGB ( '',0.7921568627450980000, 0.8196078431372548800, 0.9333333333333333500 ) ;
#2574 = ORIENTED_EDGE ( 'NONE', *, *, #6828, .F. ) ;
#2575 =( LENGTH_UNIT ( ) NAMED_UNIT ( * ) SI_UNIT ( .MILLI., .METRE. ) );
#2576 = EDGE_CURVE ( 'NONE', #7784, #10879, #408, .T. ) ;
#2577 = EDGE_CURVE ( 'NONE', #10879, #1402, #9665, .T. ) ;
#2578 = MECHANICAL_DESIGN_GEOMETRIC_PRESENTATION_REPRESENTATION (  '', ( #1344 ), #3171 ) ;
#2579 =( NAMED_UNIT ( * ) SI_UNIT ( $, .STERADIAN. ) SOLID_ANGLE_UNIT ( ) );
#2580 = CARTESIAN_POINT ( 'NONE',  ( 1.481221854764970000, 1.987367672161970000, 0.1000000000000000100 ) ) ;
#2581 = CARTESIAN_POINT ( 'NONE',  ( 1.587213375081740100, 2.023244605453760100, 0.1000000000000000100 ) ) ;
#2582 = PRESENTATION_STYLE_ASSIGNMENT (( #3596 ) ) ;
#2583 = LINE ( 'NONE', #4802, #451 ) ;
#2584 = SURFACE_STYLE_FILL_AREA ( #3463 ) ;
#2585 = ORIENTED_EDGE ( 'NONE', *, *, #10992, .F. ) ;
#2586 = SURFACE_STYLE_USAGE ( .BOTH. , #7932 ) ;
#2587 = SURFACE_SIDE_STYLE ('',( #5356 ) ) ;
#2588 = DIRECTION ( 'NONE',  ( 0.0000000000000000000, 0.0000000000000000000, -1.000000000000000000 ) ) ;
#2589 = LINE ( 'NONE', #8226, #6212 ) ;
#2590 = ORIENTED_EDGE ( 'NONE', *, *, #7107, .T. ) ;
#2591 = VECTOR ( 'NONE', #6678, 1000.000000000000000 ) ;
#2592 = PRESENTATION_STYLE_ASSIGNMENT (( #979 ) ) ;
#2593 = PRESENTATION_LAYER_ASSIGNMENT (  '', '', ( #1360 ) ) ;
#2594 = CARTESIAN_POINT ( 'NONE',  ( 1.574484039804199900, 2.001359678760009900, 0.0000000000000000000 ) ) ;
#2595 = SURFACE_SIDE_STYLE ('',( #5011 ) ) ;
#2596 = FILL_AREA_STYLE ('',( #1683 ) ) ;
#2597 =( GEOMETRIC_REPRESENTATION_CONTEXT ( 3 ) GLOBAL_UNCERTAINTY_ASSIGNED_CONTEXT ( ( #8407 ) ) GLOBAL_UNIT_ASSIGNED_CONTEXT ( ( #10577, #5240, #11492 ) ) REPRESENTATION_CONTEXT ( 'NONE', 'WORKASPACE' ) );
#2598 = PRESENTATION_LAYER_ASSIGNMENT (  '', '', ( #184 ) ) ;
#2599 =( NAMED_UNIT ( * ) PLANE_ANGLE_UNIT ( ) SI_UNIT ( $, .RADIAN. ) );
#2600 = DIRECTION ( 'NONE',  ( -0.0000000000000000000, -0.0000000000000000000, -1.000000000000000000 ) ) ;
#2601 = ORIENTED_EDGE ( 'NONE', *, *, #7162, .F. ) ;
#2602 = COLOUR_RGB ( '',0.0000000000000000000, 0.7019607843137254400, 0.9803921568627450600 ) ;
#2603 = FILL_AREA_STYLE_COLOUR ( '', #9764 ) ;
#2604 = CARTESIAN_POINT ( 'NONE',  ( 0.1270000000000000000, -0.07619999999999999000, 0.002000000000000000900 ) ) ;
#2605 = COLOUR_RGB ( '',0.0000000000000000000, 0.7019607843137254400, 0.9803921568627450600 ) ;
#2606 = CARTESIAN_POINT ( 'NONE',  ( 1.590174477138280000, 2.018411542327000200, 0.1000000000000000100 ) ) ;
#2607 = DIRECTION ( 'NONE',  ( 0.0000000000000000000, 0.0000000000000000000, -1.000000000000000000 ) ) ;
#2608 =( LENGTH_UNIT ( ) NAMED_UNIT ( * ) SI_UNIT ( .MILLI., .METRE. ) );
#2609 = VECTOR ( 'NONE', #3936, 1000.000000000000000 ) ;
#2610 = ORIENTED_EDGE ( 'NONE', *, *, #6001, .F. ) ;
#2611 = MECHANICAL_DESIGN_GEOMETRIC_PRESENTATION_REPRESENTATION (  '', ( #1376 ), #3208 ) ;
#2612 = SURFACE_STYLE_FILL_AREA ( #11360 ) ;
#2613 = STYLED_ITEM ( 'NONE', ( #7033 ), #7573 ) ;
#2614 = SURFACE_STYLE_FILL_AREA ( #2645 ) ;
#2615 = VERTEX_POINT ( 'NONE', #3367 ) ;
#2616 = ADVANCED_FACE ( 'NONE', ( #4903 ), #6313, .T. ) ;
#2617 = UNCERTAINTY_MEASURE_WITH_UNIT (LENGTH_MEASURE( 1.000000000000000100E-005 ), #1950, 'distance_accuracy_value', 'NONE');
#2618 = VERTEX_POINT ( 'NONE', #11089 ) ;
#2619 = ORIENTED_EDGE ( 'NONE', *, *, #7813, .T. ) ;
#2620 = SURFACE_STYLE_FILL_AREA ( #2797 ) ;
#2621 = VECTOR ( 'NONE', #3788, 1000.000000000000100 ) ;
#2622 = ORIENTED_EDGE ( 'NONE', *, *, #6971, .F. ) ;
#2623 = LINE ( 'NONE', #7324, #4999 ) ;
#2624 = PRESENTATION_STYLE_ASSIGNMENT (( #7869 ) ) ;
#2625 = EDGE_CURVE ( 'NONE', #11356, #2739, #8684, .T. ) ;
#2626 =( LENGTH_UNIT ( ) NAMED_UNIT ( * ) SI_UNIT ( .MILLI., .METRE. ) );
#2627 = DIRECTION ( 'NONE',  ( 0.0000000000000000000, 0.0000000000000000000, 1.000000000000000000 ) ) ;
#2628 = VECTOR ( 'NONE', #10502, 1000.000000000000000 ) ;
#2629 =( GEOMETRIC_REPRESENTATION_CONTEXT ( 3 ) GLOBAL_UNCERTAINTY_ASSIGNED_CONTEXT ( ( #11391 ) ) GLOBAL_UNIT_ASSIGNED_CONTEXT ( ( #2863, #2944, #2977 ) ) REPRESENTATION_CONTEXT ( 'NONE', 'WORKASPACE' ) );
#2630 = CARTESIAN_POINT ( 'NONE',  ( 1.605796843271190200, 2.006601169756649900, 0.0000000000000000000 ) ) ;
#2631 =( NAMED_UNIT ( * ) PLANE_ANGLE_UNIT ( ) SI_UNIT ( $, .RADIAN. ) );
#2632 = SURFACE_SIDE_STYLE ('',( #11020 ) ) ;
#2633 = FILL_AREA_STYLE ('',( #7939 ) ) ;
#2634 = FACE_OUTER_BOUND ( 'NONE', #7807, .T. ) ;
#2635 = ORIENTED_EDGE ( 'NONE', *, *, #7792, .F. ) ;
#2636 = ORIENTED_EDGE ( 'NONE', *, *, #7944, .F. ) ;
#2637 = STYLED_ITEM ( 'NONE', ( #6231 ), #11373 ) ;
#2638 = VECTOR ( 'NONE', #11488, 1000.000000000000000 ) ;
#2639 = CARTESIAN_POINT ( 'NONE',  ( -0.7880911030393221700, -0.1504694589883744100, 0.006625171194059319800 ) ) ;
#2640 =( LENGTH_UNIT ( ) NAMED_UNIT ( * ) SI_UNIT ( .MILLI., .METRE. ) );
#2641 = EDGE_LOOP ( 'NONE', ( #2215, #8279, #1803, #11562 ) ) ;
#2642 = LINE ( 'NONE', #8869, #244 ) ;
#2643 = PRESENTATION_STYLE_ASSIGNMENT (( #90 ) ) ;
#2644 = VERTEX_POINT ( 'NONE', #10765 ) ;
#2645 = FILL_AREA_STYLE ('',( #2603 ) ) ;
#2646 = SURFACE_STYLE_USAGE ( .BOTH. , #7985 ) ;
#2647 = EDGE_CURVE ( 'NONE', #4850, #7446, #1536, .T. ) ;
#2648 = EDGE_CURVE ( 'NONE', #368, #11389, #1847, .T. ) ;
#2649 = DIRECTION ( 'NONE',  ( 0.0000000000000000000, 0.0000000000000000000, -1.000000000000000000 ) ) ;
#2650 = EDGE_CURVE ( 'NONE', #1266, #8986, #3942, .T. ) ;
#2651 = AXIS2_PLACEMENT_3D ( 'NONE', #8965, #3619, #9877 ) ;
#2652 = MECHANICAL_DESIGN_GEOMETRIC_PRESENTATION_REPRESENTATION (  '', ( #1410 ), #3242 ) ;
#2653 = VECTOR ( 'NONE', #9267, 1000.000000000000000 ) ;
#2654 =( LENGTH_UNIT ( ) NAMED_UNIT ( * ) SI_UNIT ( .MILLI., .METRE. ) );
#2655 = ORIENTED_EDGE ( 'NONE', *, *, #703, .F. ) ;
#2656 = EDGE_LOOP ( 'NONE', ( #5122, #5470, #8130, #8199 ) ) ;
#2657 = LINE ( 'NONE', #6657, #258 ) ;
#2658 = CARTESIAN_POINT ( 'NONE',  ( -0.07619999999999999000, -0.1270000000000000000, 0.0000000000000000000 ) ) ;
#2659 = SURFACE_STYLE_USAGE ( .BOTH. , #2733 ) ;
#2660 = SURFACE_STYLE_FILL_AREA ( #9103 ) ;
#2661 = DIRECTION ( 'NONE',  ( 1.000000000000000000, 0.0000000000000000000, 0.0000000000000000000 ) ) ;
#2662 = COLOUR_RGB ( '',0.8627450980392157300, 0.6274509803921568500, 0.05882352941176470500 ) ;
#2663 = DIRECTION ( 'NONE',  ( 0.0000000000000000000, -0.0000000000000000000, 1.000000000000000000 ) ) ;
#2664 = ORIENTED_EDGE ( 'NONE', *, *, #11309, .F. ) ;
#2665 = SURFACE_STYLE_FILL_AREA ( #6444 ) ;
#2666 =( LENGTH_UNIT ( ) NAMED_UNIT ( * ) SI_UNIT ( .MILLI., .METRE. ) );
#2667 = STYLED_ITEM ( 'NONE', ( #4894 ), #790 ) ;
#2668 = EDGE_CURVE ( 'NONE', #4261, #6743, #8395, .T. ) ;
#2669 = DIRECTION ( 'NONE',  ( 1.000000000000000000, 0.0000000000000000000, 0.0000000000000000000 ) ) ;
#2670 = PRESENTATION_LAYER_ASSIGNMENT (  '', '', ( #2038 ) ) ;
#2671 = PRESENTATION_LAYER_ASSIGNMENT (  '', '', ( #1428 ) ) ;
#2672 = DIRECTION ( 'NONE',  ( -1.000000000000000000, 0.0000000000000000000, 0.0000000000000000000 ) ) ;
#2673 =( LENGTH_UNIT ( ) NAMED_UNIT ( * ) SI_UNIT ( .MILLI., .METRE. ) );
#2674 =( NAMED_UNIT ( * ) SI_UNIT ( $, .STERADIAN. ) SOLID_ANGLE_UNIT ( ) );
#2675 = DIRECTION ( 'NONE',  ( 1.000000000000000000, 0.0000000000000000000, 0.0000000000000000000 ) ) ;
#2676 = DIRECTION ( 'NONE',  ( -1.000000000000000000, -0.0000000000000000000, -0.0000000000000000000 ) ) ;
#2677 = PRODUCT_DEFINITION_SHAPE ( 'NONE', 'NONE',  #11639 ) ;
#2678 = SURFACE_SIDE_STYLE ('',( #10195 ) ) ;
#2679 = CARTESIAN_POINT ( 'NONE',  ( 0.4480549931478379800, 0.1846686302124999900, 0.5999999999999999800 ) ) ;
#2680 = UNCERTAINTY_MEASURE_WITH_UNIT (LENGTH_MEASURE( 1.000000000000000100E-005 ), #9977, 'distance_accuracy_value', 'NONE');
#2681 = CARTESIAN_POINT ( 'NONE',  ( 1.543833400629000200, 1.998667509894980000, 0.1000000000000000100 ) ) ;
#2682 = CARTESIAN_POINT ( 'NONE',  ( 0.7899999999999999200, 0.1596871942267131000, 0.1700000000000000700 ) ) ;
#2683 = ADVANCED_FACE ( 'NONE', ( #3680, #138, #10520 ), #10168, .T. ) ;
#2684 = VERTEX_POINT ( 'NONE', #9314 ) ;
#2685 = LINE ( 'NONE', #10984, #1694 ) ;
#2686 = AXIS2_PLACEMENT_3D ( 'NONE', #5078, #11334, #5951 ) ;
#2687 = SURFACE_SIDE_STYLE ('',( #9431 ) ) ;
#2688 = FILL_AREA_STYLE ('',( #7114 ) ) ;
#2689 = DIRECTION ( 'NONE',  ( 0.9980449639169571800, -0.06250000000000038900, -0.0000000000000000000 ) ) ;
#2690 =( NAMED_UNIT ( * ) PLANE_ANGLE_UNIT ( ) SI_UNIT ( $, .RADIAN. ) );
#2691 = VERTEX_POINT ( 'NONE', #10022 ) ;
#2692 = CARTESIAN_POINT ( 'NONE',  ( 1.502323961374810100, 2.006507609743080100, 0.0000000000000000000 ) ) ;
#2693 = EDGE_LOOP ( 'NONE', ( #8884, #6450, #3390, #630 ) ) ;
#2694 = DIRECTION ( 'NONE',  ( 0.0000000000000000000, 0.0000000000000000000, -1.000000000000000000 ) ) ;
#2695 = DIRECTION ( 'NONE',  ( -0.0000000000000000000, -0.0000000000000000000, -1.000000000000000000 ) ) ;
#2696 = FILL_AREA_STYLE ('',( #11547 ) ) ;
#2697 = DIRECTION ( 'NONE',  ( -0.0000000000000000000, -1.000000000000000000, -0.0000000000000000000 ) ) ;
#2698 = EDGE_CURVE ( 'NONE', #10763, #2738, #4915, .T. ) ;
#2699 = COLOUR_RGB ( '',0.0000000000000000000, 0.7019607843137254400, 0.9803921568627450600 ) ;
#2700 = STYLED_ITEM ( 'NONE', ( #2643 ), #1597 ) ;
#2701 = DIRECTION ( 'NONE',  ( 0.0000000000000000000, 0.0000000000000000000, 1.000000000000000000 ) ) ;
#2702 = STYLED_ITEM ( 'NONE', ( #6626 ), #11319 ) ;
#2703 = ORIENTED_EDGE ( 'NONE', *, *, #8448, .F. ) ;
#2704 = B_SPLINE_CURVE_WITH_KNOTS ( 'NONE', 2,
 ( #8150, #8116, #8073, #8033 ),
 .UNSPECIFIED., .F., .F.,
 ( 3, 1, 3 ),
 ( 0.0000000000000000000, 1.197889007066505400E-005, 2.395778014133010800E-005 ),
 .UNSPECIFIED. ) ;
#2705 = AXIS2_PLACEMENT_3D ( 'NONE', #6930, #10100, #4733 ) ;
#2706 = VERTEX_POINT ( 'NONE', #9066 ) ;
#2707 = LINE ( 'NONE', #2224, #7148 ) ;
#2708 =( NAMED_UNIT ( * ) PLANE_ANGLE_UNIT ( ) SI_UNIT ( $, .RADIAN. ) );
#2709 =( NAMED_UNIT ( * ) SI_UNIT ( $, .STERADIAN. ) SOLID_ANGLE_UNIT ( ) );
#2710 = SURFACE_SIDE_STYLE ('',( #890 ) ) ;
#2711 =( LENGTH_UNIT ( ) NAMED_UNIT ( * ) SI_UNIT ( .MILLI., .METRE. ) );
#2712 = DIRECTION ( 'NONE',  ( 0.0000000000000000000, -0.0000000000000000000, -1.000000000000000000 ) ) ;
#2713 = ITEM_DEFINED_TRANSFORMATION ( 'NONE', 'NONE', #9771,  #3980 ) ;
#2714 = CARTESIAN_POINT ( 'NONE',  ( 0.7900000000000000400, -0.1596871942267129900, 0.01000000000000000000 ) ) ;
#2715 = ORIENTED_EDGE ( 'NONE', *, *, #10672, .F. ) ;
#2716 = DIRECTION ( 'NONE',  ( -0.0000000000000000000, -0.0000000000000000000, -1.000000000000000000 ) ) ;
#2717 = EDGE_CURVE ( 'NONE', #5180, #8472, #9681, .T. ) ;
#2718 = SURFACE_SIDE_STYLE ('',( #773 ) ) ;
#2719 = AXIS2_PLACEMENT_3D ( 'NONE', #9620, #9501, #9447 ) ;
#2720 = EDGE_CURVE ( 'NONE', #5622, #5707, #7268, .T. ) ;
#2721 = UNCERTAINTY_MEASURE_WITH_UNIT (LENGTH_MEASURE( 1.000000000000000100E-005 ), #11088, 'distance_accuracy_value', 'NONE');
#2722 = DIRECTION ( 'NONE',  ( 0.0000000000000000000, 0.0000000000000000000, 1.000000000000000000 ) ) ;
#2723 = ORIENTED_EDGE ( 'NONE', *, *, #7200, .T. ) ;
#2724 = FILL_AREA_STYLE ('',( #8021 ) ) ;
#2725 = CARTESIAN_POINT ( 'NONE',  ( 1.571284688095939900, 2.014667620237459800, 0.0000000000000000000 ) ) ;
#2726 = COLOUR_RGB ( '',1.000000000000000000, 0.9921568627450980700, 0.9411764705882352800 ) ;
#2727 = VECTOR ( 'NONE', #11043, 1000.000000000000000 ) ;
#2728 = ORIENTED_EDGE ( 'NONE', *, *, #3833, .F. ) ;
#2729 = DIRECTION ( 'NONE',  ( 1.000000000000000000, 0.0000000000000000000, 0.0000000000000000000 ) ) ;
#2730 = LINE ( 'NONE', #9452, #7448 ) ;
#2731 = SURFACE_SIDE_STYLE ('',( #10322 ) ) ;
#2732 =( GEOMETRIC_REPRESENTATION_CONTEXT ( 3 ) GLOBAL_UNCERTAINTY_ASSIGNED_CONTEXT ( ( #2480 ) ) GLOBAL_UNIT_ASSIGNED_CONTEXT ( ( #1295, #8954, #11589 ) ) REPRESENTATION_CONTEXT ( 'NONE', 'WORKASPACE' ) );
#2733 = SURFACE_SIDE_STYLE ('',( #8502 ) ) ;
#2734 = EDGE_CURVE ( 'NONE', #11115, #6927, #9374, .T. ) ;
#2735 = PRESENTATION_LAYER_ASSIGNMENT (  '', '', ( #2104 ) ) ;
#2736 = FILL_AREA_STYLE_COLOUR ( '', #1605 ) ;
#2737 = DIRECTION ( 'NONE',  ( 0.0000000000000000000, 0.0000000000000000000, -1.000000000000000000 ) ) ;
#2738 = VERTEX_POINT ( 'NONE', #8462 ) ;
#2739 = VERTEX_POINT ( 'NONE', #8379 ) ;
#2740 = LINE ( 'NONE', #395, #9580 ) ;
#2741 = DIRECTION ( 'NONE',  ( 0.0000000000000000000, 0.0000000000000000000, 1.000000000000000000 ) ) ;
#2742 = VECTOR ( 'NONE', #10227, 1000.000000000000000 ) ;
#2743 = CARTESIAN_POINT ( 'NONE',  ( 0.7906250000000001300, -0.1497067445875435200, 0.1700000000000000100 ) ) ;
#2744 = CARTESIAN_POINT ( 'NONE',  ( 0.7999999999999998200, 0.3699999999999999400, 0.1758578643762690200 ) ) ;
#2745 = SURFACE_STYLE_FILL_AREA ( #5204 ) ;
#2746 = CARTESIAN_POINT ( 'NONE',  ( -0.5144424673475157500, -0.2693041568910422000, 0.6345954656313993500 ) ) ;
#2747 = CARTESIAN_POINT ( 'NONE',  ( 0.4745170327464609500, -0.3245170327464608800, 0.6331590247227180100 ) ) ;
#2748 =( NAMED_UNIT ( * ) PLANE_ANGLE_UNIT ( ) SI_UNIT ( $, .RADIAN. ) );
#2749 = VERTEX_POINT ( 'NONE', #8338 ) ;
#2750 = PRESENTATION_LAYER_ASSIGNMENT (  '', '', ( #1517 ) ) ;
#2751 = VECTOR ( 'NONE', #8871, 1000.000000000000000 ) ;
#2752 = AXIS2_PLACEMENT_3D ( 'NONE', #5004, #11249, #5890 ) ;
#2753 = FILL_AREA_STYLE ('',( #8057 ) ) ;
#2754 = LINE ( 'NONE', #6655, #5141 ) ;
#2755 = DIRECTION ( 'NONE',  ( 0.0000000000000000000, -0.0000000000000000000, 1.000000000000000000 ) ) ;
#2756 = CYLINDRICAL_SURFACE ( 'NONE', #8619, 0.009999999999999998500 ) ;
#2757 = ORIENTED_EDGE ( 'NONE', *, *, #8873, .F. ) ;
#2758 =( NAMED_UNIT ( * ) PLANE_ANGLE_UNIT ( ) SI_UNIT ( $, .RADIAN. ) );
#2759 = ORIENTED_EDGE ( 'NONE', *, *, #1459, .F. ) ;
#2760 = COLOUR_RGB ( '',0.0000000000000000000, 0.7019607843137254400, 0.9803921568627450600 ) ;
#2761 = DIRECTION ( 'NONE',  ( 0.0000000000000000000, 0.0000000000000000000, 1.000000000000000000 ) ) ;
#2762 = PRESENTATION_STYLE_ASSIGNMENT (( #4003 ) ) ;
#2763 = CARTESIAN_POINT ( 'NONE',  ( 1.587213375081740100, 2.023244605453760100, 0.1000000000000000100 ) ) ;
#2764 = DIRECTION ( 'NONE',  ( -1.000000000000000000, 0.0000000000000000000, -0.0000000000000000000 ) ) ;
#2765 = ORIENTED_EDGE ( 'NONE', *, *, #292, .T. ) ;
#2766 = VECTOR ( 'NONE', #9537, 1000.000000000000000 ) ;
#2767 = SURFACE_STYLE_FILL_AREA ( #1829 ) ;
#2768 = FILL_AREA_STYLE_COLOUR ( '', #6624 ) ;
#2769 = PLANE ( 'NONE',  #3656 ) ;
#2770 = EDGE_CURVE ( 'NONE', #10794, #3495, #2541, .T. ) ;
#2771 = UNCERTAINTY_MEASURE_WITH_UNIT (LENGTH_MEASURE( 1.000000000000000100E-005 ), #1931, 'distance_accuracy_value', 'NONE');
#2772 = CARTESIAN_POINT ( 'NONE',  ( 1.487246165845520100, 1.980050006160170200, 0.0000000000000000000 ) ) ;
#2773 = PRESENTATION_LAYER_ASSIGNMENT (  '', '', ( #2135 ) ) ;
#2774 = VERTEX_POINT ( 'NONE', #8312 ) ;
#2775 = CARTESIAN_POINT ( 'NONE',  ( 1.599976746015110000, 2.005512028770319900, 0.09999999999999997800 ) ) ;
#2776 = FILL_AREA_STYLE ('',( #3318 ) ) ;
#2777 = ORIENTED_EDGE ( 'NONE', *, *, #10815, .T. ) ;
#2778 = ORIENTED_EDGE ( 'NONE', *, *, #9929, .T. ) ;
#2779 = VECTOR ( 'NONE', #7865, 1000.000000000000000 ) ;
#2780 = CARTESIAN_POINT ( 'NONE',  ( 0.0000000000000000000, 0.4000000000000000200, 0.02000000000000000000 ) ) ;
#2781 = ORIENTED_EDGE ( 'NONE', *, *, #8118, .T. ) ;
#2782 = VECTOR ( 'NONE', #1235, 1000.000000000000000 ) ;
#2783 = VERTEX_POINT ( 'NONE', #8241 ) ;
#2784 = CIRCLE ( 'NONE', #972, 0.05000000000000001000 ) ;
#2785 = ORIENTED_EDGE ( 'NONE', *, *, #2862, .F. ) ;
#2786 = FILL_AREA_STYLE ('',( #1751 ) ) ;
#2787 = UNCERTAINTY_MEASURE_WITH_UNIT (LENGTH_MEASURE( 1.000000000000000100E-005 ), #2407, 'distance_accuracy_value', 'NONE');
#2788 = EDGE_CURVE ( 'NONE', #5009, #4959, #9105, .T. ) ;
#2789 = CARTESIAN_POINT ( 'NONE',  ( -0.9402989889142330200, -0.3000999999999999800, -1.906298967056520000 ) ) ;
#2790 = PLANE ( 'NONE',  #6229 ) ;
#2791 = ORIENTED_EDGE ( 'NONE', *, *, #746, .T. ) ;
#2792 = STYLED_ITEM ( 'NONE', ( #9526 ), #2376 ) ;
#2793 = PLANE ( 'NONE',  #7157 ) ;
#2794 = ORIENTED_EDGE ( 'NONE', *, *, #3235, .F. ) ;
#2795 = FACE_OUTER_BOUND ( 'NONE', #3732, .T. ) ;
#2796 = CARTESIAN_POINT ( 'NONE',  ( 0.8000000000000000400, 0.1596871942267129300, 0.0000000000000000000 ) ) ;
#2797 = FILL_AREA_STYLE ('',( #9257 ) ) ;
#2798 =( NAMED_UNIT ( * ) PLANE_ANGLE_UNIT ( ) SI_UNIT ( $, .RADIAN. ) );
#2799 = AXIS2_PLACEMENT_3D ( 'NONE', #3416, #9669, #4321 ) ;
#2800 = COLOUR_RGB ( '',0.0000000000000000000, 0.7019607843137254400, 0.9803921568627450600 ) ;
#2801 = CARTESIAN_POINT ( 'NONE',  ( 1.579657459489189900, 2.016301331666010100, 0.0000000000000000000 ) ) ;
#2802 = CIRCLE ( 'NONE', #1588, 0.009999999999999998500 ) ;
#2803 = SURFACE_SIDE_STYLE ('',( #7014 ) ) ;
#2804 = ORIENTED_EDGE ( 'NONE', *, *, #8183, .T. ) ;
#2805 =( NAMED_UNIT ( * ) PLANE_ANGLE_UNIT ( ) SI_UNIT ( $, .RADIAN. ) );
#2806 = DIRECTION ( 'NONE',  ( 0.0000000000000000000, 0.0000000000000000000, 1.000000000000000000 ) ) ;
#2807 = EDGE_CURVE ( 'NONE', #19, #9308, #4654, .T. ) ;
#2808 = FILL_AREA_STYLE_COLOUR ( '', #588 ) ;
#2809 = EDGE_CURVE ( 'NONE', #2644, #4323, #6695, .T. ) ;
#2810 = DIRECTION ( 'NONE',  ( 0.0000000000000000000, 1.000000000000000000, 0.0000000000000000000 ) ) ;
#2811 = AXIS2_PLACEMENT_3D ( 'NONE', #2375, #8625, #3284 ) ;
#2812 =( GEOMETRIC_REPRESENTATION_CONTEXT ( 3 ) GLOBAL_UNCERTAINTY_ASSIGNED_CONTEXT ( ( #6554 ) ) GLOBAL_UNIT_ASSIGNED_CONTEXT ( ( #4340, #10589, #5245 ) ) REPRESENTATION_CONTEXT ( 'NONE', 'WORKASPACE' ) );
#2813 = FILL_AREA_STYLE ('',( #9892 ) ) ;
#2814 = VECTOR ( 'NONE', #5510, 1000.000000000000000 ) ;
#2815 =( NAMED_UNIT ( * ) PLANE_ANGLE_UNIT ( ) SI_UNIT ( $, .RADIAN. ) );
#2816 = PLANE ( 'NONE',  #10932 ) ;
#2817 = VECTOR ( 'NONE', #6611, 1000.000000000000000 ) ;
#2818 = FILL_AREA_STYLE ('',( #316 ) ) ;
#2819 = CARTESIAN_POINT ( 'NONE',  ( 1.599976746015110000, 2.001359678760009900, 0.0000000000000000000 ) ) ;
#2820 = FACE_OUTER_BOUND ( 'NONE', #6345, .T. ) ;
#2821 = VERTEX_POINT ( 'NONE', #7359 ) ;
#2822 = AXIS2_PLACEMENT_3D ( 'NONE', #7535, #7570, #7605 ) ;
#2823 = CARTESIAN_POINT ( 'NONE',  ( 0.07619999999999999000, 0.07619999999999999000, 0.0000000000000000000 ) ) ;
#2824 = STYLED_ITEM ( 'NONE', ( #953 ), #5094 ) ;
#2825 = AXIS2_PLACEMENT_3D ( 'NONE', #2714, #8966, #3620 ) ;
#2826 = DIRECTION ( 'NONE',  ( -1.000000000000000000, 0.0000000000000000000, 0.0000000000000000000 ) ) ;
#2827 = PRESENTATION_STYLE_ASSIGNMENT (( #10329 ) ) ;
#2828 = DIRECTION ( 'NONE',  ( 0.0000000000000000000, 0.0000000000000000000, 1.000000000000000000 ) ) ;
#2829 = ORIENTED_EDGE ( 'NONE', *, *, #274, .F. ) ;
#2830 = SURFACE_STYLE_USAGE ( .BOTH. , #8172 ) ;
#2831 = SURFACE_STYLE_USAGE ( .BOTH. , #2803 ) ;
#2832 = ORIENTED_EDGE ( 'NONE', *, *, #5380, .F. ) ;
#2833 = CARTESIAN_POINT ( 'NONE',  ( -0.7906889315499394700, 0.1502877917503756800, 0.005240933610754132700 ) ) ;
#2834 = CARTESIAN_POINT ( 'NONE',  ( -0.4620144847819207500, 0.3245170327464610400, 0.6431364870301263800 ) ) ;
#2835 = VERTEX_POINT ( 'NONE', #7670 ) ;
#2836 = STYLED_ITEM ( 'NONE', ( #4585 ), #10484 ) ;
#2837 = DIRECTION ( 'NONE',  ( 0.0000000000000000000, -0.0000000000000000000, -1.000000000000000000 ) ) ;
#2838 =( NAMED_UNIT ( * ) SI_UNIT ( $, .STERADIAN. ) SOLID_ANGLE_UNIT ( ) );
#2839 = CARTESIAN_POINT ( 'NONE',  ( 1.577921641042250100, 2.014054978381730100, 0.1000000000000000100 ) ) ;
#2840 = SURFACE_SIDE_STYLE ('',( #3339 ) ) ;
#2841 = DIRECTION ( 'NONE',  ( -1.000000000000000000, 0.0000000000000000000, -0.0000000000000000000 ) ) ;
#2842 =( NAMED_UNIT ( * ) SI_UNIT ( $, .STERADIAN. ) SOLID_ANGLE_UNIT ( ) );
#2843 = ORIENTED_EDGE ( 'NONE', *, *, #4784, .T. ) ;
#2844 = FILL_AREA_STYLE ('',( #1041 ) ) ;
#2845 = UNCERTAINTY_MEASURE_WITH_UNIT (LENGTH_MEASURE( 1.000000000000000100E-005 ), #6913, 'distance_accuracy_value', 'NONE');
#2846 = FACE_OUTER_BOUND ( 'NONE', #2380, .T. ) ;
#2847 = ORIENTED_EDGE ( 'NONE', *, *, #9929, .F. ) ;
#2848 = EDGE_CURVE ( 'NONE', #8807, #10763, #4375, .T. ) ;
#2849 = MECHANICAL_DESIGN_GEOMETRIC_PRESENTATION_REPRESENTATION (  '', ( #1640 ), #3464 ) ;
#2850 = VERTEX_POINT ( 'NONE', #7245 ) ;
#2851 = DIRECTION ( 'NONE',  ( 0.0000000000000000000, 0.0000000000000000000, -1.000000000000000000 ) ) ;
#2852 = MANIFOLD_SOLID_BREP ( 'Imported1', #2180 ) ;
#2853 = FACE_OUTER_BOUND ( 'NONE', #3126, .T. ) ;
#2854 = PRESENTATION_STYLE_ASSIGNMENT (( #4836 ) ) ;
#2855 = CARTESIAN_POINT ( 'NONE',  ( 1.433299651367150100, 1.980050006160170200, 0.0000000000000000000 ) ) ;
#2856 =( NAMED_UNIT ( * ) SI_UNIT ( $, .STERADIAN. ) SOLID_ANGLE_UNIT ( ) );
#2857 = LINE ( 'NONE', #4325, #7579 ) ;
#2858 = CARTESIAN_POINT ( 'NONE',  ( -0.7960104076400857900, -0.1540413993313948200, 0.1756568542494923700 ) ) ;
#2859 = EDGE_CURVE ( 'NONE', #8936, #9942, #7980, .T. ) ;
#2860 = ORIENTED_EDGE ( 'NONE', *, *, #28, .T. ) ;
#2861 = MECHANICAL_DESIGN_GEOMETRIC_PRESENTATION_REPRESENTATION (  '', ( #1063 ), #3479 ) ;
#2862 = EDGE_CURVE ( 'NONE', #5584, #11215, #6441, .T. ) ;
#2863 =( LENGTH_UNIT ( ) NAMED_UNIT ( * ) SI_UNIT ( .MILLI., .METRE. ) );
#2864 = VECTOR ( 'NONE', #10851, 1000.000000000000000 ) ;
#2865 = VERTEX_POINT ( 'NONE', #7100 ) ;
#2866 = VECTOR ( 'NONE', #1282, 1000.000000000000000 ) ;
#2867 = CIRCLE ( 'NONE', #11349, 0.1499999999999999700 ) ;
#2868 = FILL_AREA_STYLE_COLOUR ( '', #9040 ) ;
#2869 = CARTESIAN_POINT ( 'NONE',  ( 0.4951919147073417500, -0.3139777154520824700, 0.5950424259647377800 ) ) ;
#2870 = FILL_AREA_STYLE ('',( #10894 ) ) ;
#2871 = CARTESIAN_POINT ( 'NONE',  ( -0.5500000000000002700, -0.3503726924179341200, 0.1799999999999999900 ) ) ;
#2872 = CARTESIAN_POINT ( 'NONE',  ( 0.7900000000000000400, 0.0000000000000000000, 0.1799999999999999900 ) ) ;
#2873 = COLOUR_RGB ( '',0.0000000000000000000, 0.7019607843137254400, 0.9803921568627450600 ) ;
#2874 = ORIENTED_EDGE ( 'NONE', *, *, #2017, .F. ) ;
#2875 =( NAMED_UNIT ( * ) PLANE_ANGLE_UNIT ( ) SI_UNIT ( $, .RADIAN. ) );
#2876 = LINE ( 'NONE', #4264, #4970 ) ;
#2877 = PRESENTATION_STYLE_ASSIGNMENT (( #8969 ) ) ;
#2878 = UNCERTAINTY_MEASURE_WITH_UNIT (LENGTH_MEASURE( 1.000000000000000100E-005 ), #2673, 'distance_accuracy_value', 'NONE');
#2879 = CARTESIAN_POINT ( 'NONE',  ( 0.8000000000000000400, 0.3500000000000000300, 0.01000000000000000000 ) ) ;
#2880 = PRESENTATION_LAYER_ASSIGNMENT (  '', '', ( #2261 ) ) ;
#2881 = EDGE_CURVE ( 'NONE', #8659, #2774, #853, .T. ) ;
#2882 = VECTOR ( 'NONE', #7901, 1000.000000000000000 ) ;
#2883 = STYLED_ITEM ( 'NONE', ( #320 ), #4849 ) ;
#2884 = SURFACE_STYLE_USAGE ( .BOTH. , #8072 ) ;
#2885 = CIRCLE ( 'NONE', #93, 0.009999999999999998500 ) ;
#2886 = DIRECTION ( 'NONE',  ( 0.1209742911513550100, 0.1209742911513550100, -0.9852565360152930600 ) ) ;
#2887 = MECHANICAL_DESIGN_GEOMETRIC_PRESENTATION_REPRESENTATION (  '', ( #1677 ), #3507 ) ;
#2888 = CARTESIAN_POINT ( 'NONE',  ( 1.591331689436239900, 1.979474752004879900, 0.0000000000000000000 ) ) ;
#2889 = VECTOR ( 'NONE', #4794, 1000.000000000000000 ) ;
#2890 = ORIENTED_EDGE ( 'NONE', *, *, #10401, .T. ) ;
#2891 = CYLINDRICAL_SURFACE ( 'NONE', #3408, 0.05000000000000002400 ) ;
#2892 = LINE ( 'NONE', #5937, #1613 ) ;
#2893 = LINE ( 'NONE', #759, #490 ) ;
#2894 = DIRECTION ( 'NONE',  ( 0.0000000000000000000, -1.000000000000000000, 0.0000000000000000000 ) ) ;
#2895 = CARTESIAN_POINT ( 'NONE',  ( 1.502323961374810100, 2.014051626326669900, 0.0000000000000000000 ) ) ;
#2896 = EDGE_LOOP ( 'NONE', ( #7614, #11402, #11416, #7581, #10031, #11022 ) ) ;
#2897 = DIRECTION ( 'NONE',  ( 0.0000000000000000000, -1.000000000000000000, -0.0000000000000000000 ) ) ;
#2898 =( NAMED_UNIT ( * ) SI_UNIT ( $, .STERADIAN. ) SOLID_ANGLE_UNIT ( ) );
#2899 = PRESENTATION_LAYER_ASSIGNMENT (  '', '', ( #3520 ) ) ;
#2900 = VECTOR ( 'NONE', #7118, 1000.000000000000000 ) ;
#2901 = ORIENTED_EDGE ( 'NONE', *, *, #3459, .T. ) ;
#2902 = CARTESIAN_POINT ( 'NONE',  ( -0.5003726924179342500, -0.4000000000000002400, 0.1799999999999999900 ) ) ;
#2903 = ORIENTED_EDGE ( 'NONE', *, *, #146, .T. ) ;
#2904 = PRESENTATION_LAYER_ASSIGNMENT (  '', '', ( #2282 ) ) ;
#2905 = LINE ( 'NONE', #5561, #2621 ) ;
#2906 = ORIENTED_EDGE ( 'NONE', *, *, #1822, .F. ) ;
#2907 = VECTOR ( 'NONE', #9488, 1000.000000000000000 ) ;
#2908 = VECTOR ( 'NONE', #8309, 1000.000000000000000 ) ;
#2909 = LINE ( 'NONE', #7825, #2628 ) ;
#2910 = DIRECTION ( 'NONE',  ( 0.0000000000000000000, 0.0000000000000000000, -1.000000000000000000 ) ) ;
#2911 = UNCERTAINTY_MEASURE_WITH_UNIT (LENGTH_MEASURE( 1.000000000000000100E-005 ), #11523, 'distance_accuracy_value', 'NONE');
#2912 = ORIENTED_EDGE ( 'NONE', *, *, #7150, .T. ) ;
#2913 =( LENGTH_UNIT ( ) NAMED_UNIT ( * ) SI_UNIT ( .MILLI., .METRE. ) );
#2914 = DIRECTION ( 'NONE',  ( 0.0000000000000000000, 0.0000000000000000000, -1.000000000000000000 ) ) ;
#2915 = LINE ( 'NONE', #9675, #7637 ) ;
#2916 = DIRECTION ( 'NONE',  ( -0.9925461516413219800, 0.0000000000000000000, 0.1218693434051486300 ) ) ;
#2917 = ORIENTED_EDGE ( 'NONE', *, *, #4214, .F. ) ;
#2918 = CIRCLE ( 'NONE', #4339, 0.05000000000000002400 ) ;
#2919 = LINE ( 'NONE', #1895, #7369 ) ;
#2920 = CARTESIAN_POINT ( 'NONE',  ( 1.558006294300130000, 2.022050005444920200, 0.0000000000000000000 ) ) ;
#2921 = STYLED_ITEM ( 'NONE', ( #968 ), #1538 ) ;
#2922 =( LENGTH_UNIT ( ) NAMED_UNIT ( * ) SI_UNIT ( .MILLI., .METRE. ) );
#2923 = STYLED_ITEM ( 'NONE', ( #4989 ), #11229 ) ;
#2924 = SURFACE_STYLE_USAGE ( .BOTH. , #8262 ) ;
#2925 = AXIS2_PLACEMENT_3D ( 'NONE', #8615, #3277, #9524 ) ;
#2926 = DIRECTION ( 'NONE',  ( 0.0000000000000000000, 0.0000000000000000000, 1.000000000000000000 ) ) ;
#2927 = CARTESIAN_POINT ( 'NONE',  ( 1.605856330198040000, 2.022359678402379800, 0.0000000000000000000 ) ) ;
#2928 = PRESENTATION_STYLE_ASSIGNMENT (( #10465 ) ) ;
#2929 =( NAMED_UNIT ( * ) PLANE_ANGLE_UNIT ( ) SI_UNIT ( $, .RADIAN. ) );
#2930 = EDGE_LOOP ( 'NONE', ( #9044, #10460, #1988, #2757 ) ) ;
#2931 = PRESENTATION_STYLE_ASSIGNMENT (( #1529 ) ) ;
#2932 = EDGE_CURVE ( 'NONE', #2615, #3110, #3232, .T. ) ;
#2933 = CARTESIAN_POINT ( 'NONE',  ( 1.470670801460050000, 1.987367672161970000, 0.0000000000000000000 ) ) ;
#2934 = STYLED_ITEM ( 'NONE', ( #8121 ), #2563 ) ;
#2935 = LINE ( 'NONE', #1556, #9813 ) ;
#2936 = DIRECTION ( 'NONE',  ( 0.0000000000000000000, 0.0000000000000000000, 1.000000000000000000 ) ) ;
#2937 = SURFACE_STYLE_USAGE ( .BOTH. , #8277 ) ;
#2938 = VERTEX_POINT ( 'NONE', #5726 ) ;
#2939 = DIRECTION ( 'NONE',  ( -0.1209742911513550100, -0.1209742911513550100, -0.9852565360152930600 ) ) ;
#2940 = PRODUCT_DEFINITION ( 'UNKNOWN', '', #9521, #5321 ) ;
#2941 = DIRECTION ( 'NONE',  ( 1.000000000000000000, 0.0000000000000000000, -0.0000000000000000000 ) ) ;
#2942 = DIRECTION ( 'NONE',  ( -0.0000000000000000000, 0.0000000000000000000, -1.000000000000000000 ) ) ;
#2943 = COLOUR_RGB ( '',0.0000000000000000000, 0.7019607843137254400, 0.9803921568627450600 ) ;
#2944 =( NAMED_UNIT ( * ) PLANE_ANGLE_UNIT ( ) SI_UNIT ( $, .RADIAN. ) );
#2945 = SURFACE_STYLE_USAGE ( .BOTH. , #8285 ) ;
#2946 = COLOUR_RGB ( '',0.8627450980392157300, 0.6274509803921568500, 0.05882352941176470500 ) ;
#2947 =( GEOMETRIC_REPRESENTATION_CONTEXT ( 3 ) GLOBAL_UNCERTAINTY_ASSIGNED_CONTEXT ( ( #9573 ) ) GLOBAL_UNIT_ASSIGNED_CONTEXT ( ( #3226, #8452, #445 ) ) REPRESENTATION_CONTEXT ( 'NONE', 'WORKASPACE' ) );
#2948 = EDGE_CURVE ( 'NONE', #7992, #9995, #2954, .T. ) ;
#2949 =( NAMED_UNIT ( * ) PLANE_ANGLE_UNIT ( ) SI_UNIT ( $, .RADIAN. ) );
#2950 = STYLED_ITEM ( 'NONE', ( #5419 ), #5842 ) ;
#2951 = STYLED_ITEM ( 'NONE', ( #7584 ), #4263 ) ;
#2952 = CARTESIAN_POINT ( 'NONE',  ( -0.4480549931478378100, -0.2980549931478377900, 0.5999999999999996400 ) ) ;
#2953 = PRESENTATION_STYLE_ASSIGNMENT (( #1449 ) ) ;
#2954 = LINE ( 'NONE', #6556, #558 ) ;
#2955 = DIRECTION ( 'NONE',  ( 0.0000000000000000000, -0.0000000000000000000, -1.000000000000000000 ) ) ;
#2956 = ORIENTED_EDGE ( 'NONE', *, *, #9786, .F. ) ;
#2957 = CARTESIAN_POINT ( 'NONE',  ( -0.5250000000000003600, 0.1330726618555938000, 0.1758578643762690200 ) ) ;
#2958 = LINE ( 'NONE', #10108, #10 ) ;
#2959 =( NAMED_UNIT ( * ) PLANE_ANGLE_UNIT ( ) SI_UNIT ( $, .RADIAN. ) );
#2960 = ORIENTED_EDGE ( 'NONE', *, *, #8536, .T. ) ;
#2961 =( GEOMETRIC_REPRESENTATION_CONTEXT ( 3 ) GLOBAL_UNCERTAINTY_ASSIGNED_CONTEXT ( ( #5639 ) ) GLOBAL_UNIT_ASSIGNED_CONTEXT ( ( #6047, #5956, #5920 ) ) REPRESENTATION_CONTEXT ( 'NONE', 'WORKASPACE' ) );
#2962 = ORIENTED_EDGE ( 'NONE', *, *, #6463, .T. ) ;
#2963 = CARTESIAN_POINT ( 'NONE',  ( 1.558006294300130000, 2.001304665244250100, 0.0000000000000000000 ) ) ;
#2964 = PRESENTATION_LAYER_ASSIGNMENT (  '', '', ( #1759 ) ) ;
#2965 = MECHANICAL_DESIGN_GEOMETRIC_PRESENTATION_REPRESENTATION (  '', ( #1765 ), #3588 ) ;
#2966 = SURFACE_STYLE_USAGE ( .BOTH. , #8302 ) ;
#2967 = SURFACE_SIDE_STYLE ('',( #2012 ) ) ;
#2968 = CARTESIAN_POINT ( 'NONE',  ( 1.603142062289180300, 2.014769727209960100, 0.09999999999999995000 ) ) ;
#2969 = B_SPLINE_CURVE_WITH_KNOTS ( 'NONE', 2,
 ( #2581, #8830, #813, #7049 ),
 .UNSPECIFIED., .F., .F.,
 ( 3, 1, 3 ),
 ( 0.0000000000000000000, 7.553122386682314900E-006, 1.510624477336463000E-005 ),
 .UNSPECIFIED. ) ;
#2970 = CARTESIAN_POINT ( 'NONE',  ( 0.7900000000000000400, -0.1596871942267129900, 0.1700000000000000100 ) ) ;
#2971 = ORIENTED_EDGE ( 'NONE', *, *, #1673, .T. ) ;
#2972 = ADVANCED_FACE ( 'NONE', ( #9827 ), #10103, .T. ) ;
#2973 = VERTEX_POINT ( 'NONE', #5746 ) ;
#2974 = CARTESIAN_POINT ( 'NONE',  ( -0.4000000000000000200, -0.3499999999999999800, 0.1799999999999999700 ) ) ;
#2975 = CARTESIAN_POINT ( 'NONE',  ( 0.4764586206041043200, -0.3516608847354836300, 0.6099478456424559700 ) ) ;
#2976 = DIRECTION ( 'NONE',  ( 0.0000000000000000000, -0.0000000000000000000, -1.000000000000000000 ) ) ;
#2977 =( NAMED_UNIT ( * ) SI_UNIT ( $, .STERADIAN. ) SOLID_ANGLE_UNIT ( ) );
#2978 = SURFACE_STYLE_USAGE ( .BOTH. , #8313 ) ;
#2979 = EDGE_CURVE ( 'NONE', #2242, #3050, #8970, .T. ) ;
#2980 = CONTEXT_DEPENDENT_SHAPE_REPRESENTATION ( #5100, #1714 ) ;
#2981 = MECHANICAL_DESIGN_GEOMETRIC_PRESENTATION_REPRESENTATION (  '', ( #568 ), #3603 ) ;
#2982 = DIRECTION ( 'NONE',  ( -0.0000000000000000000, -1.000000000000000000, -0.0000000000000000000 ) ) ;
#2984 = CARTESIAN_POINT ( 'NONE',  ( 1.599976746015110000, 1.993089014395179800, 0.1000000000000000300 ) ) ;
#2983 = PRESENTATION_LAYER_ASSIGNMENT (  '', '', ( #1785 ) ) ;
#2985 = FACE_OUTER_BOUND ( 'NONE', #4286, .T. ) ;
#2986 = DIRECTION ( 'NONE',  ( 0.0000000000000000000, 0.0000000000000000000, -1.000000000000000000 ) ) ;
#2987 = LINE ( 'NONE', #8925, #591 ) ;
#2988 = CARTESIAN_POINT ( 'NONE',  ( 1.646673668681170000, 2.000366784701750300, 0.1000000000000000100 ) ) ;
#2989 = EDGE_LOOP ( 'NONE', ( #1444, #8796, #2283, #82 ) ) ;
#2990 = SURFACE_STYLE_USAGE ( .BOTH. , #8332 ) ;
#2991 = DIRECTION ( 'NONE',  ( 0.0000000000000000000, 0.0000000000000000000, -1.000000000000000000 ) ) ;
#2992 = LINE ( 'NONE', #8693, #318 ) ;
#2993 = EDGE_CURVE ( 'NONE', #3411, #9875, #11351, .T. ) ;
#2994 = STYLED_ITEM ( 'NONE', ( #5514 ), #2309 ) ;
#2995 = CARTESIAN_POINT ( 'NONE',  ( 1.605796842762790000, 1.996254330567880200, 0.0000000000000000000 ) ) ;
#2996 = CIRCLE ( 'NONE', #1676, 0.05000000000000002400 ) ;
#2997 = EDGE_LOOP ( 'NONE', ( #933, #7363, #5418, #5181 ) ) ;
#2998 = COLOUR_RGB ( '',0.0000000000000000000, 0.7019607843137254400, 0.9803921568627450600 ) ;
#2999 =( GEOMETRIC_REPRESENTATION_CONTEXT ( 3 ) GLOBAL_UNCERTAINTY_ASSIGNED_CONTEXT ( ( #3978 ) ) GLOBAL_UNIT_ASSIGNED_CONTEXT ( ( #8427, #3100, #9342 ) ) REPRESENTATION_CONTEXT ( 'NONE', 'WORKASPACE' ) );
#3000 = DIRECTION ( 'NONE',  ( -0.0000000000000000000, 1.000000000000000000, 0.0000000000000000000 ) ) ;
#3001 = PRESENTATION_LAYER_ASSIGNMENT (  '', '', ( #1180 ) ) ;
#3002 = CARTESIAN_POINT ( 'NONE',  ( 0.7854284641271248600, -0.1552291404743184300, 0.1852800012348752900 ) ) ;
#3003 = SURFACE_SIDE_STYLE ('',( #5674 ) ) ;
#3004 = COLOUR_RGB ( '',1.000000000000000000, 0.9921568627450980700, 0.9411764705882352800 ) ;
#3005 =( NAMED_UNIT ( * ) SI_UNIT ( $, .STERADIAN. ) SOLID_ANGLE_UNIT ( ) );
#3006 =( NAMED_UNIT ( * ) PLANE_ANGLE_UNIT ( ) SI_UNIT ( $, .RADIAN. ) );
#3007 =( NAMED_UNIT ( * ) SI_UNIT ( $, .STERADIAN. ) SOLID_ANGLE_UNIT ( ) );
#3008 = ORIENTED_EDGE ( 'NONE', *, *, #3688, .F. ) ;
#3009 = SURFACE_STYLE_FILL_AREA ( #9740 ) ;
#3010 = FACE_OUTER_BOUND ( 'NONE', #8397, .T. ) ;
#3011 = EDGE_CURVE ( 'NONE', #8696, #3592, #6566, .T. ) ;
#3012 = PLANE ( 'NONE',  #3638 ) ;
#3013 = EDGE_CURVE ( 'NONE', #2691, #2025, #1833, .T. ) ;
#3014 = EDGE_CURVE ( 'NONE', #9692, #10519, #6306, .T. ) ;
#3015 = SURFACE_STYLE_FILL_AREA ( #418 ) ;
#3016 = PLANE ( 'NONE',  #4036 ) ;
#3017 = AXIS2_PLACEMENT_3D ( 'NONE', #5754, #378, #6619 ) ;
#3018 = PRESENTATION_LAYER_ASSIGNMENT (  '', '', ( #3639 ) ) ;
#3019 = VECTOR ( 'NONE', #4289, 1000.000000000000000 ) ;
#3020 = SURFACE_STYLE_USAGE ( .BOTH. , #8363 ) ;
#3021 = ORIENTED_EDGE ( 'NONE', *, *, #3288, .T. ) ;
#3022 = CIRCLE ( 'NONE', #8793, 0.01000000000000000400 ) ;
#3023 = SURFACE_STYLE_FILL_AREA ( #8813 ) ;
#3024 =( BOUNDED_CURVE ( )  B_SPLINE_CURVE ( 3, ( #4082, #10354, #11231, #5879 ),
 .UNSPECIFIED., .F., .F. ) 
 B_SPLINE_CURVE_WITH_KNOTS ( ( 4, 4 ),
 ( 5.505213485254659000, 7.061157129104513400 ),
 .UNSPECIFIED. ) 
 CURVE ( )  GEOMETRIC_REPRESENTATION_ITEM ( )  RATIONAL_B_SPLINE_CURVE ( ( 1.000000000000000000, 0.8082256338399265200, 0.8082256338399265200, 1.000000000000000000 ) ) 
 REPRESENTATION_ITEM ( '' )  );
#3025 =( NAMED_UNIT ( * ) SI_UNIT ( $, .STERADIAN. ) SOLID_ANGLE_UNIT ( ) );
#3026 = DIRECTION ( 'NONE',  ( 1.000000000000000000, 0.0000000000000000000, -0.0000000000000000000 ) ) ;
#3027 = PRESENTATION_STYLE_ASSIGNMENT (( #1887 ) ) ;
#3028 = ORIENTED_EDGE ( 'NONE', *, *, #15, .T. ) ;
#3029 = DIRECTION ( 'NONE',  ( 1.000000000000000000, 0.0000000000000000000, 0.0000000000000000000 ) ) ;
#3030 = PRESENTATION_LAYER_ASSIGNMENT (  '', '', ( #1208 ) ) ;
#3031 = EDGE_CURVE ( 'NONE', #7387, #6482, #11059, .T. ) ;
#3032 = ADVANCED_FACE ( 'NONE', ( #10792 ), #8486, .T. ) ;
#3033 = VERTEX_POINT ( 'NONE', #3170 ) ;
#3034 = AXIS2_PLACEMENT_3D ( 'NONE', #7343, #1994, #8258 ) ;
#3035 = SURFACE_STYLE_FILL_AREA ( #5821 ) ;
#3036 = PRESENTATION_LAYER_ASSIGNMENT (  '', '', ( #1841 ) ) ;
#3037 = LINE ( 'NONE', #9304, #1470 ) ;
#3038 = CARTESIAN_POINT ( 'NONE',  ( 1.558006294300130000, 1.988048385278420300, 0.1000000000000000100 ) ) ;
#3039 = ORIENTED_EDGE ( 'NONE', *, *, #4056, .T. ) ;
#3040 = LINE ( 'NONE', #8746, #2766 ) ;
#3041 = LINE ( 'NONE', #8032, #358 ) ;
#3042 =( GEOMETRIC_REPRESENTATION_CONTEXT ( 3 ) GLOBAL_UNCERTAINTY_ASSIGNED_CONTEXT ( ( #5579 ) ) GLOBAL_UNIT_ASSIGNED_CONTEXT ( ( #4028, #10288, #4922 ) ) REPRESENTATION_CONTEXT ( 'NONE', 'WORKASPACE' ) );
#3043 = FACE_OUTER_BOUND ( 'NONE', #4477, .T. ) ;
#3044 = FILL_AREA_STYLE_COLOUR ( '', #2278 ) ;
#3045 = ORIENTED_EDGE ( 'NONE', *, *, #227, .T. ) ;
#3046 = VERTEX_POINT ( 'NONE', #1017 ) ;
#3047 = EDGE_LOOP ( 'NONE', ( #222, #9828, #10050, #5025, #10663 ) ) ;
#3048 = FILL_AREA_STYLE ('',( #4744 ) ) ;
#3049 = SURFACE_SIDE_STYLE ('',( #4823 ) ) ;
#3050 = VERTEX_POINT ( 'NONE', #936 ) ;
#3051 = FACE_OUTER_BOUND ( 'NONE', #9233, .T. ) ;
#3052 = VECTOR ( 'NONE', #1102, 1000.000000000000000 ) ;
#3053 = PLANE ( 'NONE',  #1213 ) ;
#3054 = SURFACE_SIDE_STYLE ('',( #3228 ) ) ;
#3055 = EDGE_LOOP ( 'NONE', ( #10892, #5613, #1508, #1953 ) ) ;
#3056 = B_SPLINE_CURVE_WITH_KNOTS ( 'NONE', 2,
 ( #8646, #6836, #5983, #626 ),
 .UNSPECIFIED., .F., .F.,
 ( 3, 1, 3 ),
 ( 0.0000000000000000000, 7.563236802190701200E-006, 1.512647360438140200E-005 ),
 .UNSPECIFIED. ) ;
#3057 = PRESENTATION_LAYER_ASSIGNMENT (  '', '', ( #3674 ) ) ;
#3058 = VERTEX_POINT ( 'NONE', #2458 ) ;
#3059 = ORIENTED_EDGE ( 'NONE', *, *, #7792, .T. ) ;
#3060 = COLOUR_RGB ( '',1.000000000000000000, 0.9921568627450980700, 0.9411764705882352800 ) ;
#3061 = ORIENTED_EDGE ( 'NONE', *, *, #11442, .T. ) ;
#3062 = ORIENTED_EDGE ( 'NONE', *, *, #5045, .T. ) ;
#3063 = CARTESIAN_POINT ( 'NONE',  ( -0.4480549931478379800, 0.3199665622654158700, 0.6449431100259607200 ) ) ;
#3064 =( NAMED_UNIT ( * ) PLANE_ANGLE_UNIT ( ) SI_UNIT ( $, .RADIAN. ) );
#3065 = DIRECTION ( 'NONE',  ( 0.0000000000000000000, -1.000000000000000000, 0.0000000000000000000 ) ) ;
#3066 = FILL_AREA_STYLE_COLOUR ( '', #10914 ) ;
#3067 = UNCERTAINTY_MEASURE_WITH_UNIT (LENGTH_MEASURE( 1.000000000000000100E-005 ), #6860, 'distance_accuracy_value', 'NONE');
#3068 = ORIENTED_EDGE ( 'NONE', *, *, #9847, .F. ) ;
#3069 = CARTESIAN_POINT ( 'NONE',  ( -0.7900000000000000400, -0.1596871942267129900, 0.009999999999999998500 ) ) ;
#3070 = EDGE_CURVE ( 'NONE', #8773, #2644, #9668, .T. ) ;
#3071 = VECTOR ( 'NONE', #4109, 1000.000000000000000 ) ;
#3072 = DIRECTION ( 'NONE',  ( 0.0000000000000000000, -0.0000000000000000000, -1.000000000000000000 ) ) ;
#3073 = ORIENTED_EDGE ( 'NONE', *, *, #7200, .F. ) ;
#3074 = EDGE_LOOP ( 'NONE', ( #10843, #7346, #4491, #8416 ) ) ;
#3075 = CYLINDRICAL_SURFACE ( 'NONE', #1152, 0.009999999999999998500 ) ;
#3076 = CARTESIAN_POINT ( 'NONE',  ( -0.7817157287525381400, 0.3899999999999999000, 0.1800000000000000200 ) ) ;
#3077 = CARTESIAN_POINT ( 'NONE',  ( 0.7899999999999999200, -0.3817157287525380600, 0.1800000000000000200 ) ) ;
#3078 = FILL_AREA_STYLE_COLOUR ( '', #4716 ) ;
#3079 = AXIS2_PLACEMENT_3D ( 'NONE', #3478, #9727, #4383 ) ;
#3080 = DIRECTION ( 'NONE',  ( -0.4123105625617680100, 0.3872983346207468100, 0.8246211251235287000 ) ) ;
#3081 = CARTESIAN_POINT ( 'NONE',  ( 1.558006294300130000, 1.980050006160170200, 0.1000000000000000100 ) ) ;
#3082 = LINE ( 'NONE', #5795, #7819 ) ;
#3083 = FACE_OUTER_BOUND ( 'NONE', #7457, .T. ) ;
#3084 = EDGE_CURVE ( 'NONE', #2297, #7387, #410, .T. ) ;
#3085 = CARTESIAN_POINT ( 'NONE',  ( 0.7700000000000000200, -0.4000000000000000200, 0.1700000000000000100 ) ) ;
#3086 = MECHANICAL_DESIGN_GEOMETRIC_PRESENTATION_REPRESENTATION (  '', ( #680 ), #3700 ) ;
#3087 = EDGE_CURVE ( 'NONE', #6493, #5477, #7531, .T. ) ;
#3088 = DIRECTION ( 'NONE',  ( -0.0000000000000000000, -1.000000000000000000, 0.0000000000000000000 ) ) ;
#3089 =( GEOMETRIC_REPRESENTATION_CONTEXT ( 3 ) GLOBAL_UNCERTAINTY_ASSIGNED_CONTEXT ( ( #6065 ) ) GLOBAL_UNIT_ASSIGNED_CONTEXT ( ( #6646, #1291, #7549 ) ) REPRESENTATION_CONTEXT ( 'NONE', 'WORKASPACE' ) );
#3090 =( NAMED_UNIT ( * ) SI_UNIT ( $, .STERADIAN. ) SOLID_ANGLE_UNIT ( ) );
#3091 =( NAMED_UNIT ( * ) SI_UNIT ( $, .STERADIAN. ) SOLID_ANGLE_UNIT ( ) );
#3092 = ORIENTED_EDGE ( 'NONE', *, *, #2461, .F. ) ;
#3093 = COLOUR_RGB ( '',0.8627450980392157300, 0.6274509803921568500, 0.05882352941176470500 ) ;
#3094 = ADVANCED_FACE ( 'NONE', ( #2820 ), #381, .T. ) ;
#3095 = DIRECTION ( 'NONE',  ( 0.0000000000000000000, 0.0000000000000000000, -1.000000000000000000 ) ) ;
#3096 = ORIENTED_EDGE ( 'NONE', *, *, #6207, .T. ) ;
#3097 = DIRECTION ( 'NONE',  ( 0.0000000000000000000, 1.000000000000000000, 0.0000000000000000000 ) ) ;
#3098 = VERTEX_POINT ( 'NONE', #817 ) ;
#3099 = MECHANICAL_DESIGN_GEOMETRIC_PRESENTATION_REPRESENTATION (  '', ( #1897 ), #3714 ) ;
#3100 =( NAMED_UNIT ( * ) PLANE_ANGLE_UNIT ( ) SI_UNIT ( $, .RADIAN. ) );
#3101 = EDGE_CURVE ( 'NONE', #1188, #3203, #1678, .T. ) ;
#3102 = CARTESIAN_POINT ( 'NONE',  ( -0.8000000000000000400, 0.4000000000000000200, 0.1600000000000000000 ) ) ;
#3103 = AXIS2_PLACEMENT_3D ( 'NONE', #10101, #4735, #10973 ) ;
#3104 = PRESENTATION_LAYER_ASSIGNMENT (  '', '', ( #2512 ) ) ;
#3105 = MECHANICAL_DESIGN_GEOMETRIC_PRESENTATION_REPRESENTATION (  '', ( #1274 ), #3722 ) ;
#3106 = FILL_AREA_STYLE ('',( #393 ) ) ;
#3107 = SURFACE_STYLE_FILL_AREA ( #7295 ) ;
#3108 =( NAMED_UNIT ( * ) SI_UNIT ( $, .STERADIAN. ) SOLID_ANGLE_UNIT ( ) );
#3109 = VERTEX_POINT ( 'NONE', #3417 ) ;
#3110 = VERTEX_POINT ( 'NONE', #4322 ) ;
#3111 = DIRECTION ( 'NONE',  ( -1.000000000000000000, -0.0000000000000000000, -0.0000000000000000000 ) ) ;
#3112 = PRESENTATION_STYLE_ASSIGNMENT (( #10454 ) ) ;
#3113 = VERTEX_POINT ( 'NONE', #11483 ) ;
#3114 = CARTESIAN_POINT ( 'NONE',  ( 0.7905590169943748100, 0.1507604086910344100, 0.005527864045000561800 ) ) ;
#3115 = CARTESIAN_POINT ( 'NONE',  ( 0.7955363292937877000, -0.1591337124127563100, -0.001242919917975170200 ) ) ;
#3116 = UNCERTAINTY_MEASURE_WITH_UNIT (LENGTH_MEASURE( 1.000000000000000100E-005 ), #11487, 'distance_accuracy_value', 'NONE');
#3117 =( GEOMETRIC_REPRESENTATION_CONTEXT ( 3 ) GLOBAL_UNCERTAINTY_ASSIGNED_CONTEXT ( ( #4646 ) ) GLOBAL_UNIT_ASSIGNED_CONTEXT ( ( #8770, #3432, #9680 ) ) REPRESENTATION_CONTEXT ( 'NONE', 'WORKASPACE' ) );
#3118 = VERTEX_POINT ( 'NONE', #6103 ) ;
#3119 = AXIS2_PLACEMENT_3D ( 'NONE', #3497, #9739, #4395 ) ;
#3120 = CARTESIAN_POINT ( 'NONE',  ( -0.7960104076400856800, 0.1540413993313949900, 0.1756568542494922900 ) ) ;
#3121 = FILL_AREA_STYLE ('',( #2210 ) ) ;
#3122 = VECTOR ( 'NONE', #2982, 1000.000000000000000 ) ;
#3123 = SURFACE_SIDE_STYLE ('',( #9677 ) ) ;
#3124 = CARTESIAN_POINT ( 'NONE',  ( -0.1270000000000000000, 0.07619999999999999000, 0.0000000000000000000 ) ) ;
#3125 = CARTESIAN_POINT ( 'NONE',  ( 1.487246165845520100, 1.980050006160170200, 0.0000000000000000000 ) ) ;
#3126 = EDGE_LOOP ( 'NONE', ( #2619, #11149, #5233, #3176, #7376, #1853, #9766, #9568 ) ) ;
#3127 = PRODUCT ( '2', '2', '', ( #7715 ) ) ;
#3128 = EDGE_LOOP ( 'NONE', ( #11001, #9013, #9291, #6079, #2874 ) ) ;
#3129 = UNCERTAINTY_MEASURE_WITH_UNIT (LENGTH_MEASURE( 1.000000000000000100E-005 ), #10873, 'distance_accuracy_value', 'NONE');
#3130 = DIRECTION ( 'NONE',  ( 0.0000000000000000000, 0.0000000000000000000, -1.000000000000000000 ) ) ;
#3131 = SURFACE_STYLE_FILL_AREA ( #8864 ) ;
#3132 = ORIENTED_EDGE ( 'NONE', *, *, #1342, .F. ) ;
#3133 = AXIS2_PLACEMENT_3D ( 'NONE', #677, #6919, #1564 ) ;
#3134 = CARTESIAN_POINT ( 'NONE',  ( 1.487246165845520100, 1.987367672161970000, 0.0000000000000000000 ) ) ;
#3136 = SURFACE_STYLE_USAGE ( .BOTH. , #8471 ) ;
#3135 = AXIS2_PLACEMENT_3D ( 'NONE', #5749, #367, #6608 ) ;
#3137 = ORIENTED_EDGE ( 'NONE', *, *, #1865, .F. ) ;
#3138 = COLOUR_RGB ( '',0.0000000000000000000, 0.7019607843137254400, 0.9803921568627450600 ) ;
#3139 = CARTESIAN_POINT ( 'NONE',  ( 0.7903661165235165200, -0.1538407821866691600, 6.727808267600748300E-017 ) ) ;
#3140 = LINE ( 'NONE', #8111, #7588 ) ;
#3141 = ORIENTED_EDGE ( 'NONE', *, *, #1193, .T. ) ;
#3143 = DIRECTION ( 'NONE',  ( -0.0000000000000000000, -1.000000000000000000, 0.0000000000000000000 ) ) ;
#3142 = LINE ( 'NONE', #9311, #10019 ) ;
#3144 = CARTESIAN_POINT ( 'NONE',  ( 0.7900000000000000400, -0.2000000000000000100, 0.1800000000000000200 ) ) ;
#3145 = CARTESIAN_POINT ( 'NONE',  ( 0.7936914531521422900, 0.1515726837599340500, 0.004343145750507644400 ) ) ;
#3146 = ADVANCED_FACE ( 'NONE', ( #4060 ), #1635, .T. ) ;
#3147 = ADVANCED_FACE ( 'NONE', ( #10099 ), #5228, .T. ) ;
#3148 = CIRCLE ( 'NONE', #5885, 0.02999999999999997100 ) ;
#3149 = CARTESIAN_POINT ( 'NONE',  ( -0.4000000000000000200, -0.3499999999999999800, 0.02000000000000000000 ) ) ;
#3150 = CYLINDRICAL_SURFACE ( 'NONE', #2398, 0.02999999999999997100 ) ;
#3151 = EDGE_CURVE ( 'NONE', #3691, #4873, #4505, .T. ) ;
#3152 = CARTESIAN_POINT ( 'NONE',  ( -0.6500000000000001300, 0.0000000000000000000, 0.1700000000000000100 ) ) ;
#3153 = AXIS2_PLACEMENT_3D ( 'NONE', #10516, #10554, #10604 ) ;
#3154 = CARTESIAN_POINT ( 'NONE',  ( 0.4745170327464609500, 0.3245170327464609300, 0.6331590247227176800 ) ) ;
#3155 = ORIENTED_EDGE ( 'NONE', *, *, #11091, .T. ) ;
#3156 = VECTOR ( 'NONE', #5395, 1000.000000000000000 ) ;
#3157 = MECHANICAL_DESIGN_GEOMETRIC_PRESENTATION_REPRESENTATION (  '', ( #1329 ), #3771 ) ;
#3158 = CARTESIAN_POINT ( 'NONE',  ( -0.7880911030393220600, 0.1504694589883744100, 0.1733748288059404100 ) ) ;
#3159 = VECTOR ( 'NONE', #8037, 1000.000000000000000 ) ;
#3160 = FILL_AREA_STYLE ('',( #8449 ) ) ;
#3161 = VECTOR ( 'NONE', #3811, 1000.000000000000000 ) ;
#3162 = DIRECTION ( 'NONE',  ( -0.4534063869138190700, 0.8913039034503080800, 0.0000000000000000000 ) ) ;
#3163 = DIRECTION ( 'NONE',  ( 0.0000000000000000000, 0.0000000000000000000, 1.000000000000000000 ) ) ;
#3164 =( NAMED_UNIT ( * ) SI_UNIT ( $, .STERADIAN. ) SOLID_ANGLE_UNIT ( ) );
#3165 = ORIENTED_EDGE ( 'NONE', *, *, #11515, .T. ) ;
#3166 = CARTESIAN_POINT ( 'NONE',  ( 1.475946328112510300, 2.001050005802550200, 0.0000000000000000000 ) ) ;
#3167 = AXIS2_PLACEMENT_3D ( 'NONE', #10702, #7907, #838 ) ;
#3168 = EDGE_CURVE ( 'NONE', #9944, #10117, #9224, .T. ) ;
#3169 = FACE_OUTER_BOUND ( 'NONE', #1395, .T. ) ;
#3170 = CARTESIAN_POINT ( 'NONE',  ( -0.7989442719099991700, 0.1596871942267129900, 0.1744721359549996600 ) ) ;
#3171 =( GEOMETRIC_REPRESENTATION_CONTEXT ( 3 ) GLOBAL_UNCERTAINTY_ASSIGNED_CONTEXT ( ( #6489 ) ) GLOBAL_UNIT_ASSIGNED_CONTEXT ( ( #653, #6895, #1539 ) ) REPRESENTATION_CONTEXT ( 'NONE', 'WORKASPACE' ) );
#3172 = AXIS2_PLACEMENT_3D ( 'NONE', #3675, #9937, #4576 ) ;
#3173 = ORIENTED_EDGE ( 'NONE', *, *, #4799, .T. ) ;
#3174 = DIRECTION ( 'NONE',  ( 1.000000000000000000, 0.0000000000000000000, 0.0000000000000000000 ) ) ;
#3175 = VECTOR ( 'NONE', #3566, 1000.000000000000000 ) ;
#3176 = ORIENTED_EDGE ( 'NONE', *, *, #8518, .T. ) ;
#3177 =( NAMED_UNIT ( * ) PLANE_ANGLE_UNIT ( ) SI_UNIT ( $, .RADIAN. ) );
#3178 =( LENGTH_UNIT ( ) NAMED_UNIT ( * ) SI_UNIT ( .MILLI., .METRE. ) );
#3179 = ORIENTED_EDGE ( 'NONE', *, *, #2069, .F. ) ;
#3180 = ORIENTED_EDGE ( 'NONE', *, *, #4832, .T. ) ;
#3181 = ORIENTED_EDGE ( 'NONE', *, *, #8860, .T. ) ;
#3182 = LINE ( 'NONE', #6761, #2907 ) ;
#3183 = CIRCLE ( 'NONE', #6629, 0.05000000000000005100 ) ;
#3184 = DIRECTION ( 'NONE',  ( 0.0000000000000000000, 1.000000000000000000, 0.0000000000000000000 ) ) ;
#3185 = LINE ( 'NONE', #5334, #10062 ) ;
#3186 = PRESENTATION_STYLE_ASSIGNMENT (( #9478 ) ) ;
#3187 = DIRECTION ( 'NONE',  ( 1.000000000000000000, 0.0000000000000000000, -0.0000000000000000000 ) ) ;
#3188 = CARTESIAN_POINT ( 'NONE',  ( 0.7900000000000000400, -0.3700000000000000000, 0.1799999999999999900 ) ) ;
#3189 = PRESENTATION_LAYER_ASSIGNMENT (  '', '', ( #3799 ) ) ;
#3190 = ORIENTED_EDGE ( 'NONE', *, *, #8023, .T. ) ;
#3191 = DIRECTION ( 'NONE',  ( -1.000000000000000000, -1.084202172485501600E-014, 0.0000000000000000000 ) ) ;
#3192 = ORIENTED_EDGE ( 'NONE', *, *, #7707, .F. ) ;
#3193 = MECHANICAL_DESIGN_GEOMETRIC_PRESENTATION_REPRESENTATION (  '', ( #184 ), #3800 ) ;
#3194 = VECTOR ( 'NONE', #7740, 1000.000000000000000 ) ;
#3195 = DIRECTION ( 'NONE',  ( -1.000000000000000000, -0.0000000000000000000, 0.0000000000000000000 ) ) ;
#3196 = DIRECTION ( 'NONE',  ( 0.0000000000000000000, 0.0000000000000000000, 1.000000000000000000 ) ) ;
#3197 = ORIENTED_EDGE ( 'NONE', *, *, #9096, .T. ) ;
#3198 = CARTESIAN_POINT ( 'NONE',  ( 0.4327635161968226800, 0.3139777154520823600, 0.6448624302404415400 ) ) ;
#3199 = UNCERTAINTY_MEASURE_WITH_UNIT (LENGTH_MEASURE( 1.000000000000000100E-005 ), #5277, 'distance_accuracy_value', 'NONE');
#3200 = SURFACE_STYLE_FILL_AREA ( #9435 ) ;
#3201 = FILL_AREA_STYLE_COLOUR ( '', #7940 ) ;
#3202 = FILL_AREA_STYLE ('',( #8496 ) ) ;
#3203 = VERTEX_POINT ( 'NONE', #10693 ) ;
#3204 = DIRECTION ( 'NONE',  ( 0.0000000000000000000, 0.0000000000000000000, -1.000000000000000000 ) ) ;
#3205 = ORIENTED_EDGE ( 'NONE', *, *, #9370, .F. ) ;
#3206 = ADVANCED_FACE ( 'NONE', ( #2077 ), #821, .T. ) ;
#3207 = ADVANCED_FACE ( 'NONE', ( #1227 ), #7265, .T. ) ;
#3208 =( GEOMETRIC_REPRESENTATION_CONTEXT ( 3 ) GLOBAL_UNCERTAINTY_ASSIGNED_CONTEXT ( ( #10131 ) ) GLOBAL_UNIT_ASSIGNED_CONTEXT ( ( #3315, #9561, #4213 ) ) REPRESENTATION_CONTEXT ( 'NONE', 'WORKASPACE' ) );
#3209 = PRODUCT ( 'Lite-On Logo Adjustable', 'Lite-On Logo Adjustable', '', ( #4145 ) ) ;
#3210 = AXIS2_PLACEMENT_3D ( 'NONE', #8758, #3418, #9671 ) ;
#3211 = UNCERTAINTY_MEASURE_WITH_UNIT (LENGTH_MEASURE( 1.000000000000000100E-005 ), #1340, 'distance_accuracy_value', 'NONE');
#3212 = CIRCLE ( 'NONE', #1836, 0.01000000000000002600 ) ;
#3213 = FILL_AREA_STYLE ('',( #9414 ) ) ;
#3214 = ORIENTED_EDGE ( 'NONE', *, *, #11309, .T. ) ;
#3215 = APPLICATION_CONTEXT ( 'automotive_design' ) ;
#3216 =( NAMED_UNIT ( * ) PLANE_ANGLE_UNIT ( ) SI_UNIT ( $, .RADIAN. ) );
#3217 = FILL_AREA_STYLE_COLOUR ( '', #10206 ) ;
#3218 = CARTESIAN_POINT ( 'NONE',  ( -0.5500000000000003800, -0.3795324038633934300, 0.1799999999999999900 ) ) ;
#3219 = EDGE_CURVE ( 'NONE', #6854, #10385, #4893, .T. ) ;
#3220 = PRESENTATION_LAYER_ASSIGNMENT (  '', '', ( #3821 ) ) ;
#3221 = DIRECTION ( 'NONE',  ( 0.0000000000000000000, 0.0000000000000000000, 1.000000000000000000 ) ) ;
#3222 = DIRECTION ( 'NONE',  ( 0.0000000000000000000, -1.000000000000000000, 0.0000000000000000000 ) ) ;
#3223 = PRODUCT_DEFINITION_SHAPE ( 'NONE', 'NONE',  #5369 ) ;
#3224 = CIRCLE ( 'NONE', #7205, 0.05000000000000002400 ) ;
#3225 = SURFACE_SIDE_STYLE ('',( #7936 ) ) ;
#3226 =( LENGTH_UNIT ( ) NAMED_UNIT ( * ) SI_UNIT ( .MILLI., .METRE. ) );
#3227 = AXIS2_PLACEMENT_3D ( 'NONE', #11041, #5683, #301 ) ;
#3228 = SURFACE_STYLE_FILL_AREA ( #2328 ) ;
#3229 = CARTESIAN_POINT ( 'NONE',  ( -0.7960104076400854600, 0.1540413993313947700, 0.1756568542494924600 ) ) ;
#3230 = DIRECTION ( 'NONE',  ( 1.000000000000000000, 0.0000000000000000000, 0.0000000000000000000 ) ) ;
#3231 = FILL_AREA_STYLE ('',( #2364 ) ) ;
#3232 = LINE ( 'NONE', #5928, #11509 ) ;
#3233 = CARTESIAN_POINT ( 'NONE',  ( 0.4000000000000000200, 0.1749999999999999600, 0.02000000000000000000 ) ) ;
#3234 = ORIENTED_EDGE ( 'NONE', *, *, #6390, .T. ) ;
#3235 = EDGE_CURVE ( 'NONE', #6866, #11190, #7246, .T. ) ;
#3236 = EDGE_CURVE ( 'NONE', #5707, #2835, #130, .T. ) ;
#3237 = CARTESIAN_POINT ( 'NONE',  ( 1.568663942658580000, 2.001359678760009900, 0.0000000000000000000 ) ) ;
#3238 = PRESENTATION_LAYER_ASSIGNMENT (  '', '', ( #1407 ) ) ;
#3239 = EDGE_CURVE ( 'NONE', #2321, #7557, #6975, .T. ) ;
#3240 = DIRECTION ( 'NONE',  ( 0.1209742911513550100, -0.1209742911513550100, 0.9852565360152930600 ) ) ;
#3241 = AXIS2_PLACEMENT_3D ( 'NONE', #5388, #3, #6260 ) ;
#3242 =( GEOMETRIC_REPRESENTATION_CONTEXT ( 3 ) GLOBAL_UNCERTAINTY_ASSIGNED_CONTEXT ( ( #11087 ) ) GLOBAL_UNIT_ASSIGNED_CONTEXT ( ( #3645, #9898, #4545 ) ) REPRESENTATION_CONTEXT ( 'NONE', 'WORKASPACE' ) );
#3243 = FACE_OUTER_BOUND ( 'NONE', #54, .T. ) ;
#3244 = DIRECTION ( 'NONE',  ( 0.6010407640085616600, -0.5645794895318135800, 0.5656854249492391200 ) ) ;
#3245 = EDGE_LOOP ( 'NONE', ( #10065, #9507, #5391, #8352, #7176 ) ) ;
#3246 = CLOSED_SHELL ( 'NONE', ( #7687, #10202, #7951, #5087, #4455, #10313, #6936, #3206, #3451, #5741, #7749, #5780, #8705, #1597 ) ) ;
#3247 = FACE_OUTER_BOUND ( 'NONE', #9938, .T. ) ;
#3248 = ORIENTED_EDGE ( 'NONE', *, *, #11585, .F. ) ;
#3249 = CARTESIAN_POINT ( 'NONE',  ( 1.470670801460050000, 2.014732339443119800, 0.0000000000000000000 ) ) ;
#3250 = DIRECTION ( 'NONE',  ( 0.9925461516413218700, -2.168404344971010800E-015, 0.1218693434051487500 ) ) ;
#3251 = APPLICATION_PROTOCOL_DEFINITION ( 'draft international standard', 'automotive_design', 1998, #8581 ) ;
#3252 = VERTEX_POINT ( 'NONE', #8128 ) ;
#3253 = CARTESIAN_POINT ( 'NONE',  ( 0.7909622082928546800, -0.1504105945630585000, 0.1748380281824666600 ) ) ;
#3254 = EDGE_CURVE ( 'NONE', #2850, #5448, #9087, .T. ) ;
#3255 = MECHANICAL_DESIGN_GEOMETRIC_PRESENTATION_REPRESENTATION (  '', ( #2038 ), #3857 ) ;
#3256 = MECHANICAL_DESIGN_GEOMETRIC_PRESENTATION_REPRESENTATION (  '', ( #1428 ), #3858 ) ;
#3257 = DIRECTION ( 'NONE',  ( -0.0000000000000000000, -0.0000000000000000000, 1.000000000000000000 ) ) ;
#3258 = PRESENTATION_LAYER_ASSIGNMENT (  '', '', ( #1433 ) ) ;
#3259 =( NAMED_UNIT ( * ) SI_UNIT ( $, .STERADIAN. ) SOLID_ANGLE_UNIT ( ) );
#3260 = CARTESIAN_POINT ( 'NONE',  ( 0.7700000000000000200, -0.3900000000000000100, 0.1800000000000000200 ) ) ;
#3261 = ADVANCED_FACE ( 'NONE', ( #2221 ), #2790, .T. ) ;
#3262 = UNCERTAINTY_MEASURE_WITH_UNIT (LENGTH_MEASURE( 1.000000000000000100E-005 ), #10285, 'distance_accuracy_value', 'NONE');
#3263 = SHAPE_DEFINITION_REPRESENTATION ( #6215, #1579 ) ;
#3264 = ADVANCED_FACE ( 'NONE', ( #10640 ), #260, .T. ) ;
#3265 = VERTEX_POINT ( 'NONE', #1978 ) ;
#3266 = CARTESIAN_POINT ( 'NONE',  ( -0.7072172467139157300, -0.1444835484702852400, 0.004142135623730989500 ) ) ;
#3267 = CARTESIAN_POINT ( 'NONE',  ( -0.7990393399629756000, 0.1625548777015469500, 0.1731728101931745400 ) ) ;
#3268 = ADVANCED_FACE ( 'NONE', ( #9502 ), #8655, .T. ) ;
#3269 = FILL_AREA_STYLE ('',( #4084 ) ) ;
#3270 = CARTESIAN_POINT ( 'NONE',  ( 1.587247410737570000, 1.984307815193020000, 0.0000000000000000000 ) ) ;
#3271 = VECTOR ( 'NONE', #10816, 1000.000000000000000 ) ;
#3272 =( LENGTH_UNIT ( ) NAMED_UNIT ( * ) SI_UNIT ( .MILLI., .METRE. ) );
#3273 = CIRCLE ( 'NONE', #10405, 0.05000000000000002400 ) ;
#3274 = PRESENTATION_LAYER_ASSIGNMENT (  '', '', ( #2061 ) ) ;
#3275 = ORIENTED_EDGE ( 'NONE', *, *, #4809, .F. ) ;
#3276 = CARTESIAN_POINT ( 'NONE',  ( -0.8000000000000000400, 0.1749999999999999900, 0.03000000000000000200 ) ) ;
#3277 = DIRECTION ( 'NONE',  ( 0.9980449639169570700, 0.06250000000000162400, -0.0000000000000000000 ) ) ;
#3278 = UNCERTAINTY_MEASURE_WITH_UNIT (LENGTH_MEASURE( 1.000000000000000100E-005 ), #10627, 'distance_accuracy_value', 'NONE');
#3279 = CIRCLE ( 'NONE', #2925, 0.01000000000000000400 ) ;
#3280 = CARTESIAN_POINT ( 'NONE',  ( 1.574484039804199900, 2.001359678760009900, 0.0000000000000000000 ) ) ;
#3281 = ORIENTED_EDGE ( 'NONE', *, *, #3699, .T. ) ;
#3282 = LINE ( 'NONE', #2400, #10148 ) ;
#3283 = LINE ( 'NONE', #4631, #5408 ) ;
#3284 = DIRECTION ( 'NONE',  ( 0.9925461516413222100, 3.252606517456513700E-015, -0.1218693434051464900 ) ) ;
#3285 = COLOUR_RGB ( '',0.0000000000000000000, 0.7019607843137254400, 0.9803921568627450600 ) ;
#3286 = DIRECTION ( 'NONE',  ( 0.0000000000000000000, 0.0000000000000000000, 1.000000000000000000 ) ) ;
#3287 = COLOUR_RGB ( '',0.0000000000000000000, 0.7019607843137254400, 0.9803921568627450600 ) ;
#3288 = EDGE_CURVE ( 'NONE', #10866, #6482, #1815, .T. ) ;
#3289 =( NAMED_UNIT ( * ) PLANE_ANGLE_UNIT ( ) SI_UNIT ( $, .RADIAN. ) );
#3290 = AXIS2_PLACEMENT_3D ( 'NONE', #2772, #2729, #2694 ) ;
#3291 = DIRECTION ( 'NONE',  ( 0.0000000000000000000, 0.0000000000000000000, 1.000000000000000000 ) ) ;
#3292 = ORIENTED_EDGE ( 'NONE', *, *, #905, .T. ) ;
#3293 = LINE ( 'NONE', #6139, #8041 ) ;
#3294 = APPLICATION_PROTOCOL_DEFINITION ( 'draft international standard', 'automotive_design', 1998, #4101 ) ;
#3295 = CARTESIAN_POINT ( 'NONE',  ( 0.5003726924179342500, -0.4000000000000003600, 0.1799999999999999900 ) ) ;
#3297 = CARTESIAN_POINT ( 'NONE',  ( -0.8000000000000001600, 0.1749999999999999900, 0.02999999999999999900 ) ) ;
#3296 = MECHANICAL_DESIGN_GEOMETRIC_PRESENTATION_REPRESENTATION (  '', ( #2073 ), #3900 ) ;
#3298 = CIRCLE ( 'NONE', #11533, 0.01000000000000003800 ) ;
#3299 = DIRECTION ( 'NONE',  ( -1.000000000000000000, -8.131516293641261200E-015, 0.0000000000000000000 ) ) ;
#3300 = CARTESIAN_POINT ( 'NONE',  ( -0.7900000000000000400, -0.3500000000000000300, 0.01000000000000000000 ) ) ;
#3301 = CARTESIAN_POINT ( 'NONE',  ( 1.587213375081740100, 2.023244605453760100, 0.0000000000000000000 ) ) ;
#3302 = VERTEX_POINT ( 'NONE', #10104 ) ;
#3303 = VECTOR ( 'NONE', #10561, 1000.000000000000000 ) ;
#3304 = LINE ( 'NONE', #6990, #5432 ) ;
#3305 = DIRECTION ( 'NONE',  ( 0.0000000000000000000, -0.0000000000000000000, -1.000000000000000000 ) ) ;
#3306 = SURFACE_STYLE_FILL_AREA ( #878 ) ;
#3307 = LINE ( 'NONE', #9472, #8055 ) ;
#3308 = EDGE_CURVE ( 'NONE', #5243, #11011, #3909, .T. ) ;
#3309 = AXIS2_PLACEMENT_3D ( 'NONE', #8159, #8126, #8044 ) ;
#3310 = EDGE_CURVE ( 'NONE', #4077, #11629, #4185, .T. ) ;
#3311 = CARTESIAN_POINT ( 'NONE',  ( 0.0000000000000000000, -0.4000000000000000200, 0.1799999999999999900 ) ) ;
#3312 = CARTESIAN_POINT ( 'NONE',  ( 1.599976746015110000, 2.001359678760009900, 0.0000000000000000000 ) ) ;
#3313 =( LENGTH_UNIT ( ) NAMED_UNIT ( * ) SI_UNIT ( .MILLI., .METRE. ) );
#3314 = ORIENTED_EDGE ( 'NONE', *, *, #5871, .F. ) ;
#3315 =( LENGTH_UNIT ( ) NAMED_UNIT ( * ) SI_UNIT ( .MILLI., .METRE. ) );
#3316 = ORIENTED_EDGE ( 'NONE', *, *, #8710, .F. ) ;
#3317 =( NAMED_UNIT ( * ) SI_UNIT ( $, .STERADIAN. ) SOLID_ANGLE_UNIT ( ) );
#3318 = FILL_AREA_STYLE_COLOUR ( '', #6151 ) ;
#3319 = CARTESIAN_POINT ( 'NONE',  ( 0.4000000000000000200, 0.0000000000000000000, 0.0000000000000000000 ) ) ;
#3320 = ORIENTED_EDGE ( 'NONE', *, *, #4677, .T. ) ;
#3321 = SURFACE_STYLE_FILL_AREA ( #2492 ) ;
#3322 = DIRECTION ( 'NONE',  ( 0.8913039034503080800, 0.4534063869138190700, 0.0000000000000000000 ) ) ;
#3323 = LINE ( 'NONE', #3902, #5704 ) ;
#3325 = SURFACE_SIDE_STYLE ('',( #5185 ) ) ;
#3324 = COLOUR_RGB ( '',1.000000000000000000, 0.9921568627450980700, 0.9411764705882352800 ) ;
#3326 = ADVANCED_FACE ( 'NONE', ( #8369 ), #1910, .T. ) ;
#3327 = FILL_AREA_STYLE_COLOUR ( '', #8191 ) ;
#3328 = ADVANCED_FACE ( 'NONE', ( #389 ), #2120, .F. ) ;
#3329 = COLOUR_RGB ( '',0.0000000000000000000, 0.7019607843137254400, 0.9803921568627450600 ) ;
#3330 = ORIENTED_EDGE ( 'NONE', *, *, #819, .F. ) ;
#3331 = EDGE_CURVE ( 'NONE', #7076, #6460, #4341, .T. ) ;
#3332 = ORIENTED_EDGE ( 'NONE', *, *, #9533, .T. ) ;
#3333 = STYLED_ITEM ( 'NONE', ( #6483 ), #5893 ) ;
#3334 = FACE_OUTER_BOUND ( 'NONE', #11454, .T. ) ;
#3335 = MECHANICAL_DESIGN_GEOMETRIC_PRESENTATION_REPRESENTATION (  '', ( #2104 ), #3929 ) ;
#3336 = ADVANCED_FACE ( 'NONE', ( #6670 ), #8146, .T. ) ;
#3337 = CARTESIAN_POINT ( 'NONE',  ( -0.8000000000000000400, 0.1749999999999999900, 0.1600000000000000000 ) ) ;
#3338 = ORIENTED_EDGE ( 'NONE', *, *, #7620, .T. ) ;
#3339 = SURFACE_STYLE_FILL_AREA ( #8188 ) ;
#3340 = CARTESIAN_POINT ( 'NONE',  ( 0.7993186015948875500, -0.1593066545647691700, 0.005161971817533347000 ) ) ;
#3341 = ORIENTED_EDGE ( 'NONE', *, *, #10948, .F. ) ;
#3342 = CARTESIAN_POINT ( 'NONE',  ( 1.611923261208750200, 1.980359679117640300, 0.0000000000000000000 ) ) ;
#3343 = FILL_AREA_STYLE_COLOUR ( '', #2499 ) ;
#3344 = CARTESIAN_POINT ( 'NONE',  ( -0.4000000000000000200, 0.1749999999999999900, 0.02000000000000000000 ) ) ;
#3345 = EDGE_LOOP ( 'NONE', ( #7786, #9385, #364, #6266, #4796 ) ) ;
#3346 = FACE_OUTER_BOUND ( 'NONE', #1965, .T. ) ;
#3347 = FILL_AREA_STYLE_COLOUR ( '', #4319 ) ;
#3348 = VECTOR ( 'NONE', #11421, 1000.000000000000000 ) ;
#3349 =( LENGTH_UNIT ( ) NAMED_UNIT ( * ) SI_UNIT ( .MILLI., .METRE. ) );
#3350 = ORIENTED_EDGE ( 'NONE', *, *, #10225, .F. ) ;
#3351 = ORIENTED_EDGE ( 'NONE', *, *, #4942, .F. ) ;
#3352 = CYLINDRICAL_SURFACE ( 'NONE', #3533, 0.009999999999999998500 ) ;
#3353 = MECHANICAL_DESIGN_GEOMETRIC_PRESENTATION_REPRESENTATION (  '', ( #1517 ), #3944 ) ;
#3354 = CARTESIAN_POINT ( 'NONE',  ( -0.4000000000000000200, 0.1499999999999999900, 0.1799999999999999700 ) ) ;
#3355 = CARTESIAN_POINT ( 'NONE',  ( -0.4000000000000000200, -0.1749999999999999900, 0.0000000000000000000 ) ) ;
#3356 = AXIS2_PLACEMENT_3D ( 'NONE', #8531, #3204, #9444 ) ;
#3357 = FILL_AREA_STYLE_COLOUR ( '', #899 ) ;
#3358 = SURFACE_STYLE_USAGE ( .BOTH. , #8692 ) ;
#3359 = CARTESIAN_POINT ( 'NONE',  ( -0.7900000000000000400, -0.3500000000000000300, 0.1799999999999999900 ) ) ;
#3360 = ORIENTED_EDGE ( 'NONE', *, *, #8390, .F. ) ;
#3361 = VECTOR ( 'NONE', #3222, 1000.000000000000000 ) ;
#3362 =( NAMED_UNIT ( * ) PLANE_ANGLE_UNIT ( ) SI_UNIT ( $, .RADIAN. ) );
#3363 = VERTEX_POINT ( 'NONE', #3085 ) ;
#3364 =( LENGTH_UNIT ( ) NAMED_UNIT ( * ) SI_UNIT ( .MILLI., .METRE. ) );
#3365 = FILL_AREA_STYLE_COLOUR ( '', #3329 ) ;
#3366 =( LENGTH_UNIT ( ) NAMED_UNIT ( * ) SI_UNIT ( .MILLI., .METRE. ) );
#3367 = CARTESIAN_POINT ( 'NONE',  ( 0.8000000000000000400, 0.1850000000000000000, 0.02000000000000000000 ) ) ;
#3368 = CARTESIAN_POINT ( 'NONE',  ( -0.4000000000000000200, -0.3499999999999999800, 0.1799999999999999700 ) ) ;
#3369 = EDGE_CURVE ( 'NONE', #10299, #1011, #3505, .T. ) ;
#3370 = DIRECTION ( 'NONE',  ( 0.0000000000000000000, 0.0000000000000000000, -1.000000000000000000 ) ) ;
#3371 = CYLINDRICAL_SURFACE ( 'NONE', #4016, 0.01000000000000000000 ) ;
#3372 = MECHANICAL_DESIGN_GEOMETRIC_PRESENTATION_REPRESENTATION (  '', ( #2135 ), #3959 ) ;
#3373 = CARTESIAN_POINT ( 'NONE',  ( 0.8000000000000000400, 0.0000000000000000000, 0.02000000000000000000 ) ) ;
#3374 = STYLED_ITEM ( 'NONE', ( #11256 ), #7746 ) ;
#3375 = ORIENTED_EDGE ( 'NONE', *, *, #10432, .T. ) ;
#3376 = CARTESIAN_POINT ( 'NONE',  ( -0.7900000000000000400, 0.1596871942267129900, 0.1700000000000000100 ) ) ;
#3377 = EDGE_LOOP ( 'NONE', ( #8468, #3511, #2971, #2316 ) ) ;
#3378 = DIRECTION ( 'NONE',  ( 0.0000000000000000000, 0.0000000000000000000, 1.000000000000000000 ) ) ;
#3379 = DIRECTION ( 'NONE',  ( 0.1218693434051470200, 0.0000000000000000000, -0.9925461516413220900 ) ) ;
#3380 = CARTESIAN_POINT ( 'NONE',  ( 1.587247410737570000, 1.984307815193020000, 0.0000000000000000000 ) ) ;
#3381 = CARTESIAN_POINT ( 'NONE',  ( -0.4000000000000000200, 0.3499999999999999800, 0.1799999999999999700 ) ) ;
#3382 = EDGE_CURVE ( 'NONE', #1525, #824, #10346, .T. ) ;
#3383 = CARTESIAN_POINT ( 'NONE',  ( -0.7959945797752960800, 0.1456835046669549300, 0.01522671478241649300 ) ) ;
#3384 = AXIS2_PLACEMENT_3D ( 'NONE', #11255, #11305, #11480 ) ;
#3385 = CARTESIAN_POINT ( 'NONE',  ( 0.7947090617410305100, 0.1442529692437623200, 0.1601389114025240900 ) ) ;
#3386 = EDGE_LOOP ( 'NONE', ( #898, #10573, #2962, #11125 ) ) ;
#3387 = PRESENTATION_STYLE_ASSIGNMENT (( #9830 ) ) ;
#3388 = ADVANCED_FACE ( 'NONE', ( #10075 ), #2284, .T. ) ;
#3389 = ADVANCED_FACE ( 'NONE', ( #3489 ), #4739, .F. ) ;
#3390 = ORIENTED_EDGE ( 'NONE', *, *, #2932, .T. ) ;
#3392 = SURFACE_SIDE_STYLE ('',( #10185 ) ) ;
#3391 = UNCERTAINTY_MEASURE_WITH_UNIT (LENGTH_MEASURE( 1.000000000000000100E-005 ), #9184, 'distance_accuracy_value', 'NONE');
#3393 = DIRECTION ( 'NONE',  ( 0.0000000000000000000, -1.000000000000000000, 0.0000000000000000000 ) ) ;
#3394 =( GEOMETRIC_REPRESENTATION_CONTEXT ( 3 ) GLOBAL_UNCERTAINTY_ASSIGNED_CONTEXT ( ( #7881 ) ) GLOBAL_UNIT_ASSIGNED_CONTEXT ( ( #9708, #4359, #10614 ) ) REPRESENTATION_CONTEXT ( 'NONE', 'WORKASPACE' ) );
#3395 = VECTOR ( 'NONE', #1, 1000.000000000000000 ) ;
#3396 = FILL_AREA_STYLE_COLOUR ( '', #8745 ) ;
#3397 = CARTESIAN_POINT ( 'NONE',  ( -0.6458578643762691300, 0.08587889112488292200, 6.337596113260832100E-017 ) ) ;
#3398 = FILL_AREA_STYLE ('',( #7828 ) ) ;
#3399 = SURFACE_SIDE_STYLE ('',( #7443 ) ) ;
#3400 = SURFACE_STYLE_USAGE ( .BOTH. , #8734 ) ;
#3401 = VERTEX_POINT ( 'NONE', #2367 ) ;
#3402 = ORIENTED_EDGE ( 'NONE', *, *, #10525, .F. ) ;
#3403 = DIRECTION ( 'NONE',  ( 0.1209742911513550100, 0.1209742911513550100, -0.9852565360152930600 ) ) ;
#3404 = EDGE_CURVE ( 'NONE', #5243, #1290, #9476, .T. ) ;
#3405 = DIRECTION ( 'NONE',  ( -0.0000000000000000000, 1.000000000000000000, 0.0000000000000000000 ) ) ;
#3406 = EDGE_CURVE ( 'NONE', #8002, #7422, #7087, .T. ) ;
#3407 = CARTESIAN_POINT ( 'NONE',  ( 1.619853569015348800, 2.022359678402379400, 0.1000000000000000100 ) ) ;
#3408 = AXIS2_PLACEMENT_3D ( 'NONE', #2292, #5007, #9500 ) ;
#3409 = DIRECTION ( 'NONE',  ( -0.0000000000000000000, 0.0000000000000000000, -1.000000000000000000 ) ) ;
#3410 =( NAMED_UNIT ( * ) PLANE_ANGLE_UNIT ( ) SI_UNIT ( $, .RADIAN. ) );
#3411 = VERTEX_POINT ( 'NONE', #10433 ) ;
#3412 = CARTESIAN_POINT ( 'NONE',  ( 1.529620557344310000, 2.022050005444920200, 0.1000000000000000100 ) ) ;
#3413 = DIRECTION ( 'NONE',  ( -1.000000000000000000, -0.0000000000000000000, 0.0000000000000000000 ) ) ;
#3414 = LINE ( 'NONE', #8287, #8157 ) ;
#3415 = FACE_OUTER_BOUND ( 'NONE', #11366, .T. ) ;
#3416 = CARTESIAN_POINT ( 'NONE',  ( 1.641976745299859900, 2.022359678402379800, 0.0000000000000000000 ) ) ;
#3417 = CARTESIAN_POINT ( 'NONE',  ( -0.4000000000000000200, 0.1499999999999999900, 0.1799999999999999700 ) ) ;
#3418 = DIRECTION ( 'NONE',  ( 0.0000000000000000000, -1.000000000000000000, 0.0000000000000000000 ) ) ;
#3419 = STYLED_ITEM ( 'NONE', ( #3775 ), #1244 ) ;
#3420 = PLANE ( 'NONE',  #5314 ) ;
#3421 = UNCERTAINTY_MEASURE_WITH_UNIT (LENGTH_MEASURE( 1.000000000000000100E-005 ), #511, 'distance_accuracy_value', 'NONE');
#3422 = DIRECTION ( 'NONE',  ( 1.000000000000000000, 0.0000000000000000000, -0.0000000000000000000 ) ) ;
#3423 = STYLED_ITEM ( 'NONE', ( #10598 ), #6633 ) ;
#3424 = AXIS2_PLACEMENT_3D ( 'NONE', #5360, #11607, #6217 ) ;
#3425 = ORIENTED_EDGE ( 'NONE', *, *, #1505, .T. ) ;
#3426 = CARTESIAN_POINT ( 'NONE',  ( -0.5295324038633935100, -0.4000000000000003600, 0.1799999999999999900 ) ) ;
#3427 = AXIS2_PLACEMENT_3D ( 'NONE', #10726, #5390, #4 ) ;
#3428 = VECTOR ( 'NONE', #10972, 1000.000000000000000 ) ;
#3429 = FILL_AREA_STYLE ('',( #7721 ) ) ;
#3430 = ORIENTED_EDGE ( 'NONE', *, *, #2807, .F. ) ;
#3432 =( NAMED_UNIT ( * ) PLANE_ANGLE_UNIT ( ) SI_UNIT ( $, .RADIAN. ) );
#3431 = SURFACE_STYLE_FILL_AREA ( #10670 ) ;
#3433 = SURFACE_SIDE_STYLE ('',( #9313 ) ) ;
#3434 = CARTESIAN_POINT ( 'NONE',  ( 1.475946328112510300, 1.980050006160170200, 0.1000000000000000100 ) ) ;
#3435 = SURFACE_SIDE_STYLE ('',( #2745 ) ) ;
#3436 = ORIENTED_EDGE ( 'NONE', *, *, #6449, .F. ) ;
#3437 = UNCERTAINTY_MEASURE_WITH_UNIT (LENGTH_MEASURE( 1.000000000000000100E-005 ), #11295, 'distance_accuracy_value', 'NONE');
#3438 = LINE ( 'NONE', #8222, #8173 ) ;
#3439 = SURFACE_STYLE_USAGE ( .BOTH. , #8785 ) ;
#3440 = VECTOR ( 'NONE', #4504, 1000.000000000000000 ) ;
#3441 = ORIENTED_EDGE ( 'NONE', *, *, #10432, .F. ) ;
#3442 = VECTOR ( 'NONE', #7508, 1000.000000000000000 ) ;
#3443 = VERTEX_POINT ( 'NONE', #3276 ) ;
#3444 =( NAMED_UNIT ( * ) SI_UNIT ( $, .STERADIAN. ) SOLID_ANGLE_UNIT ( ) );
#3445 = PRESENTATION_LAYER_ASSIGNMENT (  '', '', ( #2836 ) ) ;
#3446 = AXIS2_PLACEMENT_3D ( 'NONE', #5900, #539, #6777 ) ;
#3447 = CARTESIAN_POINT ( 'NONE',  ( 0.7700000000000000200, 0.4000000000000000200, 0.0000000000000000000 ) ) ;
#3448 = FILL_AREA_STYLE ('',( #5299 ) ) ;
#3449 = CARTESIAN_POINT ( 'NONE',  ( -0.4951919147073418600, -0.3139777154520823100, 0.5950424259647378900 ) ) ;
#3450 = PRESENTATION_STYLE_ASSIGNMENT (( #2646 ) ) ;
#3451 = ADVANCED_FACE ( 'NONE', ( #2634 ), #5955, .T. ) ;
#3452 =( NAMED_UNIT ( * ) PLANE_ANGLE_UNIT ( ) SI_UNIT ( $, .RADIAN. ) );
#3453 = VERTEX_POINT ( 'NONE', #4215 ) ;
#3454 = LINE ( 'NONE', #2681, #7905 ) ;
#3455 = CARTESIAN_POINT ( 'NONE',  ( 1.433299651367150100, 2.022050005444920200, 0.0000000000000000000 ) ) ;
#3456 = FILL_AREA_STYLE_COLOUR ( '', #6015 ) ;
#3457 = CARTESIAN_POINT ( 'NONE',  ( 0.8000000000000000400, 0.3499999999999999800, 0.02000000000000000000 ) ) ;
#3458 = COLOUR_RGB ( '',0.8627450980392157300, 0.6274509803921568500, 0.05882352941176470500 ) ;
#3459 = EDGE_CURVE ( 'NONE', #9042, #8002, #8340, .T. ) ;
#3460 =( NAMED_UNIT ( * ) SI_UNIT ( $, .STERADIAN. ) SOLID_ANGLE_UNIT ( ) );
#3461 =( LENGTH_UNIT ( ) NAMED_UNIT ( * ) SI_UNIT ( .MILLI., .METRE. ) );
#3462 = AXIS2_PLACEMENT_3D ( 'NONE', #67, #110, #124 ) ;
#3463 = FILL_AREA_STYLE ('',( #7892 ) ) ;
#3464 =( GEOMETRIC_REPRESENTATION_CONTEXT ( 3 ) GLOBAL_UNCERTAINTY_ASSIGNED_CONTEXT ( ( #8993 ) ) GLOBAL_UNIT_ASSIGNED_CONTEXT ( ( #9848, #4503, #10741 ) ) REPRESENTATION_CONTEXT ( 'NONE', 'WORKASPACE' ) );
#3465 = CARTESIAN_POINT ( 'NONE',  ( 1.577921641042250100, 2.014054978381730100, 0.05000000000000000300 ) ) ;
#3466 = ORIENTED_EDGE ( 'NONE', *, *, #7472, .F. ) ;
#3467 = CARTESIAN_POINT ( 'NONE',  ( 1.600759566099030100, 1.985192742244400200, 0.1000000000000000100 ) ) ;
#3468 = FILL_AREA_STYLE_COLOUR ( '', #632 ) ;
#3469 = VECTOR ( 'NONE', #7034, 1000.000000000000000 ) ;
#3470 = VERTEX_POINT ( 'NONE', #1528 ) ;
#3471 = LINE ( 'NONE', #8907, #7922 ) ;
#3472 = VERTEX_POINT ( 'NONE', #8699 ) ;
#3473 = DIRECTION ( 'NONE',  ( -1.000000000000000000, -0.0000000000000000000, -0.0000000000000000000 ) ) ;
#3474 = EDGE_LOOP ( 'NONE', ( #1370, #11073, #142, #10720, #11612, #9246, #4590, #10744 ) ) ;
#3475 = SURFACE_STYLE_FILL_AREA ( #9034 ) ;
#3476 = FILL_AREA_STYLE ('',( #3396 ) ) ;
#3477 = EDGE_CURVE ( 'NONE', #4069, #8078, #10749, .T. ) ;
#3478 = CARTESIAN_POINT ( 'NONE',  ( 0.07619999999999999000, 0.07619999999999999000, 0.002000000000000000900 ) ) ;
#3479 =( GEOMETRIC_REPRESENTATION_CONTEXT ( 3 ) GLOBAL_UNCERTAINTY_ASSIGNED_CONTEXT ( ( #9352 ) ) GLOBAL_UNIT_ASSIGNED_CONTEXT ( ( #3509, #9751, #4403 ) ) REPRESENTATION_CONTEXT ( 'NONE', 'WORKASPACE' ) );
#3480 = EDGE_CURVE ( 'NONE', #9108, #5145, #5962, .T. ) ;
#3481 = CARTESIAN_POINT ( 'NONE',  ( 1.605796843160729900, 2.001359678760009900, 0.0000000000000000000 ) ) ;
#3482 =( NAMED_UNIT ( * ) PLANE_ANGLE_UNIT ( ) SI_UNIT ( $, .RADIAN. ) );
#3483 = EDGE_LOOP ( 'NONE', ( #4146, #3641, #8152, #377 ) ) ;
#3484 = AXIS2_PLACEMENT_3D ( 'NONE', #8740, #3403, #9654 ) ;
#3485 = CARTESIAN_POINT ( 'NONE',  ( -0.8000000000000000400, 0.3499999999999999800, 0.1700000000000000100 ) ) ;
#3486 = CIRCLE ( 'NONE', #3782, 0.009999999999999998500 ) ;
#3487 = LINE ( 'NONE', #3149, #8219 ) ;
#3488 = CARTESIAN_POINT ( 'NONE',  ( -0.7700000000000002400, -0.3900000000000000700, 0.1800000000000000200 ) ) ;
#3489 = FACE_OUTER_BOUND ( 'NONE', #869, .T. ) ;
#3490 = ORIENTED_EDGE ( 'NONE', *, *, #4437, .T. ) ;
#3491 =( NAMED_UNIT ( * ) SI_UNIT ( $, .STERADIAN. ) SOLID_ANGLE_UNIT ( ) );
#3492 = VERTEX_POINT ( 'NONE', #692 ) ;
#3493 = ORIENTED_EDGE ( 'NONE', *, *, #9850, .T. ) ;
#3494 = LINE ( 'NONE', #7917, #3194 ) ;
#3495 = VERTEX_POINT ( 'NONE', #6046 ) ;
#3496 = CARTESIAN_POINT ( 'NONE',  ( -0.7046551217295549100, -0.1484733514913640900, 4.776747495901163400E-017 ) ) ;
#3497 = CARTESIAN_POINT ( 'NONE',  ( -0.4000000000000000200, 0.1850000000000000000, 0.03000000000000000200 ) ) ;
#3498 = ORIENTED_EDGE ( 'NONE', *, *, #1485, .T. ) ;
#3499 = CARTESIAN_POINT ( 'NONE',  ( 1.489900946999670000, 2.022050005444920200, 0.0000000000000000000 ) ) ;
#3500 = UNCERTAINTY_MEASURE_WITH_UNIT (LENGTH_MEASURE( 1.000000000000000100E-005 ), #10575, 'distance_accuracy_value', 'NONE');
#3501 = MECHANICAL_DESIGN_GEOMETRIC_PRESENTATION_REPRESENTATION (  '', ( #2261 ), #4071 ) ;
#3502 = EDGE_CURVE ( 'NONE', #3495, #2749, #1197, .T. ) ;
#3503 = MECHANICAL_DESIGN_GEOMETRIC_PRESENTATION_REPRESENTATION (  '', ( #457 ), #4075 ) ;
#3504 = PRESENTATION_LAYER_ASSIGNMENT (  '', '', ( #2883 ) ) ;
#3505 = LINE ( 'NONE', #479, #5602 ) ;
#3506 = CARTESIAN_POINT ( 'NONE',  ( -0.8000000000000000400, 0.1850000000000000000, 0.1600000000000000000 ) ) ;
#3507 =( GEOMETRIC_REPRESENTATION_CONTEXT ( 3 ) GLOBAL_UNCERTAINTY_ASSIGNED_CONTEXT ( ( #3116 ) ) GLOBAL_UNIT_ASSIGNED_CONTEXT ( ( #11487, #6107, #741 ) ) REPRESENTATION_CONTEXT ( 'NONE', 'WORKASPACE' ) );
#3508 =( NAMED_UNIT ( * ) PLANE_ANGLE_UNIT ( ) SI_UNIT ( $, .RADIAN. ) );
#3509 =( LENGTH_UNIT ( ) NAMED_UNIT ( * ) SI_UNIT ( .MILLI., .METRE. ) );
#3510 = CARTESIAN_POINT ( 'NONE',  ( -0.7900000000000000400, -0.3500000000000000300, 0.1799999999999999900 ) ) ;
#3511 = ORIENTED_EDGE ( 'NONE', *, *, #9786, .T. ) ;
#3512 = CYLINDRICAL_SURFACE ( 'NONE', #8343, 0.009999999999999998500 ) ;
#3513 =( LENGTH_UNIT ( ) NAMED_UNIT ( * ) SI_UNIT ( .MILLI., .METRE. ) );
#3514 = SURFACE_STYLE_USAGE ( .BOTH. , #8847 ) ;
#3515 = COLOUR_RGB ( '',1.000000000000000000, 0.9921568627450980700, 0.9411764705882352800 ) ;
#3516 = CARTESIAN_POINT ( 'NONE',  ( -0.8000000000000000400, 0.2000000000000000100, 0.1700000000000000100 ) ) ;
#3517 = ADVANCED_FACE ( 'NONE', ( #5706 ), #10514, .T. ) ;
#3518 = ORIENTED_EDGE ( 'NONE', *, *, #5691, .T. ) ;
#3519 = COLOUR_RGB ( '',0.0000000000000000000, 0.7019607843137254400, 0.9803921568627450600 ) ;
#3520 = STYLED_ITEM ( 'NONE', ( #8739 ), #7110 ) ;
#3521 = SURFACE_SIDE_STYLE ('',( #1622 ) ) ;
#3522 = DIRECTION ( 'NONE',  ( 0.0000000000000000000, -0.0000000000000000000, 1.000000000000000000 ) ) ;
#3523 = MECHANICAL_DESIGN_GEOMETRIC_PRESENTATION_REPRESENTATION (  '', ( #2282 ), #4089 ) ;
#3524 = CARTESIAN_POINT ( 'NONE',  ( 1.587247410737570000, 2.018411542326989900, 0.1000000000000000100 ) ) ;
#3525 = CARTESIAN_POINT ( 'NONE',  ( 1.600759566099030100, 2.017560650931430100, 0.0000000000000000000 ) ) ;
#3526 = SURFACE_SIDE_STYLE ('',( #3131 ) ) ;
#3527 =( NAMED_UNIT ( * ) SI_UNIT ( $, .STERADIAN. ) SOLID_ANGLE_UNIT ( ) );
#3528 = COLOUR_RGB ( '',0.0000000000000000000, 0.7019607843137254400, 0.9803921568627450600 ) ;
#3529 = CARTESIAN_POINT ( 'NONE',  ( 0.0000000000000000000, 0.1499999999999999900, 0.1799999999999999900 ) ) ;
#3530 = DIRECTION ( 'NONE',  ( 0.0000000000000000000, 0.0000000000000000000, -1.000000000000000000 ) ) ;
#3531 = COLOUR_RGB ( '',0.0000000000000000000, 0.7019607843137254400, 0.9803921568627450600 ) ;
#3532 = CARTESIAN_POINT ( 'NONE',  ( -0.4480549931478379800, 0.2980549931478380100, 0.5999999999999999800 ) ) ;
#3533 = AXIS2_PLACEMENT_3D ( 'NONE', #724, #849, #10748 ) ;
#3534 = EDGE_LOOP ( 'NONE', ( #10762, #10945, #10194, #9195, #8554, #5964, #10222, #3824 ) ) ;
#3535 = FILL_AREA_STYLE_COLOUR ( '', #2147 ) ;
#3536 = ORIENTED_EDGE ( 'NONE', *, *, #9283, .T. ) ;
#3537 = AXIS2_PLACEMENT_3D ( 'NONE', #7952, #794, #6191 ) ;
#3538 = CARTESIAN_POINT ( 'NONE',  ( 0.7700000000000000200, -0.4000000000000000200, 0.02000000000000000000 ) ) ;
#3539 = STYLED_ITEM ( 'NONE', ( #5403 ), #7879 ) ;
#3540 =( NAMED_UNIT ( * ) SI_UNIT ( $, .STERADIAN. ) SOLID_ANGLE_UNIT ( ) );
#3541 = DIRECTION ( 'NONE',  ( 0.9980449639169570700, 0.06249999999999946600, 0.0000000000000000000 ) ) ;
#3542 = CARTESIAN_POINT ( 'NONE',  ( 1.603142062289180300, 2.014769727209960100, 0.0000000000000000000 ) ) ;
#3543 = ORIENTED_EDGE ( 'NONE', *, *, #8792, .T. ) ;
#3544 =( LENGTH_UNIT ( ) NAMED_UNIT ( * ) SI_UNIT ( .MILLI., .METRE. ) );
#3545 = SURFACE_STYLE_USAGE ( .BOTH. , #8888 ) ;
#3546 = ORIENTED_EDGE ( 'NONE', *, *, #1341, .T. ) ;
#3547 = CARTESIAN_POINT ( 'NONE',  ( 1.512875014679730300, 2.014051626326669900, 0.1000000000000000100 ) ) ;
#3548 = UNCERTAINTY_MEASURE_WITH_UNIT (LENGTH_MEASURE( 1.000000000000000100E-005 ), #9650, 'distance_accuracy_value', 'NONE');
#3549 = LINE ( 'NONE', #6060, #5635 ) ;
#3550 = CARTESIAN_POINT ( 'NONE',  ( 0.8000000000000000400, 0.0000000000000000000, 0.1700000000000000100 ) ) ;
#3551 = EDGE_CURVE ( 'NONE', #6412, #3113, #4858, .T. ) ;
#3552 =( NAMED_UNIT ( * ) SI_UNIT ( $, .STERADIAN. ) SOLID_ANGLE_UNIT ( ) );
#3553 = AXIS2_PLACEMENT_3D ( 'NONE', #5888, #3322, #3162 ) ;
#3554 = SURFACE_STYLE_FILL_AREA ( #3884 ) ;
#3555 = ORIENTED_EDGE ( 'NONE', *, *, #6230, .F. ) ;
#3556 = SURFACE_STYLE_USAGE ( .BOTH. , #8898 ) ;
#3557 = CARTESIAN_POINT ( 'NONE',  ( 1.611923261208750200, 2.022359678402379800, 0.0000000000000000000 ) ) ;
#3558 = PRODUCT_DEFINITION ( 'UNKNOWN', '', #10737, #212 ) ;
#3559 =( NAMED_UNIT ( * ) PLANE_ANGLE_UNIT ( ) SI_UNIT ( $, .RADIAN. ) );
#3560 = CARTESIAN_POINT ( 'NONE',  ( 1.540103539337589900, 1.998667509894980000, 0.0000000000000000000 ) ) ;
#3561 = CARTESIAN_POINT ( 'NONE',  ( 1.605856330198040000, 1.980359679117640300, 0.0000000000000000000 ) ) ;
#3562 = COLOUR_RGB ( '',0.8627450980392157300, 0.6274509803921568500, 0.05882352941176470500 ) ;
#3563 =( NAMED_UNIT ( * ) SI_UNIT ( $, .STERADIAN. ) SOLID_ANGLE_UNIT ( ) );
#3564 = DIRECTION ( 'NONE',  ( 0.0000000000000000000, -0.0000000000000000000, -1.000000000000000000 ) ) ;
#3565 = ORIENTED_EDGE ( 'NONE', *, *, #6971, .T. ) ;
#3566 = DIRECTION ( 'NONE',  ( -1.000000000000000000, -0.0000000000000000000, 0.0000000000000000000 ) ) ;
#3567 = EDGE_CURVE ( 'NONE', #6135, #1796, #91, .T. ) ;
#3568 = PRESENTATION_LAYER_ASSIGNMENT (  '', '', ( #2950 ) ) ;
#3569 = PRESENTATION_LAYER_ASSIGNMENT (  '', '', ( #2951 ) ) ;
#3570 = CARTESIAN_POINT ( 'NONE',  ( -0.8000000000000000400, 0.3499999999999999800, 0.1600000000000000000 ) ) ;
#3571 = ADVANCED_FACE ( 'NONE', ( #2179 ), #11507, .T. ) ;
#3572 =( NAMED_UNIT ( * ) SI_UNIT ( $, .STERADIAN. ) SOLID_ANGLE_UNIT ( ) );
#3573 =( BOUNDED_SURFACE ( )  B_SPLINE_SURFACE ( 3, 3, ( 
 ( #6238, #5497, #5456, #5413 ),
 ( #5379, #5345, #5253, #5213 ),
 ( #5178, #5082, #5046, #4628 ),
 ( #4582, #4547, #4511, #4478 ) ),
 .UNSPECIFIED., .F., .F., .F. ) 
 B_SPLINE_SURFACE_WITH_KNOTS ( ( 4, 4 ),
 ( 4, 4 ),
 ( 0.0000000000000000000, 1.000000000000000000 ),
 ( 0.0000000000000000000, 1.000000000000000000 ),
 .UNSPECIFIED. ) 
 GEOMETRIC_REPRESENTATION_ITEM ( )  RATIONAL_B_SPLINE_SURFACE ( (
 ( 1.000000000000000000, 0.8047378541243649400, 0.8047378541243649400, 1.000000000000000000),
 ( 0.8047378541243623800, 0.6476030138606856400, 0.6476030138606856400, 0.8047378541243623800),
 ( 0.8047378541243623800, 0.6476030138606856400, 0.6476030138606856400, 0.8047378541243623800),
 ( 1.000000000000000000, 0.8047378541243649400, 0.8047378541243649400, 1.000000000000000000) ) ) 
 REPRESENTATION_ITEM ( '' )  SURFACE ( )  );
#3574 = CARTESIAN_POINT ( 'NONE',  ( -0.8000000000000000400, 0.3499999999999999800, 0.1600000000000000000 ) ) ;
#3575 = ORIENTED_EDGE ( 'NONE', *, *, #10817, .T. ) ;
#3576 =( NAMED_UNIT ( * ) SI_UNIT ( $, .STERADIAN. ) SOLID_ANGLE_UNIT ( ) );
#3577 = CARTESIAN_POINT ( 'NONE',  ( 1.540103539337589900, 2.006665889013230100, 0.0000000000000000000 ) ) ;
#3578 = CARTESIAN_POINT ( 'NONE',  ( 0.7700000000000000200, 0.3999999999999999700, 0.1700000000000000100 ) ) ;
#3579 = VERTEX_POINT ( 'NONE', #2497 ) ;
#3580 = LINE ( 'NONE', #5075, #8030 ) ;
#3581 = STYLED_ITEM ( 'NONE', ( #10634 ), #1477 ) ;
#3582 =( LENGTH_UNIT ( ) NAMED_UNIT ( * ) SI_UNIT ( .MILLI., .METRE. ) );
#3583 = PLANE ( 'NONE',  #786 ) ;
#3585 = MECHANICAL_DESIGN_GEOMETRIC_PRESENTATION_REPRESENTATION (  '', ( #1759 ), #4161 ) ;
#3584 = COLOUR_RGB ( '',0.8627450980392157300, 0.6274509803921568500, 0.05882352941176470500 ) ;
#3586 = CARTESIAN_POINT ( 'NONE',  ( 1.605796842762790000, 1.996254330567880200, 0.1000000000000000500 ) ) ;
#3587 = DIRECTION ( 'NONE',  ( -0.0000000000000000000, -0.0000000000000000000, -1.000000000000000000 ) ) ;
#3588 =( GEOMETRIC_REPRESENTATION_CONTEXT ( 3 ) GLOBAL_UNCERTAINTY_ASSIGNED_CONTEXT ( ( #7982 ) ) GLOBAL_UNIT_ASSIGNED_CONTEXT ( ( #2090, #8354, #3007 ) ) REPRESENTATION_CONTEXT ( 'NONE', 'WORKASPACE' ) );
#3589 = FILL_AREA_STYLE_COLOUR ( '', #7599 ) ;
#3590 = UNCERTAINTY_MEASURE_WITH_UNIT (LENGTH_MEASURE( 1.000000000000000100E-005 ), #7197, 'distance_accuracy_value', 'NONE');
#3591 = DIRECTION ( 'NONE',  ( 0.6010407640085704300, -0.5645794895318089200, 0.5656854249492344600 ) ) ;
#3592 = VERTEX_POINT ( 'NONE', #808 ) ;
#3593 = SURFACE_STYLE_FILL_AREA ( #6630 ) ;
#3594 = CARTESIAN_POINT ( 'NONE',  ( -0.4000000000000000200, -0.1749999999999999900, 0.03000000000000000200 ) ) ;
#3595 =( LENGTH_UNIT ( ) NAMED_UNIT ( * ) SI_UNIT ( .MILLI., .METRE. ) );
#3596 = SURFACE_STYLE_USAGE ( .BOTH. , #8946 ) ;
#3597 = CARTESIAN_POINT ( 'NONE',  ( 1.573701219720280000, 2.017560650931430100, 0.0000000000000000000 ) ) ;
#3598 = EDGE_CURVE ( 'NONE', #8270, #2618, #6118, .T. ) ;
#3599 = FILL_AREA_STYLE_COLOUR ( '', #9310 ) ;
#3600 = EDGE_LOOP ( 'NONE', ( #287, #10180, #10855, #5830 ) ) ;
#3601 = SURFACE_STYLE_USAGE ( .BOTH. , #3644 ) ;
#3602 = LINE ( 'NONE', #9663, #3303 ) ;
#3603 =( GEOMETRIC_REPRESENTATION_CONTEXT ( 3 ) GLOBAL_UNCERTAINTY_ASSIGNED_CONTEXT ( ( #1812 ) ) GLOBAL_UNIT_ASSIGNED_CONTEXT ( ( #847, #7086, #1735 ) ) REPRESENTATION_CONTEXT ( 'NONE', 'WORKASPACE' ) );
#3604 = CARTESIAN_POINT ( 'NONE',  ( -0.8000000000000000400, 0.1749999999999999900, 0.1499999999999999900 ) ) ;
#3605 = CARTESIAN_POINT ( 'NONE',  ( 1.636769289959040000, 2.000366784701750300, 0.0000000000000000000 ) ) ;
#3606 = PRESENTATION_STYLE_ASSIGNMENT (( #5889 ) ) ;
#3607 = DIRECTION ( 'NONE',  ( -1.000000000000000000, 0.0000000000000000000, 0.0000000000000000000 ) ) ;
#3608 = VERTEX_POINT ( 'NONE', #11545 ) ;
#3609 = PLANE ( 'NONE',  #3928 ) ;
#3610 = EDGE_LOOP ( 'NONE', ( #9446, #8632, #1042, #952 ) ) ;
#3611 = ORIENTED_EDGE ( 'NONE', *, *, #3784, .F. ) ;
#3612 = DIRECTION ( 'NONE',  ( 1.000000000000000000, 0.0000000000000000000, -0.0000000000000000000 ) ) ;
#3613 = EDGE_LOOP ( 'NONE', ( #3061, #3141, #11472, #3682 ) ) ;
#3614 = EDGE_CURVE ( 'NONE', #10879, #1011, #10608, .T. ) ;
#3615 = CARTESIAN_POINT ( 'NONE',  ( 0.7010317298281768500, -0.1541157850349708100, 0.1800000000000000200 ) ) ;
#3616 = AXIS2_PLACEMENT_3D ( 'NONE', #7060, #6588, #7128 ) ;
#3617 =( LENGTH_UNIT ( ) NAMED_UNIT ( * ) SI_UNIT ( .MILLI., .METRE. ) );
#3618 =( NAMED_UNIT ( * ) SI_UNIT ( $, .STERADIAN. ) SOLID_ANGLE_UNIT ( ) );
#3619 = DIRECTION ( 'NONE',  ( 0.0000000000000000000, 0.0000000000000000000, 1.000000000000000000 ) ) ;
#3620 = DIRECTION ( 'NONE',  ( 0.0000000000000000000, 0.0000000000000000000, 1.000000000000000000 ) ) ;
#3621 = VECTOR ( 'NONE', #7789, 1000.000000000000000 ) ;
#3622 = VERTEX_POINT ( 'NONE', #7048 ) ;
#3623 = CARTESIAN_POINT ( 'NONE',  ( 1.603210133217829900, 1.987983666110000100, 0.1000000000000000500 ) ) ;
#3624 = MECHANICAL_DESIGN_GEOMETRIC_PRESENTATION_REPRESENTATION (  '', ( #1180 ), #4206 ) ;
#3625 = VERTEX_POINT ( 'NONE', #11584 ) ;
#3626 = COLOUR_RGB ( '',0.0000000000000000000, 0.7019607843137254400, 0.9803921568627450600 ) ;
#3627 =( LENGTH_UNIT ( ) NAMED_UNIT ( * ) SI_UNIT ( .MILLI., .METRE. ) );
#3628 = EDGE_LOOP ( 'NONE', ( #9562, #8342, #9793, #7690, #8930 ) ) ;
#3629 = ORIENTED_EDGE ( 'NONE', *, *, #4742, .T. ) ;
#3630 = ORIENTED_EDGE ( 'NONE', *, *, #8236, .F. ) ;
#3631 = LINE ( 'NONE', #354, #6949 ) ;
#3632 = EDGE_CURVE ( 'NONE', #9247, #2203, #8467, .T. ) ;
#3633 = EDGE_CURVE ( 'NONE', #836, #3777, #5826, .T. ) ;
#3634 = SURFACE_STYLE_USAGE ( .BOTH. , #8975 ) ;
#3635 = EDGE_CURVE ( 'NONE', #2252, #9497, #3471, .T. ) ;
#3636 = CARTESIAN_POINT ( 'NONE',  ( 1.568663942428350200, 2.006635205518609900, 0.0000000000000000000 ) ) ;
#3637 = ORIENTED_EDGE ( 'NONE', *, *, #6560, .T. ) ;
#3638 = AXIS2_PLACEMENT_3D ( 'NONE', #7485, #2127, #8388 ) ;
#3639 = STYLED_ITEM ( 'NONE', ( #11581 ), #4031 ) ;
#3640 = CARTESIAN_POINT ( 'NONE',  ( -0.8000000000000000400, 0.0000000000000000000, 0.02000000000000000000 ) ) ;
#3641 = ORIENTED_EDGE ( 'NONE', *, *, #5465, .T. ) ;
#3642 = SURFACE_STYLE_FILL_AREA ( #9496 ) ;
#3643 =( BOUNDED_SURFACE ( )  B_SPLINE_SURFACE ( 3, 3, ( 
 ( #7781, #1566, #7826, #2485 ),
 ( #8730, #3397, #9645, #4291 ),
 ( #10545, #5205, #11457, #6080 ),
 ( #716, #6964, #1604, #7862 ) ),
 .UNSPECIFIED., .F., .F., .F. ) 
 B_SPLINE_SURFACE_WITH_KNOTS ( ( 4, 4 ),
 ( 4, 4 ),
 ( 0.0000000000000000000, 1.000000000000000000 ),
 ( 0.0000000000000000000, 1.000000000000000000 ),
 .UNSPECIFIED. ) 
 GEOMETRIC_REPRESENTATION_ITEM ( )  RATIONAL_B_SPLINE_SURFACE ( (
 ( 1.000000000000000000, 0.8192459912371082800, 0.8192459912371082800, 1.000000000000000000),
 ( 0.8047378541243676000, 0.6592782609881410200, 0.6592782609881410200, 0.8047378541243676000),
 ( 0.8047378541243676000, 0.6592782609881410200, 0.6592782609881410200, 0.8047378541243676000),
 ( 1.000000000000000000, 0.8192459912371082800, 0.8192459912371082800, 1.000000000000000000) ) ) 
 REPRESENTATION_ITEM ( '' )  SURFACE ( )  );
#3644 = SURFACE_SIDE_STYLE ('',( #8490 ) ) ;
#3645 =( LENGTH_UNIT ( ) NAMED_UNIT ( * ) SI_UNIT ( .MILLI., .METRE. ) );
#3646 = CARTESIAN_POINT ( 'NONE',  ( 1.587247410737570000, 2.018411542326989900, 0.1000000000000000100 ) ) ;
#3647 = DIRECTION ( 'NONE',  ( 0.0000000000000000000, 0.0000000000000000000, 1.000000000000000000 ) ) ;
#3648 = CARTESIAN_POINT ( 'NONE',  ( 1.587213375081740100, 1.979474752066250100, 0.1000000000000000100 ) ) ;
#3649 = ORIENTED_EDGE ( 'NONE', *, *, #9831, .F. ) ;
#3650 = CIRCLE ( 'NONE', #7811, 0.01000000000000000400 ) ;
#3651 = FILL_AREA_STYLE_COLOUR ( '', #1734 ) ;
#3652 = ORIENTED_EDGE ( 'NONE', *, *, #7453, .F. ) ;
#3653 = MECHANICAL_DESIGN_GEOMETRIC_PRESENTATION_REPRESENTATION (  '', ( #1208 ), #4233 ) ;
#3654 = EDGE_CURVE ( 'NONE', #383, #3773, #1327, .T. ) ;
#3655 = DIRECTION ( 'NONE',  ( -0.0000000000000000000, 1.000000000000000000, 0.0000000000000000000 ) ) ;
#3656 = AXIS2_PLACEMENT_3D ( 'NONE', #9980, #4624, #10854 ) ;
#3657 = MECHANICAL_DESIGN_GEOMETRIC_PRESENTATION_REPRESENTATION (  '', ( #1841 ), #4238 ) ;
#3658 = UNCERTAINTY_MEASURE_WITH_UNIT (LENGTH_MEASURE( 1.000000000000000100E-005 ), #10013, 'distance_accuracy_value', 'NONE');
#3659 = PRESENTATION_LAYER_ASSIGNMENT (  '', '', ( #4241 ) ) ;
#3660 = DIRECTION ( 'NONE',  ( 0.0000000000000000000, 0.0000000000000000000, 1.000000000000000000 ) ) ;
#3661 = CARTESIAN_POINT ( 'NONE',  ( 0.6500000000000000200, -0.08357113787613314200, 0.1699999999999999800 ) ) ;
#3662 = CARTESIAN_POINT ( 'NONE',  ( 0.7851471862576143700, 0.3958578643762690800, 0.1799999999999999400 ) ) ;
#3663 = CARTESIAN_POINT ( 'NONE',  ( -0.4327635161968224100, -0.3139777154520823600, 0.6448624302404415400 ) ) ;
#3664 = SURFACE_SIDE_STYLE ('',( #2185 ) ) ;
#3665 = CARTESIAN_POINT ( 'NONE',  ( 0.4480549931478379800, -0.3199665622654157000, 0.6449431100259607200 ) ) ;
#3666 = DIRECTION ( 'NONE',  ( 1.000000000000000000, 0.0000000000000000000, 0.0000000000000000000 ) ) ;
#3667 = SURFACE_STYLE_USAGE ( .BOTH. , #8998 ) ;
#3668 = FACE_OUTER_BOUND ( 'NONE', #9205, .T. ) ;
#3669 = FILL_AREA_STYLE_COLOUR ( '', #5553 ) ;
#3670 = PRESENTATION_STYLE_ASSIGNMENT (( #2220 ) ) ;
#3671 = CARTESIAN_POINT ( 'NONE',  ( 1.556610832411420100, 1.998667509894980000, 0.1000000000000000100 ) ) ;
#3672 = ORIENTED_EDGE ( 'NONE', *, *, #859, .T. ) ;
#3673 = CIRCLE ( 'NONE', #8047, 0.01000000000000000200 ) ;
#3674 = STYLED_ITEM ( 'NONE', ( #9759 ), #10421 ) ;
#3675 = CARTESIAN_POINT ( 'NONE',  ( 0.7700000000000000200, 0.3700000000000000000, 0.1700000000000000100 ) ) ;
#3676 = CARTESIAN_POINT ( 'NONE',  ( 1.599976746015110000, 2.001359678760009900, 0.0000000000000000000 ) ) ;
#3677 = SURFACE_SIDE_STYLE ('',( #2160 ) ) ;
#3678 = SURFACE_STYLE_FILL_AREA ( #9325 ) ;
#3679 = ORIENTED_EDGE ( 'NONE', *, *, #3308, .F. ) ;
#3680 = FACE_BOUND ( 'NONE', #9377, .T. ) ;
#3681 = CARTESIAN_POINT ( 'NONE',  ( 1.641976745299859900, 1.980359679117640300, 0.1000000000000000100 ) ) ;
#3682 = ORIENTED_EDGE ( 'NONE', *, *, #10786, .F. ) ;
#3683 = DIRECTION ( 'NONE',  ( -0.0000000000000000000, -0.0000000000000000000, -1.000000000000000000 ) ) ;
#3684 = CARTESIAN_POINT ( 'NONE',  ( 1.596539144777060000, 2.014054978381730100, 0.1000000000000000100 ) ) ;
#3685 = PLANE ( 'NONE',  #9113 ) ;
#3686 = LINE ( 'NONE', #8927, #1254 ) ;
#3687 = DIRECTION ( 'NONE',  ( 1.000000000000000000, -0.0000000000000000000, -0.0000000000000000000 ) ) ;
#3688 = EDGE_CURVE ( 'NONE', #5632, #4709, #5580, .T. ) ;
#3689 = DIRECTION ( 'NONE',  ( 0.0000000000000000000, 1.000000000000000000, 0.0000000000000000000 ) ) ;
#3690 = VERTEX_POINT ( 'NONE', #882 ) ;
#3691 = VERTEX_POINT ( 'NONE', #1784 ) ;
#3692 = CARTESIAN_POINT ( 'NONE',  ( 0.4000000000000000200, -0.3499999999999999800, 0.02000000000000000000 ) ) ;
#3693 = DIRECTION ( 'NONE',  ( 1.000000000000000000, 0.0000000000000000000, 0.0000000000000000000 ) ) ;
#3694 = FILL_AREA_STYLE ('',( #9834 ) ) ;
#3695 = SURFACE_SIDE_STYLE ('',( #3475 ) ) ;
#3696 = ORIENTED_EDGE ( 'NONE', *, *, #8873, .T. ) ;
#3697 = CARTESIAN_POINT ( 'NONE',  ( -0.4000000000000000200, 0.1749999999999999600, 0.03000000000000000200 ) ) ;
#3698 = FILL_AREA_STYLE ('',( #3347 ) ) ;
#3699 = EDGE_CURVE ( 'NONE', #8736, #3622, #791, .T. ) ;
#3700 =( GEOMETRIC_REPRESENTATION_CONTEXT ( 3 ) GLOBAL_UNCERTAINTY_ASSIGNED_CONTEXT ( ( #3849 ) ) GLOBAL_UNIT_ASSIGNED_CONTEXT ( ( #2174, #2157, #2128 ) ) REPRESENTATION_CONTEXT ( 'NONE', 'WORKASPACE' ) );
#3701 = EDGE_CURVE ( 'NONE', #2938, #3098, #7616, .T. ) ;
#3702 = CARTESIAN_POINT ( 'NONE',  ( 1.577921641042250100, 2.014054978381730100, 0.0000000000000000000 ) ) ;
#3703 = STYLED_ITEM ( 'NONE', ( #1104 ), #3388 ) ;
#3704 = PLANE ( 'NONE',  #10370 ) ;
#3705 = CLOSED_SHELL ( 'NONE', ( #5845, #5842, #6073, #5893, #5094, #10421, #3517, #3571 ) ) ;
#3706 = CARTESIAN_POINT ( 'NONE',  ( -0.7700000000000000200, 0.3900000000000000100, 0.1800000000000000200 ) ) ;
#3707 = SURFACE_STYLE_USAGE ( .BOTH. , #9048 ) ;
#3708 = VECTOR ( 'NONE', #5793, 1000.000000000000000 ) ;
#3709 = ORIENTED_EDGE ( 'NONE', *, *, #8083, .F. ) ;
#3710 = PRESENTATION_STYLE_ASSIGNMENT (( #2048 ) ) ;
#3711 = PLANE ( 'NONE',  #3290 ) ;
#3712 = SURFACE_STYLE_FILL_AREA ( #11438 ) ;
#3713 = DIRECTION ( 'NONE',  ( 0.0000000000000000000, -1.000000000000000000, -0.0000000000000000000 ) ) ;
#3714 =( GEOMETRIC_REPRESENTATION_CONTEXT ( 3 ) GLOBAL_UNCERTAINTY_ASSIGNED_CONTEXT ( ( #7841 ) ) GLOBAL_UNIT_ASSIGNED_CONTEXT ( ( #252, #8333, #9443 ) ) REPRESENTATION_CONTEXT ( 'NONE', 'WORKASPACE' ) );
#3715 = CARTESIAN_POINT ( 'NONE',  ( 1.596539144777060000, 2.014054978381730100, 0.1000000000000000100 ) ) ;
#3716 = EDGE_CURVE ( 'NONE', #11240, #9875, #5302, .T. ) ;
#3717 =( BOUNDED_SURFACE ( )  B_SPLINE_SURFACE ( 3, 3, ( 
 ( #7554, #6602, #4659, #7262 ),
 ( #2834, #157, #603, #1955 ),
 ( #11568, #11490, #11447, #11398 ),
 ( #11359, #11317, #11267, #11218 ) ),
 .UNSPECIFIED., .F., .F., .F. ) 
 B_SPLINE_SURFACE_WITH_KNOTS ( ( 4, 4 ),
 ( 4, 4 ),
 ( 0.0000000000000000000, 1.000000000000000000 ),
 ( 0.0000000000000000000, 1.000000000000000000 ),
 .UNSPECIFIED. ) 
 GEOMETRIC_REPRESENTATION_ITEM ( )  RATIONAL_B_SPLINE_SURFACE ( (
 ( 1.000000000000000000, 0.3333333333333347600, 0.3333333333333347600, 1.000000000000000000),
 ( 0.9299384305661937400, 0.3099794768553992300, 0.3099794768553992300, 0.9299384305661937400),
 ( 0.9299384305661937400, 0.3099794768553992300, 0.3099794768553992300, 0.9299384305661937400),
 ( 1.000000000000000000, 0.3333333333333347600, 0.3333333333333347600, 1.000000000000000000) ) ) 
 REPRESENTATION_ITEM ( '' )  SURFACE ( )  );
#3718 = SURFACE_STYLE_FILL_AREA ( #1679 ) ;
#3719 = PRESENTATION_LAYER_ASSIGNMENT (  '', '', ( #2511 ) ) ;
#3720 = MECHANICAL_DESIGN_GEOMETRIC_PRESENTATION_REPRESENTATION (  '', ( #2512 ), #4316 ) ;
#3721 = ORIENTED_EDGE ( 'NONE', *, *, #4216, .T. ) ;
#3722 =( GEOMETRIC_REPRESENTATION_CONTEXT ( 3 ) GLOBAL_UNCERTAINTY_ASSIGNED_CONTEXT ( ( #11452 ) ) GLOBAL_UNIT_ASSIGNED_CONTEXT ( ( #8545, #3216, #9456 ) ) REPRESENTATION_CONTEXT ( 'NONE', 'WORKASPACE' ) );
#3723 = SURFACE_STYLE_FILL_AREA ( #3121 ) ;
#3724 = DIRECTION ( 'NONE',  ( 0.0000000000000000000, -1.000000000000000000, 0.0000000000000000000 ) ) ;
#3725 = ORIENTED_EDGE ( 'NONE', *, *, #6056, .T. ) ;
#3726 = PRESENTATION_STYLE_ASSIGNMENT (( #5381 ) ) ;
#3727 = ORIENTED_EDGE ( 'NONE', *, *, #1718, .T. ) ;
#3728 = FILL_AREA_STYLE ('',( #5503 ) ) ;
#3729 = PLANE ( 'NONE',  #342 ) ;
#3730 = MANIFOLD_SOLID_BREP ( 'Imported1', #9083 ) ;
#3731 = PRESENTATION_STYLE_ASSIGNMENT (( #10028 ) ) ;
#3732 = EDGE_LOOP ( 'NONE', ( #9943, #10018, #1798, #5509, #3864, #662, #7005, #2482 ) ) ;
#3733 = FACE_OUTER_BOUND ( 'NONE', #9398, .T. ) ;
#3734 = LINE ( 'NONE', #4497, #3156 ) ;
#3735 = PRESENTATION_STYLE_ASSIGNMENT (( #2523 ) ) ;
#3736 = SURFACE_STYLE_USAGE ( .BOTH. , #2016 ) ;
#3737 =( NAMED_UNIT ( * ) PLANE_ANGLE_UNIT ( ) SI_UNIT ( $, .RADIAN. ) );
#3738 = VECTOR ( 'NONE', #4690, 1000.000000000000000 ) ;
#3739 = CARTESIAN_POINT ( 'NONE',  ( -0.7922123193543253400, 0.1689677469128610100, -0.006826851410475486200 ) ) ;
#3740 = EDGE_LOOP ( 'NONE', ( #7283, #10611, #7500, #8409, #1916 ) ) ;
#3741 = VECTOR ( 'NONE', #11271, 1000.000000000000000 ) ;
#3742 = CARTESIAN_POINT ( 'NONE',  ( 0.4745170327464610100, -0.3245170327464609900, 0.6331590247227180100 ) ) ;
#3743 = CARTESIAN_POINT ( 'NONE',  ( -0.4976823007299043800, -0.3693372604249999800, 0.6060934671702570300 ) ) ;
#3744 = PRESENTATION_STYLE_ASSIGNMENT (( #2258 ) ) ;
#3745 =( LENGTH_UNIT ( ) NAMED_UNIT ( * ) SI_UNIT ( .MILLI., .METRE. ) );
#3746 = FACE_OUTER_BOUND ( 'NONE', #3128, .T. ) ;
#3747 = CARTESIAN_POINT ( 'NONE',  ( -0.7900000000000000400, 0.2000000000000000100, 0.1800000000000000200 ) ) ;
#3748 = VECTOR ( 'NONE', #7089, 1000.000000000000000 ) ;
#3749 = AXIS2_PLACEMENT_3D ( 'NONE', #1518, #7776, #2438 ) ;
#3750 = ORIENTED_EDGE ( 'NONE', *, *, #9202, .T. ) ;
#3751 = UNCERTAINTY_MEASURE_WITH_UNIT (LENGTH_MEASURE( 1.000000000000000100E-005 ), #8839, 'distance_accuracy_value', 'NONE');
#3752 = SURFACE_STYLE_USAGE ( .BOTH. , #9094 ) ;
#3753 = PRESENTATION_LAYER_ASSIGNMENT (  '', '', ( #2545 ) ) ;
#3754 = EDGE_LOOP ( 'NONE', ( #1488, #2405, #3045, #9651 ) ) ;
#3755 = PRESENTATION_STYLE_ASSIGNMENT (( #1892 ) ) ;
#3756 = CARTESIAN_POINT ( 'NONE',  ( 1.605856330198040000, 2.025958925018020100, 0.1000000000000000100 ) ) ;
#3757 = EDGE_LOOP ( 'NONE', ( #10824, #8483, #3214, #3914 ) ) ;
#3758 = CIRCLE ( 'NONE', #3167, 0.009999999999999998500 ) ;
#3759 = ORIENTED_EDGE ( 'NONE', *, *, #6303, .T. ) ;
#3760 = SURFACE_STYLE_FILL_AREA ( #5197 ) ;
#3761 = EDGE_CURVE ( 'NONE', #10474, #1599, #8913, .T. ) ;
#3762 = LINE ( 'NONE', #9493, #8228 ) ;
#3763 = FILL_AREA_STYLE ('',( #9072 ) ) ;
#3764 = ORIENTED_EDGE ( 'NONE', *, *, #9353, .F. ) ;
#3765 = PRESENTATION_LAYER_ASSIGNMENT (  '', '', ( #2559 ) ) ;
#3766 = SURFACE_SIDE_STYLE ('',( #10853 ) ) ;
#3767 = ORIENTED_EDGE ( 'NONE', *, *, #10061, .T. ) ;
#3768 = FACE_OUTER_BOUND ( 'NONE', #1691, .T. ) ;
#3769 = DIRECTION ( 'NONE',  ( 0.0000000000000000000, 0.0000000000000000000, 1.000000000000000000 ) ) ;
#3770 = CARTESIAN_POINT ( 'NONE',  ( 1.587230926944140000, 2.001378828197530000, 0.1000000000000000100 ) ) ;
#3771 =( GEOMETRIC_REPRESENTATION_CONTEXT ( 3 ) GLOBAL_UNCERTAINTY_ASSIGNED_CONTEXT ( ( #8247 ) ) GLOBAL_UNIT_ASSIGNED_CONTEXT ( ( #8048, #2708, #8961 ) ) REPRESENTATION_CONTEXT ( 'NONE', 'WORKASPACE' ) );
#3772 =( LENGTH_UNIT ( ) NAMED_UNIT ( * ) SI_UNIT ( .MILLI., .METRE. ) );
#3773 = VERTEX_POINT ( 'NONE', #973 ) ;
#3774 = CARTESIAN_POINT ( 'NONE',  ( 1.573667184064460000, 1.985192742244400200, 0.0000000000000000000 ) ) ;
#3775 = PRESENTATION_STYLE_ASSIGNMENT (( #7726 ) ) ;
#3776 = CARTESIAN_POINT ( 'NONE',  ( 1.470670801460050000, 2.014732339443119800, 0.0000000000000000000 ) ) ;
#3777 = VERTEX_POINT ( 'NONE', #7192 ) ;
#3778 = LINE ( 'NONE', #3605, #1358 ) ;
#3779 = SURFACE_SIDE_STYLE ('',( #4297 ) ) ;
#3780 = B_SPLINE_CURVE_WITH_KNOTS ( 'NONE', 2,
 ( #8215, #7294, #9115, #3774 ),
 .UNSPECIFIED., .F., .F.,
 ( 3, 1, 3 ),
 ( 0.0000000000000000000, 7.568915725307196700E-006, 1.513783145061439300E-005 ),
 .UNSPECIFIED. ) ;
#3781 = VERTEX_POINT ( 'NONE', #6318 ) ;
#3782 = AXIS2_PLACEMENT_3D ( 'NONE', #7859, #3393, #9643 ) ;
#3783 = CARTESIAN_POINT ( 'NONE',  ( 0.4591302947157673800, -0.2462096407409372100, 0.6779020853097211800 ) ) ;
#3784 = EDGE_CURVE ( 'NONE', #8605, #7189, #7766, .T. ) ;
#3785 = SURFACE_STYLE_USAGE ( .BOTH. , #9121 ) ;
#3786 = STYLED_ITEM ( 'NONE', ( #8305 ), #4200 ) ;
#3787 = DIRECTION ( 'NONE',  ( -0.1209742911513550100, 0.1209742911513550100, -0.9852565360152930600 ) ) ;
#3788 = DIRECTION ( 'NONE',  ( 0.1209742911513550000, 0.1209742911513550000, 0.9852565360152929500 ) ) ;
#3789 = ORIENTED_EDGE ( 'NONE', *, *, #398, .T. ) ;
#3790 = SURFACE_STYLE_FILL_AREA ( #6419 ) ;
#3791 = FILL_AREA_STYLE_COLOUR ( '', #6137 ) ;
#3792 = DIRECTION ( 'NONE',  ( -1.000000000000000000, -0.0000000000000000000, 0.0000000000000000000 ) ) ;
#3793 =( NAMED_UNIT ( * ) PLANE_ANGLE_UNIT ( ) SI_UNIT ( $, .RADIAN. ) );
#3794 = UNCERTAINTY_MEASURE_WITH_UNIT (LENGTH_MEASURE( 1.000000000000000100E-005 ), #449, 'distance_accuracy_value', 'NONE');
#3795 = DIRECTION ( 'NONE',  ( 1.000000000000000000, 0.0000000000000000000, -0.0000000000000000000 ) ) ;
#3796 = CARTESIAN_POINT ( 'NONE',  ( 1.598172856298110100, 1.982265675680380000, 0.0000000000000000000 ) ) ;
#3797 = PRODUCT_DEFINITION_CONTEXT ( 'detailed design', #8581, 'design' ) ;
#3798 = CARTESIAN_POINT ( 'NONE',  ( 1.475946328112510300, 1.987367672161970000, 0.0000000000000000000 ) ) ;
#3799 = STYLED_ITEM ( 'NONE', ( #7470 ), #6749 ) ;
#3800 =( GEOMETRIC_REPRESENTATION_CONTEXT ( 3 ) GLOBAL_UNCERTAINTY_ASSIGNED_CONTEXT ( ( #2617 ) ) GLOBAL_UNIT_ASSIGNED_CONTEXT ( ( #1950, #8206, #2856 ) ) REPRESENTATION_CONTEXT ( 'NONE', 'WORKASPACE' ) );
#3801 = SURFACE_SIDE_STYLE ('',( #2660 ) ) ;
#3802 = SURFACE_SIDE_STYLE ('',( #5276 ) ) ;
#3803 = CARTESIAN_POINT ( 'NONE',  ( -0.1991441109234209900, -0.1499999999999999900, 0.02000000000000000000 ) ) ;
#3804 = ORIENTED_EDGE ( 'NONE', *, *, #6003, .F. ) ;
#3805 = CARTESIAN_POINT ( 'NONE',  ( 0.4000000000000000200, -0.3499999999999999800, 0.02000000000000000000 ) ) ;
#3806 = ORIENTED_EDGE ( 'NONE', *, *, #9831, .T. ) ;
#3807 =( NAMED_UNIT ( * ) PLANE_ANGLE_UNIT ( ) SI_UNIT ( $, .RADIAN. ) );
#3808 = CARTESIAN_POINT ( 'NONE',  ( 0.6500000000000001300, 0.0000000000000000000, 0.1700000000000000100 ) ) ;
#3809 = FILL_AREA_STYLE_COLOUR ( '', #1142 ) ;
#3810 = ORIENTED_EDGE ( 'NONE', *, *, #682, .T. ) ;
#3811 = DIRECTION ( 'NONE',  ( 0.0000000000000000000, -0.0000000000000000000, 1.000000000000000000 ) ) ;
#3812 = VERTEX_POINT ( 'NONE', #924 ) ;
#3813 =( NAMED_UNIT ( * ) SI_UNIT ( $, .STERADIAN. ) SOLID_ANGLE_UNIT ( ) );
#3814 = PRESENTATION_LAYER_ASSIGNMENT (  '', '', ( #2613 ) ) ;
#3815 = LINE ( 'NONE', #3506, #6188 ) ;
#3816 = DIRECTION ( 'NONE',  ( 0.0000000000000000000, -0.0000000000000000000, 1.000000000000000000 ) ) ;
#3817 = VERTEX_POINT ( 'NONE', #57 ) ;
#3818 =( NAMED_UNIT ( * ) PLANE_ANGLE_UNIT ( ) SI_UNIT ( $, .RADIAN. ) );
#3819 = CARTESIAN_POINT ( 'NONE',  ( 0.4480549931478379800, 0.3199665622654158700, 0.6449431100259606100 ) ) ;
#3820 = EDGE_CURVE ( 'NONE', #10278, #1599, #11285, .T. ) ;
#3821 = STYLED_ITEM ( 'NONE', ( #7999 ), #2253 ) ;
#3822 = MECHANICAL_DESIGN_GEOMETRIC_PRESENTATION_REPRESENTATION (  '', ( #828 ), #4443 ) ;
#3823 = DIRECTION ( 'NONE',  ( -1.000000000000000000, -0.0000000000000000000, 0.0000000000000000000 ) ) ;
#3824 = ORIENTED_EDGE ( 'NONE', *, *, #76, .T. ) ;
#3825 = PRESENTATION_LAYER_ASSIGNMENT (  '', '', ( #2637 ) ) ;
#3826 = CARTESIAN_POINT ( 'NONE',  ( 1.591331689436239900, 1.979474752004879900, 0.09999999999999997800 ) ) ;
#3827 = PRESENTATION_STYLE_ASSIGNMENT (( #4879 ) ) ;
#3828 = CARTESIAN_POINT ( 'NONE',  ( -0.1270000000000000000, -0.07619999999999999000, 0.002000000000000000900 ) ) ;
#3829 = UNCERTAINTY_MEASURE_WITH_UNIT (LENGTH_MEASURE( 1.000000000000000100E-005 ), #1261, 'distance_accuracy_value', 'NONE');
#3830 =( NAMED_UNIT ( * ) PLANE_ANGLE_UNIT ( ) SI_UNIT ( $, .RADIAN. ) );
#3831 = SHAPE_REPRESENTATION_RELATIONSHIP ( 'NONE' , 'NONE' ,  #1598, #4088 ) ;
#3832 = CARTESIAN_POINT ( 'NONE',  ( -0.5500000000000003800, -0.3503726924179340100, 0.1800000000000000500 ) ) ;
#3833 = EDGE_CURVE ( 'NONE', #2835, #2025, #4144, .T. ) ;
#3834 = ORIENTED_EDGE ( 'NONE', *, *, #4548, .T. ) ;
#3835 = EDGE_CURVE ( 'NONE', #3098, #10110, #2032, .T. ) ;
#3836 = MECHANICAL_DESIGN_GEOMETRIC_PRESENTATION_REPRESENTATION (  '', ( #1407 ), #4465 ) ;
#3837 = EDGE_CURVE ( 'NONE', #1414, #39, #1770, .T. ) ;
#3838 = CARTESIAN_POINT ( 'NONE',  ( 1.568663942658580000, 2.001359678760009900, 0.0000000000000000000 ) ) ;
#3839 = STYLED_ITEM ( 'NONE', ( #1919 ), #5158 ) ;
#3840 = FACE_OUTER_BOUND ( 'NONE', #7598, .T. ) ;
#3841 = AXIS2_PLACEMENT_3D ( 'NONE', #1007, #7237, #1896 ) ;
#3842 = DIRECTION ( 'NONE',  ( -0.0000000000000000000, -1.000000000000000000, -0.0000000000000000000 ) ) ;
#3843 = SURFACE_STYLE_FILL_AREA ( #1137 ) ;
#3844 = ORIENTED_EDGE ( 'NONE', *, *, #7745, .F. ) ;
#3845 = ORIENTED_EDGE ( 'NONE', *, *, #8099, .T. ) ;
#3846 =( NAMED_UNIT ( * ) PLANE_ANGLE_UNIT ( ) SI_UNIT ( $, .RADIAN. ) );
#3847 = FACE_OUTER_BOUND ( 'NONE', #8444, .T. ) ;
#3848 = DIRECTION ( 'NONE',  ( -0.0000000000000000000, -1.000000000000000000, -0.0000000000000000000 ) ) ;
#3849 = UNCERTAINTY_MEASURE_WITH_UNIT (LENGTH_MEASURE( 1.000000000000000100E-005 ), #2174, 'distance_accuracy_value', 'NONE');
#3850 = CARTESIAN_POINT ( 'NONE',  ( 0.7906250000000002400, 0.1497067445875435200, 0.1700000000000000100 ) ) ;
#3851 = CIRCLE ( 'NONE', #3172, 0.02999999999999997100 ) ;
#3852 = ORIENTED_EDGE ( 'NONE', *, *, #840, .F. ) ;
#3853 = CARTESIAN_POINT ( 'NONE',  ( -0.7906249999999998000, -0.1497067445875435200, 0.1758578643762689900 ) ) ;
#3854 = PRESENTATION_LAYER_ASSIGNMENT (  '', '', ( #2667 ) ) ;
#3855 = EDGE_CURVE ( 'NONE', #11011, #1699, #8604, .T. ) ;
#3856 = ADVANCED_FACE ( 'NONE', ( #1463 ), #2756, .T. ) ;
#3857 =( GEOMETRIC_REPRESENTATION_CONTEXT ( 3 ) GLOBAL_UNCERTAINTY_ASSIGNED_CONTEXT ( ( #7695 ) ) GLOBAL_UNIT_ASSIGNED_CONTEXT ( ( #9600, #4249, #10508 ) ) REPRESENTATION_CONTEXT ( 'NONE', 'WORKASPACE' ) );
#3858 =( GEOMETRIC_REPRESENTATION_CONTEXT ( 3 ) GLOBAL_UNCERTAINTY_ASSIGNED_CONTEXT ( ( #4927 ) ) GLOBAL_UNIT_ASSIGNED_CONTEXT ( ( #11264, #5907, #544 ) ) REPRESENTATION_CONTEXT ( 'NONE', 'WORKASPACE' ) );
#3859 = CARTESIAN_POINT ( 'NONE',  ( 0.7900000000000000400, 0.1596871942267129900, 0.01000000000000000000 ) ) ;
#3860 = SURFACE_STYLE_FILL_AREA ( #2095 ) ;
#3861 = MECHANICAL_DESIGN_GEOMETRIC_PRESENTATION_REPRESENTATION (  '', ( #1433 ), #4488 ) ;
#3862 = DIRECTION ( 'NONE',  ( 0.0000000000000000000, -0.0000000000000000000, -1.000000000000000000 ) ) ;
#3863 = COLOUR_RGB ( '',0.8627450980392157300, 0.6274509803921568500, 0.05882352941176470500 ) ;
#3864 = ORIENTED_EDGE ( 'NONE', *, *, #2720, .T. ) ;
#3865 = VECTOR ( 'NONE', #1544, 1000.000000000000000 ) ;
#3866 =( NAMED_UNIT ( * ) PLANE_ANGLE_UNIT ( ) SI_UNIT ( $, .RADIAN. ) );
#3867 =( LENGTH_UNIT ( ) NAMED_UNIT ( * ) SI_UNIT ( .MILLI., .METRE. ) );
#3868 = COLOUR_RGB ( '',1.000000000000000000, 0.9921568627450980700, 0.9411764705882352800 ) ;
#3869 = ORIENTED_EDGE ( 'NONE', *, *, #7861, .F. ) ;
#3870 = CARTESIAN_POINT ( 'NONE',  ( 1.600759566099030100, 2.017560650931430100, 0.1000000000000000100 ) ) ;
#3871 = DIRECTION ( 'NONE',  ( 0.0000000000000000000, 0.0000000000000000000, -1.000000000000000000 ) ) ;
#3872 = VECTOR ( 'NONE', #8153, 1000.000000000000000 ) ;
#3873 = ORIENTED_EDGE ( 'NONE', *, *, #11242, .F. ) ;
#3874 = ORIENTED_EDGE ( 'NONE', *, *, #4692, .T. ) ;
#3875 = VECTOR ( 'NONE', #7523, 1000.000000000000000 ) ;
#3876 = DIRECTION ( 'NONE',  ( 0.0000000000000000000, 1.000000000000000000, -0.0000000000000000000 ) ) ;
#3877 = MECHANICAL_DESIGN_GEOMETRIC_PRESENTATION_REPRESENTATION (  '', ( #2061 ), #4501 ) ;
#3878 = COLOUR_RGB ( '',1.000000000000000000, 0.9921568627450980700, 0.9411764705882352800 ) ;
#3879 = CARTESIAN_POINT ( 'NONE',  ( 0.4470480758322383200, -0.3207392495628430500, 0.6473315337604773600 ) ) ;
#3880 = VERTEX_POINT ( 'NONE', #6433 ) ;
#3881 = DIRECTION ( 'NONE',  ( 0.0000000000000000000, 0.0000000000000000000, 1.000000000000000000 ) ) ;
#3882 = CIRCLE ( 'NONE', #11484, 0.01000000000000004000 ) ;
#3883 = FACE_OUTER_BOUND ( 'NONE', #7384, .T. ) ;
#3884 = FILL_AREA_STYLE ('',( #3809 ) ) ;
#3885 =( NAMED_UNIT ( * ) PLANE_ANGLE_UNIT ( ) SI_UNIT ( $, .RADIAN. ) );
#3886 = ORIENTED_EDGE ( 'NONE', *, *, #9218, .F. ) ;
#3887 =( BOUNDED_SURFACE ( )  B_SPLINE_SURFACE ( 3, 3, ( 
 ( #5210, #4347, #10596, #5250 ),
 ( #11506, #6130, #763, #7006 ),
 ( #1663, #7913, #2572, #8822 ),
 ( #3488, #9736, #4386, #10635 ) ),
 .UNSPECIFIED., .F., .F., .F. ) 
 B_SPLINE_SURFACE_WITH_KNOTS ( ( 4, 4 ),
 ( 4, 4 ),
 ( 0.0000000000000000000, 1.000000000000000000 ),
 ( 0.0000000000000000000, 1.000000000000000000 ),
 .UNSPECIFIED. ) 
 GEOMETRIC_REPRESENTATION_ITEM ( )  RATIONAL_B_SPLINE_SURFACE ( (
 ( 1.000000000000000000, 0.8047378541243649400, 0.8047378541243649400, 1.000000000000000000),
 ( 0.8047378541243649400, 0.6476030138606876400, 0.6476030138606876400, 0.8047378541243649400),
 ( 0.8047378541243649400, 0.6476030138606876400, 0.6476030138606876400, 0.8047378541243649400),
 ( 1.000000000000000000, 0.8047378541243649400, 0.8047378541243649400, 1.000000000000000000) ) ) 
 REPRESENTATION_ITEM ( '' )  SURFACE ( )  );
#3888 = FILL_AREA_STYLE_COLOUR ( '', #5249 ) ;
#3889 = CARTESIAN_POINT ( 'NONE',  ( -0.6008558890765790500, -0.1499999999999999900, 0.0000000000000000000 ) ) ;
#3890 = ORIENTED_EDGE ( 'NONE', *, *, #7991, .T. ) ;
#3891 = ORIENTED_EDGE ( 'NONE', *, *, #4942, .T. ) ;
#3892 = ORIENTED_EDGE ( 'NONE', *, *, #8448, .T. ) ;
#3893 = COLOUR_RGB ( '',0.0000000000000000000, 0.7019607843137254400, 0.9803921568627450600 ) ;
#3894 = LINE ( 'NONE', #543, #8939 ) ;
#3895 = EDGE_CURVE ( 'NONE', #6689, #2783, #7480, .T. ) ;
#3896 = DIRECTION ( 'NONE',  ( 0.0000000000000000000, 1.000000000000000000, -0.0000000000000000000 ) ) ;
#3897 = VERTEX_POINT ( 'NONE', #2879 ) ;
#3898 = PRESENTATION_LAYER_ASSIGNMENT (  '', '', ( #2700 ) ) ;
#3899 = VECTOR ( 'NONE', #6498, 1000.000000000000000 ) ;
#3900 =( GEOMETRIC_REPRESENTATION_CONTEXT ( 3 ) GLOBAL_UNCERTAINTY_ASSIGNED_CONTEXT ( ( #2393 ) ) GLOBAL_UNIT_ASSIGNED_CONTEXT ( ( #4800, #11054, #5703 ) ) REPRESENTATION_CONTEXT ( 'NONE', 'WORKASPACE' ) );
#3901 =( NAMED_UNIT ( * ) PLANE_ANGLE_UNIT ( ) SI_UNIT ( $, .RADIAN. ) );
#3902 = CARTESIAN_POINT ( 'NONE',  ( 1.540103539337589900, 1.988048385278420300, 0.0000000000000000000 ) ) ;
#3903 = ORIENTED_EDGE ( 'NONE', *, *, #3701, .T. ) ;
#3904 = SURFACE_SIDE_STYLE ('',( #11414 ) ) ;
#3905 = CARTESIAN_POINT ( 'NONE',  ( 1.603210133217829900, 1.987983666110000100, 0.0000000000000000000 ) ) ;
#3906 = VERTEX_POINT ( 'NONE', #9128 ) ;
#3907 = VECTOR ( 'NONE', #6727, 1000.000000000000000 ) ;
#3908 = EDGE_CURVE ( 'NONE', #4329, #8089, #637, .T. ) ;
#3909 = LINE ( 'NONE', #2933, #1507 ) ;
#3910 = CARTESIAN_POINT ( 'NONE',  ( 0.7994240845272082600, -0.1595870722175835900, 0.1747590663892458500 ) ) ;
#3911 = AXIS2_PLACEMENT_3D ( 'NONE', #7806, #7756, #7708 ) ;
#3912 = EDGE_CURVE ( 'NONE', #8915, #5764, #5144, .T. ) ;
#3913 =( LENGTH_UNIT ( ) NAMED_UNIT ( * ) SI_UNIT ( .MILLI., .METRE. ) );
#3914 = ORIENTED_EDGE ( 'NONE', *, *, #7240, .F. ) ;
#3915 = PRESENTATION_LAYER_ASSIGNMENT (  '', '', ( #4535 ) ) ;
#3916 = CIRCLE ( 'NONE', #6018, 0.01000000000000002600 ) ;
#3917 = CARTESIAN_POINT ( 'NONE',  ( 0.8000000000000000400, 0.3499999999999999800, 0.0000000000000000000 ) ) ;
#3918 = DIRECTION ( 'NONE',  ( 0.0000000000000000000, 0.0000000000000000000, -1.000000000000000000 ) ) ;
#3919 = ORIENTED_EDGE ( 'NONE', *, *, #10948, .T. ) ;
#3920 = UNCERTAINTY_MEASURE_WITH_UNIT (LENGTH_MEASURE( 1.000000000000000100E-005 ), #5936, 'distance_accuracy_value', 'NONE');
#3921 = ADVANCED_FACE ( 'NONE', ( #2465 ), #2411, .T. ) ;
#3922 = SURFACE_SIDE_STYLE ('',( #10711 ) ) ;
#3923 = PRESENTATION_STYLE_ASSIGNMENT (( #6988 ) ) ;
#3924 =( NAMED_UNIT ( * ) PLANE_ANGLE_UNIT ( ) SI_UNIT ( $, .RADIAN. ) );
#3925 = AXIS2_PLACEMENT_3D ( 'NONE', #1788, #3607, #1742 ) ;
#3926 = PLANE ( 'NONE',  #1176 ) ;
#3927 = EDGE_CURVE ( 'NONE', #339, #5974, #8453, .T. ) ;
#3928 = AXIS2_PLACEMENT_3D ( 'NONE', #9021, #3689, #9955 ) ;
#3929 =( GEOMETRIC_REPRESENTATION_CONTEXT ( 3 ) GLOBAL_UNCERTAINTY_ASSIGNED_CONTEXT ( ( #6206 ) ) GLOBAL_UNIT_ASSIGNED_CONTEXT ( ( #4296, #10547, #5207 ) ) REPRESENTATION_CONTEXT ( 'NONE', 'WORKASPACE' ) );
#3930 = CARTESIAN_POINT ( 'NONE',  ( 0.7072172467139158400, 0.1444835484702852700, 0.1699999999999999800 ) ) ;
#3931 = UNCERTAINTY_MEASURE_WITH_UNIT (LENGTH_MEASURE( 1.000000000000000100E-005 ), #563, 'distance_accuracy_value', 'NONE');
#3932 = VECTOR ( 'NONE', #3130, 1000.000000000000000 ) ;
#3933 = CARTESIAN_POINT ( 'NONE',  ( 1.481221854764970000, 2.014732339443119800, 0.1000000000000000100 ) ) ;
#3934 = ORIENTED_EDGE ( 'NONE', *, *, #3219, .T. ) ;
#3935 = CARTESIAN_POINT ( 'NONE',  ( -0.7700000000000000200, 0.4000000000000000200, 0.1700000000000000100 ) ) ;
#3936 = DIRECTION ( 'NONE',  ( -0.0000000000000000000, 1.000000000000000000, 0.0000000000000000000 ) ) ;
#3937 = CARTESIAN_POINT ( 'NONE',  ( -0.8000000000000000400, 0.4000000000000000200, 0.01000000000000000000 ) ) ;
#3938 = CIRCLE ( 'NONE', #5769, 0.01000000000000000400 ) ;
#3939 = CARTESIAN_POINT ( 'NONE',  ( 0.4000000000000000200, -0.3499999999999999800, 0.0000000000000000000 ) ) ;
#3940 = FILL_AREA_STYLE ('',( #3044 ) ) ;
#3941 = ORIENTED_EDGE ( 'NONE', *, *, #2557, .F. ) ;
#3942 = LINE ( 'NONE', #10406, #6032 ) ;
#3943 = ORIENTED_EDGE ( 'NONE', *, *, #9926, .T. ) ;
#3944 =( GEOMETRIC_REPRESENTATION_CONTEXT ( 3 ) GLOBAL_UNCERTAINTY_ASSIGNED_CONTEXT ( ( #3421 ) ) GLOBAL_UNIT_ASSIGNED_CONTEXT ( ( #511, #6745, #1391 ) ) REPRESENTATION_CONTEXT ( 'NONE', 'WORKASPACE' ) );
#3945 = AXIS2_PLACEMENT_3D ( 'NONE', #4030, #10290, #4062 ) ;
#3946 = SURFACE_STYLE_USAGE ( .BOTH. , #9281 ) ;
#3947 =( LENGTH_UNIT ( ) NAMED_UNIT ( * ) SI_UNIT ( .MILLI., .METRE. ) );
#3948 = ORIENTED_EDGE ( 'NONE', *, *, #4390, .T. ) ;
#3949 = FILL_AREA_STYLE_COLOUR ( '', #10504 ) ;
#3950 = FACE_OUTER_BOUND ( 'NONE', #10993, .T. ) ;
#3951 = CARTESIAN_POINT ( 'NONE',  ( -0.7906250000000001300, -0.1497067445875435200, 0.009999999999999998500 ) ) ;
#3952 = FILL_AREA_STYLE_COLOUR ( '', #1356 ) ;
#3953 = ORIENTED_EDGE ( 'NONE', *, *, #8289, .T. ) ;
#3954 = ORIENTED_EDGE ( 'NONE', *, *, #9265, .T. ) ;
#3955 = SURFACE_STYLE_FILL_AREA ( #1385 ) ;
#3956 = CARTESIAN_POINT ( 'NONE',  ( 1.481221854764970000, 2.014732339443119800, 0.0000000000000000000 ) ) ;
#3957 = CARTESIAN_POINT ( 'NONE',  ( -0.7905590169943747000, -0.1507604086910344100, 0.1744721359549994700 ) ) ;
#3958 = EDGE_CURVE ( 'NONE', #5009, #2030, #4005, .T. ) ;
#3959 =( GEOMETRIC_REPRESENTATION_CONTEXT ( 3 ) GLOBAL_UNCERTAINTY_ASSIGNED_CONTEXT ( ( #5112 ) ) GLOBAL_UNIT_ASSIGNED_CONTEXT ( ( #11159, #5805, #432 ) ) REPRESENTATION_CONTEXT ( 'NONE', 'WORKASPACE' ) );
#3960 = ORIENTED_EDGE ( 'NONE', *, *, #2734, .F. ) ;
#3962 = CARTESIAN_POINT ( 'NONE',  ( 1.543833400629000200, 2.014051626326669900, 0.0000000000000000000 ) ) ;
#3961 = AXIS2_PLACEMENT_3D ( 'NONE', #6472, #1122, #7366 ) ;
#3963 = CARTESIAN_POINT ( 'NONE',  ( 0.6500000000000000200, 0.08357113787613314200, 0.1699999999999999800 ) ) ;
#3964 =( NAMED_UNIT ( * ) SI_UNIT ( $, .STERADIAN. ) SOLID_ANGLE_UNIT ( ) );
#3965 = CARTESIAN_POINT ( 'NONE',  ( 1.587213375081740100, 1.979474752066250100, 0.0000000000000000000 ) ) ;
#3966 = FILL_AREA_STYLE ('',( #3078 ) ) ;
#3967 = PRESENTATION_STYLE_ASSIGNMENT (( #1801 ) ) ;
#3968 = ADVANCED_FACE ( 'NONE', ( #6105 ), #7328, .T. ) ;
#3969 = ORIENTED_EDGE ( 'NONE', *, *, #6099, .F. ) ;
#3970 = CARTESIAN_POINT ( 'NONE',  ( 0.4000000000000000200, -0.1850000000000000000, 0.1599999999999999800 ) ) ;
#3971 = PRESENTATION_STYLE_ASSIGNMENT (( #2569 ) ) ;
#3972 = EDGE_CURVE ( 'NONE', #799, #3098, #9752, .T. ) ;
#3973 = CARTESIAN_POINT ( 'NONE',  ( -0.4480549931478379800, 0.2980549931478380100, 0.5999999999999999800 ) ) ;
#3974 = PRESENTATION_LAYER_ASSIGNMENT (  '', '', ( #2792 ) ) ;
#3975 = FILL_AREA_STYLE ('',( #9276 ) ) ;
#3976 = SURFACE_STYLE_FILL_AREA ( #2225 ) ;
#3977 = ORIENTED_EDGE ( 'NONE', *, *, #162, .T. ) ;
#3978 = UNCERTAINTY_MEASURE_WITH_UNIT (LENGTH_MEASURE( 1.000000000000000100E-005 ), #8427, 'distance_accuracy_value', 'NONE');
#3979 = CIRCLE ( 'NONE', #10639, 0.01000000000000000400 ) ;
#3980 = AXIS2_PLACEMENT_3D ( 'NONE', #11520, #6147, #776 ) ;
#3981 = EDGE_LOOP ( 'NONE', ( #4601, #1133, #3874, #5311 ) ) ;
#3982 = CARTESIAN_POINT ( 'NONE',  ( 0.8000000000000000400, 0.1850000000000000000, 0.1499999999999999900 ) ) ;
#3983 = CARTESIAN_POINT ( 'NONE',  ( 0.0000000000000000000, -0.3499999999999999800, 0.0000000000000000000 ) ) ;
#3984 = LINE ( 'NONE', #2121, #6084 ) ;
#3985 = CARTESIAN_POINT ( 'NONE',  ( 0.4000000000000000200, 0.3499999999999999800, 0.02000000000000000000 ) ) ;
#3986 = DIRECTION ( 'NONE',  ( 0.0000000000000000000, -1.000000000000000000, 0.0000000000000000000 ) ) ;
#3987 = ORIENTED_EDGE ( 'NONE', *, *, #843, .F. ) ;
#3988 = EDGE_LOOP ( 'NONE', ( #5720, #156, #9925, #11306 ) ) ;
#3989 = SURFACE_STYLE_FILL_AREA ( #4975 ) ;
#3990 = COLOUR_RGB ( '',0.0000000000000000000, 0.7019607843137254400, 0.9803921568627450600 ) ;
#3991 = CARTESIAN_POINT ( 'NONE',  ( 1.470670801460050000, 1.987367672161970000, 0.0000000000000000000 ) ) ;
#3992 = EDGE_CURVE ( 'NONE', #521, #7839, #483, .T. ) ;
#3993 = EDGE_CURVE ( 'NONE', #2691, #1299, #5292, .T. ) ;
#3994 = UNCERTAINTY_MEASURE_WITH_UNIT (LENGTH_MEASURE( 1.000000000000000100E-005 ), #4704, 'distance_accuracy_value', 'NONE');
#3995 = PRESENTATION_LAYER_ASSIGNMENT (  '', '', ( #2175 ) ) ;
#3996 = STYLED_ITEM ( 'NONE', ( #5131 ), #4080 ) ;
#3997 = FACE_OUTER_BOUND ( 'NONE', #9025, .T. ) ;
#3998 = EDGE_LOOP ( 'NONE', ( #4175, #8843, #10469, #243 ) ) ;
#3999 = CYLINDRICAL_SURFACE ( 'NONE', #1960, 0.1499999999999999700 ) ;
#4000 = CARTESIAN_POINT ( 'NONE',  ( -0.4480549931478379800, -0.2980549931478380100, 0.5999999999999999800 ) ) ;
#4001 = CARTESIAN_POINT ( 'NONE',  ( 0.6500000000000001300, 0.0000000000000000000, 0.1700000000000000100 ) ) ;
#4002 = SURFACE_STYLE_FILL_AREA ( #1620 ) ;
#4003 = SURFACE_STYLE_USAGE ( .BOTH. , #9345 ) ;
#4004 = CARTESIAN_POINT ( 'NONE',  ( -0.8000000000000000400, 0.4000000000000000200, 0.0000000000000000000 ) ) ;
#4005 = LINE ( 'NONE', #7423, #3738 ) ;
#4006 = ORIENTED_EDGE ( 'NONE', *, *, #7184, .F. ) ;
#4007 = CARTESIAN_POINT ( 'NONE',  ( 0.4000000000000000200, -0.1749999999999999900, 0.03000000000000000200 ) ) ;
#4008 = PRESENTATION_LAYER_ASSIGNMENT (  '', '', ( #3419 ) ) ;
#4009 = ORIENTED_EDGE ( 'NONE', *, *, #12, .F. ) ;
#4010 = VECTOR ( 'NONE', #8534, 1000.000000000000000 ) ;
#4011 = PRESENTATION_LAYER_ASSIGNMENT (  '', '', ( #2824 ) ) ;
#4012 = LINE ( 'NONE', #4105, #3741 ) ;
#4013 = FILL_AREA_STYLE ('',( #7538 ) ) ;
#4014 = PRESENTATION_STYLE_ASSIGNMENT (( #3439 ) ) ;
#4015 = LINE ( 'NONE', #9449, #10872 ) ;
#4016 = AXIS2_PLACEMENT_3D ( 'NONE', #7068, #5272, #11608 ) ;
#4017 = DIRECTION ( 'NONE',  ( -0.0000000000000000000, 1.000000000000000000, -0.0000000000000000000 ) ) ;
#4018 = CARTESIAN_POINT ( 'NONE',  ( 0.7936914531521422900, -0.1515726837599340700, 0.004343145750507714600 ) ) ;
#4019 = CARTESIAN_POINT ( 'NONE',  ( 0.4745170327464608400, 0.3245170327464609900, 0.6331590247227177900 ) ) ;
#4020 = ORIENTED_EDGE ( 'NONE', *, *, #306, .T. ) ;
#4021 = VERTEX_POINT ( 'NONE', #8404 ) ;
#4022 = CIRCLE ( 'NONE', #10458, 0.1499999999999999700 ) ;
#4023 = CARTESIAN_POINT ( 'NONE',  ( -0.7982170378636489500, 0.1563905365920396900, 0.1756568542494924800 ) ) ;
#4024 = SURFACE_STYLE_USAGE ( .BOTH. , #9362 ) ;
#4025 = VERTEX_POINT ( 'NONE', #11083 ) ;
#4026 = FACE_OUTER_BOUND ( 'NONE', #6198, .T. ) ;
#4027 = PRESENTATION_STYLE_ASSIGNMENT (( #3736 ) ) ;
#4028 =( LENGTH_UNIT ( ) NAMED_UNIT ( * ) SI_UNIT ( .MILLI., .METRE. ) );
#4029 = EDGE_LOOP ( 'NONE', ( #8895, #1096, #7870, #2759, #8920, #7850, #5694, #5184, #172, #11467 ) ) ;
#4030 = CARTESIAN_POINT ( 'NONE',  ( -0.8000000000000000400, 0.1850000000000000000, 0.1499999999999999900 ) ) ;
#4031 = ADVANCED_FACE ( 'NONE', ( #4976 ), #351, .T. ) ;
#4032 = ADVANCED_FACE ( 'NONE', ( #6234 ), #4520, .T. ) ;
#4033 = MECHANICAL_DESIGN_GEOMETRIC_PRESENTATION_REPRESENTATION (  '', ( #2836 ), #4647 ) ;
#4034 = ORIENTED_EDGE ( 'NONE', *, *, #1823, .T. ) ;
#4035 = CARTESIAN_POINT ( 'NONE',  ( -0.7906250000000000200, -0.1497067445875435200, 0.1799999999999999900 ) ) ;
#4036 = AXIS2_PLACEMENT_3D ( 'NONE', #6737, #1383, #7640 ) ;
#4037 = VERTEX_POINT ( 'NONE', #10352 ) ;
#4038 = LINE ( 'NONE', #7802, #6416 ) ;
#4039 = CARTESIAN_POINT ( 'NONE',  ( -0.7700000000000000200, -0.3700000000000000000, 0.0000000000000000000 ) ) ;
#4040 = CARTESIAN_POINT ( 'NONE',  ( 0.7900000000000000400, 0.1596871942267131000, 0.1700000000000000100 ) ) ;
#4041 =( NAMED_UNIT ( * ) PLANE_ANGLE_UNIT ( ) SI_UNIT ( $, .RADIAN. ) );
#4042 = CARTESIAN_POINT ( 'NONE',  ( 0.7906250000000002400, 0.1497067445875435200, 0.1758578643762690200 ) ) ;
#4043 = EDGE_CURVE ( 'NONE', #2030, #7290, #7744, .T. ) ;
#4044 = VECTOR ( 'NONE', #6116, 1000.000000000000000 ) ;
#4045 = CARTESIAN_POINT ( 'NONE',  ( 0.5250000000000003600, 0.1330726618555938000, 0.004142135623731001700 ) ) ;
#4046 = AXIS2_PLACEMENT_3D ( 'NONE', #11570, #11613, #11324 ) ;
#4047 = VERTEX_POINT ( 'NONE', #4078 ) ;
#4048 = PLANE ( 'NONE',  #5747 ) ;
#4049 = DIRECTION ( 'NONE',  ( 1.000000000000000000, 0.0000000000000000000, -0.0000000000000000000 ) ) ;
#4050 = CARTESIAN_POINT ( 'NONE',  ( 0.7955363292937878100, 0.1591337124127562000, -0.001242919917974910200 ) ) ;
#4051 = PRESENTATION_LAYER_ASSIGNMENT (  '', '', ( #2702 ) ) ;
#4052 = PLANE ( 'NONE',  #5873 ) ;
#4053 = CIRCLE ( 'NONE', #6826, 0.05000000000000001000 ) ;
#4054 = CARTESIAN_POINT ( 'NONE',  ( 0.4870195807110010400, 0.3245170327464609300, 0.6231815624153094200 ) ) ;
#4055 =( BOUNDED_CURVE ( )  B_SPLINE_CURVE ( 3, ( #2902, #3426, #3218, #2871 ),
 .UNSPECIFIED., .F., .F. ) 
 B_SPLINE_CURVE_WITH_KNOTS ( ( 4, 4 ),
 ( 5.505213485254659000, 7.061157129104513400 ),
 .UNSPECIFIED. ) 
 CURVE ( )  GEOMETRIC_REPRESENTATION_ITEM ( )  RATIONAL_B_SPLINE_CURVE ( ( 1.000000000000000000, 0.8082256338399265200, 0.8082256338399265200, 1.000000000000000000 ) ) 
 REPRESENTATION_ITEM ( '' )  );
#4056 = EDGE_CURVE ( 'NONE', #5209, #6770, #9893, .T. ) ;
#4057 = EDGE_CURVE ( 'NONE', #9167, #8833, #5426, .T. ) ;
#4058 = SURFACE_STYLE_USAGE ( .BOTH. , #9399 ) ;
#4059 = AXIS2_PLACEMENT_3D ( 'NONE', #10477, #5126, #11381 ) ;
#4060 = FACE_OUTER_BOUND ( 'NONE', #2930, .T. ) ;
#4061 = DIRECTION ( 'NONE',  ( 0.0000000000000000000, 1.000000000000000000, 0.0000000000000000000 ) ) ;
#4062 = DIRECTION ( 'NONE',  ( 0.0000000000000000000, 0.0000000000000000000, -1.000000000000000000 ) ) ;
#4063 = COLOUR_RGB ( '',0.8627450980392157300, 0.6274509803921568500, 0.05882352941176470500 ) ;
#4064 = DIRECTION ( 'NONE',  ( 1.000000000000000000, 0.0000000000000000000, -0.0000000000000000000 ) ) ;
#4065 = DIRECTION ( 'NONE',  ( -0.0000000000000000000, -0.0000000000000000000, -1.000000000000000000 ) ) ;
#4066 = UNCERTAINTY_MEASURE_WITH_UNIT (LENGTH_MEASURE( 1.000000000000000100E-005 ), #5722, 'distance_accuracy_value', 'NONE');
#4067 = COLOUR_RGB ( '',1.000000000000000000, 0.9921568627450980700, 0.9411764705882352800 ) ;
#4068 = VERTEX_POINT ( 'NONE', #5878 ) ;
#4069 = VERTEX_POINT ( 'NONE', #9644 ) ;
#4070 = EDGE_LOOP ( 'NONE', ( #718, #10247, #3190, #265 ) ) ;
#4071 =( GEOMETRIC_REPRESENTATION_CONTEXT ( 3 ) GLOBAL_UNCERTAINTY_ASSIGNED_CONTEXT ( ( #11144 ) ) GLOBAL_UNIT_ASSIGNED_CONTEXT ( ( #9546, #9464, #9420 ) ) REPRESENTATION_CONTEXT ( 'NONE', 'WORKASPACE' ) );
#4072 = EDGE_CURVE ( 'NONE', #6017, #3812, #628, .T. ) ;
#4073 =( NAMED_UNIT ( * ) SI_UNIT ( $, .STERADIAN. ) SOLID_ANGLE_UNIT ( ) );
#4074 = VECTOR ( 'NONE', #8205, 1000.000000000000000 ) ;
#4075 =( GEOMETRIC_REPRESENTATION_CONTEXT ( 3 ) GLOBAL_UNCERTAINTY_ASSIGNED_CONTEXT ( ( #8080 ) ) GLOBAL_UNIT_ASSIGNED_CONTEXT ( ( #472, #6717, #1366 ) ) REPRESENTATION_CONTEXT ( 'NONE', 'WORKASPACE' ) );
#4076 = MECHANICAL_DESIGN_GEOMETRIC_PRESENTATION_REPRESENTATION (  '', ( #2883 ), #4693 ) ;
#4077 = VERTEX_POINT ( 'NONE', #10544 ) ;
#4078 = CARTESIAN_POINT ( 'NONE',  ( 1.641976745299859900, 1.980359679117640300, 0.0000000000000000000 ) ) ;
#4079 = ADVANCED_FACE ( 'NONE', ( #9588 ), #8778, .T. ) ;
#4080 = ADVANCED_FACE ( 'NONE', ( #1891 ), #7401, .T. ) ;
#4081 = EDGE_LOOP ( 'NONE', ( #10954, #4034, #7969, #10777 ) ) ;
#4082 = CARTESIAN_POINT ( 'NONE',  ( 0.5003726924179342500, 0.4000000000000004100, 0.1799999999999999900 ) ) ;
#4083 = CARTESIAN_POINT ( 'NONE',  ( 0.4976823007299042700, 0.2980549931478382900, 0.6060934671702569200 ) ) ;
#4084 = FILL_AREA_STYLE_COLOUR ( '', #5777 ) ;
#4085 = SURFACE_STYLE_USAGE ( .BOTH. , #9430 ) ;
#4086 = AXIS2_PLACEMENT_3D ( 'NONE', #872, #6221, #7141 ) ;
#4087 = ORIENTED_EDGE ( 'NONE', *, *, #1837, .T. ) ;
#4088 = ADVANCED_BREP_SHAPE_REPRESENTATION ( '', ( #3730, #3980 ), #4380 ) ;
#4089 =( GEOMETRIC_REPRESENTATION_CONTEXT ( 3 ) GLOBAL_UNCERTAINTY_ASSIGNED_CONTEXT ( ( #6271 ) ) GLOBAL_UNIT_ASSIGNED_CONTEXT ( ( #5603, #207, #6467 ) ) REPRESENTATION_CONTEXT ( 'NONE', 'WORKASPACE' ) );
#4090 = SURFACE_SIDE_STYLE ('',( #3200 ) ) ;
#4091 = SURFACE_STYLE_USAGE ( .BOTH. , #9439 ) ;
#4092 =( NAMED_UNIT ( * ) SI_UNIT ( $, .STERADIAN. ) SOLID_ANGLE_UNIT ( ) );
#4093 = ORIENTED_EDGE ( 'NONE', *, *, #10753, .T. ) ;
#4094 = PRODUCT ( '3', '3', '', ( #5934 ) ) ;
#4095 = DIRECTION ( 'NONE',  ( 0.0000000000000000000, 0.0000000000000000000, -1.000000000000000000 ) ) ;
#4096 = VECTOR ( 'NONE', #8547, 1000.000000000000000 ) ;
#4097 = FACE_OUTER_BOUND ( 'NONE', #11072, .T. ) ;
#4098 = SURFACE_STYLE_USAGE ( .BOTH. , #9451 ) ;
#4099 = DIRECTION ( 'NONE',  ( 1.000000000000000000, 0.0000000000000000000, 0.0000000000000000000 ) ) ;
#4100 = MECHANICAL_DESIGN_GEOMETRIC_PRESENTATION_REPRESENTATION (  '', ( #2923 ), #4724 ) ;
#4101 = APPLICATION_CONTEXT ( 'automotive_design' ) ;
#4102 = PRESENTATION_LAYER_ASSIGNMENT (  '', '', ( #3539 ) ) ;
#4103 = ORIENTED_EDGE ( 'NONE', *, *, #1321, .T. ) ;
#4104 = COLOUR_RGB ( '',0.0000000000000000000, 0.6470588235294118000, 0.9568627450980391500 ) ;
#4105 = CARTESIAN_POINT ( 'NONE',  ( 0.5500000000000003800, 0.3503726924179340100, 0.1800000000000000500 ) ) ;
#4106 = ORIENTED_EDGE ( 'NONE', *, *, #4965, .F. ) ;
#4107 = FILL_AREA_STYLE_COLOUR ( '', #10588 ) ;
#4108 = SURFACE_STYLE_FILL_AREA ( #105 ) ;
#4109 = DIRECTION ( 'NONE',  ( -0.0000000000000000000, -1.000000000000000000, -0.0000000000000000000 ) ) ;
#4110 = UNCERTAINTY_MEASURE_WITH_UNIT (LENGTH_MEASURE( 1.000000000000000100E-005 ), #4671, 'distance_accuracy_value', 'NONE');
#4111 = LINE ( 'NONE', #2063, #1736 ) ;
#4112 =( LENGTH_UNIT ( ) NAMED_UNIT ( * ) SI_UNIT ( .MILLI., .METRE. ) );
#4113 = DIRECTION ( 'NONE',  ( 0.0000000000000000000, 0.0000000000000000000, -1.000000000000000000 ) ) ;
#4114 = PRESENTATION_STYLE_ASSIGNMENT (( #2378 ) ) ;
#4115 = EDGE_CURVE ( 'NONE', #836, #4544, #10742, .T. ) ;
#4116 = CARTESIAN_POINT ( 'NONE',  ( -0.7936914531521422900, 0.1515726837599340500, 0.1756568542494922900 ) ) ;
#4117 = PRESENTATION_LAYER_ASSIGNMENT (  '', '', ( #2934 ) ) ;
#4118 = SURFACE_SIDE_STYLE ('',( #6594 ) ) ;
#4119 = SURFACE_SIDE_STYLE ('',( #11558 ) ) ;
#4120 = FACE_OUTER_BOUND ( 'NONE', #6944, .T. ) ;
#4121 = VERTEX_POINT ( 'NONE', #839 ) ;
#4122 = SURFACE_STYLE_FILL_AREA ( #1624 ) ;
#4123 = PRODUCT_DEFINITION ( 'UNKNOWN', '', #297, #6750 ) ;
#4124 = SURFACE_SIDE_STYLE ('',( #10333 ) ) ;
#4125 = COLOUR_RGB ( '',0.0000000000000000000, 0.6470588235294118000, 0.9568627450980391500 ) ;
#4126 = DIRECTION ( 'NONE',  ( -0.0000000000000000000, 1.000000000000000000, 0.0000000000000000000 ) ) ;
#4127 = UNCERTAINTY_MEASURE_WITH_UNIT (LENGTH_MEASURE( 1.000000000000000100E-005 ), #159, 'distance_accuracy_value', 'NONE');
#4128 =( NAMED_UNIT ( * ) PLANE_ANGLE_UNIT ( ) SI_UNIT ( $, .RADIAN. ) );
#4129 = SURFACE_SIDE_STYLE ('',( #3642 ) ) ;
#4130 = ADVANCED_FACE ( 'NONE', ( #7902 ), #1729, .T. ) ;
#4131 = ADVANCED_FACE ( 'NONE', ( #204 ), #7853, .T. ) ;
#4132 = ORIENTED_EDGE ( 'NONE', *, *, #10280, .T. ) ;
#4133 = LINE ( 'NONE', #3373, #3865 ) ;
#4134 = PRESENTATION_STYLE_ASSIGNMENT (( #4332 ) ) ;
#4135 = CARTESIAN_POINT ( 'NONE',  ( -0.8000000000000000400, -0.1749999999999999600, 0.0000000000000000000 ) ) ;
#4136 = STYLED_ITEM ( 'NONE', ( #10316 ), #430 ) ;
#4137 = EDGE_CURVE ( 'NONE', #10252, #7081, #6222, .T. ) ;
#4138 = COLOUR_RGB ( '',0.8627450980392157300, 0.6274509803921568500, 0.05882352941176470500 ) ;
#4139 = MECHANICAL_DESIGN_GEOMETRIC_PRESENTATION_REPRESENTATION (  '', ( #2950 ), #4760 ) ;
#4140 = MECHANICAL_DESIGN_GEOMETRIC_PRESENTATION_REPRESENTATION (  '', ( #2951 ), #4761 ) ;
#4141 = SURFACE_STYLE_FILL_AREA ( #960 ) ;
#4142 = EDGE_LOOP ( 'NONE', ( #5041, #4093, #3493, #7456, #4876, #7685, #10597, #2765 ) ) ;
#4143 = CARTESIAN_POINT ( 'NONE',  ( 1.646673668681170000, 1.974774644385469700, 0.0000000000000000000 ) ) ;
#4144 = LINE ( 'NONE', #5496, #11003 ) ;
#4145 = PRODUCT_CONTEXT ( 'NONE', #8543, 'mechanical' ) ;
#4146 = ORIENTED_EDGE ( 'NONE', *, *, #5691, .F. ) ;
#4147 = CARTESIAN_POINT ( 'NONE',  ( 0.8056983668750092900, -0.1559519779327384900, 0.1601389114025247000 ) ) ;
#4148 = ORIENTED_EDGE ( 'NONE', *, *, #3908, .T. ) ;
#4149 = LINE ( 'NONE', #2171, #8607 ) ;
#4150 = LINE ( 'NONE', #9231, #2040 ) ;
#4151 = CARTESIAN_POINT ( 'NONE',  ( 0.7072172467139158400, 0.1444835484702852700, 0.1758578643762690500 ) ) ;
#4152 = ORIENTED_EDGE ( 'NONE', *, *, #1654, .T. ) ;
#4153 = COLOUR_RGB ( '',0.0000000000000000000, 0.7019607843137254400, 0.9803921568627450600 ) ;
#4154 = FACE_OUTER_BOUND ( 'NONE', #4081, .T. ) ;
#4155 = CARTESIAN_POINT ( 'NONE',  ( 0.4713449030042110000, 0.3213449030042109800, 0.4103189058533969800 ) ) ;
#4156 = PRESENTATION_STYLE_ASSIGNMENT (( #6637 ) ) ;
#4157 = VECTOR ( 'NONE', #5073, 1000.000000000000000 ) ;
#4158 = CARTESIAN_POINT ( 'NONE',  ( 1.574484039488309900, 1.993089013936030200, 0.0000000000000000000 ) ) ;
#4159 = CARTESIAN_POINT ( 'NONE',  ( 1.646673668681170000, 2.025958925018020100, 0.0000000000000000000 ) ) ;
#4160 = PRODUCT_DEFINITION_SHAPE ( 'NONE', 'NONE',  #11641 ) ;
#4161 =( GEOMETRIC_REPRESENTATION_CONTEXT ( 3 ) GLOBAL_UNCERTAINTY_ASSIGNED_CONTEXT ( ( #107 ) ) GLOBAL_UNIT_ASSIGNED_CONTEXT ( ( #9927, #4567, #10809 ) ) REPRESENTATION_CONTEXT ( 'NONE', 'WORKASPACE' ) );
#4162 = VERTEX_POINT ( 'NONE', #4540 ) ;
#4163 = CARTESIAN_POINT ( 'NONE',  ( 1.619853569015349900, 2.022359678402379800, 0.0000000000000000000 ) ) ;
#4164 = PLANE ( 'NONE',  #702 ) ;
#4165 = FACE_OUTER_BOUND ( 'NONE', #5079, .T. ) ;
#4166 = PRESENTATION_LAYER_ASSIGNMENT (  '', '', ( #4770 ) ) ;
#4167 = ORIENTED_EDGE ( 'NONE', *, *, #6056, .F. ) ;
#4168 = SURFACE_STYLE_USAGE ( .BOTH. , #9518 ) ;
#4169 = SURFACE_SIDE_STYLE ('',( #10707 ) ) ;
#4170 = VERTEX_POINT ( 'NONE', #1775 ) ;
#4171 = LINE ( 'NONE', #2780, #1791 ) ;
#4172 = VECTOR ( 'NONE', #500, 1000.000000000000000 ) ;
#4173 = CYLINDRICAL_SURFACE ( 'NONE', #6423, 0.02999999999999997100 ) ;
#4174 =( NAMED_UNIT ( * ) SI_UNIT ( $, .STERADIAN. ) SOLID_ANGLE_UNIT ( ) );
#4175 = ORIENTED_EDGE ( 'NONE', *, *, #6884, .T. ) ;
#4176 = VECTOR ( 'NONE', #1170, 1000.000000000000000 ) ;
#4177 = CARTESIAN_POINT ( 'NONE',  ( 0.4000000000000000200, -0.3499999999999999800, 0.1600000000000000000 ) ) ;
#4178 = FILL_AREA_STYLE ('',( #1447 ) ) ;
#4179 = FACE_OUTER_BOUND ( 'NONE', #7361, .T. ) ;
#4180 = FILL_AREA_STYLE ('',( #10870 ) ) ;
#4181 = ORIENTED_EDGE ( 'NONE', *, *, #3087, .T. ) ;
#4182 = EDGE_CURVE ( 'NONE', #1290, #125, #8578, .T. ) ;
#4183 = SURFACE_SIDE_STYLE ('',( #487 ) ) ;
#4184 = CARTESIAN_POINT ( 'NONE',  ( 0.7877028816975200100, 0.1504862962823546900, 0.1731728101931741500 ) ) ;
#4185 = LINE ( 'NONE', #9170, #11044 ) ;
#4186 = VECTOR ( 'NONE', #469, 1000.000000000000000 ) ;
#4187 = SURFACE_SIDE_STYLE ('',( #7171 ) ) ;
#4188 = B_SPLINE_CURVE_WITH_KNOTS ( 'NONE', 2,
 ( #9164, #4882, #7545, #2209 ),
 .UNSPECIFIED., .F., .F.,
 ( 3, 1, 3 ),
 ( 0.0000000000000000000, 8.649057145615921500E-006, 1.729811429123184300E-005 ),
 .UNSPECIFIED. ) ;
#4189 = EDGE_LOOP ( 'NONE', ( #565, #5570, #11621, #9135 ) ) ;
#4190 = FACE_OUTER_BOUND ( 'NONE', #4916, .T. ) ;
#4191 = APPLICATION_CONTEXT ( 'automotive_design' ) ;
#4192 = SURFACE_SIDE_STYLE ('',( #9990 ) ) ;
#4193 = CARTESIAN_POINT ( 'NONE',  ( 0.6500000000000000200, 0.08357113787613317000, 0.1758578643762690500 ) ) ;
#4194 = EDGE_CURVE ( 'NONE', #1162, #2496, #3851, .T. ) ;
#4195 = DIRECTION ( 'NONE',  ( 0.0000000000000000000, 0.0000000000000000000, -1.000000000000000000 ) ) ;
#4196 = MECHANICAL_DESIGN_GEOMETRIC_PRESENTATION_REPRESENTATION (  '', ( #2994 ), #4801 ) ;
#4197 = CARTESIAN_POINT ( 'NONE',  ( 1.598377070191459900, 2.020249467741389800, 0.0000000000000000000 ) ) ;
#4198 = FACE_OUTER_BOUND ( 'NONE', #6312, .T. ) ;
#4199 = CARTESIAN_POINT ( 'NONE',  ( 1.525298029054880100, 2.022050005444920200, 0.1000000000000000100 ) ) ;
#4200 = ADVANCED_FACE ( 'NONE', ( #10983 ), #5119, .T. ) ;
#4201 = AXIS2_PLACEMENT_3D ( 'NONE', #4040, #10301, #4931 ) ;
#4202 = ADVANCED_FACE ( 'NONE', ( #613 ), #3704, .F. ) ;
#4203 = SURFACE_SIDE_STYLE ('',( #4474 ) ) ;
#4204 = SURFACE_STYLE_USAGE ( .BOTH. , #11232 ) ;
#4205 = UNCERTAINTY_MEASURE_WITH_UNIT (LENGTH_MEASURE( 1.000000000000000100E-005 ), #3772, 'distance_accuracy_value', 'NONE');
#4206 =( GEOMETRIC_REPRESENTATION_CONTEXT ( 3 ) GLOBAL_UNCERTAINTY_ASSIGNED_CONTEXT ( ( #4626 ) ) GLOBAL_UNIT_ASSIGNED_CONTEXT ( ( #10373, #5015, #11257 ) ) REPRESENTATION_CONTEXT ( 'NONE', 'WORKASPACE' ) );
#4207 = ADVANCED_FACE ( 'NONE', ( #11410 ), #1043, .T. ) ;
#4208 = CARTESIAN_POINT ( 'NONE',  ( 0.4976823007299042700, -0.2980549931478380100, 0.6060934671702570300 ) ) ;
#4209 = VECTOR ( 'NONE', #3823, 1000.000000000000000 ) ;
#4210 =( NAMED_UNIT ( * ) SI_UNIT ( $, .STERADIAN. ) SOLID_ANGLE_UNIT ( ) );
#4211 = ORIENTED_EDGE ( 'NONE', *, *, #5096, .F. ) ;
#4212 = EDGE_LOOP ( 'NONE', ( #10612, #7576, #499, #4753 ) ) ;
#4213 =( NAMED_UNIT ( * ) SI_UNIT ( $, .STERADIAN. ) SOLID_ANGLE_UNIT ( ) );
#4214 = EDGE_CURVE ( 'NONE', #3113, #7482, #3438, .T. ) ;
#4215 = CARTESIAN_POINT ( 'NONE',  ( 1.470670801460050000, 2.014732339443119800, 0.0000000000000000000 ) ) ;
#4216 = EDGE_CURVE ( 'NONE', #10334, #9432, #10565, .T. ) ;
#4217 = CARTESIAN_POINT ( 'NONE',  ( 1.594871397641770100, 2.016233260354349800, 0.1000000000000000300 ) ) ;
#4218 = EDGE_CURVE ( 'NONE', #8647, #1707, #5796, .T. ) ;
#4219 = DIRECTION ( 'NONE',  ( 0.0000000000000000000, -1.000000000000000000, -0.0000000000000000000 ) ) ;
#4220 = STYLED_ITEM ( 'NONE', ( #11009 ), #5220 ) ;
#4221 = AXIS2_PLACEMENT_3D ( 'NONE', #8329, #11049, #3029 ) ;
#4222 = FILL_AREA_STYLE_COLOUR ( '', #4125 ) ;
#4223 =( LENGTH_UNIT ( ) NAMED_UNIT ( * ) SI_UNIT ( .MILLI., .METRE. ) );
#4224 = ORIENTED_EDGE ( 'NONE', *, *, #11181, .F. ) ;
#4225 = ORIENTED_EDGE ( 'NONE', *, *, #7769, .F. ) ;
#4226 = ORIENTED_EDGE ( 'NONE', *, *, #3382, .T. ) ;
#4227 = CARTESIAN_POINT ( 'NONE',  ( -0.8000000000000000400, -0.1749999999999999900, 0.1499999999999999900 ) ) ;
#4228 = CARTESIAN_POINT ( 'NONE',  ( 0.7808758610888695300, 0.1568991654936678400, 0.1868268514104745000 ) ) ;
#4229 = FILL_AREA_STYLE_COLOUR ( '', #2699 ) ;
#4230 = CARTESIAN_POINT ( 'NONE',  ( 0.7947090617410304000, -0.1442529692437626900, 0.01986108859747565800 ) ) ;
#4231 = CARTESIAN_POINT ( 'NONE',  ( 0.8000000000000000400, 0.0000000000000000000, 0.1700000000000000100 ) ) ;
#4232 = ORIENTED_EDGE ( 'NONE', *, *, #8614, .T. ) ;
#4233 =( GEOMETRIC_REPRESENTATION_CONTEXT ( 3 ) GLOBAL_UNCERTAINTY_ASSIGNED_CONTEXT ( ( #11537 ) ) GLOBAL_UNIT_ASSIGNED_CONTEXT ( ( #903, #831, #784 ) ) REPRESENTATION_CONTEXT ( 'NONE', 'WORKASPACE' ) );
#4234 = DIRECTION ( 'NONE',  ( 1.000000000000000000, 0.0000000000000000000, 0.0000000000000000000 ) ) ;
#4235 = EDGE_CURVE ( 'NONE', #3622, #7839, #10286, .T. ) ;
#4236 = DIRECTION ( 'NONE',  ( -0.0000000000000000000, -1.000000000000000000, -0.0000000000000000000 ) ) ;
#4237 = EDGE_LOOP ( 'NONE', ( #9638, #10260, #11158, #10358, #9102 ) ) ;
#4238 =( GEOMETRIC_REPRESENTATION_CONTEXT ( 3 ) GLOBAL_UNCERTAINTY_ASSIGNED_CONTEXT ( ( #1250 ) ) GLOBAL_UNIT_ASSIGNED_CONTEXT ( ( #709, #6950, #1590 ) ) REPRESENTATION_CONTEXT ( 'NONE', 'WORKASPACE' ) );
#4239 = CARTESIAN_POINT ( 'NONE',  ( 0.6500000000000000200, 0.0000000000000000000, 0.1758578643762690200 ) ) ;
#4240 = CARTESIAN_POINT ( 'NONE',  ( -0.7960104076400859000, -0.1540413993313950500, 0.1756568542494925100 ) ) ;
#4241 = STYLED_ITEM ( 'NONE', ( #1684 ), #9349 ) ;
#4242 =( NAMED_UNIT ( * ) SI_UNIT ( $, .STERADIAN. ) SOLID_ANGLE_UNIT ( ) );
#4243 = CARTESIAN_POINT ( 'NONE',  ( 0.7960104076400856800, 0.1540413993313947400, 0.1756568542494923400 ) ) ;
#4244 = ORIENTED_EDGE ( 'NONE', *, *, #998, .F. ) ;
#4246 = CARTESIAN_POINT ( 'NONE',  ( 0.5500000000000002700, 0.3503726924179341200, 0.1799999999999999900 ) ) ;
#4245 = UNCERTAINTY_MEASURE_WITH_UNIT (LENGTH_MEASURE( 1.000000000000000100E-005 ), #4415, 'distance_accuracy_value', 'NONE');
#4247 = DIRECTION ( 'NONE',  ( -1.000000000000000000, 0.0000000000000000000, 0.0000000000000000000 ) ) ;
#4248 = FILL_AREA_STYLE ('',( #3357 ) ) ;
#4249 =( NAMED_UNIT ( * ) PLANE_ANGLE_UNIT ( ) SI_UNIT ( $, .RADIAN. ) );
#4250 = CARTESIAN_POINT ( 'NONE',  ( 0.4480549931478379800, -0.2980549931478380100, 0.5999999999999999800 ) ) ;
#4251 = FACE_OUTER_BOUND ( 'NONE', #7125, .T. ) ;
#4252 = VECTOR ( 'NONE', #11235, 1000.000000000000000 ) ;
#4253 = FACE_OUTER_BOUND ( 'NONE', #5857, .T. ) ;
#4254 =( NAMED_UNIT ( * ) SI_UNIT ( $, .STERADIAN. ) SOLID_ANGLE_UNIT ( ) );
#4255 = AXIS2_PLACEMENT_3D ( 'NONE', #6967, #6042, #11503 ) ;
#4256 = ORIENTED_EDGE ( 'NONE', *, *, #9569, .F. ) ;
#4257 = DIRECTION ( 'NONE',  ( -0.0000000000000000000, -0.0000000000000000000, -1.000000000000000000 ) ) ;
#4258 = FILL_AREA_STYLE_COLOUR ( '', #9804 ) ;
#4259 =( NAMED_UNIT ( * ) SI_UNIT ( $, .STERADIAN. ) SOLID_ANGLE_UNIT ( ) );
#4260 = PLANE ( 'NONE',  #4756 ) ;
#4261 = VERTEX_POINT ( 'NONE', #10927 ) ;
#4262 = SURFACE_STYLE_FILL_AREA ( #10628 ) ;
#4263 = ADVANCED_FACE ( 'NONE', ( #758 ), #4946, .T. ) ;
#4264 = CARTESIAN_POINT ( 'NONE',  ( 1.617130716549560100, 2.000366784701750300, 0.1000000000000000100 ) ) ;
#4265 = ADVANCED_FACE ( 'NONE', ( #2285 ), #520, .T. ) ;
#4266 = DIRECTION ( 'NONE',  ( -0.0000000000000000000, -1.000000000000000000, -0.0000000000000000000 ) ) ;
#4267 = ORIENTED_EDGE ( 'NONE', *, *, #1799, .T. ) ;
#4268 = ADVANCED_FACE ( 'NONE', ( #3840 ), #7871, .T. ) ;
#4269 = COLOUR_RGB ( '',0.0000000000000000000, 0.3725490196078431500, 0.5490196078431373000 ) ;
#4270 = EDGE_CURVE ( 'NONE', #2496, #8019, #5105, .T. ) ;
#4271 = DIRECTION ( 'NONE',  ( 0.0000000000000000000, 0.0000000000000000000, 1.000000000000000000 ) ) ;
#4272 = STYLED_ITEM ( 'NONE', ( #4027 ), #1794 ) ;
#4273 = CARTESIAN_POINT ( 'NONE',  ( 0.7900000000000000400, 0.1596871942267131000, 0.1700000000000000100 ) ) ;
#4274 = VECTOR ( 'NONE', #1777, 1000.000000000000000 ) ;
#4275 = ORIENTED_EDGE ( 'NONE', *, *, #8673, .F. ) ;
#4276 = PRESENTATION_STYLE_ASSIGNMENT (( #10165 ) ) ;
#4277 = ORIENTED_EDGE ( 'NONE', *, *, #5348, .F. ) ;
#4278 = UNCERTAINTY_MEASURE_WITH_UNIT (LENGTH_MEASURE( 1.000000000000000100E-005 ), #2640, 'distance_accuracy_value', 'NONE');
#4279 = STYLED_ITEM ( 'NONE', ( #1874 ), #8455 ) ;
#4280 = VECTOR ( 'NONE', #9882, 1000.000000000000000 ) ;
#4281 = COLOUR_RGB ( '',1.000000000000000000, 0.9921568627450980700, 0.9411764705882352800 ) ;
#4282 = CARTESIAN_POINT ( 'NONE',  ( -0.7960104076400856800, -0.1540413993313950200, 0.1756568542494926500 ) ) ;
#4283 = CARTESIAN_POINT ( 'NONE',  ( -0.7993186015948873200, 0.1593066545647691400, 0.005161971817533237700 ) ) ;
#4284 = CARTESIAN_POINT ( 'NONE',  ( 0.7990804081733012800, 0.1621684676773499400, 0.1733748288059407400 ) ) ;
#4285 = CARTESIAN_POINT ( 'NONE',  ( 1.502323961374810100, 2.014051626326669900, 0.1000000000000000100 ) ) ;
#4286 = EDGE_LOOP ( 'NONE', ( #11524, #5824, #6031, #10412, #5727 ) ) ;
#4287 =( LENGTH_UNIT ( ) NAMED_UNIT ( * ) SI_UNIT ( .MILLI., .METRE. ) );
#4288 = DIRECTION ( 'NONE',  ( 0.0000000000000000000, 0.0000000000000000000, 1.000000000000000000 ) ) ;
#4289 = DIRECTION ( 'NONE',  ( 0.0000000000000000000, -1.000000000000000000, -0.0000000000000000000 ) ) ;
#4290 = EDGE_CURVE ( 'NONE', #10328, #1092, #10379, .T. ) ;
#4291 = CARTESIAN_POINT ( 'NONE',  ( -0.7903661165235168500, 0.1538407821866692200, 6.337596113260830800E-017 ) ) ;
#4292 = STYLED_ITEM ( 'NONE', ( #9363 ), #3094 ) ;
#4293 = EDGE_CURVE ( 'NONE', #810, #10763, #601, .T. ) ;
#4294 = SURFACE_SIDE_STYLE ('',( #1202 ) ) ;
#4295 = UNCERTAINTY_MEASURE_WITH_UNIT (LENGTH_MEASURE( 1.000000000000000100E-005 ), #4350, 'distance_accuracy_value', 'NONE');
#4296 =( LENGTH_UNIT ( ) NAMED_UNIT ( * ) SI_UNIT ( .MILLI., .METRE. ) );
#4297 = SURFACE_STYLE_FILL_AREA ( #9118 ) ;
#4298 =( NAMED_UNIT ( * ) PLANE_ANGLE_UNIT ( ) SI_UNIT ( $, .RADIAN. ) );
#4299 = VERTEX_POINT ( 'NONE', #3359 ) ;
#4300 = ORIENTED_EDGE ( 'NONE', *, *, #2080, .F. ) ;
#4301 = LINE ( 'NONE', #489, #8763 ) ;
#4302 = LINE ( 'NONE', #1389, #10869 ) ;
#4303 = FILL_AREA_STYLE ('',( #3365 ) ) ;
#4304 = FILL_AREA_STYLE_COLOUR ( '', #7874 ) ;
#4305 = SURFACE_STYLE_USAGE ( .BOTH. , #5751 ) ;
#4306 = VECTOR ( 'NONE', #9327, 1000.000000000000000 ) ;
#4307 = CARTESIAN_POINT ( 'NONE',  ( 1.487246165845520100, 1.980050006160170200, 0.0000000000000000000 ) ) ;
#4308 = CARTESIAN_POINT ( 'NONE',  ( -0.4745170327464609500, -0.3245170327464610400, 0.6331590247227177900 ) ) ;
#4309 = ORIENTED_EDGE ( 'NONE', *, *, #338, .F. ) ;
#4310 = CARTESIAN_POINT ( 'NONE',  ( 0.8000000000000000400, -0.3700000000000000000, 0.0000000000000000000 ) ) ;
#4311 = EDGE_CURVE ( 'NONE', #5950, #1941, #2992, .T. ) ;
#4312 = ORIENTED_EDGE ( 'NONE', *, *, #11034, .F. ) ;
#4313 = CARTESIAN_POINT ( 'NONE',  ( 0.7922123193543249000, 0.1689677469128601500, 0.1868268514104749200 ) ) ;
#4314 = MECHANICAL_DESIGN_GEOMETRIC_PRESENTATION_REPRESENTATION (  '', ( #2511 ), #4901 ) ;
#4315 = FACE_OUTER_BOUND ( 'NONE', #4721, .T. ) ;
#4316 =( GEOMETRIC_REPRESENTATION_CONTEXT ( 3 ) GLOBAL_UNCERTAINTY_ASSIGNED_CONTEXT ( ( #460 ) ) GLOBAL_UNIT_ASSIGNED_CONTEXT ( ( #6277, #917, #7147 ) ) REPRESENTATION_CONTEXT ( 'NONE', 'WORKASPACE' ) );
#4317 = ORIENTED_EDGE ( 'NONE', *, *, #11420, .T. ) ;
#4318 = SURFACE_STYLE_FILL_AREA ( #7697 ) ;
#4319 = COLOUR_RGB ( '',0.8627450980392157300, 0.6274509803921568500, 0.05882352941176470500 ) ;
#4320 = STYLED_ITEM ( 'NONE', ( #3112 ), #8713 ) ;
#4321 = DIRECTION ( 'NONE',  ( 0.0000000000000000000, -0.0000000000000000000, 1.000000000000000000 ) ) ;
#4322 = CARTESIAN_POINT ( 'NONE',  ( 0.4000000000000000800, 0.1850000000000000000, 0.02000000000000000000 ) ) ;
#4323 = VERTEX_POINT ( 'NONE', #684 ) ;
#4324 = B_SPLINE_SURFACE_WITH_KNOTS ( 'NONE', 2, 1, ( 
 ( #10232, #9228 ),
 ( #9193, #9157 ),
 ( #9123, #9088 ),
 ( #9038, #8997 ) ),
 .UNSPECIFIED., .F., .F., .F.,
 ( 3, 1, 3 ),
 ( 2, 2 ),
 ( 0.0000000000000000000, 1.000000000000000000, 2.000000000000000000 ),
 ( 0.0000000000000000000, 0.01000000000000000000 ),
 .UNSPECIFIED. ) ;
#4325 = CARTESIAN_POINT ( 'NONE',  ( 1.487246165845520100, 2.001050005802550200, 0.1000000000000000100 ) ) ;
#4326 = COLOUR_RGB ( '',0.0000000000000000000, 0.7019607843137254400, 0.9803921568627450600 ) ;
#4327 = CARTESIAN_POINT ( 'NONE',  ( 0.6400000000000002400, 0.08914254706787534700, 0.1800000000000000200 ) ) ;
#4328 = SURFACE_STYLE_USAGE ( .BOTH. , #9676 ) ;
#4329 = VERTEX_POINT ( 'NONE', #11409 ) ;
#4330 = ORIENTED_EDGE ( 'NONE', *, *, #15, .F. ) ;
#4331 = CARTESIAN_POINT ( 'NONE',  ( -0.7960104076400855700, -0.1540413993313948200, 0.1756568542494925100 ) ) ;
#4332 = SURFACE_STYLE_USAGE ( .BOTH. , #9678 ) ;
#4333 = VERTEX_POINT ( 'NONE', #4208 ) ;
#4334 = ORIENTED_EDGE ( 'NONE', *, *, #1571, .F. ) ;
#4335 = CARTESIAN_POINT ( 'NONE',  ( 0.7700000000000000200, 0.4000000000000000200, 0.1700000000000000100 ) ) ;
#4336 = ADVANCED_FACE ( 'NONE', ( #7161 ), #6924, .T. ) ;
#4337 = STYLED_ITEM ( 'NONE', ( #4711 ), #6991 ) ;
#4338 =( LENGTH_UNIT ( ) NAMED_UNIT ( * ) SI_UNIT ( .MILLI., .METRE. ) );
#4339 = AXIS2_PLACEMENT_3D ( 'NONE', #3532, #9792, #4429 ) ;
#4340 =( LENGTH_UNIT ( ) NAMED_UNIT ( * ) SI_UNIT ( .MILLI., .METRE. ) );
#4341 = CIRCLE ( 'NONE', #79, 0.009999999999999998500 ) ;
#4342 = DIRECTION ( 'NONE',  ( 0.0000000000000000000, 1.000000000000000000, 0.0000000000000000000 ) ) ;
#4343 = SURFACE_STYLE_USAGE ( .BOTH. , #9690 ) ;
#4344 = DIRECTION ( 'NONE',  ( 0.4123105625617679000, -0.3872983346207468600, -0.8246211251235288100 ) ) ;
#4345 =( NAMED_UNIT ( * ) PLANE_ANGLE_UNIT ( ) SI_UNIT ( $, .RADIAN. ) );
#4346 = EDGE_LOOP ( 'NONE', ( #4020, #10632, #10124, #6242 ) ) ;
#4347 = CARTESIAN_POINT ( 'NONE',  ( -0.7875735931288075900, -0.4000000000000000200, 0.1700000000000000100 ) ) ;
#4348 = DIRECTION ( 'NONE',  ( 1.000000000000000000, -0.0000000000000000000, 0.0000000000000000000 ) ) ;
#4349 = COLOUR_RGB ( '',1.000000000000000000, 0.9921568627450980700, 0.9411764705882352800 ) ;
#4350 =( LENGTH_UNIT ( ) NAMED_UNIT ( * ) SI_UNIT ( .MILLI., .METRE. ) );
#4351 = CARTESIAN_POINT ( 'NONE',  ( -0.4063967376778775400, -0.3817457901632267900, 0.6118227751711620100 ) ) ;
#4352 =( BOUNDED_SURFACE ( )  B_SPLINE_SURFACE ( 3, 3, ( 
 ( #901, #4525, #10770, #5427 ),
 ( #35, #6295, #944, #7168 ),
 ( #1848, #8095, #2746, #8992 ),
 ( #3663, #9919, #4560, #10803 ) ),
 .UNSPECIFIED., .F., .F., .F. ) 
 B_SPLINE_SURFACE_WITH_KNOTS ( ( 4, 4 ),
 ( 4, 4 ),
 ( 0.0000000000000000000, 1.000000000000000000 ),
 ( 0.0000000000000000000, 1.000000000000000000 ),
 .UNSPECIFIED. ) 
 GEOMETRIC_REPRESENTATION_ITEM ( )  RATIONAL_B_SPLINE_SURFACE ( (
 ( 1.000000000000000000, 0.3333333333333329300, 0.3333333333333329300, 1.000000000000000000),
 ( 0.9299384305661938500, 0.3099794768553975600, 0.3099794768553975600, 0.9299384305661938500),
 ( 0.9299384305661938500, 0.3099794768553975600, 0.3099794768553975600, 0.9299384305661938500),
 ( 1.000000000000000000, 0.3333333333333329300, 0.3333333333333329300, 1.000000000000000000) ) ) 
 REPRESENTATION_ITEM ( '' )  SURFACE ( )  );
#4353 = STYLED_ITEM ( 'NONE', ( #7772 ), #11177 ) ;
#4354 = B_SPLINE_SURFACE_WITH_KNOTS ( 'NONE', 2, 1, ( 
 ( #5027, #9512 ),
 ( #4158, #10419 ),
 ( #5069, #11321 ),
 ( #5938, #581 ) ),
 .UNSPECIFIED., .F., .F., .F.,
 ( 3, 1, 3 ),
 ( 2, 2 ),
 ( 0.0000000000000000000, 1.000000000000000000, 2.000000000000000000 ),
 ( 0.0000000000000000000, 0.01000000000000000000 ),
 .UNSPECIFIED. ) ;
#4355 = CARTESIAN_POINT ( 'NONE',  ( -0.1991441109234209900, -0.1499999999999999900, 0.0000000000000000000 ) ) ;
#4356 = MECHANICAL_DESIGN_GEOMETRIC_PRESENTATION_REPRESENTATION (  '', ( #2545 ), #4932 ) ;
#4357 = ORIENTED_EDGE ( 'NONE', *, *, #1405, .T. ) ;
#4358 = DIRECTION ( 'NONE',  ( 0.0000000000000000000, 0.0000000000000000000, 1.000000000000000000 ) ) ;
#4359 =( NAMED_UNIT ( * ) PLANE_ANGLE_UNIT ( ) SI_UNIT ( $, .RADIAN. ) );
#4360 =( NAMED_UNIT ( * ) SI_UNIT ( $, .STERADIAN. ) SOLID_ANGLE_UNIT ( ) );
#4361 = FILL_AREA_STYLE_COLOUR ( '', #8562 ) ;
#4362 = EDGE_LOOP ( 'NONE', ( #5739, #8124, #7800, #7894 ) ) ;
#4363 = PRESENTATION_STYLE_ASSIGNMENT (( #9633 ) ) ;
#4364 = CARTESIAN_POINT ( 'NONE',  ( 1.577921641042250100, 2.014054978381730100, 0.0000000000000000000 ) ) ;
#4365 = FILL_AREA_STYLE_COLOUR ( '', #8626 ) ;
#4366 = CARTESIAN_POINT ( 'NONE',  ( 0.7903661165235168500, 0.1538407821866692200, 0.1800000000000000200 ) ) ;
#4367 = UNCERTAINTY_MEASURE_WITH_UNIT (LENGTH_MEASURE( 1.000000000000000100E-005 ), #180, 'distance_accuracy_value', 'NONE');
#4368 = CARTESIAN_POINT ( 'NONE',  ( -0.7983293621280293000, -0.1565101149028557100, 0.1756568542494924000 ) ) ;
#4369 = EDGE_CURVE ( 'NONE', #2865, #3691, #8719, .T. ) ;
#4370 = CARTESIAN_POINT ( 'NONE',  ( 0.4000000000000000200, -0.1749999999999999900, 0.03000000000000000200 ) ) ;
#4371 = FACE_OUTER_BOUND ( 'NONE', #1151, .T. ) ;
#4372 = MECHANICAL_DESIGN_GEOMETRIC_PRESENTATION_REPRESENTATION (  '', ( #2559 ), #4944 ) ;
#4373 = ORIENTED_EDGE ( 'NONE', *, *, #3633, .T. ) ;
#4374 = FILL_AREA_STYLE_COLOUR ( '', #5282 ) ;
#4375 = LINE ( 'NONE', #7284, #8831 ) ;
#4376 = ORIENTED_EDGE ( 'NONE', *, *, #3833, .T. ) ;
#4377 = ORIENTED_EDGE ( 'NONE', *, *, #6861, .T. ) ;
#4378 = ORIENTED_EDGE ( 'NONE', *, *, #3912, .T. ) ;
#4379 = DIRECTION ( 'NONE',  ( 0.0000000000000000000, 0.0000000000000000000, -1.000000000000000000 ) ) ;
#4380 =( GEOMETRIC_REPRESENTATION_CONTEXT ( 3 ) GLOBAL_UNCERTAINTY_ASSIGNED_CONTEXT ( ( #6175 ) ) GLOBAL_UNIT_ASSIGNED_CONTEXT ( ( #738, #9871, #4521 ) ) REPRESENTATION_CONTEXT ( 'NONE', 'WORKASPACE' ) );
#4381 = VECTOR ( 'NONE', #9074, 1000.000000000000000 ) ;
#4382 = SURFACE_STYLE_USAGE ( .BOTH. , #9724 ) ;
#4383 = DIRECTION ( 'NONE',  ( 1.000000000000000000, 0.0000000000000000000, 0.0000000000000000000 ) ) ;
#4384 = PRESENTATION_STYLE_ASSIGNMENT (( #9182 ) ) ;
#4385 = ORIENTED_EDGE ( 'NONE', *, *, #8162, .F. ) ;
#4386 = CARTESIAN_POINT ( 'NONE',  ( -0.7900000000000003700, -0.3817157287525377900, 0.1800000000000000200 ) ) ;
#4387 = ORIENTED_EDGE ( 'NONE', *, *, #11222, .T. ) ;
#4388 = CARTESIAN_POINT ( 'NONE',  ( 1.461310996108919900, 1.980050006160170200, 0.0000000000000000000 ) ) ;
#4389 = AXIS2_PLACEMENT_3D ( 'NONE', #5162, #1601, #1565 ) ;
#4390 = EDGE_CURVE ( 'NONE', #1468, #1266, #8281, .T. ) ;
#4391 = PRESENTATION_STYLE_ASSIGNMENT (( #665 ) ) ;
#4392 = STYLED_ITEM ( 'NONE', ( #477 ), #5780 ) ;
#4393 = PRESENTATION_LAYER_ASSIGNMENT (  '', '', ( #3786 ) ) ;
#4394 = CARTESIAN_POINT ( 'NONE',  ( -0.4000000000000000200, 0.3499999999999999800, 0.02000000000000000000 ) ) ;
#4395 = DIRECTION ( 'NONE',  ( 0.0000000000000000000, 0.0000000000000000000, -1.000000000000000000 ) ) ;
#4396 = ADVANCED_FACE ( 'NONE', ( #1871 ), #8781, .T. ) ;
#4397 = SURFACE_SIDE_STYLE ('',( #3009 ) ) ;
#4398 = ORIENTED_EDGE ( 'NONE', *, *, #1062, .F. ) ;
#4399 = CARTESIAN_POINT ( 'NONE',  ( -0.4000000000000000200, -0.3499999999999999800, 0.1799999999999999900 ) ) ;
#4400 = COLOUR_RGB ( '',1.000000000000000000, 0.9921568627450980700, 0.9411764705882352800 ) ;
#4401 = PRESENTATION_STYLE_ASSIGNMENT (( #3358 ) ) ;
#4402 = EDGE_LOOP ( 'NONE', ( #7775, #2804, #11557, #113, #9425 ) ) ;
#4403 =( NAMED_UNIT ( * ) SI_UNIT ( $, .STERADIAN. ) SOLID_ANGLE_UNIT ( ) );
#4404 = DIRECTION ( 'NONE',  ( -1.000000000000000000, -0.0000000000000000000, -0.0000000000000000000 ) ) ;
#4405 = MECHANICAL_DESIGN_GEOMETRIC_PRESENTATION_REPRESENTATION (  '', ( #1360 ), #4979 ) ;
#4406 = CARTESIAN_POINT ( 'NONE',  ( 1.487246165845520100, 2.022050005444920200, 0.0000000000000000000 ) ) ;
#4407 =( NAMED_UNIT ( * ) SI_UNIT ( $, .STERADIAN. ) SOLID_ANGLE_UNIT ( ) );
#4408 =( NAMED_UNIT ( * ) PLANE_ANGLE_UNIT ( ) SI_UNIT ( $, .RADIAN. ) );
#4409 = AXIS2_PLACEMENT_3D ( 'NONE', #7855, #2522, #747 ) ;
#4410 = EDGE_LOOP ( 'NONE', ( #576, #6502, #959, #6181 ) ) ;
#4411 = VECTOR ( 'NONE', #4767, 1000.000000000000000 ) ;
#4412 = CARTESIAN_POINT ( 'NONE',  ( 1.619853569015349900, 2.022359678402379800, 0.0000000000000000000 ) ) ;
#4413 = SURFACE_SIDE_STYLE ('',( #10987 ) ) ;
#4414 = DIRECTION ( 'NONE',  ( -0.0000000000000000000, -0.0000000000000000000, 1.000000000000000000 ) ) ;
#4415 =( LENGTH_UNIT ( ) NAMED_UNIT ( * ) SI_UNIT ( .MILLI., .METRE. ) );
#4416 = FILL_AREA_STYLE ('',( #10667 ) ) ;
#4417 = ORIENTED_EDGE ( 'NONE', *, *, #5982, .T. ) ;
#4418 =( LENGTH_UNIT ( ) NAMED_UNIT ( * ) SI_UNIT ( .MILLI., .METRE. ) );
#4419 = CARTESIAN_POINT ( 'NONE',  ( 1.443850704672070100, 1.988048385278420300, 0.0000000000000000000 ) ) ;
#4420 = ORIENTED_EDGE ( 'NONE', *, *, #3031, .T. ) ;
#4421 = COLOUR_RGB ( '',0.8627450980392157300, 0.6274509803921568500, 0.05882352941176470500 ) ;
#4422 = DIRECTION ( 'NONE',  ( -1.000000000000000000, 0.0000000000000000000, 0.0000000000000000000 ) ) ;
#4423 = VECTOR ( 'NONE', #10922, 1000.000000000000000 ) ;
#4424 = STYLED_ITEM ( 'NONE', ( #10613 ), #10540 ) ;
#4425 = DIRECTION ( 'NONE',  ( -0.0000000000000000000, 0.0000000000000000000, 1.000000000000000000 ) ) ;
#4426 = MECHANICAL_DESIGN_GEOMETRIC_PRESENTATION_REPRESENTATION (  '', ( #2613 ), #5008 ) ;
#4427 = COLOUR_RGB ( '',0.8627450980392157300, 0.6274509803921568500, 0.05882352941176470500 ) ;
#4428 = DIRECTION ( 'NONE',  ( 0.0000000000000000000, 0.0000000000000000000, -1.000000000000000000 ) ) ;
#4429 = DIRECTION ( 'NONE',  ( 0.0000000000000000000, 0.0000000000000000000, -1.000000000000000000 ) ) ;
#4430 = LINE ( 'NONE', #10982, #8893 ) ;
#4431 = FILL_AREA_STYLE ('',( #3535 ) ) ;
#4432 = ORIENTED_EDGE ( 'NONE', *, *, #5113, .F. ) ;
#4433 = COLOUR_RGB ( '',1.000000000000000000, 0.9921568627450980700, 0.9411764705882352800 ) ;
#4434 = FILL_AREA_STYLE_COLOUR ( '', #5134 ) ;
#4435 = B_SPLINE_CURVE_WITH_KNOTS ( 'NONE', 2,
 ( #10788, #11338, #11382, #10713 ),
 .UNSPECIFIED., .F., .F.,
 ( 3, 1, 3 ),
 ( 0.0000000000000000000, 6.689663846698859800E-006, 1.337932769339772000E-005 ),
 .UNSPECIFIED. ) ;
#4436 = CARTESIAN_POINT ( 'NONE',  ( 0.7990393399629754900, 0.1625548777015472200, 0.1731728101931746500 ) ) ;
#4437 = EDGE_CURVE ( 'NONE', #331, #11209, #7873, .T. ) ;
#4438 =( LENGTH_UNIT ( ) NAMED_UNIT ( * ) SI_UNIT ( .MILLI., .METRE. ) );
#4439 = FILL_AREA_STYLE_COLOUR ( '', #5743 ) ;
#4440 = AXIS2_PLACEMENT_3D ( 'NONE', #2547, #2672, #3286 ) ;
#4441 = CARTESIAN_POINT ( 'NONE',  ( 1.600759566099030100, 2.017560650931430100, 0.0000000000000000000 ) ) ;
#4442 = DIRECTION ( 'NONE',  ( 0.0000000000000000000, -1.000000000000000000, 0.0000000000000000000 ) ) ;
#4444 =( NAMED_UNIT ( * ) SI_UNIT ( $, .STERADIAN. ) SOLID_ANGLE_UNIT ( ) );
#4443 =( GEOMETRIC_REPRESENTATION_CONTEXT ( 3 ) GLOBAL_UNCERTAINTY_ASSIGNED_CONTEXT ( ( #10228 ) ) GLOBAL_UNIT_ASSIGNED_CONTEXT ( ( #2913, #9153, #3813 ) ) REPRESENTATION_CONTEXT ( 'NONE', 'WORKASPACE' ) );
#4445 =( NAMED_UNIT ( * ) PLANE_ANGLE_UNIT ( ) SI_UNIT ( $, .RADIAN. ) );
#4446 = ORIENTED_EDGE ( 'NONE', *, *, #6899, .T. ) ;
#4447 = CARTESIAN_POINT ( 'NONE',  ( 0.7046551217295550200, 0.1484733514913641200, 0.1799999999999999700 ) ) ;
#4448 = MECHANICAL_DESIGN_GEOMETRIC_PRESENTATION_REPRESENTATION (  '', ( #2637 ), #5034 ) ;
#4449 = CARTESIAN_POINT ( 'NONE',  ( -0.7955363292937878100, -0.1591337124127563100, 0.1812429199179749800 ) ) ;
#4450 = DIRECTION ( 'NONE',  ( 0.0000000000000000000, 0.0000000000000000000, 1.000000000000000000 ) ) ;
#4451 = FACE_OUTER_BOUND ( 'NONE', #5306, .T. ) ;
#4452 = UNCERTAINTY_MEASURE_WITH_UNIT (LENGTH_MEASURE( 1.000000000000000100E-005 ), #8747, 'distance_accuracy_value', 'NONE');
#4453 = DIRECTION ( 'NONE',  ( -1.000000000000000000, -0.0000000000000000000, 0.0000000000000000000 ) ) ;
#4454 = ORIENTED_EDGE ( 'NONE', *, *, #2001, .F. ) ;
#4455 = ADVANCED_FACE ( 'NONE', ( #5538 ), #7958, .F. ) ;
#4456 = ORIENTED_EDGE ( 'NONE', *, *, #5530, .F. ) ;
#4457 = B_SPLINE_SURFACE_WITH_KNOTS ( 'NONE', 2, 1, ( 
 ( #8104, #7219 ),
 ( #1882, #8140 ),
 ( #2801, #9041 ),
 ( #3702, #9971 ) ),
 .UNSPECIFIED., .F., .F., .F.,
 ( 3, 1, 3 ),
 ( 2, 2 ),
 ( 0.0000000000000000000, 1.000000000000000000, 2.000000000000000000 ),
 ( 0.0000000000000000000, 0.01000000000000000000 ),
 .UNSPECIFIED. ) ;
#4458 =( NAMED_UNIT ( * ) PLANE_ANGLE_UNIT ( ) SI_UNIT ( $, .RADIAN. ) );
#4459 = CARTESIAN_POINT ( 'NONE',  ( 1.489900946999670000, 2.022050005444920200, 0.0000000000000000000 ) ) ;
#4460 = ORIENTED_EDGE ( 'NONE', *, *, #10284, .T. ) ;
#4461 = EDGE_CURVE ( 'NONE', #3897, #7425, #2444, .T. ) ;
#4462 = VECTOR ( 'NONE', #8290, 1000.000000000000000 ) ;
#4463 = EDGE_CURVE ( 'NONE', #4047, #1627, #64, .T. ) ;
#4464 = CARTESIAN_POINT ( 'NONE',  ( 0.7900000000000001500, 0.3700000000000000000, 0.1800000000000000200 ) ) ;
#4465 =( GEOMETRIC_REPRESENTATION_CONTEXT ( 3 ) GLOBAL_UNCERTAINTY_ASSIGNED_CONTEXT ( ( #3129 ) ) GLOBAL_UNIT_ASSIGNED_CONTEXT ( ( #10873, #5540, #147 ) ) REPRESENTATION_CONTEXT ( 'NONE', 'WORKASPACE' ) );
#4466 = EDGE_CURVE ( 'NONE', #3118, #4850, #9289, .T. ) ;
#4467 = DIRECTION ( 'NONE',  ( -1.000000000000000000, -0.0000000000000000000, 0.0000000000000000000 ) ) ;
#4468 = ORIENTED_EDGE ( 'NONE', *, *, #8611, .F. ) ;
#4469 = LINE ( 'NONE', #9421, #8617 ) ;
#4470 = PRESENTATION_LAYER_ASSIGNMENT (  '', '', ( #3839 ) ) ;
#4471 = AXIS2_PLACEMENT_3D ( 'NONE', #4627, #10858, #5528 ) ;
#4472 = DIRECTION ( 'NONE',  ( 0.0000000000000000000, 0.0000000000000000000, -1.000000000000000000 ) ) ;
#4473 = VECTOR ( 'NONE', #5989, 1000.000000000000000 ) ;
#4474 = SURFACE_STYLE_FILL_AREA ( #6839 ) ;
#4475 = DIRECTION ( 'NONE',  ( 1.000000000000000000, -0.0000000000000000000, 0.0000000000000000000 ) ) ;
#4476 = PRESENTATION_STYLE_ASSIGNMENT (( #7739 ) ) ;
#4477 = EDGE_LOOP ( 'NONE', ( #4668, #7927, #9323, #3402 ) ) ;
#4478 = CARTESIAN_POINT ( 'NONE',  ( 0.7700000000000000200, -0.3899999999999999000, 0.1800000000000000200 ) ) ;
#4479 = CARTESIAN_POINT ( 'NONE',  ( 0.7960104076400856800, -0.1540413993313948800, 0.004343145750507609700 ) ) ;
#4480 = DIRECTION ( 'NONE',  ( 1.000000000000000000, -0.0000000000000000000, -0.0000000000000000000 ) ) ;
#4481 = ORIENTED_EDGE ( 'NONE', *, *, #7864, .T. ) ;
#4482 = CIRCLE ( 'NONE', #8493, 0.01000000000000000200 ) ;
#4483 = ORIENTED_EDGE ( 'NONE', *, *, #9079, .T. ) ;
#4484 = FILL_AREA_STYLE ('',( #9797 ) ) ;
#4485 = EDGE_CURVE ( 'NONE', #4121, #3470, #6907, .T. ) ;
#4486 = CARTESIAN_POINT ( 'NONE',  ( 0.7906889315499396900, 0.1502877917503759000, 0.1747590663892457100 ) ) ;
#4487 = SURFACE_SIDE_STYLE ('',( #3554 ) ) ;
#4488 =( GEOMETRIC_REPRESENTATION_CONTEXT ( 3 ) GLOBAL_UNCERTAINTY_ASSIGNED_CONTEXT ( ( #2241 ) ) GLOBAL_UNIT_ASSIGNED_CONTEXT ( ( #189, #6442, #1099 ) ) REPRESENTATION_CONTEXT ( 'NONE', 'WORKASPACE' ) );
#4489 = DIRECTION ( 'NONE',  ( 0.0000000000000000000, 0.0000000000000000000, -1.000000000000000000 ) ) ;
#4490 = CARTESIAN_POINT ( 'NONE',  ( -0.1270000000000000000, 0.07619999999999999000, 0.0000000000000000000 ) ) ;
#4491 = ORIENTED_EDGE ( 'NONE', *, *, #9280, .T. ) ;
#4492 = COLOUR_RGB ( '',1.000000000000000000, 0.9921568627450980700, 0.9411764705882352800 ) ;
#4493 =( NAMED_UNIT ( * ) SI_UNIT ( $, .STERADIAN. ) SOLID_ANGLE_UNIT ( ) );
#4494 = CARTESIAN_POINT ( 'NONE',  ( 0.4000000000000000200, -0.1850000000000000000, 0.02000000000000000000 ) ) ;
#4495 = CARTESIAN_POINT ( 'NONE',  ( 0.6458578643762691300, 0.08587889112488292200, 0.1799999999999999700 ) ) ;
#4496 = CARTESIAN_POINT ( 'NONE',  ( -0.7908984203179009200, -0.1541962812698344800, 0.1812429199179750600 ) ) ;
#4497 = CARTESIAN_POINT ( 'NONE',  ( 1.475946328112510300, 1.987367672161970000, 0.1000000000000000100 ) ) ;
#4498 = SURFACE_SIDE_STYLE ('',( #10163 ) ) ;
#4499 = ORIENTED_EDGE ( 'NONE', *, *, #6584, .F. ) ;
#4500 = B_SPLINE_SURFACE_WITH_KNOTS ( 'NONE', 2, 1, ( 
 ( #1680, #7973 ),
 ( #2630, #8883 ),
 ( #3542, #9802 ),
 ( #4441, #10694 ) ),
 .UNSPECIFIED., .F., .F., .F.,
 ( 3, 1, 3 ),
 ( 2, 2 ),
 ( 0.0000000000000000000, 1.000000000000000000, 2.000000000000000000 ),
 ( 0.0000000000000000000, 0.01000000000000000000 ),
 .UNSPECIFIED. ) ;
#4501 =( GEOMETRIC_REPRESENTATION_CONTEXT ( 3 ) GLOBAL_UNCERTAINTY_ASSIGNED_CONTEXT ( ( #5604 ) ) GLOBAL_UNIT_ASSIGNED_CONTEXT ( ( #3313, #9560, #4210 ) ) REPRESENTATION_CONTEXT ( 'NONE', 'WORKASPACE' ) );
#4502 =( NAMED_UNIT ( * ) SI_UNIT ( $, .STERADIAN. ) SOLID_ANGLE_UNIT ( ) );
#4503 =( NAMED_UNIT ( * ) PLANE_ANGLE_UNIT ( ) SI_UNIT ( $, .RADIAN. ) );
#4504 = DIRECTION ( 'NONE',  ( 1.000000000000000000, 0.0000000000000000000, -0.0000000000000000000 ) ) ;
#4505 = CIRCLE ( 'NONE', #4678, 0.01000000000000000400 ) ;
#4506 = DIRECTION ( 'NONE',  ( -1.000000000000000000, 0.0000000000000000000, 0.0000000000000000000 ) ) ;
#4507 = CARTESIAN_POINT ( 'NONE',  ( -0.8000000000000000400, -0.1749999999999999600, 0.03000000000000000200 ) ) ;
#4508 = UNCERTAINTY_MEASURE_WITH_UNIT (LENGTH_MEASURE( 1.000000000000000100E-005 ), #725, 'distance_accuracy_value', 'NONE');
#4509 = DIRECTION ( 'NONE',  ( 0.0000000000000000000, 1.000000000000000000, 0.0000000000000000000 ) ) ;
#4510 = DIRECTION ( 'NONE',  ( -0.9980449639169570700, 0.06250000000000162400, -0.0000000000000000000 ) ) ;
#4511 = CARTESIAN_POINT ( 'NONE',  ( 0.7817157287525381400, -0.3899999999999999000, 0.1800000000000000200 ) ) ;
#4512 = DIRECTION ( 'NONE',  ( -1.000000000000000000, -0.0000000000000000000, -0.0000000000000000000 ) ) ;
#4513 = CARTESIAN_POINT ( 'NONE',  ( 0.07619999999999999000, -0.07619999999999999000, 0.0000000000000000000 ) ) ;
#4514 = EDGE_CURVE ( 'NONE', #6422, #1037, #9022, .T. ) ;
#4515 = ADVANCED_FACE ( 'NONE', ( #11112 ), #183, .F. ) ;
#4516 = MECHANICAL_DESIGN_GEOMETRIC_PRESENTATION_REPRESENTATION (  '', ( #2700 ), #5098 ) ;
#4517 = CARTESIAN_POINT ( 'NONE',  ( 0.7906249999999999100, 0.1497067445875434600, 0.009999999999999998500 ) ) ;
#4518 = EDGE_LOOP ( 'NONE', ( #6034, #3021, #2192, #5631 ) ) ;
#4519 = SURFACE_STYLE_USAGE ( .BOTH. , #4487 ) ;
#4520 =( BOUNDED_SURFACE ( )  B_SPLINE_SURFACE ( 3, 3, ( 
 ( #1278, #7571, #2234, #8482 ),
 ( #3145, #9387, #4050, #10311 ),
 ( #4938, #11193, #5841, #470 ),
 ( #6709, #1359, #7606, #2271 ) ),
 .UNSPECIFIED., .F., .F., .F. ) 
 B_SPLINE_SURFACE_WITH_KNOTS ( ( 4, 4 ),
 ( 4, 4 ),
 ( 0.0000000000000000000, 1.000000000000000000 ),
 ( 0.0000000000000000000, 1.000000000000000000 ),
 .UNSPECIFIED. ) 
 GEOMETRIC_REPRESENTATION_ITEM ( )  RATIONAL_B_SPLINE_SURFACE ( (
 ( 1.000000000000000000, 0.3333333333333332000, 0.3333333333333332000, 1.000000000000000000),
 ( 0.9222832275901190500, 0.3074277425300395700, 0.3074277425300395700, 0.9222832275901190500),
 ( 0.9222832275901190500, 0.3074277425300395700, 0.3074277425300395700, 0.9222832275901190500),
 ( 1.000000000000000000, 0.3333333333333332000, 0.3333333333333332000, 1.000000000000000000) ) ) 
 REPRESENTATION_ITEM ( '' )  SURFACE ( )  );
#4521 =( NAMED_UNIT ( * ) SI_UNIT ( $, .STERADIAN. ) SOLID_ANGLE_UNIT ( ) );
#4522 = CARTESIAN_POINT ( 'NONE',  ( 0.6400000000000001200, 0.0000000000000000000, 0.1800000000000000200 ) ) ;
#4523 =( NAMED_UNIT ( * ) SI_UNIT ( $, .STERADIAN. ) SOLID_ANGLE_UNIT ( ) );
#4524 = VERTEX_POINT ( 'NONE', #9818 ) ;
#4525 = CARTESIAN_POINT ( 'NONE',  ( -0.4745170327464608400, -0.3245170327464609900, 0.6331590247227179000 ) ) ;
#4526 = ORIENTED_EDGE ( 'NONE', *, *, #5288, .T. ) ;
#4527 = CARTESIAN_POINT ( 'NONE',  ( 0.6458578643762691300, 0.0000000000000000000, 0.1800000000000000200 ) ) ;
#4528 = VECTOR ( 'NONE', #5320, 1000.000000000000000 ) ;
#4529 = CARTESIAN_POINT ( 'NONE',  ( -0.7936914531521420700, -0.1515726837599339600, 0.1756568542494924800 ) ) ;
#4530 = EDGE_CURVE ( 'NONE', #4959, #10811, #1047, .T. ) ;
#4531 =( NAMED_UNIT ( * ) SI_UNIT ( $, .STERADIAN. ) SOLID_ANGLE_UNIT ( ) );
#4532 = AXIS2_PLACEMENT_3D ( 'NONE', #7524, #7488, #7399 ) ;
#4533 = EDGE_CURVE ( 'NONE', #1771, #4299, #7893, .T. ) ;
#4534 = CARTESIAN_POINT ( 'NONE',  ( -0.7900000000000000400, 0.3700000000000000000, 0.1800000000000000200 ) ) ;
#4535 = STYLED_ITEM ( 'NONE', ( #5991 ), #3326 ) ;
#4536 = ORIENTED_EDGE ( 'NONE', *, *, #9280, .F. ) ;
#4537 = B_SPLINE_SURFACE_WITH_KNOTS ( 'NONE', 2, 1, ( 
 ( #3525, #49 ),
 ( #6309, #961 ),
 ( #7183, #1857 ),
 ( #8110, #2763 ) ),
 .UNSPECIFIED., .F., .F., .F.,
 ( 3, 1, 3 ),
 ( 2, 2 ),
 ( 0.0000000000000000000, 1.000000000000000000, 2.000000000000000000 ),
 ( 0.0000000000000000000, 0.01000000000000000000 ),
 .UNSPECIFIED. ) ;
#4538 = PLANE ( 'NONE',  #278 ) ;
#4539 = ORIENTED_EDGE ( 'NONE', *, *, #10576, .T. ) ;
#4540 = CARTESIAN_POINT ( 'NONE',  ( 1.596539144777060000, 2.014054978381730100, 0.0000000000000000000 ) ) ;
#4541 =( NAMED_UNIT ( * ) PLANE_ANGLE_UNIT ( ) SI_UNIT ( $, .RADIAN. ) );
#4542 = CARTESIAN_POINT ( 'NONE',  ( 1.568663942658580000, 2.001359678760009900, 0.0000000000000000000 ) ) ;
#4543 = CARTESIAN_POINT ( 'NONE',  ( 1.487246165845520100, 2.022050005444920200, 0.0000000000000000000 ) ) ;
#4544 = VERTEX_POINT ( 'NONE', #3676 ) ;
#4545 =( NAMED_UNIT ( * ) SI_UNIT ( $, .STERADIAN. ) SOLID_ANGLE_UNIT ( ) );
#4546 = AXIS2_PLACEMENT_3D ( 'NONE', #7919, #7876, #3305 ) ;
#4547 = CARTESIAN_POINT ( 'NONE',  ( 0.7899999999999999200, -0.3817157287525380600, 0.1800000000000000200 ) ) ;
#4548 = EDGE_CURVE ( 'NONE', #7990, #9042, #10291, .T. ) ;
#4549 = PRESENTATION_LAYER_ASSIGNMENT (  '', '', ( #3333 ) ) ;
#4550 = CARTESIAN_POINT ( 'NONE',  ( -0.6400000000000000100, -0.08914254706787530500, 0.0000000000000000000 ) ) ;
#4551 = CARTESIAN_POINT ( 'NONE',  ( -0.4000000000000000200, -0.1850000000000000000, 0.03000000000000000200 ) ) ;
#4552 = DIRECTION ( 'NONE',  ( 0.0000000000000000000, 0.0000000000000000000, -1.000000000000000000 ) ) ;
#4553 = CARTESIAN_POINT ( 'NONE',  ( 0.7854284641271247500, 0.1552291404743183200, 0.1852800012348743700 ) ) ;
#4554 = VERTEX_POINT ( 'NONE', #50 ) ;
#4555 = CIRCLE ( 'NONE', #6497, 0.05000000000000002400 ) ;
#4556 = CARTESIAN_POINT ( 'NONE',  ( 0.0000000000000000000, 0.0000000000000000000, 0.0000000000000000000 ) ) ;
#4557 = CARTESIAN_POINT ( 'NONE',  ( 0.7958578643762692600, 0.3699999999999999400, 0.1800000000000000200 ) ) ;
#4558 = ORIENTED_EDGE ( 'NONE', *, *, #11585, .T. ) ;
#4559 = CIRCLE ( 'NONE', #3079, 0.05080000000000000500 ) ;
#4560 = CARTESIAN_POINT ( 'NONE',  ( -0.5215586932262867800, -0.2462096407409372600, 0.6280820810340173000 ) ) ;
#4561 =( LENGTH_UNIT ( ) NAMED_UNIT ( * ) SI_UNIT ( .MILLI., .METRE. ) );
#4562 = DIRECTION ( 'NONE',  ( 0.0000000000000000000, 0.0000000000000000000, 1.000000000000000000 ) ) ;
#4563 = CARTESIAN_POINT ( 'NONE',  ( 0.7900000000000001500, 0.1596871942267129900, 0.1800000000000000200 ) ) ;
#4564 = SHAPE_REPRESENTATION_RELATIONSHIP ( 'NONE' , 'NONE' ,  #1540, #5812 ) ;
#4565 = CARTESIAN_POINT ( 'NONE',  ( -0.7994240845272081500, -0.1595870722175834500, 0.1747590663892459300 ) ) ;
#4566 = AXIS2_PLACEMENT_3D ( 'NONE', #2330, #8567, #3244 ) ;
#4567 =( NAMED_UNIT ( * ) PLANE_ANGLE_UNIT ( ) SI_UNIT ( $, .RADIAN. ) );
#4568 = SURFACE_SIDE_STYLE ('',( #4575 ) ) ;
#4569 =( LENGTH_UNIT ( ) NAMED_UNIT ( * ) SI_UNIT ( .MILLI., .METRE. ) );
#4570 = VECTOR ( 'NONE', #4467, 1000.000000000000000 ) ;
#4571 = ORIENTED_EDGE ( 'NONE', *, *, #10648, .T. ) ;
#4572 = VECTOR ( 'NONE', #8870, 1000.000000000000100 ) ;
#4573 = EDGE_LOOP ( 'NONE', ( #967, #436, #9330, #5542, #9234 ) ) ;
#4574 = DIRECTION ( 'NONE',  ( 8.636657276777269600E-017, 1.000000000000000000, 0.0000000000000000000 ) ) ;
#4575 = SURFACE_STYLE_FILL_AREA ( #9932 ) ;
#4576 = DIRECTION ( 'NONE',  ( 1.000000000000000000, 0.0000000000000000000, 0.0000000000000000000 ) ) ;
#4577 = CARTESIAN_POINT ( 'NONE',  ( -0.7900000000000000400, 0.3700000000000000000, 0.1800000000000000200 ) ) ;
#4578 = CARTESIAN_POINT ( 'NONE',  ( 0.5500000000000004900, -0.3503726924179343400, 0.1799999999999999900 ) ) ;
#4579 =( LENGTH_UNIT ( ) NAMED_UNIT ( * ) SI_UNIT ( .MILLI., .METRE. ) );
#4580 = FILL_AREA_STYLE_COLOUR ( '', #6125 ) ;
#4581 = ORIENTED_EDGE ( 'NONE', *, *, #6447, .F. ) ;
#4582 = CARTESIAN_POINT ( 'NONE',  ( 0.7900000000000000400, -0.3700000000000000000, 0.1800000000000000200 ) ) ;
#4583 = UNCERTAINTY_MEASURE_WITH_UNIT (LENGTH_MEASURE( 1.000000000000000100E-005 ), #10220, 'distance_accuracy_value', 'NONE');
#4584 = PRESENTATION_LAYER_ASSIGNMENT (  '', '', ( #3374 ) ) ;
#4585 = PRESENTATION_STYLE_ASSIGNMENT (( #9941 ) ) ;
#4586 = LINE ( 'NONE', #2390, #9301 ) ;
#4587 = DIRECTION ( 'NONE',  ( 0.0000000000000000000, 0.0000000000000000000, -1.000000000000000000 ) ) ;
#4588 = CARTESIAN_POINT ( 'NONE',  ( -0.4000000000000000200, 0.1850000000000000000, 0.1600000000000000000 ) ) ;
#4589 = ORIENTED_EDGE ( 'NONE', *, *, #4812, .T. ) ;
#4590 = ORIENTED_EDGE ( 'NONE', *, *, #8910, .F. ) ;
#4591 = CARTESIAN_POINT ( 'NONE',  ( 0.7941636171043930900, 0.1645284209415257000, 0.1852800012348746500 ) ) ;
#4592 = EDGE_CURVE ( 'NONE', #3906, #4299, #5550, .T. ) ;
#4593 = DIRECTION ( 'NONE',  ( 0.0000000000000000000, 0.0000000000000000000, 1.000000000000000000 ) ) ;
#4594 = VECTOR ( 'NONE', #8155, 1000.000000000000000 ) ;
#4595 = MECHANICAL_DESIGN_GEOMETRIC_PRESENTATION_REPRESENTATION (  '', ( #2792 ), #5200 ) ;
#4596 = SURFACE_STYLE_USAGE ( .BOTH. , #9961 ) ;
#4597 = DIRECTION ( 'NONE',  ( 1.000000000000000000, 0.0000000000000000000, 0.0000000000000000000 ) ) ;
#4598 = COLOUR_RGB ( '',0.0000000000000000000, 0.7019607843137254400, 0.9803921568627450600 ) ;
#4599 = EDGE_LOOP ( 'NONE', ( #1349, #2723, #514, #2366 ) ) ;
#4600 = CARTESIAN_POINT ( 'NONE',  ( 0.7010317298281768500, 0.1541157850349708100, 0.1800000000000000200 ) ) ;
#4601 = ORIENTED_EDGE ( 'NONE', *, *, #7790, .F. ) ;
#4602 = STYLED_ITEM ( 'NONE', ( #1288 ), #5812 ) ;
#4603 = EDGE_LOOP ( 'NONE', ( #1328, #10350, #3806, #4990 ) ) ;
#4604 = VECTOR ( 'NONE', #2712, 1000.000000000000000 ) ;
#4605 = CARTESIAN_POINT ( 'NONE',  ( -0.7941636171043936500, -0.1645284209415262300, 0.1852800012348748400 ) ) ;
#4606 = ORIENTED_EDGE ( 'NONE', *, *, #1044, .T. ) ;
#4607 = LINE ( 'NONE', #1108, #9060 ) ;
#4608 = EDGE_LOOP ( 'NONE', ( #7201, #8616, #9987, #10179 ) ) ;
#4609 =( NAMED_UNIT ( * ) PLANE_ANGLE_UNIT ( ) SI_UNIT ( $, .RADIAN. ) );
#4610 = LINE ( 'NONE', #1246, #9064 ) ;
#4611 = CARTESIAN_POINT ( 'NONE',  ( -0.7960104076400855700, 0.1540413993313947700, 0.004343145750507816100 ) ) ;
#4612 = FILL_AREA_STYLE ('',( #876 ) ) ;
#4613 = ORIENTED_EDGE ( 'NONE', *, *, #1782, .T. ) ;
#4614 = EDGE_CURVE ( 'NONE', #1625, #8977, #3140, .T. ) ;
#4615 = EDGE_CURVE ( 'NONE', #2445, #9696, #760, .T. ) ;
#4616 = CARTESIAN_POINT ( 'NONE',  ( -0.1270000000000000000, 0.07619999999999999000, 0.002000000000000000900 ) ) ;
#4617 = VERTEX_POINT ( 'NONE', #4578 ) ;
#4618 = MECHANICAL_DESIGN_GEOMETRIC_PRESENTATION_REPRESENTATION (  '', ( #2175 ), #5216 ) ;
#4619 = CIRCLE ( 'NONE', #9867, 0.01000000000000000000 ) ;
#4620 = AXIS2_PLACEMENT_3D ( 'NONE', #754, #7000, #1653 ) ;
#4621 = FACE_OUTER_BOUND ( 'NONE', #5846, .T. ) ;
#4622 =( NAMED_UNIT ( * ) PLANE_ANGLE_UNIT ( ) SI_UNIT ( $, .RADIAN. ) );
#4623 = VERTEX_POINT ( 'NONE', #129 ) ;
#4624 = DIRECTION ( 'NONE',  ( 0.0000000000000000000, -0.9925461516413220900, 0.1218693434051470200 ) ) ;
#4625 =( NAMED_UNIT ( * ) SI_UNIT ( $, .STERADIAN. ) SOLID_ANGLE_UNIT ( ) );
#4626 = UNCERTAINTY_MEASURE_WITH_UNIT (LENGTH_MEASURE( 1.000000000000000100E-005 ), #10373, 'distance_accuracy_value', 'NONE');
#4627 = CARTESIAN_POINT ( 'NONE',  ( -0.4000000000000000200, 0.1850000000000000000, 0.1499999999999999900 ) ) ;
#4628 = CARTESIAN_POINT ( 'NONE',  ( 0.7700000000000000200, -0.3958578643762689600, 0.1800000000000000500 ) ) ;
#4629 = DIRECTION ( 'NONE',  ( 0.0000000000000000000, -0.0000000000000000000, -1.000000000000000000 ) ) ;
#4630 = SURFACE_SIDE_STYLE ('',( #10760 ) ) ;
#4631 = CARTESIAN_POINT ( 'NONE',  ( 1.487246165845520100, 2.001050005802550200, 0.1000000000000000100 ) ) ;
#4632 = VERTEX_POINT ( 'NONE', #4616 ) ;
#4633 = COLOUR_RGB ( '',0.8627450980392157300, 0.6274509803921568500, 0.05882352941176470500 ) ;
#4634 = MECHANICAL_DESIGN_GEOMETRIC_PRESENTATION_REPRESENTATION (  '', ( #3419 ), #5230 ) ;
#4635 = CARTESIAN_POINT ( 'NONE',  ( 0.7994240845272078100, 0.1595870722175835600, 0.1747590663892461300 ) ) ;
#4636 = MECHANICAL_DESIGN_GEOMETRIC_PRESENTATION_REPRESENTATION (  '', ( #2824 ), #5235 ) ;
#4637 = AXIS2_PLACEMENT_3D ( 'NONE', #5429, #38, #6297 ) ;
#4638 = VECTOR ( 'NONE', #9032, 1000.000000000000000 ) ;
#4639 = SURFACE_STYLE_USAGE ( .BOTH. , #9992 ) ;
#4640 = CARTESIAN_POINT ( 'NONE',  ( 0.7900000000000000400, -0.1596871942267129900, 0.1700000000000000100 ) ) ;
#4641 = FACE_OUTER_BOUND ( 'NONE', #8239, .T. ) ;
#4642 =( NAMED_UNIT ( * ) SI_UNIT ( $, .STERADIAN. ) SOLID_ANGLE_UNIT ( ) );
#4643 = ORIENTED_EDGE ( 'NONE', *, *, #5284, .F. ) ;
#4644 = CIRCLE ( 'NONE', #454, 0.01000000000000001900 ) ;
#4645 = CARTESIAN_POINT ( 'NONE',  ( -0.7877028816975200100, 0.1504862962823544600, 0.006827189806825633200 ) ) ;
#4646 = UNCERTAINTY_MEASURE_WITH_UNIT (LENGTH_MEASURE( 1.000000000000000100E-005 ), #8770, 'distance_accuracy_value', 'NONE');
#4647 =( GEOMETRIC_REPRESENTATION_CONTEXT ( 3 ) GLOBAL_UNCERTAINTY_ASSIGNED_CONTEXT ( ( #4755 ) ) GLOBAL_UNIT_ASSIGNED_CONTEXT ( ( #4579, #10820, #5490 ) ) REPRESENTATION_CONTEXT ( 'NONE', 'WORKASPACE' ) );
#4648 = FILL_AREA_STYLE ('',( #9975 ) ) ;
#4649 = CARTESIAN_POINT ( 'NONE',  ( 0.4745170327464609500, -0.3245170327464608800, 0.6331590247227181200 ) ) ;
#4651 = CARTESIAN_POINT ( 'NONE',  ( -0.4000000000000000200, -0.3499999999999999800, 0.02000000000000000000 ) ) ;
#4650 = AXIS2_PLACEMENT_3D ( 'NONE', #2347, #8579, #3250 ) ;
#4652 = CARTESIAN_POINT ( 'NONE',  ( 0.6400000000000000100, 0.08914254706787530500, 0.1800000000000000200 ) ) ;
#4653 =( NAMED_UNIT ( * ) SI_UNIT ( $, .STERADIAN. ) SOLID_ANGLE_UNIT ( ) );
#4654 = CIRCLE ( 'NONE', #4532, 0.009999999999999986300 ) ;
#4655 = ORIENTED_EDGE ( 'NONE', *, *, #3912, .F. ) ;
#4656 =( NAMED_UNIT ( * ) PLANE_ANGLE_UNIT ( ) SI_UNIT ( $, .RADIAN. ) );
#4657 =( NAMED_UNIT ( * ) PLANE_ANGLE_UNIT ( ) SI_UNIT ( $, .RADIAN. ) );
#4658 = LINE ( 'NONE', #1875, #2243 ) ;
#4659 = CARTESIAN_POINT ( 'NONE',  ( -0.4745170327464610100, 0.3245170327464607100, 0.6331590247227182300 ) ) ;
#4660 = B_SPLINE_CURVE_WITH_KNOTS ( 'NONE', 2,
 ( #1167, #10084, #2984, #9227 ),
 .UNSPECIFIED., .F., .F.,
 ( 3, 1, 3 ),
 ( 0.0000000000000000000, 1.196894349013779100E-005, 2.393788698027558200E-005 ),
 .UNSPECIFIED. ) ;
#4661 = CARTESIAN_POINT ( 'NONE',  ( 1.598172856256540000, 2.011944767720760000, 0.0000000000000000000 ) ) ;
#4662 = EDGE_CURVE ( 'NONE', #10889, #3492, #122, .T. ) ;
#4663 = VECTOR ( 'NONE', #7259, 1000.000000000000000 ) ;
#4664 = STYLED_ITEM ( 'NONE', ( #7203 ), #2125 ) ;
#4665 = CARTESIAN_POINT ( 'NONE',  ( 1.587213375081740100, 1.979474752066250100, 0.0000000000000000000 ) ) ;
#4666 = EDGE_LOOP ( 'NONE', ( #9922, #4891, #9713, #11628, #4699 ) ) ;
#4667 = STYLED_ITEM ( 'NONE', ( #1722 ), #8515 ) ;
#4668 = ORIENTED_EDGE ( 'NONE', *, *, #8792, .F. ) ;
#4669 = ORIENTED_EDGE ( 'NONE', *, *, #8710, .T. ) ;
#4670 = SURFACE_STYLE_USAGE ( .BOTH. , #10027 ) ;
#4671 =( LENGTH_UNIT ( ) NAMED_UNIT ( * ) SI_UNIT ( .MILLI., .METRE. ) );
#4672 = FILL_AREA_STYLE ('',( #1057 ) ) ;
#4673 = CYLINDRICAL_SURFACE ( 'NONE', #1390, 0.009999999999999998500 ) ;
#4674 = DIRECTION ( 'NONE',  ( 1.000000000000000000, 0.0000000000000000000, -0.0000000000000000000 ) ) ;
#4675 = ORIENTED_EDGE ( 'NONE', *, *, #6003, .T. ) ;
#4676 = CARTESIAN_POINT ( 'NONE',  ( -0.7854284641271248600, -0.1552291404743188500, 0.1852800012348749200 ) ) ;
#4677 = EDGE_CURVE ( 'NONE', #11171, #4941, #464, .T. ) ;
#4678 = AXIS2_PLACEMENT_3D ( 'NONE', #8882, #3541, #9801 ) ;
#4679 = EDGE_CURVE ( 'NONE', #2542, #3302, #10017, .T. ) ;
#4680 = CARTESIAN_POINT ( 'NONE',  ( 0.7700000000000000200, 0.3900000000000000700, 0.1800000000000000200 ) ) ;
#4681 = FACE_OUTER_BOUND ( 'NONE', #1479, .T. ) ;
#4682 = STYLED_ITEM ( 'NONE', ( #947 ), #3517 ) ;
#4683 =( LENGTH_UNIT ( ) NAMED_UNIT ( * ) SI_UNIT ( .MILLI., .METRE. ) );
#4684 = CARTESIAN_POINT ( 'NONE',  ( 0.0000000000000000000, 0.3499999999999999800, 0.0000000000000000000 ) ) ;
#4685 = ORIENTED_EDGE ( 'NONE', *, *, #4182, .F. ) ;
#4686 =( NAMED_UNIT ( * ) PLANE_ANGLE_UNIT ( ) SI_UNIT ( $, .RADIAN. ) );
#4687 = CYLINDRICAL_SURFACE ( 'NONE', #2705, 0.01000000000000000200 ) ;
#4688 = VECTOR ( 'NONE', #8378, 1000.000000000000000 ) ;
#4689 =( LENGTH_UNIT ( ) NAMED_UNIT ( * ) SI_UNIT ( .MILLI., .METRE. ) );
#4690 = DIRECTION ( 'NONE',  ( 0.0000000000000000000, 0.0000000000000000000, 1.000000000000000000 ) ) ;
#4691 = STYLED_ITEM ( 'NONE', ( #8252 ), #676 ) ;
#4692 = EDGE_CURVE ( 'NONE', #3401, #4037, #9732, .T. ) ;
#4693 =( GEOMETRIC_REPRESENTATION_CONTEXT ( 3 ) GLOBAL_UNCERTAINTY_ASSIGNED_CONTEXT ( ( #6685 ) ) GLOBAL_UNIT_ASSIGNED_CONTEXT ( ( #6592, #1232, #7496 ) ) REPRESENTATION_CONTEXT ( 'NONE', 'WORKASPACE' ) );
#4694 = ORIENTED_EDGE ( 'NONE', *, *, #10355, .F. ) ;
#4695 = SURFACE_SIDE_STYLE ('',( #7501 ) ) ;
#4696 = AXIS2_PLACEMENT_3D ( 'NONE', #6152, #779, #7022 ) ;
#4697 = CARTESIAN_POINT ( 'NONE',  ( 1.600759566099030100, 1.985192742244400200, 0.0000000000000000000 ) ) ;
#4698 = PRESENTATION_STYLE_ASSIGNMENT (( #3785 ) ) ;
#4699 = ORIENTED_EDGE ( 'NONE', *, *, #2993, .T. ) ;
#4700 = CIRCLE ( 'NONE', #6868, 0.02999999999999997100 ) ;
#4701 = ORIENTED_EDGE ( 'NONE', *, *, #9438, .F. ) ;
#4702 = CARTESIAN_POINT ( 'NONE',  ( 0.7936914531521420700, 0.1515726837599339300, 0.1756568542494922300 ) ) ;
#4703 = LINE ( 'NONE', #5547, #2290 ) ;
#4704 =( LENGTH_UNIT ( ) NAMED_UNIT ( * ) SI_UNIT ( .MILLI., .METRE. ) );
#4705 =( LENGTH_UNIT ( ) NAMED_UNIT ( * ) SI_UNIT ( .MILLI., .METRE. ) );
#4706 = DIRECTION ( 'NONE',  ( -0.0000000000000000000, 1.000000000000000000, 0.0000000000000000000 ) ) ;
#4707 =( BOUNDED_CURVE ( )  B_SPLINE_CURVE ( 3, ( #6335, #7251, #1915, #8169 ),
 .UNSPECIFIED., .F., .F. ) 
 B_SPLINE_CURVE_WITH_KNOTS ( ( 4, 4 ),
 ( 0.0000000000000000000, 1.000000000000000000 ),
 .UNSPECIFIED. ) 
 CURVE ( )  GEOMETRIC_REPRESENTATION_ITEM ( )  RATIONAL_B_SPLINE_CURVE ( ( 1.000000000000000000, 0.3750000000000007800, 0.3750000000000007800, 1.000000000000000000 ) ) 
 REPRESENTATION_ITEM ( '' )  );
#4708 = DIRECTION ( 'NONE',  ( 0.0000000000000000000, 0.0000000000000000000, -1.000000000000000000 ) ) ;
#4709 = VERTEX_POINT ( 'NONE', #7299 ) ;
#4710 = MECHANICAL_DESIGN_GEOMETRIC_PRESENTATION_REPRESENTATION (  '', ( #3520 ), #5332 ) ;
#4711 = PRESENTATION_STYLE_ASSIGNMENT (( #788 ) ) ;
#4712 = CARTESIAN_POINT ( 'NONE',  ( -0.7906889315499393600, -0.1502877917503759300, 0.1747590663892458500 ) ) ;
#4713 = SURFACE_STYLE_FILL_AREA ( #2067 ) ;
#4714 = CARTESIAN_POINT ( 'NONE',  ( 1.461310996108919900, 1.988048385278420300, 0.0000000000000000000 ) ) ;
#4715 = CARTESIAN_POINT ( 'NONE',  ( -0.7700000000000000200, 0.3700000000000000000, 0.0000000000000000000 ) ) ;
#4716 = COLOUR_RGB ( '',0.8627450980392157300, 0.6274509803921568500, 0.05882352941176470500 ) ;
#4717 = ORIENTED_EDGE ( 'NONE', *, *, #10121, .T. ) ;
#4718 = CARTESIAN_POINT ( 'NONE',  ( 1.568663942658580000, 2.001359678760009900, 0.1000000000000000100 ) ) ;
#4719 = FILL_AREA_STYLE_COLOUR ( '', #1435 ) ;
#4720 = CIRCLE ( 'NONE', #7119, 0.01000000000000000200 ) ;
#4721 = EDGE_LOOP ( 'NONE', ( #1481, #5327, #7037, #2050 ) ) ;
#4722 = CARTESIAN_POINT ( 'NONE',  ( 1.565038991714900100, 2.025958925018020100, 0.1000000000000000100 ) ) ;
#4723 = PRESENTATION_LAYER_ASSIGNMENT (  '', '', ( #2921 ) ) ;
#4724 =( GEOMETRIC_REPRESENTATION_CONTEXT ( 3 ) GLOBAL_UNCERTAINTY_ASSIGNED_CONTEXT ( ( #2136 ) ) GLOBAL_UNIT_ASSIGNED_CONTEXT ( ( #9815, #4458, #10701 ) ) REPRESENTATION_CONTEXT ( 'NONE', 'WORKASPACE' ) );
#4725 = ORIENTED_EDGE ( 'NONE', *, *, #5732, .T. ) ;
#4726 = MECHANICAL_DESIGN_GEOMETRIC_PRESENTATION_REPRESENTATION (  '', ( #3539 ), #5355 ) ;
#4727 = VERTEX_POINT ( 'NONE', #1071 ) ;
#4728 = CIRCLE ( 'NONE', #3034, 0.01000000000000000400 ) ;
#4729 = CARTESIAN_POINT ( 'NONE',  ( 1.582992953759770000, 2.023244605516660000, 0.1000000000000000100 ) ) ;
#4730 = EDGE_LOOP ( 'NONE', ( #8835, #2778, #11024, #7145, #10189, #5195, #3565, #4878 ) ) ;
#4731 = LINE ( 'NONE', #8139, #2045 ) ;
#4732 = COLOUR_RGB ( '',1.000000000000000000, 0.9921568627450980700, 0.9411764705882352800 ) ;
#4733 = DIRECTION ( 'NONE',  ( 0.0000000000000000000, 0.0000000000000000000, 1.000000000000000000 ) ) ;
#4734 = LINE ( 'NONE', #355, #4473 ) ;
#4735 = DIRECTION ( 'NONE',  ( 0.0000000000000000000, -1.000000000000000000, 0.0000000000000000000 ) ) ;
#4736 = MANIFOLD_SOLID_BREP ( 'Imported1', #6512 ) ;
#4737 = PRODUCT_DEFINITION_SHAPE ( 'NONE', 'NONE',  #2320 ) ;
#4738 = CARTESIAN_POINT ( 'NONE',  ( 0.7908984203179005900, 0.1541962812698343100, 0.1812429199179748700 ) ) ;
#4739 = CYLINDRICAL_SURFACE ( 'NONE', #1066, 0.009999999999999998500 ) ;
#4740 = ORIENTED_EDGE ( 'NONE', *, *, #7540, .T. ) ;
#4741 = ORIENTED_EDGE ( 'NONE', *, *, #1015, .F. ) ;
#4742 = EDGE_CURVE ( 'NONE', #1610, #10738, #10974, .T. ) ;
#4743 = COLOUR_RGB ( '',1.000000000000000000, 0.9921568627450980700, 0.9411764705882352800 ) ;
#4744 = FILL_AREA_STYLE_COLOUR ( '', #2800 ) ;
#4745 = ORIENTED_EDGE ( 'NONE', *, *, #3820, .F. ) ;
#4746 = MECHANICAL_DESIGN_GEOMETRIC_PRESENTATION_REPRESENTATION (  '', ( #2934 ), #5365 ) ;
#4747 = ORIENTED_EDGE ( 'NONE', *, *, #4898, .F. ) ;
#4748 = CIRCLE ( 'NONE', #7293, 0.05080000000000000500 ) ;
#4749 = DIRECTION ( 'NONE',  ( -0.0000000000000000000, 1.000000000000000000, 0.0000000000000000000 ) ) ;
#4750 = ORIENTED_EDGE ( 'NONE', *, *, #439, .T. ) ;
#4751 = CARTESIAN_POINT ( 'NONE',  ( -0.7990393399629757100, -0.1625548777015471400, 0.1731728101931744600 ) ) ;
#4752 =( LENGTH_UNIT ( ) NAMED_UNIT ( * ) SI_UNIT ( .MILLI., .METRE. ) );
#4753 = ORIENTED_EDGE ( 'NONE', *, *, #6731, .F. ) ;
#4754 = VECTOR ( 'NONE', #4923, 1000.000000000000100 ) ;
#4755 = UNCERTAINTY_MEASURE_WITH_UNIT (LENGTH_MEASURE( 1.000000000000000100E-005 ), #4579, 'distance_accuracy_value', 'NONE');
#4756 = AXIS2_PLACEMENT_3D ( 'NONE', #3124, #373, #3647 ) ;
#4757 = CARTESIAN_POINT ( 'NONE',  ( 1.599976746015110000, 2.001359678760009900, 0.1000000000000000100 ) ) ;
#4758 = EDGE_CURVE ( 'NONE', #10519, #4859, #2589, .T. ) ;
#4759 = DIRECTION ( 'NONE',  ( 1.000000000000000000, 0.0000000000000000000, 0.0000000000000000000 ) ) ;
#4760 =( GEOMETRIC_REPRESENTATION_CONTEXT ( 3 ) GLOBAL_UNCERTAINTY_ASSIGNED_CONTEXT ( ( #9825 ) ) GLOBAL_UNIT_ASSIGNED_CONTEXT ( ( #11591, #6203, #855 ) ) REPRESENTATION_CONTEXT ( 'NONE', 'WORKASPACE' ) );
#4761 =( GEOMETRIC_REPRESENTATION_CONTEXT ( 3 ) GLOBAL_UNCERTAINTY_ASSIGNED_CONTEXT ( ( #11626 ) ) GLOBAL_UNIT_ASSIGNED_CONTEXT ( ( #10357, #4988, #11236 ) ) REPRESENTATION_CONTEXT ( 'NONE', 'WORKASPACE' ) );
#4762 =( NAMED_UNIT ( * ) SI_UNIT ( $, .STERADIAN. ) SOLID_ANGLE_UNIT ( ) );
#4763 = ORIENTED_EDGE ( 'NONE', *, *, #9434, .T. ) ;
#4764 = CARTESIAN_POINT ( 'NONE',  ( -0.5250000000000004700, 0.1330726618555938000, 0.1699999999999999800 ) ) ;
#4765 = DIRECTION ( 'NONE',  ( 0.6010407640085729800, -0.5645794895318059200, -0.5656854249492347900 ) ) ;
#4766 = FILL_AREA_STYLE ('',( #6852 ) ) ;
#4767 = DIRECTION ( 'NONE',  ( 1.000000000000000000, 0.0000000000000000000, -0.0000000000000000000 ) ) ;
#4768 = PRESENTATION_LAYER_ASSIGNMENT (  '', '', ( #3581 ) ) ;
#4769 = STYLED_ITEM ( 'NONE', ( #5935 ), #6822 ) ;
#4770 = STYLED_ITEM ( 'NONE', ( #11486 ), #9591 ) ;
#4771 =( NAMED_UNIT ( * ) SI_UNIT ( $, .STERADIAN. ) SOLID_ANGLE_UNIT ( ) );
#4772 = CARTESIAN_POINT ( 'NONE',  ( 1.605796843271190200, 2.006601169756649900, 0.09999999999999995000 ) ) ;
#4773 = CARTESIAN_POINT ( 'NONE',  ( -0.8000000000000000400, 0.1850000000000000000, 0.03000000000000000200 ) ) ;
#4774 = ORIENTED_EDGE ( 'NONE', *, *, #7184, .T. ) ;
#4775 =( BOUNDED_CURVE ( )  B_SPLINE_CURVE ( 3, ( #10090, #9160, #9093, #9051 ),
 .UNSPECIFIED., .F., .F. ) 
 B_SPLINE_CURVE_WITH_KNOTS ( ( 4, 4 ),
 ( 0.0000000000000000000, 0.5000000000000000000 ),
 .UNSPECIFIED. ) 
 CURVE ( )  GEOMETRIC_REPRESENTATION_ITEM ( )  RATIONAL_B_SPLINE_CURVE ( ( 1.000000000000000000, 0.8192459912371081700, 0.8192459912371081700, 1.000000000000000000 ) ) 
 REPRESENTATION_ITEM ( '' )  );
#4776 = VECTOR ( 'NONE', #7403, 1000.000000000000000 ) ;
#4777 = CARTESIAN_POINT ( 'NONE',  ( 0.4744183792393801300, -0.3721743422346436300, 0.5844421234396300900 ) ) ;
#4778 = ORIENTED_EDGE ( 'NONE', *, *, #2979, .F. ) ;
#4779 = CARTESIAN_POINT ( 'NONE',  ( 1.558006294300130000, 1.980050006160170200, 0.0000000000000000000 ) ) ;
#4780 = CARTESIAN_POINT ( 'NONE',  ( 0.7955363292937873700, 0.1591337124127560900, 0.1812429199179749200 ) ) ;
#4781 = COLOUR_RGB ( '',1.000000000000000000, 0.9921568627450980700, 0.9411764705882352800 ) ;
#4782 = DIRECTION ( 'NONE',  ( 1.000000000000000000, 0.0000000000000000000, 0.0000000000000000000 ) ) ;
#4783 = ORIENTED_EDGE ( 'NONE', *, *, #10962, .T. ) ;
#4784 = EDGE_CURVE ( 'NONE', #9622, #11215, #8568, .T. ) ;
#4785 = EDGE_LOOP ( 'NONE', ( #2230, #1168, #9648, #4224 ) ) ;
#4786 = AXIS2_PLACEMENT_3D ( 'NONE', #6235, #879, #7117 ) ;
#4787 = DIRECTION ( 'NONE',  ( 0.1209742911513550000, -0.1209742911513550000, 0.9852565360152929500 ) ) ;
#4788 = MECHANICAL_DESIGN_GEOMETRIC_PRESENTATION_REPRESENTATION (  '', ( #1785 ), #5414 ) ;
#4789 = LINE ( 'NONE', #8844, #9249 ) ;
#4790 = B_SPLINE_CURVE_WITH_KNOTS ( 'NONE', 2,
 ( #1147, #2995, #3905, #10166 ),
 .UNSPECIFIED., .F., .F.,
 ( 3, 1, 3 ),
 ( 0.0000000000000000000, 8.644846769391135600E-006, 1.728969353878227100E-005 ),
 .UNSPECIFIED. ) ;
#4791 = CARTESIAN_POINT ( 'NONE',  ( 0.7899999999999999200, -0.1596871942267129900, -1.234248008856266100E-017 ) ) ;
#4792 = ORIENTED_EDGE ( 'NONE', *, *, #6880, .F. ) ;
#4793 = CARTESIAN_POINT ( 'NONE',  ( 0.7906250000000000200, 0.1497067445875434600, 0.1700000000000000100 ) ) ;
#4794 = DIRECTION ( 'NONE',  ( -0.0000000000000000000, -0.0000000000000000000, 1.000000000000000000 ) ) ;
#4795 = ADVANCED_FACE ( 'NONE', ( #9424 ), #7335, .T. ) ;
#4796 = ORIENTED_EDGE ( 'NONE', *, *, #6230, .T. ) ;
#4797 = FILL_AREA_STYLE_COLOUR ( '', #7770 ) ;
#4798 = COLOUR_RGB ( '',0.0000000000000000000, 0.7019607843137254400, 0.9803921568627450600 ) ;
#4799 = EDGE_CURVE ( 'NONE', #789, #11161, #605, .T. ) ;
#4800 =( LENGTH_UNIT ( ) NAMED_UNIT ( * ) SI_UNIT ( .MILLI., .METRE. ) );
#4801 =( GEOMETRIC_REPRESENTATION_CONTEXT ( 3 ) GLOBAL_UNCERTAINTY_ASSIGNED_CONTEXT ( ( #993 ) ) GLOBAL_UNIT_ASSIGNED_CONTEXT ( ( #9666, #7444, #7490 ) ) REPRESENTATION_CONTEXT ( 'NONE', 'WORKASPACE' ) );
#4802 = CARTESIAN_POINT ( 'NONE',  ( 0.0000000000000000000, -0.1499999999999999900, 0.1799999999999999900 ) ) ;
#4803 = AXIS2_PLACEMENT_3D ( 'NONE', #10261, #4897, #11143 ) ;
#4804 = ITEM_DEFINED_TRANSFORMATION ( 'NONE', 'NONE', #10359,  #3980 ) ;
#4805 = ORIENTED_EDGE ( 'NONE', *, *, #8083, .T. ) ;
#4806 = CARTESIAN_POINT ( 'NONE',  ( 0.7808758610888690800, -0.1568991654936680300, 0.1868268514104756100 ) ) ;
#4807 =( NAMED_UNIT ( * ) SI_UNIT ( $, .STERADIAN. ) SOLID_ANGLE_UNIT ( ) );
#4808 = DIRECTION ( 'NONE',  ( 0.0000000000000000000, -0.0000000000000000000, 1.000000000000000000 ) ) ;
#4809 = EDGE_CURVE ( 'NONE', #3777, #8605, #4660, .T. ) ;
#4810 = VERTEX_POINT ( 'NONE', #272 ) ;
#4811 = SURFACE_SIDE_STYLE ('',( #2620 ) ) ;
#4812 = EDGE_CURVE ( 'NONE', #6190, #5632, #7445, .T. ) ;
#4813 = EDGE_CURVE ( 'NONE', #10495, #10794, #2996, .T. ) ;
#4814 =( LENGTH_UNIT ( ) NAMED_UNIT ( * ) SI_UNIT ( .MILLI., .METRE. ) );
#4815 = CARTESIAN_POINT ( 'NONE',  ( 0.7983293621280288500, 0.1565101149028559300, 0.1756568542494924600 ) ) ;
#4816 = PRESENTATION_LAYER_ASSIGNMENT (  '', '', ( #4220 ) ) ;
#4817 = MECHANICAL_DESIGN_GEOMETRIC_PRESENTATION_REPRESENTATION (  '', ( #3639 ), #5450 ) ;
#4818 = VECTOR ( 'NONE', #1200, 1000.000000000000000 ) ;
#4819 = VERTEX_POINT ( 'NONE', #6565 ) ;
#4820 = FACE_OUTER_BOUND ( 'NONE', #8983, .T. ) ;
#4821 = DIRECTION ( 'NONE',  ( 1.000000000000000000, 0.0000000000000000000, 0.0000000000000000000 ) ) ;
#4822 = CARTESIAN_POINT ( 'NONE',  ( 1.443850704672070100, 2.022050005444920200, 0.1000000000000000100 ) ) ;
#4823 = SURFACE_STYLE_FILL_AREA ( #8383 ) ;
#4824 = DIRECTION ( 'NONE',  ( -1.000000000000000000, 0.0000000000000000000, 0.0000000000000000000 ) ) ;
#4825 = VECTOR ( 'NONE', #1731, 1000.000000000000000 ) ;
#4826 = VERTEX_POINT ( 'NONE', #5687 ) ;
#4827 = CARTESIAN_POINT ( 'NONE',  ( -0.7999999999999999300, 0.3875735931288071300, 0.1758578643762691300 ) ) ;
#4828 = EDGE_LOOP ( 'NONE', ( #4750, #1581, #10863, #814, #5910 ) ) ;
#4829 = VECTOR ( 'NONE', #3143, 1000.000000000000000 ) ;
#4830 = DIRECTION ( 'NONE',  ( 0.0000000000000000000, 0.0000000000000000000, -1.000000000000000000 ) ) ;
#4831 = AXIS2_PLACEMENT_3D ( 'NONE', #1241, #1277, #1315 ) ;
#4832 = EDGE_CURVE ( 'NONE', #7619, #8628, #7166, .T. ) ;
#4833 = CARTESIAN_POINT ( 'NONE',  ( -0.1270000000000000000, 0.07619999999999999000, 0.002000000000000000900 ) ) ;
#4834 = AXIS2_PLACEMENT_3D ( 'NONE', #5815, #2211, #443 ) ;
#4835 = CARTESIAN_POINT ( 'NONE',  ( 1.611923261208750200, 1.980359679117640300, 0.0000000000000000000 ) ) ;
#4836 = SURFACE_STYLE_USAGE ( .BOTH. , #10211 ) ;
#4837 =( BOUNDED_CURVE ( )  B_SPLINE_CURVE ( 3, ( #4577, #8145, #9046, #3706 ),
 .UNSPECIFIED., .F., .F. ) 
 B_SPLINE_CURVE_WITH_KNOTS ( ( 4, 4 ),
 ( 0.0000000000000000000, 1.000000000000000000 ),
 .UNSPECIFIED. ) 
 CURVE ( )  GEOMETRIC_REPRESENTATION_ITEM ( )  RATIONAL_B_SPLINE_CURVE ( ( 1.000000000000000000, 0.8047378541243649400, 0.8047378541243649400, 1.000000000000000000 ) ) 
 REPRESENTATION_ITEM ( '' )  );
#4838 = ORIENTED_EDGE ( 'NONE', *, *, #5713, .T. ) ;
#4839 = CARTESIAN_POINT ( 'NONE',  ( 0.7960104076400855700, 0.1540413993313949300, 0.1756568542494922900 ) ) ;
#4840 = PRESENTATION_STYLE_ASSIGNMENT (( #8003 ) ) ;
#4841 = LINE ( 'NONE', #1827, #7194 ) ;
#4842 =( NAMED_UNIT ( * ) PLANE_ANGLE_UNIT ( ) SI_UNIT ( $, .RADIAN. ) );
#4843 = COLOUR_RGB ( '',0.0000000000000000000, 0.7019607843137254400, 0.9803921568627450600 ) ;
#4844 =( NAMED_UNIT ( * ) SI_UNIT ( $, .STERADIAN. ) SOLID_ANGLE_UNIT ( ) );
#4845 = DIRECTION ( 'NONE',  ( -0.0000000000000000000, 0.0000000000000000000, -1.000000000000000000 ) ) ;
#4846 = CARTESIAN_POINT ( 'NONE',  ( -0.7010317298281768500, -0.1541157850349708600, 0.0000000000000000000 ) ) ;
#4847 = COLOUR_RGB ( '',0.8627450980392157300, 0.6274509803921568500, 0.05882352941176470500 ) ;
#4848 = ORIENTED_EDGE ( 'NONE', *, *, #2647, .F. ) ;
#4849 = ADVANCED_FACE ( 'NONE', ( #2431 ), #10192, .F. ) ;
#4850 = VERTEX_POINT ( 'NONE', #4822 ) ;
#4851 = MECHANICAL_DESIGN_GEOMETRIC_PRESENTATION_REPRESENTATION (  '', ( #3674 ), #5486 ) ;
#4852 = DIRECTION ( 'NONE',  ( 0.1209742911513545000, -0.1209742911513541200, 0.9852565360152931700 ) ) ;
#4853 = UNCERTAINTY_MEASURE_WITH_UNIT (LENGTH_MEASURE( 1.000000000000000100E-005 ), #4994, 'distance_accuracy_value', 'NONE');
#4854 = VECTOR ( 'NONE', #5174, 1000.000000000000000 ) ;
#4855 = CARTESIAN_POINT ( 'NONE',  ( 0.7960104076400856800, 0.1540413993313950200, 0.1756568542494924600 ) ) ;
#4856 = PRESENTATION_STYLE_ASSIGNMENT (( #2884 ) ) ;
#4857 = CARTESIAN_POINT ( 'NONE',  ( -0.5295324038633934000, 0.4000000000000004700, 0.1799999999999999700 ) ) ;
#4858 = LINE ( 'NONE', #9697, #7211 ) ;
#4859 = VERTEX_POINT ( 'NONE', #10231 ) ;
#4860 = DIRECTION ( 'NONE',  ( 8.636657276777269600E-017, -1.000000000000000000, 0.0000000000000000000 ) ) ;
#4861 = CARTESIAN_POINT ( 'NONE',  ( 0.7960104076400856800, 0.1540413993313948500, 0.1756568542494924000 ) ) ;
#4862 = VERTEX_POINT ( 'NONE', #4861 ) ;
#4863 =( NAMED_UNIT ( * ) PLANE_ANGLE_UNIT ( ) SI_UNIT ( $, .RADIAN. ) );
#4864 = EDGE_LOOP ( 'NONE', ( #4685, #1608, #3197, #9419, #4740, #8958, #7260, #5221, #8735, #10479, #3096, #4981 ) ) ;
#4865 = VECTOR ( 'NONE', #6457, 1000.000000000000000 ) ;
#4866 = EDGE_CURVE ( 'NONE', #8361, #3781, #8722, .T. ) ;
#4867 = CARTESIAN_POINT ( 'NONE',  ( 0.7899999999999998100, 0.1596871942267129900, 0.0000000000000000000 ) ) ;
#4868 = VERTEX_POINT ( 'NONE', #388 ) ;
#4869 = PRESENTATION_LAYER_ASSIGNMENT (  '', '', ( #4272 ) ) ;
#4870 = LINE ( 'NONE', #3937, #7223 ) ;
#4871 = FILL_AREA_STYLE_COLOUR ( '', #10217 ) ;
#4872 = SURFACE_STYLE_USAGE ( .BOTH. , #10235 ) ;
#4873 = VERTEX_POINT ( 'NONE', #7530 ) ;
#4874 = CARTESIAN_POINT ( 'NONE',  ( 1.464646490379500000, 1.987367672161970000, 0.0000000000000000000 ) ) ;
#4875 =( NAMED_UNIT ( * ) PLANE_ANGLE_UNIT ( ) SI_UNIT ( $, .RADIAN. ) );
#4876 = ORIENTED_EDGE ( 'NONE', *, *, #819, .T. ) ;
#4877 = DIRECTION ( 'NONE',  ( -0.5292407919724593200, 0.5292407919724571000, 0.6631804944543608900 ) ) ;
#4878 = ORIENTED_EDGE ( 'NONE', *, *, #533, .F. ) ;
#4879 = SURFACE_STYLE_USAGE ( .BOTH. , #10244 ) ;
#4880 = ORIENTED_EDGE ( 'NONE', *, *, #7965, .F. ) ;
#4881 = VECTOR ( 'NONE', #6853, 1000.000000000000000 ) ;
#4882 = CARTESIAN_POINT ( 'NONE',  ( 1.568663942428350200, 2.006635205518609900, 0.1000000000000000100 ) ) ;
#4883 = EDGE_CURVE ( 'NONE', #3401, #2738, #6068, .T. ) ;
#4884 = DIRECTION ( 'NONE',  ( 0.0000000000000000000, 0.0000000000000000000, -1.000000000000000000 ) ) ;
#4885 = EDGE_CURVE ( 'NONE', #1011, #7788, #6350, .T. ) ;
#4886 = DIRECTION ( 'NONE',  ( 0.0000000000000000000, 1.000000000000000000, 0.0000000000000000000 ) ) ;
#4887 = PRESENTATION_LAYER_ASSIGNMENT (  '', '', ( #3703 ) ) ;
#4888 = DIRECTION ( 'NONE',  ( 0.0000000000000000000, -0.0000000000000000000, -1.000000000000000000 ) ) ;
#4889 = DIRECTION ( 'NONE',  ( 0.0000000000000000000, -1.000000000000000000, 0.0000000000000000000 ) ) ;
#4890 =( NAMED_UNIT ( * ) PLANE_ANGLE_UNIT ( ) SI_UNIT ( $, .RADIAN. ) );
#4891 = ORIENTED_EDGE ( 'NONE', *, *, #274, .T. ) ;
#4892 = SURFACE_SIDE_STYLE ('',( #1469 ) ) ;
#4893 = LINE ( 'NONE', #69, #9657 ) ;
#4894 = PRESENTATION_STYLE_ASSIGNMENT (( #5066 ) ) ;
#4895 = CARTESIAN_POINT ( 'NONE',  ( -0.4480549931478379800, 0.2980549931478380100, 0.5999999999999999800 ) ) ;
#4896 = STYLED_ITEM ( 'NONE', ( #8901 ), #610 ) ;
#4897 = DIRECTION ( 'NONE',  ( 0.0000000000000000000, 1.000000000000000000, 0.0000000000000000000 ) ) ;
#4898 = EDGE_CURVE ( 'NONE', #7290, #9944, #10837, .T. ) ;
#4899 = DIRECTION ( 'NONE',  ( 0.0000000000000000000, 0.0000000000000000000, 1.000000000000000000 ) ) ;
#4900 = ORIENTED_EDGE ( 'NONE', *, *, #3070, .F. ) ;
#4901 =( GEOMETRIC_REPRESENTATION_CONTEXT ( 3 ) GLOBAL_UNCERTAINTY_ASSIGNED_CONTEXT ( ( #6843 ) ) GLOBAL_UNIT_ASSIGNED_CONTEXT ( ( #8298, #2959, #9204 ) ) REPRESENTATION_CONTEXT ( 'NONE', 'WORKASPACE' ) );
#4902 = AXIS2_PLACEMENT_3D ( 'NONE', #5489, #85, #6347 ) ;
#4903 = FACE_OUTER_BOUND ( 'NONE', #2425, .T. ) ;
#4904 = SURFACE_STYLE_FILL_AREA ( #322 ) ;
#4905 =( NAMED_UNIT ( * ) PLANE_ANGLE_UNIT ( ) SI_UNIT ( $, .RADIAN. ) );
#4906 = ORIENTED_EDGE ( 'NONE', *, *, #1118, .T. ) ;
#4907 = DIRECTION ( 'NONE',  ( 0.0000000000000000000, 0.0000000000000000000, 1.000000000000000000 ) ) ;
#4908 = DIRECTION ( 'NONE',  ( -0.0000000000000000000, -0.0000000000000000000, 1.000000000000000000 ) ) ;
#4909 = SURFACE_SIDE_STYLE ('',( #7066 ) ) ;
#4910 = ADVANCED_FACE ( 'NONE', ( #11102 ), #7301, .T. ) ;
#4911 = ADVANCED_FACE ( 'NONE', ( #2853 ), #6701, .T. ) ;
#4912 = COLOUR_RGB ( '',1.000000000000000000, 0.9921568627450980700, 0.9411764705882352800 ) ;
#4913 = SURFACE_STYLE_USAGE ( .BOTH. , #10273 ) ;
#4914 = CARTESIAN_POINT ( 'NONE',  ( 0.7941636171043936500, -0.1645284209415264800, -0.005280001234875305300 ) ) ;
#4915 = LINE ( 'NONE', #10213, #150 ) ;
#4916 = EDGE_LOOP ( 'NONE', ( #6106, #10069, #1869, #9188 ) ) ;
#4917 = AXIS2_PLACEMENT_3D ( 'NONE', #10579, #5241, #11493 ) ;
#4918 = UNCERTAINTY_MEASURE_WITH_UNIT (LENGTH_MEASURE( 1.000000000000000100E-005 ), #7815, 'distance_accuracy_value', 'NONE');
#4919 = LINE ( 'NONE', #5387, #6999 ) ;
#4920 = CARTESIAN_POINT ( 'NONE',  ( -0.7964615228356259900, 0.1491957449593053800, 0.1703413634112843900 ) ) ;
#4921 =( NAMED_UNIT ( * ) PLANE_ANGLE_UNIT ( ) SI_UNIT ( $, .RADIAN. ) );
#4922 =( NAMED_UNIT ( * ) SI_UNIT ( $, .STERADIAN. ) SOLID_ANGLE_UNIT ( ) );
#4923 = DIRECTION ( 'NONE',  ( -0.4565542962319354400, 0.8896955516310970400, 0.0000000000000000000 ) ) ;
#4924 = VERTEX_POINT ( 'NONE', #5829 ) ;
#4925 = ORIENTED_EDGE ( 'NONE', *, *, #4965, .T. ) ;
#4926 = CARTESIAN_POINT ( 'NONE',  ( 0.8000000000000000400, 0.1749999999999999600, 0.0000000000000000000 ) ) ;
#4927 = UNCERTAINTY_MEASURE_WITH_UNIT (LENGTH_MEASURE( 1.000000000000000100E-005 ), #11264, 'distance_accuracy_value', 'NONE');
#4928 = DIRECTION ( 'NONE',  ( 0.0000000000000000000, 0.0000000000000000000, 1.000000000000000000 ) ) ;
#4929 = PRESENTATION_LAYER_ASSIGNMENT (  '', '', ( #4353 ) ) ;
#4930 = EDGE_LOOP ( 'NONE', ( #3281, #332, #8686, #1894, #10895, #1974 ) ) ;
#4931 = DIRECTION ( 'NONE',  ( -0.06249999999999743300, 0.9980449639169571800, 8.131516293641280100E-015 ) ) ;
#4932 =( GEOMETRIC_REPRESENTATION_CONTEXT ( 3 ) GLOBAL_UNCERTAINTY_ASSIGNED_CONTEXT ( ( #3262 ) ) GLOBAL_UNIT_ASSIGNED_CONTEXT ( ( #10285, #4921, #11170 ) ) REPRESENTATION_CONTEXT ( 'NONE', 'WORKASPACE' ) );
#4933 =( LENGTH_UNIT ( ) NAMED_UNIT ( * ) SI_UNIT ( .MILLI., .METRE. ) );
#4934 = CARTESIAN_POINT ( 'NONE',  ( 0.7906249999999998000, -0.1497067445875435200, 0.004142135623731001700 ) ) ;
#4935 = ORIENTED_EDGE ( 'NONE', *, *, #1505, .F. ) ;
#4936 = FILL_AREA_STYLE ('',( #8480 ) ) ;
#4937 = CARTESIAN_POINT ( 'NONE',  ( -0.8056983668750095100, -0.1559519779327381600, 0.1601389114025243700 ) ) ;
#4938 = CARTESIAN_POINT ( 'NONE',  ( 0.7906889315499396900, 0.1502877917503757700, 0.005240933610754078100 ) ) ;
#4939 = ORIENTED_EDGE ( 'NONE', *, *, #10503, .T. ) ;
#4940 = DIRECTION ( 'NONE',  ( -0.0000000000000000000, -0.0000000000000000000, -1.000000000000000000 ) ) ;
#4941 = VERTEX_POINT ( 'NONE', #502 ) ;
#4942 = EDGE_CURVE ( 'NONE', #4047, #6279, #11237, .T. ) ;
#4943 = CARTESIAN_POINT ( 'NONE',  ( 1.461310996108919900, 1.980050006160170200, 0.0000000000000000000 ) ) ;
#4944 =( GEOMETRIC_REPRESENTATION_CONTEXT ( 3 ) GLOBAL_UNCERTAINTY_ASSIGNED_CONTEXT ( ( #3437 ) ) GLOBAL_UNIT_ASSIGNED_CONTEXT ( ( #11295, #11341, #11384 ) ) REPRESENTATION_CONTEXT ( 'NONE', 'WORKASPACE' ) );
#4945 = FILL_AREA_STYLE ('',( #9312 ) ) ;
#4946 = PLANE ( 'NONE',  #6529 ) ;
#4947 = CIRCLE ( 'NONE', #429, 0.05080000000000000500 ) ;
#4948 = VECTOR ( 'NONE', #7432, 1000.000000000000000 ) ;
#4949 = CARTESIAN_POINT ( 'NONE',  ( 0.4514535246750240900, 0.3516608847354834600, 0.6299027702572723700 ) ) ;
#4950 = VECTOR ( 'NONE', #1638, 1000.000000000000000 ) ;
#4951 = ADVANCED_BREP_SHAPE_REPRESENTATION ( '', ( #4736, #10318, #3980 ), #9998 ) ;
#4952 = STYLED_ITEM ( 'NONE', ( #9404 ), #4088 ) ;
#4953 = ORIENTED_EDGE ( 'NONE', *, *, #3013, .F. ) ;
#4954 = DIRECTION ( 'NONE',  ( -0.0000000000000000000, 1.000000000000000000, 0.0000000000000000000 ) ) ;
#4955 =( NAMED_UNIT ( * ) PLANE_ANGLE_UNIT ( ) SI_UNIT ( $, .RADIAN. ) );
#4956 = COLOUR_RGB ( '',0.8627450980392157300, 0.6274509803921568500, 0.05882352941176470500 ) ;
#4957 = CARTESIAN_POINT ( 'NONE',  ( 0.4000000000000000200, -0.3499999999999999800, 0.0000000000000000000 ) ) ;
#4958 = VECTOR ( 'NONE', #5556, 1000.000000000000000 ) ;
#4959 = VERTEX_POINT ( 'NONE', #9458 ) ;
#4960 = VECTOR ( 'NONE', #2237, 1000.000000000000000 ) ;
#4961 = FACE_OUTER_BOUND ( 'NONE', #7920, .T. ) ;
#4962 = ADVANCED_FACE ( 'NONE', ( #1721 ), #7644, .T. ) ;
#4963 = ADVANCED_FACE ( 'NONE', ( #3346 ), #1426, .T. ) ;
#4964 = AXIS2_PLACEMENT_3D ( 'NONE', #6036, #4247, #4288 ) ;
#4965 = EDGE_CURVE ( 'NONE', #4632, #10167, #9332, .T. ) ;
#4966 = CARTESIAN_POINT ( 'NONE',  ( 0.7960104076400853500, 0.1540413993313949300, 0.1756568542494925700 ) ) ;
#4967 = AXIS2_PLACEMENT_3D ( 'NONE', #2455, #8706, #3370 ) ;
#4968 = MECHANICAL_DESIGN_GEOMETRIC_PRESENTATION_REPRESENTATION (  '', ( #3786 ), #5596 ) ;
#4969 = ORIENTED_EDGE ( 'NONE', *, *, #1342, .T. ) ;
#4970 = VECTOR ( 'NONE', #6051, 1000.000000000000000 ) ;
#4971 = DIRECTION ( 'NONE',  ( 0.0000000000000000000, 1.000000000000000000, 0.0000000000000000000 ) ) ;
#4972 = CARTESIAN_POINT ( 'NONE',  ( -0.4000000000000000200, 0.3499999999999999800, 0.02000000000000000000 ) ) ;
#4973 = VECTOR ( 'NONE', #2560, 1000.000000000000000 ) ;
#4974 = PRESENTATION_STYLE_ASSIGNMENT (( #6500 ) ) ;
#4975 = FILL_AREA_STYLE ('',( #9384 ) ) ;
#4976 = FACE_OUTER_BOUND ( 'NONE', #1968, .T. ) ;
#4977 = CARTESIAN_POINT ( 'NONE',  ( -0.8000000000000000400, 0.0000000000000000000, 0.009999999999999998500 ) ) ;
#4978 = CARTESIAN_POINT ( 'NONE',  ( 0.7900000000000000400, 0.0000000000000000000, 0.1799999999999999900 ) ) ;
#4979 =( GEOMETRIC_REPRESENTATION_CONTEXT ( 3 ) GLOBAL_UNCERTAINTY_ASSIGNED_CONTEXT ( ( #2319 ) ) GLOBAL_UNIT_ASSIGNED_CONTEXT ( ( #9899, #9824, #9785 ) ) REPRESENTATION_CONTEXT ( 'NONE', 'WORKASPACE' ) );
#4980 = UNCERTAINTY_MEASURE_WITH_UNIT (LENGTH_MEASURE( 1.000000000000000100E-005 ), #6948, 'distance_accuracy_value', 'NONE');
#4981 = ORIENTED_EDGE ( 'NONE', *, *, #6884, .F. ) ;
#4982 = MECHANICAL_DESIGN_GEOMETRIC_PRESENTATION_REPRESENTATION (  '', ( #3799 ), #5607 ) ;
#4983 = COLOUR_RGB ( '',0.8627450980392157300, 0.6274509803921568500, 0.05882352941176470500 ) ;
#4984 = CARTESIAN_POINT ( 'NONE',  ( 0.8000000000000000400, 0.5250000000000000200, 0.02000000000000000000 ) ) ;
#4985 = COLOUR_RGB ( '',0.0000000000000000000, 0.7019607843137254400, 0.9803921568627450600 ) ;
#4986 = STYLED_ITEM ( 'NONE', ( #5042 ), #9530 ) ;
#4987 = CARTESIAN_POINT ( 'NONE',  ( -0.7960104076400856800, 0.1540413993313948800, 0.1756568542494923700 ) ) ;
#4988 =( NAMED_UNIT ( * ) PLANE_ANGLE_UNIT ( ) SI_UNIT ( $, .RADIAN. ) );
#4989 = PRESENTATION_STYLE_ASSIGNMENT (( #3556 ) ) ;
#4990 = ORIENTED_EDGE ( 'NONE', *, *, #1209, .F. ) ;
#4991 = VERTEX_POINT ( 'NONE', #5103 ) ;
#4992 = EDGE_LOOP ( 'NONE', ( #11611, #6551, #4906, #11203, #6364 ) ) ;
#4993 = PRESENTATION_STYLE_ASSIGNMENT (( #11064 ) ) ;
#4994 =( LENGTH_UNIT ( ) NAMED_UNIT ( * ) SI_UNIT ( .MILLI., .METRE. ) );
#4995 =( NAMED_UNIT ( * ) PLANE_ANGLE_UNIT ( ) SI_UNIT ( $, .RADIAN. ) );
#4996 = UNCERTAINTY_MEASURE_WITH_UNIT (LENGTH_MEASURE( 1.000000000000000100E-005 ), #10044, 'distance_accuracy_value', 'NONE');
#4997 = ORIENTED_EDGE ( 'NONE', *, *, #10687, .T. ) ;
#4998 = COLOUR_RGB ( '',0.8627450980392157300, 0.6274509803921568500, 0.05882352941176470500 ) ;
#4999 = VECTOR ( 'NONE', #3876, 1000.000000000000000 ) ;
#5000 = LINE ( 'NONE', #10550, #7083 ) ;
#5001 = CARTESIAN_POINT ( 'NONE',  ( -0.4000000000000000200, -0.3499999999999999800, 0.0000000000000000000 ) ) ;
#5002 = LINE ( 'NONE', #8727, #9471 ) ;
#5003 = DIRECTION ( 'NONE',  ( 0.0000000000000000000, 1.000000000000000000, 0.0000000000000000000 ) ) ;
#5004 = CARTESIAN_POINT ( 'NONE',  ( -0.7899999999999998100, 0.1596871942267131000, 0.1700000000000000100 ) ) ;
#5005 = AXIS2_PLACEMENT_3D ( 'NONE', #5125, #11378, #6000 ) ;
#5006 = ORIENTED_EDGE ( 'NONE', *, *, #2625, .T. ) ;
#5007 = DIRECTION ( 'NONE',  ( 1.000000000000000000, 0.0000000000000000000, 0.0000000000000000000 ) ) ;
#5008 =( GEOMETRIC_REPRESENTATION_CONTEXT ( 3 ) GLOBAL_UNCERTAINTY_ASSIGNED_CONTEXT ( ( #2911 ) ) GLOBAL_UNIT_ASSIGNED_CONTEXT ( ( #11523, #6149, #777 ) ) REPRESENTATION_CONTEXT ( 'NONE', 'WORKASPACE' ) );
#5009 = VERTEX_POINT ( 'NONE', #3297 ) ;
#5010 = ORIENTED_EDGE ( 'NONE', *, *, #3369, .F. ) ;
#5011 = SURFACE_STYLE_FILL_AREA ( #7938 ) ;
#5012 = VERTEX_POINT ( 'NONE', #9544 ) ;
#5013 = CIRCLE ( 'NONE', #6123, 0.05080000000000000500 ) ;
#5014 = FACE_OUTER_BOUND ( 'NONE', #1460, .T. ) ;
#5015 =( NAMED_UNIT ( * ) PLANE_ANGLE_UNIT ( ) SI_UNIT ( $, .RADIAN. ) );
#5016 = VERTEX_POINT ( 'NONE', #1513 ) ;
#5017 = APPLICATION_CONTEXT ( 'automotive_design' ) ;
#5018 = CARTESIAN_POINT ( 'NONE',  ( 0.7960104076400861300, -0.1540413993313951300, 0.1756568542494924000 ) ) ;
#5019 = SURFACE_STYLE_USAGE ( .BOTH. , #10377 ) ;
#5020 = CARTESIAN_POINT ( 'NONE',  ( -0.7922123193543254600, -0.1689677469128607100, 0.1868268514104750600 ) ) ;
#5021 = EDGE_CURVE ( 'NONE', #9308, #6254, #4619, .T. ) ;
#5022 = LINE ( 'NONE', #8513, #2653 ) ;
#5023 = CARTESIAN_POINT ( 'NONE',  ( 1.619853569015348800, 2.022359678402379400, 0.0000000000000000000 ) ) ;
#5024 = MECHANICAL_DESIGN_GEOMETRIC_PRESENTATION_REPRESENTATION (  '', ( #3821 ), #5629 ) ;
#5025 = ORIENTED_EDGE ( 'NONE', *, *, #10187, .T. ) ;
#5026 = SURFACE_STYLE_FILL_AREA ( #6688 ) ;
#5027 = CARTESIAN_POINT ( 'NONE',  ( 1.574484039804199900, 2.001359678760009900, 0.0000000000000000000 ) ) ;
#5028 = DIRECTION ( 'NONE',  ( 0.0000000000000000000, 0.0000000000000000000, 1.000000000000000000 ) ) ;
#5029 = ADVANCED_FACE ( 'NONE', ( #112 ), #10456, .T. ) ;
#5030 = STYLED_ITEM ( 'NONE', ( #441 ), #8651 ) ;
#5031 = ADVANCED_FACE ( 'NONE', ( #8487 ), #6869, .F. ) ;
#5032 =( NAMED_UNIT ( * ) SI_UNIT ( $, .STERADIAN. ) SOLID_ANGLE_UNIT ( ) );
#5033 =( LENGTH_UNIT ( ) NAMED_UNIT ( * ) SI_UNIT ( .MILLI., .METRE. ) );
#5034 =( GEOMETRIC_REPRESENTATION_CONTEXT ( 3 ) GLOBAL_UNCERTAINTY_ASSIGNED_CONTEXT ( ( #10842 ) ) GLOBAL_UNIT_ASSIGNED_CONTEXT ( ( #9260, #3924, #10186 ) ) REPRESENTATION_CONTEXT ( 'NONE', 'WORKASPACE' ) );
#5035 = PRESENTATION_STYLE_ASSIGNMENT (( #10067 ) ) ;
#5036 = CARTESIAN_POINT ( 'NONE',  ( -0.7955363292937874800, 0.1591337124127559000, 0.1812429199179750000 ) ) ;
#5037 =( LENGTH_UNIT ( ) NAMED_UNIT ( * ) SI_UNIT ( .MILLI., .METRE. ) );
#5038 =( LENGTH_UNIT ( ) NAMED_UNIT ( * ) SI_UNIT ( .MILLI., .METRE. ) );
#5039 = VECTOR ( 'NONE', #1127, 1000.000000000000000 ) ;
#5040 = PLANE ( 'NONE',  #2686 ) ;
#5041 = ORIENTED_EDGE ( 'NONE', *, *, #10225, .T. ) ;
#5042 = PRESENTATION_STYLE_ASSIGNMENT (( #7319 ) ) ;
#5043 = EDGE_CURVE ( 'NONE', #6279, #956, #2915, .T. ) ;
#5044 =( LENGTH_UNIT ( ) NAMED_UNIT ( * ) SI_UNIT ( .MILLI., .METRE. ) );
#5045 = EDGE_CURVE ( 'NONE', #6770, #10885, #918, .T. ) ;
#5046 = CARTESIAN_POINT ( 'NONE',  ( 0.7851471862576143700, -0.3958578643762689600, 0.1800000000000000800 ) ) ;
#5047 = EDGE_CURVE ( 'NONE', #2684, #241, #5324, .T. ) ;
#5048 = CARTESIAN_POINT ( 'NONE',  ( -0.7900000000000001500, -0.1596871942267131000, 0.01000000000000000000 ) ) ;
#5049 = MECHANICAL_DESIGN_GEOMETRIC_PRESENTATION_REPRESENTATION (  '', ( #3839 ), #5647 ) ;
#5050 = STYLED_ITEM ( 'NONE', ( #5952 ), #3856 ) ;
#5051 = CARTESIAN_POINT ( 'NONE',  ( -0.6400000000000002400, -0.08914254706787534700, 0.0000000000000000000 ) ) ;
#5052 = CARTESIAN_POINT ( 'NONE',  ( -0.1991441109234209900, -0.1499999999999999900, 0.0000000000000000000 ) ) ;
#5053 =( LENGTH_UNIT ( ) NAMED_UNIT ( * ) SI_UNIT ( .MILLI., .METRE. ) );
#5054 = FACE_OUTER_BOUND ( 'NONE', #10766, .T. ) ;
#5055 = FILL_AREA_STYLE_COLOUR ( '', #783 ) ;
#5056 = CARTESIAN_POINT ( 'NONE',  ( 0.7900000000000001500, 0.3700000000000000000, 0.1700000000000000100 ) ) ;
#5057 =( BOUNDED_SURFACE ( )  B_SPLINE_SURFACE ( 3, 3, ( 
 ( #697, #4308, #10555, #5219 ),
 ( #11476, #6093, #728, #6976 ),
 ( #1623, #7877, #2540, #8797 ),
 ( #3449, #9700, #4351, #10605 ) ),
 .UNSPECIFIED., .F., .F., .F. ) 
 B_SPLINE_SURFACE_WITH_KNOTS ( ( 4, 4 ),
 ( 4, 4 ),
 ( 0.0000000000000000000, 1.000000000000000000 ),
 ( 0.0000000000000000000, 1.000000000000000000 ),
 .UNSPECIFIED. ) 
 GEOMETRIC_REPRESENTATION_ITEM ( )  RATIONAL_B_SPLINE_SURFACE ( (
 ( 1.000000000000000000, 0.3333333333333322000, 0.3333333333333322000, 1.000000000000000000),
 ( 0.9299384305661943000, 0.3099794768553970600, 0.3099794768553970600, 0.9299384305661943000),
 ( 0.9299384305661943000, 0.3099794768553970600, 0.3099794768553970600, 0.9299384305661943000),
 ( 1.000000000000000000, 0.3333333333333322000, 0.3333333333333322000, 1.000000000000000000) ) ) 
 REPRESENTATION_ITEM ( '' )  SURFACE ( )  );
#5058 = ORIENTED_EDGE ( 'NONE', *, *, #13, .T. ) ;
#5059 = APPLICATION_PROTOCOL_DEFINITION ( 'draft international standard', 'automotive_design', 1998, #10409 ) ;
#5060 = CARTESIAN_POINT ( 'NONE',  ( 0.7880911030393226200, -0.1504694589883744100, 0.1733748288059403200 ) ) ;
#5061 = EDGE_CURVE ( 'NONE', #4819, #567, #9789, .T. ) ;
#5062 = SURFACE_SIDE_STYLE ('',( #963 ) ) ;
#5063 = VECTOR ( 'NONE', #2936, 1000.000000000000000 ) ;
#5064 = STYLED_ITEM ( 'NONE', ( #10470 ), #6159 ) ;
#5065 = STYLED_ITEM ( 'NONE', ( #7796 ), #4963 ) ;
#5066 = SURFACE_STYLE_USAGE ( .BOTH. , #5152 ) ;
#5067 = CARTESIAN_POINT ( 'NONE',  ( -0.7808758610888694200, -0.1568991654936684500, 0.1868268514104751100 ) ) ;
#5068 = STYLED_ITEM ( 'NONE', ( #6848 ), #9237 ) ;
#5069 = CARTESIAN_POINT ( 'NONE',  ( 1.581427313591950100, 1.984307814983659700, 0.0000000000000000000 ) ) ;
#5070 = ORIENTED_EDGE ( 'NONE', *, *, #6861, .F. ) ;
#5071 = DIRECTION ( 'NONE',  ( 1.000000000000000000, 0.0000000000000000000, 0.0000000000000000000 ) ) ;
#5072 = ORIENTED_EDGE ( 'NONE', *, *, #5626, .F. ) ;
#5073 = DIRECTION ( 'NONE',  ( 0.4534063869137217000, -0.8913039034503577000, 0.0000000000000000000 ) ) ;
#5074 = DIRECTION ( 'NONE',  ( 1.000000000000000000, 0.0000000000000000000, 0.0000000000000000000 ) ) ;
#5075 = CARTESIAN_POINT ( 'NONE',  ( 0.7906249999999999100, -0.1497067445875435200, 0.1799999999999999900 ) ) ;
#5076 =( NAMED_UNIT ( * ) PLANE_ANGLE_UNIT ( ) SI_UNIT ( $, .RADIAN. ) );
#5077 =( LENGTH_UNIT ( ) NAMED_UNIT ( * ) SI_UNIT ( .MILLI., .METRE. ) );
#5078 = CARTESIAN_POINT ( 'NONE',  ( -0.8000000000000000400, 0.1749999999999999900, 0.02000000000000000000 ) ) ;
#5079 = EDGE_LOOP ( 'NONE', ( #6579, #9173, #5108, #7177, #9531 ) ) ;
#5080 = ORIENTED_EDGE ( 'NONE', *, *, #5498, .T. ) ;
#5081 = DIRECTION ( 'NONE',  ( 1.000000000000000000, 0.0000000000000000000, 0.0000000000000000000 ) ) ;
#5082 = CARTESIAN_POINT ( 'NONE',  ( 0.7958578643762691500, -0.3851471862576142900, 0.1800000000000000800 ) ) ;
#5083 = SURFACE_STYLE_USAGE ( .BOTH. , #10438 ) ;
#5084 = LINE ( 'NONE', #5792, #9852 ) ;
#5085 = DIRECTION ( 'NONE',  ( 1.000000000000000000, 0.0000000000000000000, -0.0000000000000000000 ) ) ;
#5086 = CARTESIAN_POINT ( 'NONE',  ( -0.4000000000000000200, 0.3499999999999999800, 0.02000000000000000000 ) ) ;
#5087 = ADVANCED_FACE ( 'NONE', ( #242 ), #9711, .T. ) ;
#5088 = CARTESIAN_POINT ( 'NONE',  ( 0.8000000000000000400, -0.1850000000000000000, 0.1599999999999999800 ) ) ;
#5089 = CONTEXT_DEPENDENT_SHAPE_REPRESENTATION ( #5976, #7688 ) ;
#5090 = ADVANCED_FACE ( 'NONE', ( #4165 ), #1682, .T. ) ;
#5091 = EDGE_LOOP ( 'NONE', ( #5985, #2843, #2785, #10557 ) ) ;
#5092 =( LENGTH_UNIT ( ) NAMED_UNIT ( * ) SI_UNIT ( .MILLI., .METRE. ) );
#5093 =( NAMED_UNIT ( * ) SI_UNIT ( $, .STERADIAN. ) SOLID_ANGLE_UNIT ( ) );
#5094 = ADVANCED_FACE ( 'NONE', ( #3334 ), #829, .F. ) ;
#5095 = FACE_OUTER_BOUND ( 'NONE', #4362, .T. ) ;
#5096 = EDGE_CURVE ( 'NONE', #8628, #4623, #9319, .T. ) ;
#5097 = CARTESIAN_POINT ( 'NONE',  ( 0.7960104076400855700, -0.1540413993313949100, 0.004343145750507483100 ) ) ;
#5098 =( GEOMETRIC_REPRESENTATION_CONTEXT ( 3 ) GLOBAL_UNCERTAINTY_ASSIGNED_CONTEXT ( ( #8711 ) ) GLOBAL_UNIT_ASSIGNED_CONTEXT ( ( #55, #22, #1629 ) ) REPRESENTATION_CONTEXT ( 'NONE', 'WORKASPACE' ) );
#5099 =( LENGTH_UNIT ( ) NAMED_UNIT ( * ) SI_UNIT ( .MILLI., .METRE. ) );
#5100 =( REPRESENTATION_RELATIONSHIP ('NONE','NONE', #5525, #1540 ) REPRESENTATION_RELATIONSHIP_WITH_TRANSFORMATION ( #10129 )SHAPE_REPRESENTATION_RELATIONSHIP( ) );
#5101 =( LENGTH_UNIT ( ) NAMED_UNIT ( * ) SI_UNIT ( .MILLI., .METRE. ) );
#5103 = CARTESIAN_POINT ( 'NONE',  ( 1.464646490379500000, 2.014732339443119800, 0.0000000000000000000 ) ) ;
#5102 = AXIS2_PLACEMENT_3D ( 'NONE', #3973, #10243, #4877 ) ;
#5104 = ORIENTED_EDGE ( 'NONE', *, *, #6585, .F. ) ;
#5105 = LINE ( 'NONE', #11375, #9869 ) ;
#5106 = CARTESIAN_POINT ( 'NONE',  ( -0.7877028816975197900, -0.1504862962823546900, 0.1731728101931744300 ) ) ;
#5107 = FILL_AREA_STYLE_COLOUR ( '', #4983 ) ;
#5108 = ORIENTED_EDGE ( 'NONE', *, *, #9457, .T. ) ;
#5109 = FILL_AREA_STYLE ('',( #11361 ) ) ;
#5110 = CIRCLE ( 'NONE', #3446, 0.01000000000000000000 ) ;
#5112 = UNCERTAINTY_MEASURE_WITH_UNIT (LENGTH_MEASURE( 1.000000000000000100E-005 ), #11159, 'distance_accuracy_value', 'NONE');
#5111 =( LENGTH_UNIT ( ) NAMED_UNIT ( * ) SI_UNIT ( .MILLI., .METRE. ) );
#5113 = EDGE_CURVE ( 'NONE', #824, #1225, #2483, .T. ) ;
#5114 = DIRECTION ( 'NONE',  ( -1.000000000000000000, 0.0000000000000000000, 0.0000000000000000000 ) ) ;
#5115 = STYLED_ITEM ( 'NONE', ( #1687 ), #2852 ) ;
#5116 = EDGE_CURVE ( 'NONE', #2332, #10535, #99, .T. ) ;
#5117 = FILL_AREA_STYLE_COLOUR ( '', #11542 ) ;
#5118 = CARTESIAN_POINT ( 'NONE',  ( 1.598172856298110100, 1.982265675680380000, 0.0000000000000000000 ) ) ;
#5119 = CYLINDRICAL_SURFACE ( 'NONE', #7337, 0.05080000000000000500 ) ;
#5120 = AXIS2_PLACEMENT_3D ( 'NONE', #6471, #2894, #1119 ) ;
#5121 = CARTESIAN_POINT ( 'NONE',  ( 1.558006294300130000, 2.014051626326669900, 0.0000000000000000000 ) ) ;
#5122 = ORIENTED_EDGE ( 'NONE', *, *, #1485, .F. ) ;
#5123 = ORIENTED_EDGE ( 'NONE', *, *, #11094, .T. ) ;
#5124 = PRESENTATION_STYLE_ASSIGNMENT (( #5839 ) ) ;
#5125 = CARTESIAN_POINT ( 'NONE',  ( 1.646673668681170000, 1.974774644385469700, 0.0000000000000000000 ) ) ;
#5126 = DIRECTION ( 'NONE',  ( 0.0000000000000000000, 1.000000000000000000, 0.0000000000000000000 ) ) ;
#5127 = DIRECTION ( 'NONE',  ( 0.0000000000000000000, -1.000000000000000000, 0.0000000000000000000 ) ) ;
#5128 = LINE ( 'NONE', #6559, #2742 ) ;
#5129 = DIRECTION ( 'NONE',  ( 0.0000000000000000000, 0.0000000000000000000, -1.000000000000000000 ) ) ;
#5130 =( NAMED_UNIT ( * ) SI_UNIT ( $, .STERADIAN. ) SOLID_ANGLE_UNIT ( ) );
#5131 = PRESENTATION_STYLE_ASSIGNMENT (( #4382 ) ) ;
#5132 = FILL_AREA_STYLE ('',( #3327 ) ) ;
#5133 = ORIENTED_EDGE ( 'NONE', *, *, #11013, .F. ) ;
#5134 = COLOUR_RGB ( '',0.8627450980392157300, 0.6274509803921568500, 0.05882352941176470500 ) ;
#5135 = DIRECTION ( 'NONE',  ( -1.000000000000000000, -0.0000000000000000000, -0.0000000000000000000 ) ) ;
#5136 = STYLED_ITEM ( 'NONE', ( #2459 ), #550 ) ;
#5137 = EDGE_CURVE ( 'NONE', #2489, #7482, #6942, .T. ) ;
#5138 =( NAMED_UNIT ( * ) PLANE_ANGLE_UNIT ( ) SI_UNIT ( $, .RADIAN. ) );
#5139 = MECHANICAL_DESIGN_GEOMETRIC_PRESENTATION_REPRESENTATION (  '', ( #3333 ), #5734 ) ;
#5140 = AXIS2_PLACEMENT_3D ( 'NONE', #9691, #4344, #10592 ) ;
#5141 = VECTOR ( 'NONE', #9479, 1000.000000000000000 ) ;
#5142 = CARTESIAN_POINT ( 'NONE',  ( 0.7990804081733012800, -0.1621684676773501600, 0.006625171194059591300 ) ) ;
#5143 = DIRECTION ( 'NONE',  ( 1.000000000000000000, 1.776356839400250900E-015, 0.0000000000000000000 ) ) ;
#5144 = LINE ( 'NONE', #5601, #349 ) ;
#5145 = VERTEX_POINT ( 'NONE', #7169 ) ;
#5146 = FILL_AREA_STYLE ('',( #8760 ) ) ;
#5147 = UNCERTAINTY_MEASURE_WITH_UNIT (LENGTH_MEASURE( 1.000000000000000100E-005 ), #2353, 'distance_accuracy_value', 'NONE');
#5148 = FILL_AREA_STYLE ('',( #3343 ) ) ;
#5149 = ORIENTED_EDGE ( 'NONE', *, *, #5573, .T. ) ;
#5150 = CYLINDRICAL_SURFACE ( 'NONE', #7795, 0.01000000000000002600 ) ;
#5151 = COLOUR_RGB ( '',0.8627450980392157300, 0.6274509803921568500, 0.05882352941176470500 ) ;
#5152 = SURFACE_SIDE_STYLE ('',( #7249 ) ) ;
#5153 = ORIENTED_EDGE ( 'NONE', *, *, #1081, .T. ) ;
#5154 = CIRCLE ( 'NONE', #3462, 0.05000000000000005100 ) ;
#5155 = VECTOR ( 'NONE', #4475, 1000.000000000000000 ) ;
#5156 = CARTESIAN_POINT ( 'NONE',  ( 0.7938037774165220800, 0.1516922620707500100, 0.1756568542494923700 ) ) ;
#5157 = FILL_AREA_STYLE ('',( #4871 ) ) ;
#5158 = ADVANCED_FACE ( 'NONE', ( #4315 ), #6296, .T. ) ;
#5159 = ADVANCED_FACE ( 'NONE', ( #8212 ), #7340, .T. ) ;
#5160 = STYLED_ITEM ( 'NONE', ( #5689 ), #6883 ) ;
#5161 = ORIENTED_EDGE ( 'NONE', *, *, #225, .F. ) ;
#5162 = CARTESIAN_POINT ( 'NONE',  ( -0.4480549931478379800, -0.2980549931478380100, 0.5999999999999999800 ) ) ;
#5163 = ORIENTED_EDGE ( 'NONE', *, *, #7745, .T. ) ;
#5164 = ORIENTED_EDGE ( 'NONE', *, *, #2244, .F. ) ;
#5165 = STYLED_ITEM ( 'NONE', ( #10482 ), #9719 ) ;
#5166 = LINE ( 'NONE', #6965, #2779 ) ;
#5167 = SURFACE_STYLE_USAGE ( .BOTH. , #10505 ) ;
#5168 = ADVANCED_FACE ( 'NONE', ( #9461 ), #3012, .T. ) ;
#5169 =( BOUNDED_CURVE ( )  B_SPLINE_CURVE ( 3, ( #6145, #6055, #4857, #6178 ),
 .UNSPECIFIED., .F., .F. ) 
 B_SPLINE_CURVE_WITH_KNOTS ( ( 4, 4 ),
 ( 2.363620831664864100, 3.919564475514722500 ),
 .UNSPECIFIED. ) 
 CURVE ( )  GEOMETRIC_REPRESENTATION_ITEM ( )  RATIONAL_B_SPLINE_CURVE ( ( 1.000000000000000000, 0.8082256338399256300, 0.8082256338399256300, 1.000000000000000000 ) ) 
 REPRESENTATION_ITEM ( '' )  );
#5170 = DIRECTION ( 'NONE',  ( 0.0000000000000000000, 0.0000000000000000000, 1.000000000000000000 ) ) ;
#5171 = ORIENTED_EDGE ( 'NONE', *, *, #7603, .T. ) ;
#5172 = PRESENTATION_STYLE_ASSIGNMENT (( #10943 ) ) ;
#5173 = SURFACE_STYLE_FILL_AREA ( #1432 ) ;
#5174 = DIRECTION ( 'NONE',  ( 0.0000000000000000000, 0.0000000000000000000, -1.000000000000000000 ) ) ;
#5175 = ORIENTED_EDGE ( 'NONE', *, *, #10076, .F. ) ;
#5176 = PLANE ( 'NONE',  #8574 ) ;
#5177 = ORIENTED_EDGE ( 'NONE', *, *, #1459, .T. ) ;
#5178 = CARTESIAN_POINT ( 'NONE',  ( 0.7958578643762690400, -0.3700000000000000500, 0.1800000000000000500 ) ) ;
#5179 = CARTESIAN_POINT ( 'NONE',  ( 1.543833400629000200, 2.001304665244250100, 0.1000000000000000100 ) ) ;
#5180 = VERTEX_POINT ( 'NONE', #1876 ) ;
#5181 = ORIENTED_EDGE ( 'NONE', *, *, #7316, .F. ) ;
#5182 = ORIENTED_EDGE ( 'NONE', *, *, #5856, .T. ) ;
#5183 = CARTESIAN_POINT ( 'NONE',  ( -0.7900000000000001500, -0.3700000000000000000, 0.1700000000000000100 ) ) ;
#5184 = ORIENTED_EDGE ( 'NONE', *, *, #594, .F. ) ;
#5185 = SURFACE_STYLE_FILL_AREA ( #8669 ) ;
#5186 = FILL_AREA_STYLE_COLOUR ( '', #2602 ) ;
#5187 = AXIS2_PLACEMENT_3D ( 'NONE', #2273, #8517, #3191 ) ;
#5188 = CARTESIAN_POINT ( 'NONE',  ( -0.1991441109234209900, 0.1499999999999999900, 0.1799999999999999700 ) ) ;
#5189 = MECHANICAL_DESIGN_GEOMETRIC_PRESENTATION_REPRESENTATION (  '', ( #3374 ), #5760 ) ;
#5190 = SURFACE_STYLE_FILL_AREA ( #3048 ) ;
#5191 = PLANE ( 'NONE',  #10416 ) ;
#5192 = ORIENTED_EDGE ( 'NONE', *, *, #9846, .T. ) ;
#5193 = VECTOR ( 'NONE', #4414, 1000.000000000000000 ) ;
#5194 = DIRECTION ( 'NONE',  ( -0.06249999999999743300, 0.9980449639169571800, -8.131516293641280100E-015 ) ) ;
#5195 = ORIENTED_EDGE ( 'NONE', *, *, #11036, .T. ) ;
#5196 = DIRECTION ( 'NONE',  ( -0.0000000000000000000, -0.0000000000000000000, -1.000000000000000000 ) ) ;
#5197 = FILL_AREA_STYLE ('',( #7764 ) ) ;
#5198 = EDGE_CURVE ( 'NONE', #4069, #7608, #1774, .T. ) ;
#5199 = CARTESIAN_POINT ( 'NONE',  ( -0.7947090617410305100, 0.1442529692437625700, 0.01986108859747564800 ) ) ;
#5200 =( GEOMETRIC_REPRESENTATION_CONTEXT ( 3 ) GLOBAL_UNCERTAINTY_ASSIGNED_CONTEXT ( ( #4295 ) ) GLOBAL_UNIT_ASSIGNED_CONTEXT ( ( #4350, #4128, #4092 ) ) REPRESENTATION_CONTEXT ( 'NONE', 'WORKASPACE' ) );
#5201 = SURFACE_SIDE_STYLE ('',( #9649 ) ) ;
#5202 =( NAMED_UNIT ( * ) SI_UNIT ( $, .STERADIAN. ) SOLID_ANGLE_UNIT ( ) );
#5203 = PRESENTATION_LAYER_ASSIGNMENT (  '', '', ( #4602 ) ) ;
#5204 = FILL_AREA_STYLE ('',( #6963 ) ) ;
#5205 = CARTESIAN_POINT ( 'NONE',  ( -0.6500000000000000200, 0.08357113787613317000, 0.004142135623730999900 ) ) ;
#5206 =( LENGTH_UNIT ( ) NAMED_UNIT ( * ) SI_UNIT ( .MILLI., .METRE. ) );
#5207 =( NAMED_UNIT ( * ) SI_UNIT ( $, .STERADIAN. ) SOLID_ANGLE_UNIT ( ) );
#5208 = VECTOR ( 'NONE', #1178, 1000.000000000000000 ) ;
#5209 = VERTEX_POINT ( 'NONE', #9293 ) ;
#5210 = CARTESIAN_POINT ( 'NONE',  ( -0.7700000000000002400, -0.4000000000000000800, 0.1700000000000000100 ) ) ;
#5211 = SURFACE_STYLE_USAGE ( .BOTH. , #10552 ) ;
#5212 = EDGE_CURVE ( 'NONE', #2096, #1492, #6252, .T. ) ;
#5213 = CARTESIAN_POINT ( 'NONE',  ( 0.7700000000000000200, -0.3999999999999999100, 0.1758578643762691300 ) ) ;
#5214 = EDGE_CURVE ( 'NONE', #6654, #3472, #4149, .T. ) ;
#5215 = CARTESIAN_POINT ( 'NONE',  ( 1.512875014679730300, 1.980050006160170200, 0.0000000000000000000 ) ) ;
#5216 =( GEOMETRIC_REPRESENTATION_CONTEXT ( 3 ) GLOBAL_UNCERTAINTY_ASSIGNED_CONTEXT ( ( #10681 ) ) GLOBAL_UNIT_ASSIGNED_CONTEXT ( ( #5092, #11345, #5965 ) ) REPRESENTATION_CONTEXT ( 'NONE', 'WORKASPACE' ) );
#5217 = PRESENTATION_LAYER_ASSIGNMENT (  '', '', ( #3996 ) ) ;
#5218 = FACE_OUTER_BOUND ( 'NONE', #3483, .T. ) ;
#5219 = CARTESIAN_POINT ( 'NONE',  ( -0.4745170327464609500, -0.3245170327464609900, 0.6331590247227177900 ) ) ;
#5220 = ADVANCED_FACE ( 'NONE', ( #8331 ), #5150, .T. ) ;
#5221 = ORIENTED_EDGE ( 'NONE', *, *, #8863, .T. ) ;
#5222 = DIRECTION ( 'NONE',  ( 1.000000000000000000, 0.0000000000000000000, 0.0000000000000000000 ) ) ;
#5223 = UNCERTAINTY_MEASURE_WITH_UNIT (LENGTH_MEASURE( 1.000000000000000100E-005 ), #6911, 'distance_accuracy_value', 'NONE');
#5224 = EDGE_LOOP ( 'NONE', ( #3062, #6590, #4613, #10917, #2092 ) ) ;
#5225 = DIRECTION ( 'NONE',  ( 0.0000000000000000000, 0.0000000000000000000, -1.000000000000000000 ) ) ;
#5226 =( LENGTH_UNIT ( ) NAMED_UNIT ( * ) SI_UNIT ( .MILLI., .METRE. ) );
#5227 = CARTESIAN_POINT ( 'NONE',  ( 1.558006294300130000, 1.980050006160170200, 0.0000000000000000000 ) ) ;
#5228 = PLANE ( 'NONE',  #5287 ) ;
#5229 = ORIENTED_EDGE ( 'NONE', *, *, #1015, .T. ) ;
#5230 =( GEOMETRIC_REPRESENTATION_CONTEXT ( 3 ) GLOBAL_UNCERTAINTY_ASSIGNED_CONTEXT ( ( #1115 ) ) GLOBAL_UNIT_ASSIGNED_CONTEXT ( ( #7774, #7820, #7857 ) ) REPRESENTATION_CONTEXT ( 'NONE', 'WORKASPACE' ) );
#5231 = SURFACE_STYLE_USAGE ( .BOTH. , #10574 ) ;
#5232 =( NAMED_UNIT ( * ) PLANE_ANGLE_UNIT ( ) SI_UNIT ( $, .RADIAN. ) );
#5233 = ORIENTED_EDGE ( 'NONE', *, *, #843, .T. ) ;
#5234 = PRESENTATION_LAYER_ASSIGNMENT (  '', '', ( #3423 ) ) ;
#5235 =( GEOMETRIC_REPRESENTATION_CONTEXT ( 3 ) GLOBAL_UNCERTAINTY_ASSIGNED_CONTEXT ( ( #8231 ) ) GLOBAL_UNIT_ASSIGNED_CONTEXT ( ( #3582, #9838, #4493 ) ) REPRESENTATION_CONTEXT ( 'NONE', 'WORKASPACE' ) );
#5236 = FILL_AREA_STYLE ('',( #5433 ) ) ;
#5237 = UNCERTAINTY_MEASURE_WITH_UNIT (LENGTH_MEASURE( 1.000000000000000100E-005 ), #10912, 'distance_accuracy_value', 'NONE');
#5238 = FACE_OUTER_BOUND ( 'NONE', #9117, .T. ) ;
#5239 = STYLED_ITEM ( 'NONE', ( #9965 ), #9474 ) ;
#5240 =( NAMED_UNIT ( * ) PLANE_ANGLE_UNIT ( ) SI_UNIT ( $, .RADIAN. ) );
#5241 = DIRECTION ( 'NONE',  ( 0.0000000000000000000, -1.000000000000000000, 0.0000000000000000000 ) ) ;
#5242 = SURFACE_STYLE_USAGE ( .BOTH. , #5201 ) ;
#5243 = VERTEX_POINT ( 'NONE', #3991 ) ;
#5244 =( NAMED_UNIT ( * ) SI_UNIT ( $, .STERADIAN. ) SOLID_ANGLE_UNIT ( ) );
#5245 =( NAMED_UNIT ( * ) SI_UNIT ( $, .STERADIAN. ) SOLID_ANGLE_UNIT ( ) );
#5246 = CARTESIAN_POINT ( 'NONE',  ( 0.8000000000000000400, 0.1749999999999999900, 0.02000000000000000000 ) ) ;
#5247 =( NAMED_UNIT ( * ) PLANE_ANGLE_UNIT ( ) SI_UNIT ( $, .RADIAN. ) );
#5248 = DIRECTION ( 'NONE',  ( 1.000000000000000000, 0.0000000000000000000, -0.0000000000000000000 ) ) ;
#5249 = COLOUR_RGB ( '',0.0000000000000000000, 0.7019607843137254400, 0.9803921568627450600 ) ;
#5250 = CARTESIAN_POINT ( 'NONE',  ( -0.8000000000000001600, -0.3699999999999996600, 0.1700000000000000100 ) ) ;
#5251 = PRESENTATION_LAYER_ASSIGNMENT (  '', '', ( #5819 ) ) ;
#5252 = ORIENTED_EDGE ( 'NONE', *, *, #10367, .T. ) ;
#5253 = CARTESIAN_POINT ( 'NONE',  ( 0.7875735931288072600, -0.3999999999999998600, 0.1758578643762691300 ) ) ;
#5254 = AXIS2_PLACEMENT_3D ( 'NONE', #5056, #11312, #5932 ) ;
#5255 = COLOUR_RGB ( '',1.000000000000000000, 0.9921568627450980700, 0.9411764705882352800 ) ;
#5256 = LINE ( 'NONE', #319, #9413 ) ;
#5257 = DIRECTION ( 'NONE',  ( -1.000000000000000000, 0.0000000000000000000, 0.0000000000000000000 ) ) ;
#5258 = LINE ( 'NONE', #6104, #9721 ) ;
#5259 = DIRECTION ( 'NONE',  ( 0.4123105625617682300, -0.3872983346207339300, 0.8246211251235349100 ) ) ;
#5260 = ORIENTED_EDGE ( 'NONE', *, *, #8301, .F. ) ;
#5261 = EDGE_CURVE ( 'NONE', #2618, #4873, #9909, .T. ) ;
#5262 = CARTESIAN_POINT ( 'NONE',  ( 1.487246165845520100, 2.014732339443119800, 0.0000000000000000000 ) ) ;
#5263 = PRESENTATION_LAYER_ASSIGNMENT (  '', '', ( #4664 ) ) ;
#5264 = SURFACE_STYLE_USAGE ( .BOTH. , #10616 ) ;
#5265 = VECTOR ( 'NONE', #1932, 1000.000000000000000 ) ;
#5266 = ORIENTED_EDGE ( 'NONE', *, *, #6300, .T. ) ;
#5267 = LINE ( 'NONE', #403, #2866 ) ;
#5268 = COLOUR_RGB ( '',0.0000000000000000000, 0.3725490196078431500, 0.5490196078431373000 ) ;
#5269 = FILL_AREA_STYLE_COLOUR ( '', #2102 ) ;
#5271 = CARTESIAN_POINT ( 'NONE',  ( -0.6400000000000000100, 0.0000000000000000000, 0.01000000000000000000 ) ) ;
#5270 = AXIS2_PLACEMENT_3D ( 'NONE', #14, #6276, #916 ) ;
#5272 = DIRECTION ( 'NONE',  ( 0.0000000000000000000, 1.000000000000000000, 0.0000000000000000000 ) ) ;
#5273 = CARTESIAN_POINT ( 'NONE',  ( 0.8000000000000000400, 0.1850000000000000000, 0.1600000000000000000 ) ) ;
#5274 = CARTESIAN_POINT ( 'NONE',  ( 1.617130716549560100, 2.016573616912579900, 0.1000000000000000100 ) ) ;
#5275 = PLANE ( 'NONE',  #10918 ) ;
#5276 = SURFACE_STYLE_FILL_AREA ( #9139 ) ;
#5277 =( LENGTH_UNIT ( ) NAMED_UNIT ( * ) SI_UNIT ( .MILLI., .METRE. ) );
#5278 = ADVANCED_FACE ( 'NONE', ( #7483 ), #11179, .F. ) ;
#5279 = ORIENTED_EDGE ( 'NONE', *, *, #7861, .T. ) ;
#5280 = PRESENTATION_STYLE_ASSIGNMENT (( #3667 ) ) ;
#5281 = DIRECTION ( 'NONE',  ( -0.0000000000000000000, 1.000000000000000000, 0.0000000000000000000 ) ) ;
#5282 = COLOUR_RGB ( '',0.0000000000000000000, 0.7019607843137254400, 0.9803921568627450600 ) ;
#5283 =( NAMED_UNIT ( * ) PLANE_ANGLE_UNIT ( ) SI_UNIT ( $, .RADIAN. ) );
#5284 = EDGE_CURVE ( 'NONE', #2321, #7887, #1907, .T. ) ;
#5285 = SURFACE_SIDE_STYLE ('',( #4262 ) ) ;
#5286 = VECTOR ( 'NONE', #4428, 1000.000000000000000 ) ;
#5287 = AXIS2_PLACEMENT_3D ( 'NONE', #5316, #11560, #6179 ) ;
#5288 = EDGE_CURVE ( 'NONE', #9069, #1013, #4301, .T. ) ;
#5289 = DIRECTION ( 'NONE',  ( 0.0000000000000000000, 0.0000000000000000000, 1.000000000000000000 ) ) ;
#5290 = PRESENTATION_LAYER_ASSIGNMENT (  '', '', ( #4682 ) ) ;
#5291 = PLANE ( 'NONE',  #7225 ) ;
#5292 = LINE ( 'NONE', #1242, #9445 ) ;
#5293 = EDGE_LOOP ( 'NONE', ( #3869, #2728, #6910, #6856 ) ) ;
#5294 = LINE ( 'NONE', #4135, #10040 ) ;
#5295 = FACE_OUTER_BOUND ( 'NONE', #9070, .T. ) ;
#5296 = DIRECTION ( 'NONE',  ( 0.0000000000000000000, 0.0000000000000000000, -1.000000000000000000 ) ) ;
#5297 = LINE ( 'NONE', #8821, #7336 ) ;
#5298 = PLANE ( 'NONE',  #7109 ) ;
#5299 = FILL_AREA_STYLE_COLOUR ( '', #5575 ) ;
#5300 = EDGE_LOOP ( 'NONE', ( #6846, #1190, #9776, #1880 ) ) ;
#5301 =( LENGTH_UNIT ( ) NAMED_UNIT ( * ) SI_UNIT ( .MILLI., .METRE. ) );
#5302 = LINE ( 'NONE', #11631, #9768 ) ;
#5303 = EDGE_LOOP ( 'NONE', ( #6982, #8307, #11018, #11362 ) ) ;
#5304 = EDGE_CURVE ( 'NONE', #8341, #560, #11134, .T. ) ;
#5305 =( BOUNDED_CURVE ( )  B_SPLINE_CURVE ( 3, ( #3188, #3077, #2307, #3260 ),
 .UNSPECIFIED., .F., .F. ) 
 B_SPLINE_CURVE_WITH_KNOTS ( ( 4, 4 ),
 ( 0.0000000000000000000, 1.000000000000000000 ),
 .UNSPECIFIED. ) 
 CURVE ( )  GEOMETRIC_REPRESENTATION_ITEM ( )  RATIONAL_B_SPLINE_CURVE ( ( 1.000000000000000000, 0.8047378541243649400, 0.8047378541243649400, 1.000000000000000000 ) ) 
 REPRESENTATION_ITEM ( '' )  );
#5306 = EDGE_LOOP ( 'NONE', ( #8539, #7271, #10443, #2493, #6707 ) ) ;
#5307 = ORIENTED_EDGE ( 'NONE', *, *, #1236, .T. ) ;
#5308 = SURFACE_STYLE_USAGE ( .BOTH. , #5384 ) ;
#5309 = AXIS2_PLACEMENT_3D ( 'NONE', #2315, #8559, #3230 ) ;
#5310 = LINE ( 'NONE', #5524, #10054 ) ;
#5311 = ORIENTED_EDGE ( 'NONE', *, *, #8637, .F. ) ;
#5312 = FACE_OUTER_BOUND ( 'NONE', #5401, .T. ) ;
#5313 = VECTOR ( 'NONE', #5690, 1000.000000000000000 ) ;
#5314 = AXIS2_PLACEMENT_3D ( 'NONE', #7896, #2552, #8809 ) ;
#5315 =( NAMED_UNIT ( * ) PLANE_ANGLE_UNIT ( ) SI_UNIT ( $, .RADIAN. ) );
#5316 = CARTESIAN_POINT ( 'NONE',  ( 1.565038991714900100, 2.025958925018020100, 0.0000000000000000000 ) ) ;
#5317 = LINE ( 'NONE', #751, #510 ) ;
#5318 = SURFACE_SIDE_STYLE ('',( #10967 ) ) ;
#5319 = FACE_OUTER_BOUND ( 'NONE', #1552, .T. ) ;
#5320 = DIRECTION ( 'NONE',  ( -0.0000000000000000000, 0.0000000000000000000, -1.000000000000000000 ) ) ;
#5321 = PRODUCT_DEFINITION_CONTEXT ( 'detailed design', #573, 'design' ) ;
#5322 = CARTESIAN_POINT ( 'NONE',  ( 1.529620557344310000, 1.980050006160170200, 0.0000000000000000000 ) ) ;
#5323 = ORIENTED_EDGE ( 'NONE', *, *, #11385, .F. ) ;
#5324 = CIRCLE ( 'NONE', #5468, 0.01000000000000002600 ) ;
#5325 = DIRECTION ( 'NONE',  ( 0.0000000000000000000, -0.0000000000000000000, 1.000000000000000000 ) ) ;
#5326 = UNCERTAINTY_MEASURE_WITH_UNIT (LENGTH_MEASURE( 1.000000000000000100E-005 ), #5783, 'distance_accuracy_value', 'NONE');
#5327 = ORIENTED_EDGE ( 'NONE', *, *, #927, .F. ) ;
#5328 = CIRCLE ( 'NONE', #6682, 0.009999999999999998500 ) ;
#5329 =( LENGTH_UNIT ( ) NAMED_UNIT ( * ) SI_UNIT ( .MILLI., .METRE. ) );
#5330 = SURFACE_STYLE_FILL_AREA ( #171 ) ;
#5331 =( NAMED_UNIT ( * ) PLANE_ANGLE_UNIT ( ) SI_UNIT ( $, .RADIAN. ) );
#5332 =( GEOMETRIC_REPRESENTATION_CONTEXT ( 3 ) GLOBAL_UNCERTAINTY_ASSIGNED_CONTEXT ( ( #7914 ) ) GLOBAL_UNIT_ASSIGNED_CONTEXT ( ( #5480, #78, #6341 ) ) REPRESENTATION_CONTEXT ( 'NONE', 'WORKASPACE' ) );
#5333 =( NAMED_UNIT ( * ) SI_UNIT ( $, .STERADIAN. ) SOLID_ANGLE_UNIT ( ) );
#5334 = CARTESIAN_POINT ( 'NONE',  ( -0.8000000000000000400, -0.3499999999999999800, 0.0000000000000000000 ) ) ;
#5335 = STYLED_ITEM ( 'NONE', ( #10886 ), #10253 ) ;
#5336 = CARTESIAN_POINT ( 'NONE',  ( 1.593067507883180000, 1.984307815193020000, 0.0000000000000000000 ) ) ;
#5337 = SURFACE_SIDE_STYLE ('',( #3431 ) ) ;
#5338 =( NAMED_UNIT ( * ) SI_UNIT ( $, .STERADIAN. ) SOLID_ANGLE_UNIT ( ) );
#5339 = LINE ( 'NONE', #8591, #9800 ) ;
#5340 = DIRECTION ( 'NONE',  ( 0.0000000000000000000, 0.0000000000000000000, -1.000000000000000000 ) ) ;
#5341 = ORIENTED_EDGE ( 'NONE', *, *, #1673, .F. ) ;
#5342 = FACE_OUTER_BOUND ( 'NONE', #3981, .T. ) ;
#5343 = FILL_AREA_STYLE ('',( #8738 ) ) ;
#5344 = CARTESIAN_POINT ( 'NONE',  ( 1.587247410737570000, 1.984307815193020000, 0.05000000000000000300 ) ) ;
#5345 = CARTESIAN_POINT ( 'NONE',  ( 0.7999999999999999300, -0.3875735931288071300, 0.1758578643762691300 ) ) ;
#5346 = FILL_AREA_STYLE_COLOUR ( '', #6397 ) ;
#5347 = DIRECTION ( 'NONE',  ( -0.0000000000000000000, -0.0000000000000000000, 1.000000000000000000 ) ) ;
#5348 = EDGE_CURVE ( 'NONE', #6927, #4819, #6635, .T. ) ;
#5349 = CYLINDRICAL_SURFACE ( 'NONE', #2421, 0.05000000000000002400 ) ;
#5350 = ADVANCED_FACE ( 'NONE', ( #6110 ), #2891, .T. ) ;
#5351 = MECHANICAL_DESIGN_GEOMETRIC_PRESENTATION_REPRESENTATION (  '', ( #2921 ), #5899 ) ;
#5352 = SURFACE_STYLE_USAGE ( .BOTH. , #10684 ) ;
#5353 = ORIENTED_EDGE ( 'NONE', *, *, #11481, .F. ) ;
#5354 = FILL_AREA_STYLE ('',( #4434 ) ) ;
#5355 =( GEOMETRIC_REPRESENTATION_CONTEXT ( 3 ) GLOBAL_UNCERTAINTY_ASSIGNED_CONTEXT ( ( #8623 ) ) GLOBAL_UNIT_ASSIGNED_CONTEXT ( ( #11339, #5957, #600 ) ) REPRESENTATION_CONTEXT ( 'NONE', 'WORKASPACE' ) );
#5356 = SURFACE_STYLE_FILL_AREA ( #7933 ) ;
#5357 = FILL_AREA_STYLE_COLOUR ( '', #9271 ) ;
#5358 = FILL_AREA_STYLE_COLOUR ( '', #6835 ) ;
#5359 = CARTESIAN_POINT ( 'NONE',  ( 1.646673668681170000, 2.025958925018020100, 0.0000000000000000000 ) ) ;
#5360 = CARTESIAN_POINT ( 'NONE',  ( 0.8000000000000000400, 0.3499999999999999800, 0.0000000000000000000 ) ) ;
#5361 = LINE ( 'NONE', #8810, #552 ) ;
#5362 = CARTESIAN_POINT ( 'NONE',  ( 0.4745170327464609500, -0.3245170327464608800, 0.6331590247227180100 ) ) ;
#5363 = EDGE_CURVE ( 'NONE', #10704, #1610, #5294, .T. ) ;
#5364 = FACE_OUTER_BOUND ( 'NONE', #4785, .T. ) ;
#5365 =( GEOMETRIC_REPRESENTATION_CONTEXT ( 3 ) GLOBAL_UNCERTAINTY_ASSIGNED_CONTEXT ( ( #3931 ) ) GLOBAL_UNIT_ASSIGNED_CONTEXT ( ( #563, #444, #329 ) ) REPRESENTATION_CONTEXT ( 'NONE', 'WORKASPACE' ) );
#5366 = DIRECTION ( 'NONE',  ( -0.3301180510536019200, -0.8484716754920967900, -0.4136639798873059100 ) ) ;
#5367 = SURFACE_STYLE_FILL_AREA ( #5466 ) ;
#5368 = ORIENTED_EDGE ( 'NONE', *, *, #2770, .F. ) ;
#5369 = PRODUCT_DEFINITION ( 'UNKNOWN', '', #5917, #8271 ) ;
#5370 = VECTOR ( 'NONE', #4706, 1000.000000000000000 ) ;
#5371 = CARTESIAN_POINT ( 'NONE',  ( -0.8000000000000000400, -0.5250000000000000200, 0.02000000000000000000 ) ) ;
#5372 = PLANE ( 'NONE',  #5270 ) ;
#5373 = ORIENTED_EDGE ( 'NONE', *, *, #2577, .F. ) ;
#5374 = DIRECTION ( 'NONE',  ( 0.0000000000000000000, -1.000000000000000000, -0.0000000000000000000 ) ) ;
#5375 = UNCERTAINTY_MEASURE_WITH_UNIT (LENGTH_MEASURE( 1.000000000000000100E-005 ), #3947, 'distance_accuracy_value', 'NONE');
#5376 = ORIENTED_EDGE ( 'NONE', *, *, #2172, .T. ) ;
#5377 = CARTESIAN_POINT ( 'NONE',  ( -0.1991441109234209900, -0.1499999999999999900, 0.0000000000000000000 ) ) ;
#5378 = PRESENTATION_LAYER_ASSIGNMENT (  '', '', ( #4136 ) ) ;
#5379 = CARTESIAN_POINT ( 'NONE',  ( 0.8000000000000000400, -0.3700000000000000500, 0.1758578643762691300 ) ) ;
#5380 = EDGE_CURVE ( 'NONE', #4037, #9036, #7609, .T. ) ;
#5381 = SURFACE_STYLE_USAGE ( .BOTH. , #10719 ) ;
#5382 = EDGE_LOOP ( 'NONE', ( #71, #9482, #7007, #10324, #101, #5767, #3750, #1105, #2403, #10319 ) ) ;
#5383 = ORIENTED_EDGE ( 'NONE', *, *, #8431, .F. ) ;
#5384 = SURFACE_SIDE_STYLE ('',( #5367 ) ) ;
#5385 = FILL_AREA_STYLE ('',( #4229 ) ) ;
#5386 = UNCERTAINTY_MEASURE_WITH_UNIT (LENGTH_MEASURE( 1.000000000000000100E-005 ), #6344, 'distance_accuracy_value', 'NONE');
#5387 = CARTESIAN_POINT ( 'NONE',  ( 1.611923261208750200, 2.000366784701750300, 0.0000000000000000000 ) ) ;
#5388 = CARTESIAN_POINT ( 'NONE',  ( 1.443065452288000000, 1.996810134352520000, 0.0000000000000000000 ) ) ;
#5389 = EDGE_CURVE ( 'NONE', #4632, #7625, #6900, .T. ) ;
#5390 = DIRECTION ( 'NONE',  ( -1.000000000000000000, -0.0000000000000000000, -0.0000000000000000000 ) ) ;
#5391 = ORIENTED_EDGE ( 'NONE', *, *, #10507, .T. ) ;
#5392 = CARTESIAN_POINT ( 'NONE',  ( 1.558006294300130000, 2.014051626326669900, 0.1000000000000000100 ) ) ;
#5393 = CARTESIAN_POINT ( 'NONE',  ( 1.481221854764970000, 1.987367672161970000, 0.0000000000000000000 ) ) ;
#5394 = AXIS2_PLACEMENT_3D ( 'NONE', #4773, #8306, #3918 ) ;
#5395 = DIRECTION ( 'NONE',  ( -1.000000000000000000, -0.0000000000000000000, 0.0000000000000000000 ) ) ;
#5397 =( LENGTH_UNIT ( ) NAMED_UNIT ( * ) SI_UNIT ( .MILLI., .METRE. ) );
#5396 = SURFACE_STYLE_FILL_AREA ( #6389 ) ;
#5398 = ADVANCED_FACE ( 'NONE', ( #9757 ), #7706, .F. ) ;
#5399 = FILL_AREA_STYLE_COLOUR ( '', #9900 ) ;
#5400 = CARTESIAN_POINT ( 'NONE',  ( 1.599976746015110000, 2.001359678760009900, 0.1000000000000000100 ) ) ;
#5401 = EDGE_LOOP ( 'NONE', ( #6938, #6673, #9843, #11474 ) ) ;
#5402 = SURFACE_SIDE_STYLE ('',( #2143 ) ) ;
#5403 = PRESENTATION_STYLE_ASSIGNMENT (( #5083 ) ) ;
#5404 = DIRECTION ( 'NONE',  ( 0.0000000000000000000, 1.000000000000000000, -0.0000000000000000000 ) ) ;
#5405 = VECTOR ( 'NONE', #10963, 1000.000000000000000 ) ;
#5406 = ORIENTED_EDGE ( 'NONE', *, *, #1236, .F. ) ;
#5407 = SURFACE_STYLE_FILL_AREA ( #4248 ) ;
#5408 = VECTOR ( 'NONE', #141, 1000.000000000000000 ) ;
#5409 = EDGE_CURVE ( 'NONE', #8977, #9108, #8905, .T. ) ;
#5410 = SURFACE_STYLE_USAGE ( .BOTH. , #5453 ) ;
#5411 = AXIS2_PLACEMENT_3D ( 'NONE', #2658, #8903, #3564 ) ;
#5412 = CARTESIAN_POINT ( 'NONE',  ( 0.8000000000000000400, -0.4000000000000000200, 0.1700000000000000100 ) ) ;
#5413 = CARTESIAN_POINT ( 'NONE',  ( 0.7700000000000000200, -0.4000000000000000200, 0.1700000000000000100 ) ) ;
#5414 =( GEOMETRIC_REPRESENTATION_CONTEXT ( 3 ) GLOBAL_UNCERTAINTY_ASSIGNED_CONTEXT ( ( #6196 ) ) GLOBAL_UNIT_ASSIGNED_CONTEXT ( ( #10836, #5504, #114 ) ) REPRESENTATION_CONTEXT ( 'NONE', 'WORKASPACE' ) );
#5415 = PRESENTATION_STYLE_ASSIGNMENT (( #6946 ) ) ;
#5416 = DIRECTION ( 'NONE',  ( 1.000000000000000000, 0.0000000000000000000, 0.0000000000000000000 ) ) ;
#5417 = CARTESIAN_POINT ( 'NONE',  ( 0.4480549931478379800, 0.2980549931478380100, 0.5999999999999999800 ) ) ;
#5418 = ORIENTED_EDGE ( 'NONE', *, *, #984, .T. ) ;
#5419 = PRESENTATION_STYLE_ASSIGNMENT (( #5352 ) ) ;
#5420 = VECTOR ( 'NONE', #4453, 1000.000000000000000 ) ;
#5421 = SURFACE_SIDE_STYLE ('',( #9539 ) ) ;
#5422 = VECTOR ( 'NONE', #7447, 1000.000000000000000 ) ;
#5423 = EDGE_CURVE ( 'NONE', #9432, #1279, #11276, .T. ) ;
#5424 = FILL_AREA_STYLE_COLOUR ( '', #2573 ) ;
#5425 = CARTESIAN_POINT ( 'NONE',  ( 0.7046551217295549100, -0.1484733514913640900, 0.1799999999999999400 ) ) ;
#5426 = LINE ( 'NONE', #513, #3019 ) ;
#5427 = CARTESIAN_POINT ( 'NONE',  ( -0.4745170327464609000, -0.3245170327464611000, 0.6331590247227176800 ) ) ;
#5428 = STYLED_ITEM ( 'NONE', ( #9547 ), #8705 ) ;
#5429 = CARTESIAN_POINT ( 'NONE',  ( 0.7900000000000000400, 0.3500000000000000300, 0.01000000000000000000 ) ) ;
#5430 = ORIENTED_EDGE ( 'NONE', *, *, #10753, .F. ) ;
#5431 = VECTOR ( 'NONE', #7017, 1000.000000000000000 ) ;
#5432 = VECTOR ( 'NONE', #9715, 1000.000000000000000 ) ;
#5433 = FILL_AREA_STYLE_COLOUR ( '', #9660 ) ;
#5434 = STYLED_ITEM ( 'NONE', ( #4114 ), #11550 ) ;
#5435 = CARTESIAN_POINT ( 'NONE',  ( -0.8000000000000001600, 0.3700000000000000000, 0.1700000000000000100 ) ) ;
#5436 = FACE_OUTER_BOUND ( 'NONE', #577, .T. ) ;
#5437 = CARTESIAN_POINT ( 'NONE',  ( -0.8000000000000000400, 0.3499999999999999800, 0.1600000000000000000 ) ) ;
#5438 = SURFACE_STYLE_USAGE ( .BOTH. , #5421 ) ;
#5439 = ORIENTED_EDGE ( 'NONE', *, *, #2809, .F. ) ;
#5440 = DIRECTION ( 'NONE',  ( 1.000000000000000000, 0.0000000000000000000, 0.0000000000000000000 ) ) ;
#5441 = ORIENTED_EDGE ( 'NONE', *, *, #9667, .F. ) ;
#5442 = DIRECTION ( 'NONE',  ( 0.1209742911513550100, -0.1209742911513550100, -0.9852565360152930600 ) ) ;
#5443 = EDGE_CURVE ( 'NONE', #866, #1610, #6503, .T. ) ;
#5444 = CIRCLE ( 'NONE', #10830, 0.05000000000000002400 ) ;
#5445 = EDGE_CURVE ( 'NONE', #9592, #10117, #1760, .T. ) ;
#5446 = EDGE_CURVE ( 'NONE', #7618, #8602, #4133, .T. ) ;
#5447 = CARTESIAN_POINT ( 'NONE',  ( 0.0000000000000000000, 0.1850000000000000000, 0.02000000000000000000 ) ) ;
#5448 = VERTEX_POINT ( 'NONE', #7805 ) ;
#5449 = MECHANICAL_DESIGN_GEOMETRIC_PRESENTATION_REPRESENTATION (  '', ( #4220 ), #6004 ) ;
#5450 =( GEOMETRIC_REPRESENTATION_CONTEXT ( 3 ) GLOBAL_UNCERTAINTY_ASSIGNED_CONTEXT ( ( #317 ) ) GLOBAL_UNIT_ASSIGNED_CONTEXT ( ( #11117, #5766, #396 ) ) REPRESENTATION_CONTEXT ( 'NONE', 'WORKASPACE' ) );
#5451 = DIRECTION ( 'NONE',  ( 0.9980449639169570700, 0.06250000000000162400, -0.0000000000000000000 ) ) ;
#5452 = LINE ( 'NONE', #3756, #4594 ) ;
#5453 = SURFACE_SIDE_STYLE ('',( #9337 ) ) ;
#5454 = ORIENTED_EDGE ( 'NONE', *, *, #3014, .T. ) ;
#5455 = DIRECTION ( 'NONE',  ( 0.0000000000000000000, -1.000000000000000000, -0.0000000000000000000 ) ) ;
#5456 = CARTESIAN_POINT ( 'NONE',  ( 0.7875735931288072600, -0.4000000000000000800, 0.1700000000000000100 ) ) ;
#5457 = VERTEX_POINT ( 'NONE', #5188 ) ;
#5458 = ORIENTED_EDGE ( 'NONE', *, *, #77, .F. ) ;
#5459 = PLANE ( 'NONE',  #5529 ) ;
#5460 = DIRECTION ( 'NONE',  ( 0.0000000000000000000, 0.0000000000000000000, -1.000000000000000000 ) ) ;
#5461 = ORIENTED_EDGE ( 'NONE', *, *, #9628, .F. ) ;
#5462 = FACE_OUTER_BOUND ( 'NONE', #4573, .T. ) ;
#5463 = ORIENTED_EDGE ( 'NONE', *, *, #10786, .T. ) ;
#5464 = PLANE ( 'NONE',  #7498 ) ;
#5465 = EDGE_CURVE ( 'NONE', #3203, #6622, #1453, .T. ) ;
#5466 = FILL_AREA_STYLE ('',( #5502 ) ) ;
#5467 = AXIS2_PLACEMENT_3D ( 'NONE', #5621, #245, #6492 ) ;
#5468 = AXIS2_PLACEMENT_3D ( 'NONE', #5271, #11525, #6153 ) ;
#5469 = ORIENTED_EDGE ( 'NONE', *, *, #4214, .T. ) ;
#5470 = ORIENTED_EDGE ( 'NONE', *, *, #9079, .F. ) ;
#5471 = MECHANICAL_DESIGN_GEOMETRIC_PRESENTATION_REPRESENTATION (  '', ( #4241 ), #6027 ) ;
#5472 = SURFACE_STYLE_FILL_AREA ( #10398 ) ;
#5473 = DIRECTION ( 'NONE',  ( 1.000000000000000000, 0.0000000000000000000, 0.0000000000000000000 ) ) ;
#5474 = ORIENTED_EDGE ( 'NONE', *, *, #618, .F. ) ;
#5475 = CARTESIAN_POINT ( 'NONE',  ( 0.7817157287525381400, 0.3900000000000000100, 0.1800000000000000200 ) ) ;
#5476 = UNCERTAINTY_MEASURE_WITH_UNIT (LENGTH_MEASURE( 1.000000000000000100E-005 ), #666, 'distance_accuracy_value', 'NONE');
#5477 = VERTEX_POINT ( 'NONE', #7840 ) ;
#5478 =( NAMED_UNIT ( * ) SI_UNIT ( $, .STERADIAN. ) SOLID_ANGLE_UNIT ( ) );
#5479 = ORIENTED_EDGE ( 'NONE', *, *, #566, .T. ) ;
#5480 =( LENGTH_UNIT ( ) NAMED_UNIT ( * ) SI_UNIT ( .MILLI., .METRE. ) );
#5481 = LINE ( 'NONE', #3516, #3071 ) ;
#5482 =( LENGTH_UNIT ( ) NAMED_UNIT ( * ) SI_UNIT ( .MILLI., .METRE. ) );
#5483 = ORIENTED_EDGE ( 'NONE', *, *, #9689, .T. ) ;
#5484 = CIRCLE ( 'NONE', #556, 0.009999999999999998500 ) ;
#5485 = DIRECTION ( 'NONE',  ( -0.0000000000000000000, 1.000000000000000000, 0.0000000000000000000 ) ) ;
#5486 =( GEOMETRIC_REPRESENTATION_CONTEXT ( 3 ) GLOBAL_UNCERTAINTY_ASSIGNED_CONTEXT ( ( #10979 ) ) GLOBAL_UNIT_ASSIGNED_CONTEXT ( ( #2608, #8866, #3527 ) ) REPRESENTATION_CONTEXT ( 'NONE', 'WORKASPACE' ) );
#5487 = SURFACE_SIDE_STYLE ('',( #1442 ) ) ;
#5488 = CARTESIAN_POINT ( 'NONE',  ( -0.4000000000000000200, 0.1850000000000000000, 0.03000000000000000200 ) ) ;
#5489 = CARTESIAN_POINT ( 'NONE',  ( 0.4000000000000000800, -0.1850000000000000000, 0.1499999999999999900 ) ) ;
#5490 =( NAMED_UNIT ( * ) SI_UNIT ( $, .STERADIAN. ) SOLID_ANGLE_UNIT ( ) );
#5491 = LINE ( 'NONE', #5653, #7526 ) ;
#5492 = CARTESIAN_POINT ( 'NONE',  ( -0.8000000000000000400, 0.0000000000000000000, 0.009999999999999998500 ) ) ;
#5493 = CIRCLE ( 'NONE', #4637, 0.01000000000000000000 ) ;
#5494 = FILL_AREA_STYLE ('',( #7304 ) ) ;
#5495 = UNCERTAINTY_MEASURE_WITH_UNIT (LENGTH_MEASURE( 1.000000000000000100E-005 ), #4683, 'distance_accuracy_value', 'NONE');
#5496 = CARTESIAN_POINT ( 'NONE',  ( 0.8000000000000000400, -0.3499999999999999800, 0.1600000000000000000 ) ) ;
#5497 = CARTESIAN_POINT ( 'NONE',  ( 0.8000000000000001600, -0.3875735931288071300, 0.1700000000000000100 ) ) ;
#5498 = EDGE_CURVE ( 'NONE', #10328, #8052, #10728, .T. ) ;
#5499 = MECHANICAL_DESIGN_GEOMETRIC_PRESENTATION_REPRESENTATION (  '', ( #4272 ), #6058 ) ;
#5500 = VERTEX_POINT ( 'NONE', #3412 ) ;
#5501 = SURFACE_STYLE_FILL_AREA ( #10878 ) ;
#5502 = FILL_AREA_STYLE_COLOUR ( '', #5620 ) ;
#5503 = FILL_AREA_STYLE_COLOUR ( '', #4349 ) ;
#5504 =( NAMED_UNIT ( * ) PLANE_ANGLE_UNIT ( ) SI_UNIT ( $, .RADIAN. ) );
#5505 = ORIENTED_EDGE ( 'NONE', *, *, #5897, .T. ) ;
#5506 = DIRECTION ( 'NONE',  ( 1.000000000000000000, 0.0000000000000000000, 0.0000000000000000000 ) ) ;
#5507 = CARTESIAN_POINT ( 'NONE',  ( 1.487246165845520100, 2.014732339443119800, 0.0000000000000000000 ) ) ;
#5508 = SHAPE_REPRESENTATION ( '3', ( #3980 ), #9998 ) ;
#5509 = ORIENTED_EDGE ( 'NONE', *, *, #1572, .T. ) ;
#5510 = DIRECTION ( 'NONE',  ( -0.0000000000000000000, -0.0000000000000000000, -1.000000000000000000 ) ) ;
#5511 = EDGE_CURVE ( 'NONE', #1599, #4554, #8594, .T. ) ;
#5512 = PRESENTATION_LAYER_ASSIGNMENT (  '', '', ( #4292 ) ) ;
#5513 = EDGE_CURVE ( 'NONE', #6710, #5009, #8315, .T. ) ;
#5514 = PRESENTATION_STYLE_ASSIGNMENT (( #7375 ) ) ;
#5515 =( NAMED_UNIT ( * ) PLANE_ANGLE_UNIT ( ) SI_UNIT ( $, .RADIAN. ) );
#5516 = ORIENTED_EDGE ( 'NONE', *, *, #7560, .F. ) ;
#5517 = CARTESIAN_POINT ( 'NONE',  ( -0.7983293621280290700, 0.1565101149028557400, 0.004343145750507578500 ) ) ;
#5518 = UNCERTAINTY_MEASURE_WITH_UNIT (LENGTH_MEASURE( 1.000000000000000100E-005 ), #467, 'distance_accuracy_value', 'NONE');
#5519 = EDGE_LOOP ( 'NONE', ( #3679, #8457, #9912, #10935, #6925, #8488, #8717, #5323, #7112, #995, #3630, #65 ) ) ;
#5520 = SURFACE_STYLE_USAGE ( .BOTH. , #10850 ) ;
#5521 = FILL_AREA_STYLE_COLOUR ( '', #6593 ) ;
#5522 = CARTESIAN_POINT ( 'NONE',  ( 1.587247410737570000, 2.018411542326989900, 0.1000000000000000100 ) ) ;
#5523 = VECTOR ( 'NONE', #6740, 1000.000000000000000 ) ;
#5524 = CARTESIAN_POINT ( 'NONE',  ( 1.565038991714900100, 1.974774644385469700, 0.1000000000000000100 ) ) ;
#5525 = SHAPE_REPRESENTATION ( 'LTST-C191TBKT', ( #1128, #8526, #9143, #9771, #10359, #10955 ), #11577 ) ;
#5526 = FILL_AREA_STYLE ('',( #3791 ) ) ;
#5527 = ORIENTED_EDGE ( 'NONE', *, *, #10490, .T. ) ;
#5528 = DIRECTION ( 'NONE',  ( 0.0000000000000000000, 0.0000000000000000000, -1.000000000000000000 ) ) ;
#5529 = AXIS2_PLACEMENT_3D ( 'NONE', #6402, #6712, #8485 ) ;
#5530 = EDGE_CURVE ( 'NONE', #7189, #4162, #3602, .T. ) ;
#5531 = PRESENTATION_LAYER_ASSIGNMENT (  '', '', ( #6100 ) ) ;
#5532 = UNCERTAINTY_MEASURE_WITH_UNIT (LENGTH_MEASURE( 1.000000000000000100E-005 ), #10362, 'distance_accuracy_value', 'NONE');
#5533 =( LENGTH_UNIT ( ) NAMED_UNIT ( * ) SI_UNIT ( .MILLI., .METRE. ) );
#5534 = SURFACE_STYLE_FILL_AREA ( #6563 ) ;
#5535 = PRESENTATION_LAYER_ASSIGNMENT (  '', '', ( #4320 ) ) ;
#5536 = DIRECTION ( 'NONE',  ( 1.000000000000000000, 0.0000000000000000000, -0.0000000000000000000 ) ) ;
#5537 = ORIENTED_EDGE ( 'NONE', *, *, #10883, .T. ) ;
#5538 = FACE_OUTER_BOUND ( 'NONE', #10147, .T. ) ;
#5539 = PRESENTATION_STYLE_ASSIGNMENT (( #6092 ) ) ;
#5540 =( NAMED_UNIT ( * ) PLANE_ANGLE_UNIT ( ) SI_UNIT ( $, .RADIAN. ) );
#5541 = DIRECTION ( 'NONE',  ( 1.000000000000000000, 0.0000000000000000000, 0.0000000000000000000 ) ) ;
#5542 = ORIENTED_EDGE ( 'NONE', *, *, #1739, .F. ) ;
#5543 = CARTESIAN_POINT ( 'NONE',  ( -0.8000000000000000400, -0.4000000000000000200, 0.1700000000000000100 ) ) ;
#5544 = FILL_AREA_STYLE_COLOUR ( '', #266 ) ;
#5545 = PRESENTATION_LAYER_ASSIGNMENT (  '', '', ( #4337 ) ) ;
#5546 = ORIENTED_EDGE ( 'NONE', *, *, #8953, .T. ) ;
#5547 = CARTESIAN_POINT ( 'NONE',  ( -0.4000000000000000200, -0.3499999999999999800, 0.1600000000000000000 ) ) ;
#5548 = PRESENTATION_STYLE_ASSIGNMENT (( #10393 ) ) ;
#5549 =( NAMED_UNIT ( * ) SI_UNIT ( $, .STERADIAN. ) SOLID_ANGLE_UNIT ( ) );
#5550 = CIRCLE ( 'NONE', #6101, 0.009999999999999998500 ) ;
#5551 = ORIENTED_EDGE ( 'NONE', *, *, #11244, .F. ) ;
#5552 = LINE ( 'NONE', #7541, #9734 ) ;
#5553 = COLOUR_RGB ( '',0.0000000000000000000, 0.7019607843137254400, 0.9803921568627450600 ) ;
#5554 = SURFACE_STYLE_USAGE ( .BOTH. , #10891 ) ;
#5555 = CARTESIAN_POINT ( 'NONE',  ( 0.4975805408178979900, -0.2973731807574380700, 0.6364152791881631000 ) ) ;
#5556 = DIRECTION ( 'NONE',  ( 0.0000000000000000000, -1.000000000000000000, -0.0000000000000000000 ) ) ;
#5557 = SURFACE_STYLE_FILL_AREA ( #3213 ) ;
#5558 = CARTESIAN_POINT ( 'NONE',  ( 1.605796843160729900, 2.001359678760009900, 0.1000000000000000100 ) ) ;
#5559 = CARTESIAN_POINT ( 'NONE',  ( 0.0000000000000000000, 0.0000000000000000000, 0.002000000000000000900 ) ) ;
#5560 = COLOUR_RGB ( '',0.8627450980392157300, 0.6274509803921568500, 0.05882352941176470500 ) ;
#5561 = CARTESIAN_POINT ( 'NONE',  ( -0.4713449030042108900, -0.3709722105862771100, 0.4164123730236543600 ) ) ;
#5562 = VERTEX_POINT ( 'NONE', #1626 ) ;
#5563 = MECHANICAL_DESIGN_GEOMETRIC_PRESENTATION_REPRESENTATION (  '', ( #4353 ), #6140 ) ;
#5564 = LINE ( 'NONE', #6, #10032 ) ;
#5565 = LINE ( 'NONE', #4984, #10035 ) ;
#5566 = CARTESIAN_POINT ( 'NONE',  ( 1.568663942658580000, 2.001359678760009900, 0.1000000000000000100 ) ) ;
#5568 = FILL_AREA_STYLE_COLOUR ( '', #659 ) ;
#5567 = LINE ( 'NONE', #7329, #3161 ) ;
#5569 = SURFACE_SIDE_STYLE ('',( #8031 ) ) ;
#5570 = ORIENTED_EDGE ( 'NONE', *, *, #8570, .T. ) ;
#5571 = DIRECTION ( 'NONE',  ( 0.4534063869137217000, -0.8913039034503577000, 0.0000000000000000000 ) ) ;
#5572 = LINE ( 'NONE', #7912, #785 ) ;
#5573 = EDGE_CURVE ( 'NONE', #10082, #6327, #5685, .T. ) ;
#5574 =( NAMED_UNIT ( * ) PLANE_ANGLE_UNIT ( ) SI_UNIT ( $, .RADIAN. ) );
#5575 = COLOUR_RGB ( '',0.8627450980392157300, 0.6274509803921568500, 0.05882352941176470500 ) ;
#5576 =( NAMED_UNIT ( * ) SI_UNIT ( $, .STERADIAN. ) SOLID_ANGLE_UNIT ( ) );
#5577 = EDGE_LOOP ( 'NONE', ( #1511, #8677, #9107, #1297, #8356, #9979, #2310, #3629, #4377, #5458 ) ) ;
#5578 = SURFACE_STYLE_USAGE ( .BOTH. , #10915 ) ;
#5579 = UNCERTAINTY_MEASURE_WITH_UNIT (LENGTH_MEASURE( 1.000000000000000100E-005 ), #4028, 'distance_accuracy_value', 'NONE');
#5580 = LINE ( 'NONE', #5377, #10049 ) ;
#5581 = ORIENTED_EDGE ( 'NONE', *, *, #3761, .F. ) ;
#5582 = ORIENTED_EDGE ( 'NONE', *, *, #6081, .T. ) ;
#5583 = PRESENTATION_LAYER_ASSIGNMENT (  '', '', ( #4952 ) ) ;
#5584 = VERTEX_POINT ( 'NONE', #7882 ) ;
#5585 = ORIENTED_EDGE ( 'NONE', *, *, #3551, .F. ) ;
#5586 = LINE ( 'NONE', #5273, #7931 ) ;
#5587 = VECTOR ( 'NONE', #10626, 1000.000000000000000 ) ;
#5588 = LINE ( 'NONE', #9390, #804 ) ;
#5589 =( NAMED_UNIT ( * ) SI_UNIT ( $, .STERADIAN. ) SOLID_ANGLE_UNIT ( ) );
#5590 = DIRECTION ( 'NONE',  ( -1.000000000000000000, -0.0000000000000000000, 0.0000000000000000000 ) ) ;
#5591 = VERTEX_POINT ( 'NONE', #8800 ) ;
#5592 = AXIS2_PLACEMENT_3D ( 'NONE', #174, #3080, #9391 ) ;
#5593 = EDGE_CURVE ( 'NONE', #3118, #2973, #10170, .T. ) ;
#5594 = ORIENTED_EDGE ( 'NONE', *, *, #7472, .T. ) ;
#5595 = PRESENTATION_LAYER_ASSIGNMENT (  '', '', ( #4392 ) ) ;
#5596 =( GEOMETRIC_REPRESENTATION_CONTEXT ( 3 ) GLOBAL_UNCERTAINTY_ASSIGNED_CONTEXT ( ( #5386 ) ) GLOBAL_UNIT_ASSIGNED_CONTEXT ( ( #6344, #997, #7226 ) ) REPRESENTATION_CONTEXT ( 'NONE', 'WORKASPACE' ) );
#5597 = SURFACE_STYLE_FILL_AREA ( #7193 ) ;
#5598 = CARTESIAN_POINT ( 'NONE',  ( 0.8000000000000000400, 0.3700000000000000000, 0.0000000000000000000 ) ) ;
#5599 = FILL_AREA_STYLE_COLOUR ( '', #5833 ) ;
#5600 = ORIENTED_EDGE ( 'NONE', *, *, #4137, .F. ) ;
#5601 = CARTESIAN_POINT ( 'NONE',  ( 1.605856330198040000, 2.025958925018020100, 0.0000000000000000000 ) ) ;
#5602 = VECTOR ( 'NONE', #6722, 1000.000000000000000 ) ;
#5603 =( LENGTH_UNIT ( ) NAMED_UNIT ( * ) SI_UNIT ( .MILLI., .METRE. ) );
#5604 = UNCERTAINTY_MEASURE_WITH_UNIT (LENGTH_MEASURE( 1.000000000000000100E-005 ), #3313, 'distance_accuracy_value', 'NONE');
#5605 = EDGE_LOOP ( 'NONE', ( #11504, #910, #795, #3941 ) ) ;
#5606 = CARTESIAN_POINT ( 'NONE',  ( 1.556610832411420100, 2.001304665244250100, 0.1000000000000000100 ) ) ;
#5607 =( GEOMETRIC_REPRESENTATION_CONTEXT ( 3 ) GLOBAL_UNCERTAINTY_ASSIGNED_CONTEXT ( ( #6342 ) ) GLOBAL_UNIT_ASSIGNED_CONTEXT ( ( #7946, #2599, #8853 ) ) REPRESENTATION_CONTEXT ( 'NONE', 'WORKASPACE' ) );
#5608 = AXIS2_PLACEMENT_3D ( 'NONE', #3770, #10030, #4674 ) ;
#5609 =( NAMED_UNIT ( * ) SI_UNIT ( $, .STERADIAN. ) SOLID_ANGLE_UNIT ( ) );
#5610 =( NAMED_UNIT ( * ) SI_UNIT ( $, .STERADIAN. ) SOLID_ANGLE_UNIT ( ) );
#5611 = CARTESIAN_POINT ( 'NONE',  ( 0.8000000000000000400, -0.4000000000000000200, 0.1600000000000000000 ) ) ;
#5612 = FILL_AREA_STYLE_COLOUR ( '', #8663 ) ;
#5613 = ORIENTED_EDGE ( 'NONE', *, *, #11515, .F. ) ;
#5614 = CARTESIAN_POINT ( 'NONE',  ( 1.636769289959040000, 2.022359678402379800, 0.0000000000000000000 ) ) ;
#5615 = PRESENTATION_LAYER_ASSIGNMENT (  '', '', ( #4424 ) ) ;
#5616 = CARTESIAN_POINT ( 'NONE',  ( 1.568663942549560100, 1.996186259075019700, 0.1000000000000000100 ) ) ;
#5617 = CARTESIAN_POINT ( 'NONE',  ( -0.7900000000000000400, -0.1596871942267131000, 0.1700000000000000100 ) ) ;
#5618 = CARTESIAN_POINT ( 'NONE',  ( 0.6400000000000001200, 0.0000000000000000000, 0.1800000000000000200 ) ) ;
#5619 = CYLINDRICAL_SURFACE ( 'NONE', #6716, 0.01000000000000000000 ) ;
#5620 = COLOUR_RGB ( '',0.8627450980392157300, 0.6274509803921568500, 0.05882352941176470500 ) ;
#5621 = CARTESIAN_POINT ( 'NONE',  ( -0.7900000000000000400, 0.1596871942267129900, 0.1700000000000000100 ) ) ;
#5622 = VERTEX_POINT ( 'NONE', #6141 ) ;
#5623 = CARTESIAN_POINT ( 'NONE',  ( -0.5066666666666672600, -0.1419441726459665100, 0.1799999999999999900 ) ) ;
#5624 = CARTESIAN_POINT ( 'NONE',  ( 0.4480549931478379800, -0.2980549931478380100, 0.6500000000000000200 ) ) ;
#5625 = ORIENTED_EDGE ( 'NONE', *, *, #4813, .T. ) ;
#5626 = EDGE_CURVE ( 'NONE', #6482, #5180, #922, .T. ) ;
#5627 = COLOUR_RGB ( '',0.0000000000000000000, 0.3725490196078431500, 0.5490196078431373000 ) ;
#5628 = CARTESIAN_POINT ( 'NONE',  ( 0.4000000000000000200, -0.3499999999999999800, 0.1600000000000000000 ) ) ;
#5629 =( GEOMETRIC_REPRESENTATION_CONTEXT ( 3 ) GLOBAL_UNCERTAINTY_ASSIGNED_CONTEXT ( ( #9285 ) ) GLOBAL_UNIT_ASSIGNED_CONTEXT ( ( #4569, #4609, #4642 ) ) REPRESENTATION_CONTEXT ( 'NONE', 'WORKASPACE' ) );
#5630 = FILL_AREA_STYLE_COLOUR ( '', #10558 ) ;
#5631 = ORIENTED_EDGE ( 'NONE', *, *, #359, .F. ) ;
#5632 = VERTEX_POINT ( 'NONE', #4355 ) ;
#5633 = CARTESIAN_POINT ( 'NONE',  ( 0.7960104076400856800, 0.1540413993313950500, 0.1756568542494924000 ) ) ;
#5634 = AXIS2_PLACEMENT_3D ( 'NONE', #8425, #3097, #9338 ) ;
#5635 = VECTOR ( 'NONE', #5196, 1000.000000000000000 ) ;
#5636 = CARTESIAN_POINT ( 'NONE',  ( 0.7960104076400857900, -0.1540413993313949300, 0.1756568542494923700 ) ) ;
#5637 = PLANE ( 'NONE',  #11145 ) ;
#5638 = VERTEX_POINT ( 'NONE', #9744 ) ;
#5639 = UNCERTAINTY_MEASURE_WITH_UNIT (LENGTH_MEASURE( 1.000000000000000100E-005 ), #6047, 'distance_accuracy_value', 'NONE');
#5640 = DIRECTION ( 'NONE',  ( 0.6010407640085703200, 0.5645794895318088100, -0.5656854249492347900 ) ) ;
#5641 = EDGE_CURVE ( 'NONE', #8245, #5883, #3022, .T. ) ;
#5642 =( NAMED_UNIT ( * ) SI_UNIT ( $, .STERADIAN. ) SOLID_ANGLE_UNIT ( ) );
#5643 = EDGE_CURVE ( 'NONE', #7608, #9839, #10444, .T. ) ;
#5644 = STYLED_ITEM ( 'NONE', ( #8243 ), #3264 ) ;
#5645 = EDGE_CURVE ( 'NONE', #3880, #1111, #7751, .T. ) ;
#5646 = CARTESIAN_POINT ( 'NONE',  ( 0.8000000000000000400, 0.3499999999999999800, 0.0000000000000000000 ) ) ;
#5647 =( GEOMETRIC_REPRESENTATION_CONTEXT ( 3 ) GLOBAL_UNCERTAINTY_ASSIGNED_CONTEXT ( ( #1980 ) ) GLOBAL_UNIT_ASSIGNED_CONTEXT ( ( #4561, #10804, #5478 ) ) REPRESENTATION_CONTEXT ( 'NONE', 'WORKASPACE' ) );
#5648 = PRESENTATION_LAYER_ASSIGNMENT (  '', '', ( #5050 ) ) ;
#5649 = DIRECTION ( 'NONE',  ( 0.0000000000000000000, -0.0000000000000000000, 1.000000000000000000 ) ) ;
#5650 = SHAPE_DEFINITION_REPRESENTATION ( #11274, #5508 ) ;
#5651 = VERTEX_POINT ( 'NONE', #10646 ) ;
#5652 = CARTESIAN_POINT ( 'NONE',  ( 1.558006294300130000, 2.001304665244250100, 0.1000000000000000100 ) ) ;
#5653 = CARTESIAN_POINT ( 'NONE',  ( 0.8000000000000000400, -0.3499999999999999800, 0.0000000000000000000 ) ) ;
#5654 = UNCERTAINTY_MEASURE_WITH_UNIT (LENGTH_MEASURE( 1.000000000000000100E-005 ), #11635, 'distance_accuracy_value', 'NONE');
#5655 = CARTESIAN_POINT ( 'NONE',  ( 0.8000000000000000400, 0.1850000000000000000, 0.1599999999999999800 ) ) ;
#5656 = CARTESIAN_POINT ( 'NONE',  ( -0.7906249999999998000, -0.1497067445875435200, 0.1699999999999999800 ) ) ;
#5657 = MECHANICAL_DESIGN_GEOMETRIC_PRESENTATION_REPRESENTATION (  '', ( #2667 ), #6247 ) ;
#5658 = EDGE_CURVE ( 'NONE', #5883, #8736, #9593, .T. ) ;
#5659 = AXIS2_PLACEMENT_3D ( 'NONE', #6039, #683, #6923 ) ;
#5660 = AXIS2_PLACEMENT_3D ( 'NONE', #7681, #2350, #8583 ) ;
#5661 = ORIENTED_EDGE ( 'NONE', *, *, #10153, .T. ) ;
#5662 = DIRECTION ( 'NONE',  ( 1.000000000000000000, -0.0000000000000000000, -0.0000000000000000000 ) ) ;
#5663 = PLANE ( 'NONE',  #1134 ) ;
#5664 = PRESENTATION_LAYER_ASSIGNMENT (  '', '', ( #5068 ) ) ;
#5665 = LINE ( 'NONE', #7664, #894 ) ;
#5666 = CARTESIAN_POINT ( 'NONE',  ( 1.540103539337589900, 2.014051626326669900, 0.0000000000000000000 ) ) ;
#5667 = CARTESIAN_POINT ( 'NONE',  ( 1.489900946999670000, 2.022050005444920200, 0.0000000000000000000 ) ) ;
#5668 = EDGE_LOOP ( 'NONE', ( #10685, #3350, #2287, #3948 ) ) ;
#5669 = PRESENTATION_STYLE_ASSIGNMENT (( #5167 ) ) ;
#5670 = CIRCLE ( 'NONE', #6902, 0.01000000000000000200 ) ;
#5671 = CIRCLE ( 'NONE', #8381, 0.009999999999999998500 ) ;
#5672 = CARTESIAN_POINT ( 'NONE',  ( 0.7960104076400857900, -0.1540413993313948500, 0.1756568542494924300 ) ) ;
#5673 = CARTESIAN_POINT ( 'NONE',  ( -0.4000000000000000200, 0.3499999999999999800, 0.0000000000000000000 ) ) ;
#5674 = SURFACE_STYLE_FILL_AREA ( #8346 ) ;
#5675 = FILL_AREA_STYLE_COLOUR ( '', #7126 ) ;
#5676 = DIRECTION ( 'NONE',  ( -0.0000000000000000000, -0.0000000000000000000, -1.000000000000000000 ) ) ;
#5677 = VERTEX_POINT ( 'NONE', #3538 ) ;
#5678 = LINE ( 'NONE', #771, #7736 ) ;
#5679 = ADVANCED_FACE ( 'NONE', ( #340 ), #3999, .F. ) ;
#5680 = STYLED_ITEM ( 'NONE', ( #938 ), #10318 ) ;
#5681 = CARTESIAN_POINT ( 'NONE',  ( 0.4327635161968225700, -0.3139777154520821400, 0.6448624302404415400 ) ) ;
#5682 = DIRECTION ( 'NONE',  ( -1.000000000000000000, 0.0000000000000000000, 0.0000000000000000000 ) ) ;
#5683 = DIRECTION ( 'NONE',  ( 0.0000000000000000000, -0.0000000000000000000, 1.000000000000000000 ) ) ;
#5684 = ORIENTED_EDGE ( 'NONE', *, *, #682, .F. ) ;
#5685 = CIRCLE ( 'NONE', #8185, 0.009999999999999991500 ) ;
#5686 = LINE ( 'NONE', #4370, #923 ) ;
#5687 = CARTESIAN_POINT ( 'NONE',  ( -0.8000000000000000400, -0.3499999999999999800, 0.1600000000000000000 ) ) ;
#5688 = PRESENTATION_STYLE_ASSIGNMENT (( #1780 ) ) ;
#5689 = PRESENTATION_STYLE_ASSIGNMENT (( #1437 ) ) ;
#5690 = DIRECTION ( 'NONE',  ( 0.0000000000000000000, 0.0000000000000000000, -1.000000000000000000 ) ) ;
#5691 = EDGE_CURVE ( 'NONE', #3203, #1525, #6376, .T. ) ;
#5692 = EDGE_LOOP ( 'NONE', ( #5847, #5252, #935, #230, #1262, #6246, #10481, #5771 ) ) ;
#5693 = FILL_AREA_STYLE ('',( #6567 ) ) ;
#5694 = ORIENTED_EDGE ( 'NONE', *, *, #8978, .F. ) ;
#5695 =( NAMED_UNIT ( * ) SI_UNIT ( $, .STERADIAN. ) SOLID_ANGLE_UNIT ( ) );
#5696 = FILL_AREA_STYLE ('',( #7347 ) ) ;
#5697 = AXIS2_PLACEMENT_3D ( 'NONE', #6571, #1214, #7465 ) ;
#5698 = ORIENTED_EDGE ( 'NONE', *, *, #7707, .T. ) ;
#5699 = CARTESIAN_POINT ( 'NONE',  ( 1.543833400629000200, 1.988048385278420300, 0.1000000000000000100 ) ) ;
#5700 =( NAMED_UNIT ( * ) SI_UNIT ( $, .STERADIAN. ) SOLID_ANGLE_UNIT ( ) );
#5701 = ORIENTED_EDGE ( 'NONE', *, *, #10280, .F. ) ;
#5702 = FACE_OUTER_BOUND ( 'NONE', #9381, .T. ) ;
#5703 =( NAMED_UNIT ( * ) SI_UNIT ( $, .STERADIAN. ) SOLID_ANGLE_UNIT ( ) );
#5704 = VECTOR ( 'NONE', #401, 1000.000000000000000 ) ;
#5705 = UNCERTAINTY_MEASURE_WITH_UNIT (LENGTH_MEASURE( 1.000000000000000100E-005 ), #11408, 'distance_accuracy_value', 'NONE');
#5706 = FACE_OUTER_BOUND ( 'NONE', #5605, .T. ) ;
#5707 = VERTEX_POINT ( 'NONE', #5088 ) ;
#5708 = ORIENTED_EDGE ( 'NONE', *, *, #2408, .T. ) ;
#5709 = ORIENTED_EDGE ( 'NONE', *, *, #10237, .F. ) ;
#5710 = EDGE_CURVE ( 'NONE', #7088, #10404, #8749, .T. ) ;
#5711 = CARTESIAN_POINT ( 'NONE',  ( 0.7990393399629758300, -0.1625548777015471700, 0.1731728101931744000 ) ) ;
#5712 = PRESENTATION_LAYER_ASSIGNMENT (  '', '', ( #5115 ) ) ;
#5713 = EDGE_CURVE ( 'NONE', #7565, #2445, #1600, .T. ) ;
#5714 = CARTESIAN_POINT ( 'NONE',  ( 1.540103539337589900, 1.998667509894980000, 0.0000000000000000000 ) ) ;
#5715 = ORIENTED_EDGE ( 'NONE', *, *, #6954, .F. ) ;
#5716 = PRESENTATION_STYLE_ASSIGNMENT (( #9089 ) ) ;
#5717 = MECHANICAL_DESIGN_GEOMETRIC_PRESENTATION_REPRESENTATION (  '', ( #4535 ), #6305 ) ;
#5718 = FILL_AREA_STYLE ('',( #7476 ) ) ;
#5719 = CARTESIAN_POINT ( 'NONE',  ( 1.512875014679730300, 2.014051626326669900, 0.0000000000000000000 ) ) ;
#5720 = ORIENTED_EDGE ( 'NONE', *, *, #2881, .T. ) ;
#5721 = FILL_AREA_STYLE ('',( #3952 ) ) ;
#5722 =( LENGTH_UNIT ( ) NAMED_UNIT ( * ) SI_UNIT ( .MILLI., .METRE. ) );
#5723 = UNCERTAINTY_MEASURE_WITH_UNIT (LENGTH_MEASURE( 1.000000000000000100E-005 ), #9162, 'distance_accuracy_value', 'NONE');
#5724 = VERTEX_POINT ( 'NONE', #8671 ) ;
#5725 =( NAMED_UNIT ( * ) SI_UNIT ( $, .STERADIAN. ) SOLID_ANGLE_UNIT ( ) );
#5726 = CARTESIAN_POINT ( 'NONE',  ( -0.8000000000000000400, 0.1749999999999999900, 0.1499999999999999900 ) ) ;
#5727 = ORIENTED_EDGE ( 'NONE', *, *, #4293, .F. ) ;
#5728 = SURFACE_STYLE_FILL_AREA ( #7272 ) ;
#5729 = CARTESIAN_POINT ( 'NONE',  ( 1.576151786981580000, 1.982367782848170100, 0.0000000000000000000 ) ) ;
#5730 = PRESENTATION_LAYER_ASSIGNMENT (  '', '', ( #5136 ) ) ;
#5731 = PLANE ( 'NONE',  #4803 ) ;
#5732 = EDGE_CURVE ( 'NONE', #11355, #10623, #1305, .T. ) ;
#5733 = SURFACE_SIDE_STYLE ('',( #9874 ) ) ;
#5734 =( GEOMETRIC_REPRESENTATION_CONTEXT ( 3 ) GLOBAL_UNCERTAINTY_ASSIGNED_CONTEXT ( ( #1457 ) ) GLOBAL_UNIT_ASSIGNED_CONTEXT ( ( #7242, #1903, #8158 ) ) REPRESENTATION_CONTEXT ( 'NONE', 'WORKASPACE' ) );
#5735 = AXIS2_PLACEMENT_3D ( 'NONE', #6083, #717, #6966 ) ;
#5736 = EDGE_LOOP ( 'NONE', ( #9367, #980, #5752, #5474 ) ) ;
#5737 = VECTOR ( 'NONE', #4049, 1000.000000000000000 ) ;
#5738 = SURFACE_STYLE_USAGE ( .BOTH. , #11077 ) ;
#5739 = ORIENTED_EDGE ( 'NONE', *, *, #5409, .T. ) ;
#5740 = CARTESIAN_POINT ( 'NONE',  ( -0.7700000000000000200, 0.3999999999999999100, 0.1758578643762691300 ) ) ;
#5741 = ADVANCED_FACE ( 'NONE', ( #3733 ), #10485, .T. ) ;
#5742 = CARTESIAN_POINT ( 'NONE',  ( -0.6500000000000001300, 0.0000000000000000000, 0.009999999999999998500 ) ) ;
#5743 = COLOUR_RGB ( '',0.8627450980392157300, 0.6274509803921568500, 0.05882352941176470500 ) ;
#5744 =( NAMED_UNIT ( * ) PLANE_ANGLE_UNIT ( ) SI_UNIT ( $, .RADIAN. ) );
#5745 = LINE ( 'NONE', #8929, #7823 ) ;
#5746 = CARTESIAN_POINT ( 'NONE',  ( 1.433299651367150100, 2.022050005444920200, 0.0000000000000000000 ) ) ;
#5747 = AXIS2_PLACEMENT_3D ( 'NONE', #2305, #8550, #3221 ) ;
#5748 = PRESENTATION_LAYER_ASSIGNMENT (  '', '', ( #5165 ) ) ;
#5749 = CARTESIAN_POINT ( 'NONE',  ( -0.4000000000000000200, -0.3499999999999999800, 0.0000000000000000000 ) ) ;
#5750 = DIRECTION ( 'NONE',  ( 1.000000000000000000, 0.0000000000000000000, 0.0000000000000000000 ) ) ;
#5751 = SURFACE_SIDE_STYLE ('',( #7131 ) ) ;
#5752 = ORIENTED_EDGE ( 'NONE', *, *, #7844, .F. ) ;
#5753 = PRESENTATION_STYLE_ASSIGNMENT (( #7518 ) ) ;
#5754 = CARTESIAN_POINT ( 'NONE',  ( -0.7900000000000000400, -0.3500000000000000300, 0.1700000000000000100 ) ) ;
#5755 = DIRECTION ( 'NONE',  ( 0.0000000000000000000, 0.0000000000000000000, 1.000000000000000000 ) ) ;
#5756 = EDGE_LOOP ( 'NONE', ( #4006, #1195, #647, #5923 ) ) ;
#5757 = SURFACE_STYLE_FILL_AREA ( #9958 ) ;
#5758 = VERTEX_POINT ( 'NONE', #2416 ) ;
#5759 = AXIS2_PLACEMENT_3D ( 'NONE', #1319, #7577, #2236 ) ;
#5760 =( GEOMETRIC_REPRESENTATION_CONTEXT ( 3 ) GLOBAL_UNCERTAINTY_ASSIGNED_CONTEXT ( ( #9499 ) ) GLOBAL_UNIT_ASSIGNED_CONTEXT ( ( #3867, #10135, #4771 ) ) REPRESENTATION_CONTEXT ( 'NONE', 'WORKASPACE' ) );
#5761 = LINE ( 'NONE', #867, #3395 ) ;
#5762 = DIRECTION ( 'NONE',  ( -0.0000000000000000000, -0.0000000000000000000, 1.000000000000000000 ) ) ;
#5763 = PLANE ( 'NONE',  #10169 ) ;
#5764 = VERTEX_POINT ( 'NONE', #10521 ) ;
#5765 = CARTESIAN_POINT ( 'NONE',  ( 0.7900000000000000400, 0.1596871942267129900, 0.1799999999999999900 ) ) ;
#5766 =( NAMED_UNIT ( * ) PLANE_ANGLE_UNIT ( ) SI_UNIT ( $, .RADIAN. ) );
#5767 = ORIENTED_EDGE ( 'NONE', *, *, #10355, .T. ) ;
#5768 = EDGE_CURVE ( 'NONE', #6743, #11171, #2876, .T. ) ;
#5769 = AXIS2_PLACEMENT_3D ( 'NONE', #8827, #9253, #9287 ) ;
#5770 =( NAMED_UNIT ( * ) PLANE_ANGLE_UNIT ( ) SI_UNIT ( $, .RADIAN. ) );
#5771 = ORIENTED_EDGE ( 'NONE', *, *, #7790, .T. ) ;
#5772 = UNCERTAINTY_MEASURE_WITH_UNIT (LENGTH_MEASURE( 1.000000000000000100E-005 ), #471, 'distance_accuracy_value', 'NONE');
#5773 = MECHANICAL_DESIGN_GEOMETRIC_PRESENTATION_REPRESENTATION (  '', ( #4602 ), #6378 ) ;
#5774 = SURFACE_SIDE_STYLE ('',( #1938 ) ) ;
#5775 = CARTESIAN_POINT ( 'NONE',  ( -0.4000000000000000200, 0.3499999999999999800, 0.1600000000000000000 ) ) ;
#5776 = LINE ( 'NONE', #1107, #10548 ) ;
#5777 = COLOUR_RGB ( '',0.0000000000000000000, 0.7019607843137254400, 0.9803921568627450600 ) ;
#5778 = FILL_AREA_STYLE ('',( #7552 ) ) ;
#5779 = DIRECTION ( 'NONE',  ( -0.0000000000000000000, -0.0000000000000000000, -1.000000000000000000 ) ) ;
#5780 = ADVANCED_FACE ( 'NONE', ( #7321 ), #6935, .T. ) ;
#5781 = ADVANCED_FACE ( 'NONE', ( #8897 ), #11428, .T. ) ;
#5782 = ORIENTED_EDGE ( 'NONE', *, *, #10730, .F. ) ;
#5783 =( LENGTH_UNIT ( ) NAMED_UNIT ( * ) SI_UNIT ( .MILLI., .METRE. ) );
#5784 = EDGE_CURVE ( 'NONE', #3443, #799, #3293, .T. ) ;
#5785 = EDGE_CURVE ( 'NONE', #8563, #2272, #5678, .T. ) ;
#5786 = MECHANICAL_DESIGN_GEOMETRIC_PRESENTATION_REPRESENTATION (  '', ( #3996 ), #6395 ) ;
#5787 = FACE_OUTER_BOUND ( 'NONE', #6956, .T. ) ;
#5788 = MANIFOLD_SOLID_BREP ( 'Imported4', #3705 ) ;
#5789 = ORIENTED_EDGE ( 'NONE', *, *, #7391, .F. ) ;
#5790 = PRESENTATION_STYLE_ASSIGNMENT (( #11579 ) ) ;
#5791 = DIRECTION ( 'NONE',  ( 0.0000000000000000000, 0.0000000000000000000, -1.000000000000000000 ) ) ;
#5792 = CARTESIAN_POINT ( 'NONE',  ( -0.7900000000000000400, 0.0000000000000000000, 0.0000000000000000000 ) ) ;
#5793 = DIRECTION ( 'NONE',  ( 0.0000000000000000000, 1.000000000000000000, -0.0000000000000000000 ) ) ;
#5794 = ORIENTED_EDGE ( 'NONE', *, *, #423, .T. ) ;
#5795 = CARTESIAN_POINT ( 'NONE',  ( 1.587213375081740100, 1.979474752066250100, 0.05000000000000000300 ) ) ;
#5796 = CIRCLE ( 'NONE', #1741, 0.009999999999999998500 ) ;
#5797 = FACE_OUTER_BOUND ( 'NONE', #3740, .T. ) ;
#5798 = VECTOR ( 'NONE', #2764, 1000.000000000000000 ) ;
#5799 = ORIENTED_EDGE ( 'NONE', *, *, #5785, .T. ) ;
#5800 = LINE ( 'NONE', #4835, #7895 ) ;
#5801 = VERTEX_POINT ( 'NONE', #1670 ) ;
#5802 = DIRECTION ( 'NONE',  ( -1.000000000000000000, 0.0000000000000000000, 0.0000000000000000000 ) ) ;
#5803 =( LENGTH_UNIT ( ) NAMED_UNIT ( * ) SI_UNIT ( .MILLI., .METRE. ) );
#5804 = MECHANICAL_DESIGN_GEOMETRIC_PRESENTATION_REPRESENTATION (  '', ( #3423 ), #6411 ) ;
#5805 =( NAMED_UNIT ( * ) PLANE_ANGLE_UNIT ( ) SI_UNIT ( $, .RADIAN. ) );
#5806 = PRESENTATION_LAYER_ASSIGNMENT (  '', '', ( #5239 ) ) ;
#5807 = CARTESIAN_POINT ( 'NONE',  ( 1.558006294300130000, 2.001304665244250100, 0.1000000000000000100 ) ) ;
#5808 = CARTESIAN_POINT ( 'NONE',  ( 0.7906889315499394700, -0.1502877917503756800, 0.005240933610754131900 ) ) ;
#5809 = SURFACE_STYLE_USAGE ( .BOTH. , #11166 ) ;
#5810 = EDGE_LOOP ( 'NONE', ( #11592, #4181, #1025, #4373 ) ) ;
#5811 = CYLINDRICAL_SURFACE ( 'NONE', #10978, 0.05000000000000002400 ) ;
#5812 = ADVANCED_BREP_SHAPE_REPRESENTATION ( '', ( #2852, #3980 ), #3394 ) ;
#5813 = CARTESIAN_POINT ( 'NONE',  ( -0.7993186015948874300, 0.1593066545647688900, 0.1748380281824668800 ) ) ;
#5814 = CIRCLE ( 'NONE', #7027, 0.009999999999999998500 ) ;
#5815 = CARTESIAN_POINT ( 'NONE',  ( 0.8000000000000000400, 0.1850000000000000000, 0.1499999999999999900 ) ) ;
#5816 = FILL_AREA_STYLE_COLOUR ( '', #4843 ) ;
#5817 = CARTESIAN_POINT ( 'NONE',  ( 0.7900000000000000400, -0.1596871942267129900, 0.1800000000000000200 ) ) ;
#5818 = ORIENTED_EDGE ( 'NONE', *, *, #4216, .F. ) ;
#5819 = STYLED_ITEM ( 'NONE', ( #8940 ), #10486 ) ;
#5820 = PRODUCT ( '1', '1', '', ( #9541 ) ) ;
#5821 = FILL_AREA_STYLE ('',( #2218 ) ) ;
#5822 = AXIS2_PLACEMENT_3D ( 'NONE', #2379, #8633, #3291 ) ;
#5823 = LINE ( 'NONE', #11535, #3469 ) ;
#5824 = ORIENTED_EDGE ( 'NONE', *, *, #2154, .T. ) ;
#5825 = FILL_AREA_STYLE ('',( #2178 ) ) ;
#5826 = LINE ( 'NONE', #5344, #1077 ) ;
#5827 = VERTEX_POINT ( 'NONE', #3499 ) ;
#5828 = FILL_AREA_STYLE_COLOUR ( '', #1557 ) ;
#5829 = CARTESIAN_POINT ( 'NONE',  ( -0.4000000000000000200, -0.3499999999999999800, 0.1600000000000000000 ) ) ;
#5830 = ORIENTED_EDGE ( 'NONE', *, *, #6598, .T. ) ;
#5831 = PRESENTATION_STYLE_ASSIGNMENT (( #10112 ) ) ;
#5832 = ORIENTED_EDGE ( 'NONE', *, *, #9516, .F. ) ;
#5833 = COLOUR_RGB ( '',1.000000000000000000, 0.9921568627450980700, 0.9411764705882352800 ) ;
#5834 = EDGE_CURVE ( 'NONE', #1627, #4261, #6909, .T. ) ;
#5835 = CARTESIAN_POINT ( 'NONE',  ( 0.5250000000000004700, 0.1330726618555938000, 0.01000000000000000000 ) ) ;
#5836 = VECTOR ( 'NONE', #7953, 1000.000000000000000 ) ;
#5837 = MECHANICAL_DESIGN_GEOMETRIC_PRESENTATION_REPRESENTATION (  '', ( #4664 ), #6436 ) ;
#5838 = LINE ( 'NONE', #8484, #10332 ) ;
#5839 = SURFACE_STYLE_USAGE ( .BOTH. , #11191 ) ;
#5840 = CARTESIAN_POINT ( 'NONE',  ( -0.1991441109234209900, 0.1499999999999999900, 0.0000000000000000000 ) ) ;
#5841 = CARTESIAN_POINT ( 'NONE',  ( 0.7941636171043936500, 0.1645284209415260300, -0.005280001234874871600 ) ) ;
#5842 = ADVANCED_FACE ( 'NONE', ( #11415 ), #7968, .T. ) ;
#5843 = UNCERTAINTY_MEASURE_WITH_UNIT (LENGTH_MEASURE( 1.000000000000000100E-005 ), #9080, 'distance_accuracy_value', 'NONE');
#5844 = PRESENTATION_LAYER_ASSIGNMENT (  '', '', ( #4667 ) ) ;
#5845 = ADVANCED_FACE ( 'NONE', ( #6087 ), #6095, .T. ) ;
#5846 = EDGE_LOOP ( 'NONE', ( #2343, #9144, #3886, #8108 ) ) ;
#5847 = ORIENTED_EDGE ( 'NONE', *, *, #2263, .T. ) ;
#5848 = MECHANICAL_DESIGN_GEOMETRIC_PRESENTATION_REPRESENTATION (  '', ( #2702 ), #6439 ) ;
#5849 = CYLINDRICAL_SURFACE ( 'NONE', #10384, 0.01000000000000000200 ) ;
#5850 = SURFACE_STYLE_USAGE ( .BOTH. , #11199 ) ;
#5851 = DIRECTION ( 'NONE',  ( 1.000000000000000000, 0.0000000000000000000, 0.0000000000000000000 ) ) ;
#5852 = EDGE_LOOP ( 'NONE', ( #9465, #7143, #10697, #1689, #6404, #4774 ) ) ;
#5853 = CARTESIAN_POINT ( 'NONE',  ( 0.4944304232934478800, 0.3207392495628431100, 0.6095187945355146100 ) ) ;
#5854 = EDGE_CURVE ( 'NONE', #8807, #10794, #468, .T. ) ;
#5855 = STYLED_ITEM ( 'NONE', ( #6557 ), #3206 ) ;
#5856 = EDGE_CURVE ( 'NONE', #2094, #10430, #9735, .T. ) ;
#5857 = EDGE_LOOP ( 'NONE', ( #7221, #3543, #6643, #10472, #2110, #3919, #11062, #2240 ) ) ;
#5858 = MECHANICAL_DESIGN_GEOMETRIC_PRESENTATION_REPRESENTATION (  '', ( #4682 ), #6451 ) ;
#5859 = DIRECTION ( 'NONE',  ( -1.000000000000000000, 0.0000000000000000000, 0.0000000000000000000 ) ) ;
#5860 = CARTESIAN_POINT ( 'NONE',  ( 0.1270000000000000000, 0.07619999999999999000, 0.0000000000000000000 ) ) ;
#5861 = EDGE_LOOP ( 'NONE', ( #1285, #9232, #881, #9159 ) ) ;
#5862 = SURFACE_STYLE_FILL_AREA ( #5721 ) ;
#5863 = CARTESIAN_POINT ( 'NONE',  ( 1.461310996108919900, 1.980050006160170200, 0.0000000000000000000 ) ) ;
#5864 = DIRECTION ( 'NONE',  ( 0.0000000000000000000, 0.0000000000000000000, 1.000000000000000000 ) ) ;
#5865 = SURFACE_STYLE_FILL_AREA ( #3763 ) ;
#5866 = DIRECTION ( 'NONE',  ( -0.0000000000000000000, -0.0000000000000000000, -1.000000000000000000 ) ) ;
#5867 = ORIENTED_EDGE ( 'NONE', *, *, #8987, .F. ) ;
#5868 = VECTOR ( 'NONE', #9994, 1000.000000000000100 ) ;
#5869 = PRESENTATION_LAYER_ASSIGNMENT (  '', '', ( #4691 ) ) ;
#5870 = CARTESIAN_POINT ( 'NONE',  ( 0.7900000000000000400, -0.2000000000000000100, 0.1700000000000000100 ) ) ;
#5871 = EDGE_CURVE ( 'NONE', #11190, #8270, #2867, .T. ) ;
#5872 = DIRECTION ( 'NONE',  ( 0.0000000000000000000, 0.0000000000000000000, 1.000000000000000000 ) ) ;
#5873 = AXIS2_PLACEMENT_3D ( 'NONE', #2276, #8521, #3196 ) ;
#5874 = AXIS2_PLACEMENT_3D ( 'NONE', #4000, #10262, #4899 ) ;
#5875 = STYLED_ITEM ( 'NONE', ( #11370 ), #8894 ) ;
#5876 = SURFACE_STYLE_USAGE ( .BOTH. , #11225 ) ;
#5877 = SURFACE_STYLE_FILL_AREA ( #8765 ) ;
#5878 = CARTESIAN_POINT ( 'NONE',  ( -0.4480549931478378700, -0.3476823007299041900, 0.6060934671702570300 ) ) ;
#5879 = CARTESIAN_POINT ( 'NONE',  ( 0.5500000000000002700, 0.3503726924179341200, 0.1799999999999999900 ) ) ;
#5880 = CARTESIAN_POINT ( 'NONE',  ( 0.7900000000000000400, -0.3499999999999999800, 0.0000000000000000000 ) ) ;
#5881 = SURFACE_SIDE_STYLE ('',( #2288 ) ) ;
#5882 = DIRECTION ( 'NONE',  ( -0.1209742911513550100, 0.1209742911513550100, 0.9852565360152930600 ) ) ;
#5883 = VERTEX_POINT ( 'NONE', #4517 ) ;
#5884 = ORIENTED_EDGE ( 'NONE', *, *, #1782, .F. ) ;
#5885 = AXIS2_PLACEMENT_3D ( 'NONE', #1028, #7256, #1924 ) ;
#5886 = AXIS2_PLACEMENT_3D ( 'NONE', #7351, #2000, #8268 ) ;
#5887 =( NAMED_UNIT ( * ) SI_UNIT ( $, .STERADIAN. ) SOLID_ANGLE_UNIT ( ) );
#5888 = CARTESIAN_POINT ( 'NONE',  ( 1.636769289959040000, 1.989106842663970000, 0.0000000000000000000 ) ) ;
#5889 = SURFACE_STYLE_USAGE ( .BOTH. , #8668 ) ;
#5890 = DIRECTION ( 'NONE',  ( 0.06249999999999743300, 0.9980449639169571800, 0.0000000000000000000 ) ) ;
#5891 = ORIENTED_EDGE ( 'NONE', *, *, #746, .F. ) ;
#5892 = ADVANCED_FACE ( 'NONE', ( #4961 ), #3609, .T. ) ;
#5893 = ADVANCED_FACE ( 'NONE', ( #8885 ), #5464, .T. ) ;
#5894 = ORIENTED_EDGE ( 'NONE', *, *, #1799, .F. ) ;
#5895 = DIRECTION ( 'NONE',  ( 0.0000000000000000000, 0.0000000000000000000, 1.000000000000000000 ) ) ;
#5896 = ORIENTED_EDGE ( 'NONE', *, *, #11076, .T. ) ;
#5897 = EDGE_CURVE ( 'NONE', #2615, #9148, #5670, .T. ) ;
#5898 = VECTOR ( 'NONE', #3842, 1000.000000000000000 ) ;
#5899 =( GEOMETRIC_REPRESENTATION_CONTEXT ( 3 ) GLOBAL_UNCERTAINTY_ASSIGNED_CONTEXT ( ( #593 ) ) GLOBAL_UNIT_ASSIGNED_CONTEXT ( ( #7152, #6459, #6432 ) ) REPRESENTATION_CONTEXT ( 'NONE', 'WORKASPACE' ) );
#5900 = CARTESIAN_POINT ( 'NONE',  ( 0.7900000000000000400, -0.3499999999999999800, 0.01000000000000000000 ) ) ;
#5901 = UNCERTAINTY_MEASURE_WITH_UNIT (LENGTH_MEASURE( 1.000000000000000100E-005 ), #7479, 'distance_accuracy_value', 'NONE');
#5902 = AXIS2_PLACEMENT_3D ( 'NONE', #9, #6273, #912 ) ;
#5903 = PRODUCT_CONTEXT ( 'NONE', #5017, 'mechanical' ) ;
#5904 = EDGE_LOOP ( 'NONE', ( #7320, #2636, #10551, #8065, #7352, #6478 ) ) ;
#5905 = CARTESIAN_POINT ( 'NONE',  ( 0.7982170378636491700, -0.1563905365920398600, 0.1756568542494923400 ) ) ;
#5907 =( NAMED_UNIT ( * ) PLANE_ANGLE_UNIT ( ) SI_UNIT ( $, .RADIAN. ) );
#5906 = STYLED_ITEM ( 'NONE', ( #9274 ), #7951 ) ;
#5908 = SURFACE_STYLE_FILL_AREA ( #1269 ) ;
#5909 = FILL_AREA_STYLE ('',( #10380 ) ) ;
#5910 = ORIENTED_EDGE ( 'NONE', *, *, #9847, .T. ) ;
#5911 = CARTESIAN_POINT ( 'NONE',  ( 1.489900946999670000, 2.014051626326669900, 0.0000000000000000000 ) ) ;
#5912 = SURFACE_STYLE_USAGE ( .BOTH. , #8597 ) ;
#5913 = EDGE_CURVE ( 'NONE', #7619, #1162, #900, .T. ) ;
#5914 = CARTESIAN_POINT ( 'NONE',  ( -0.7906889315499394700, 0.1502877917503758500, 0.1747590663892457900 ) ) ;
#5915 =( NAMED_UNIT ( * ) SI_UNIT ( $, .STERADIAN. ) SOLID_ANGLE_UNIT ( ) );
#5916 =( NAMED_UNIT ( * ) SI_UNIT ( $, .STERADIAN. ) SOLID_ANGLE_UNIT ( ) );
#5917 = PRODUCT_DEFINITION_FORMATION_WITH_SPECIFIED_SOURCE ( 'ANY', '', #1377, .NOT_KNOWN. ) ;
#5918 = ORIENTED_EDGE ( 'NONE', *, *, #5465, .F. ) ;
#5919 =( NAMED_UNIT ( * ) SI_UNIT ( $, .STERADIAN. ) SOLID_ANGLE_UNIT ( ) );
#5920 =( NAMED_UNIT ( * ) SI_UNIT ( $, .STERADIAN. ) SOLID_ANGLE_UNIT ( ) );
#5921 = DIRECTION ( 'NONE',  ( 0.06249999999999743300, -0.9980449639169571800, 0.0000000000000000000 ) ) ;
#5922 =( NAMED_UNIT ( * ) SI_UNIT ( $, .STERADIAN. ) SOLID_ANGLE_UNIT ( ) );
#5923 = ORIENTED_EDGE ( 'NONE', *, *, #2848, .F. ) ;
#5924 = VECTOR ( 'NONE', #3195, 1000.000000000000000 ) ;
#5925 = VECTOR ( 'NONE', #2093, 1000.000000000000000 ) ;
#5926 = MECHANICAL_DESIGN_GEOMETRIC_PRESENTATION_REPRESENTATION (  '', ( #4136 ), #6526 ) ;
#5927 = EDGE_CURVE ( 'NONE', #2502, #383, #3283, .T. ) ;
#5928 = CARTESIAN_POINT ( 'NONE',  ( -0.8000000000000000400, 0.1850000000000000000, 0.02000000000000000000 ) ) ;
#5929 = STYLED_ITEM ( 'NONE', ( #3726 ), #5845 ) ;
#5930 = STYLED_ITEM ( 'NONE', ( #5548 ), #4265 ) ;
#5931 = CARTESIAN_POINT ( 'NONE',  ( 0.7960104076400857900, -0.1540413993313948200, 0.004343145750507601900 ) ) ;
#5932 = DIRECTION ( 'NONE',  ( 1.000000000000000000, 0.0000000000000000000, 0.0000000000000000000 ) ) ;
#5933 = ORIENTED_EDGE ( 'NONE', *, *, #3239, .T. ) ;
#5934 = PRODUCT_CONTEXT ( 'NONE', #3215, 'mechanical' ) ;
#5935 = PRESENTATION_STYLE_ASSIGNMENT (( #7534 ) ) ;
#5936 =( LENGTH_UNIT ( ) NAMED_UNIT ( * ) SI_UNIT ( .MILLI., .METRE. ) );
#5937 = CARTESIAN_POINT ( 'NONE',  ( 1.443850704672070100, 1.996810134352520000, 0.0000000000000000000 ) ) ;
#5938 = CARTESIAN_POINT ( 'NONE',  ( 1.587247410737570000, 1.984307815193020000, 0.0000000000000000000 ) ) ;
#5939 = ADVANCED_FACE ( 'NONE', ( #7725 ), #7962, .F. ) ;
#5940 = ADVANCED_FACE ( 'NONE', ( #6894 ), #210, .T. ) ;
#5941 = ORIENTED_EDGE ( 'NONE', *, *, #9434, .F. ) ;
#5942 = PRESENTATION_LAYER_ASSIGNMENT (  '', '', ( #4769 ) ) ;
#5943 = VECTOR ( 'NONE', #2508, 1000.000000000000000 ) ;
#5945 = UNCERTAINTY_MEASURE_WITH_UNIT (LENGTH_MEASURE( 1.000000000000000100E-005 ), #2535, 'distance_accuracy_value', 'NONE');
#5944 = DIRECTION ( 'NONE',  ( 1.000000000000000000, 0.0000000000000000000, 0.0000000000000000000 ) ) ;
#5946 = MECHANICAL_DESIGN_GEOMETRIC_PRESENTATION_REPRESENTATION (  '', ( #4770 ), #6546 ) ;
#5947 = FACE_OUTER_BOUND ( 'NONE', #6443, .T. ) ;
#5948 = ADVANCED_FACE ( 'NONE', ( #6071 ), #7303, .F. ) ;
#5949 =( NAMED_UNIT ( * ) SI_UNIT ( $, .STERADIAN. ) SOLID_ANGLE_UNIT ( ) );
#5950 = VERTEX_POINT ( 'NONE', #11014 ) ;
#5951 = DIRECTION ( 'NONE',  ( 0.0000000000000000000, -0.0000000000000000000, -1.000000000000000000 ) ) ;
#5952 = PRESENTATION_STYLE_ASSIGNMENT (( #3752 ) ) ;
#5953 = ORIENTED_EDGE ( 'NONE', *, *, #5641, .F. ) ;
#5954 = VERTEX_POINT ( 'NONE', #285 ) ;
#5955 = PLANE ( 'NONE',  #4059 ) ;
#5956 =( NAMED_UNIT ( * ) PLANE_ANGLE_UNIT ( ) SI_UNIT ( $, .RADIAN. ) );
#5957 =( NAMED_UNIT ( * ) PLANE_ANGLE_UNIT ( ) SI_UNIT ( $, .RADIAN. ) );
#5958 = ORIENTED_EDGE ( 'NONE', *, *, #10007, .T. ) ;
#5959 = DIRECTION ( 'NONE',  ( 1.000000000000000000, 0.0000000000000000000, -0.0000000000000000000 ) ) ;
#5960 = EDGE_CURVE ( 'NONE', #5827, #7282, #9718, .T. ) ;
#5961 = CARTESIAN_POINT ( 'NONE',  ( -0.8000000000000000400, 0.3499999999999999800, 0.0000000000000000000 ) ) ;
#5962 = LINE ( 'NONE', #644, #9186 ) ;
#5963 = STYLED_ITEM ( 'NONE', ( #4856 ), #10717 ) ;
#5964 = ORIENTED_EDGE ( 'NONE', *, *, #4270, .T. ) ;
#5965 =( NAMED_UNIT ( * ) SI_UNIT ( $, .STERADIAN. ) SOLID_ANGLE_UNIT ( ) );
#5966 = ORIENTED_EDGE ( 'NONE', *, *, #999, .F. ) ;
#5967 = DIRECTION ( 'NONE',  ( 0.0000000000000000000, 0.0000000000000000000, 1.000000000000000000 ) ) ;
#5968 = VECTOR ( 'NONE', #8657, 1000.000000000000000 ) ;
#5969 = CARTESIAN_POINT ( 'NONE',  ( 1.529620557344310000, 1.980050006160170200, 0.0000000000000000000 ) ) ;
#5970 = ORIENTED_EDGE ( 'NONE', *, *, #9185, .T. ) ;
#5971 = CARTESIAN_POINT ( 'NONE',  ( 0.7938037774165223000, -0.1516922620707499000, 0.004343145750507646100 ) ) ;
#5972 = ORIENTED_EDGE ( 'NONE', *, *, #7162, .T. ) ;
#5973 =( NAMED_UNIT ( * ) SI_UNIT ( $, .STERADIAN. ) SOLID_ANGLE_UNIT ( ) );
#5974 = VERTEX_POINT ( 'NONE', #1175 ) ;
#5975 = VECTOR ( 'NONE', #5662, 1000.000000000000000 ) ;
#5976 =( REPRESENTATION_RELATIONSHIP ('NONE','NONE', #5525, #1579 ) REPRESENTATION_RELATIONSHIP_WITH_TRANSFORMATION ( #583 )SHAPE_REPRESENTATION_RELATIONSHIP( ) );
#5977 =( NAMED_UNIT ( * ) SI_UNIT ( $, .STERADIAN. ) SOLID_ANGLE_UNIT ( ) );
#5978 =( BOUNDED_SURFACE ( )  B_SPLINE_SURFACE ( 3, 3, ( 
 ( #1354, #1878, #1983, #10141 ),
 ( #2060, #2105, #2141, #2190 ),
 ( #2267, #2352, #2386, #2427 ),
 ( #2472, #2520, #2556, #2639 ) ),
 .UNSPECIFIED., .F., .F., .F. ) 
 B_SPLINE_SURFACE_WITH_KNOTS ( ( 4, 4 ),
 ( 4, 4 ),
 ( 0.0000000000000000000, 1.000000000000000000 ),
 ( 0.0000000000000000000, 1.000000000000000000 ),
 .UNSPECIFIED. ) 
 GEOMETRIC_REPRESENTATION_ITEM ( )  RATIONAL_B_SPLINE_SURFACE ( (
 ( 1.000000000000000000, 0.3333333333333430300, 0.3333333333333430300, 1.000000000000000000),
 ( 0.9289825745457274100, 0.3096608581819181300, 0.3096608581819181300, 0.9289825745457274100),
 ( 0.9289825745457274100, 0.3096608581819181300, 0.3096608581819181300, 0.9289825745457274100),
 ( 1.000000000000000000, 0.3333333333333430300, 0.3333333333333430300, 1.000000000000000000) ) ) 
 REPRESENTATION_ITEM ( '' )  SURFACE ( )  );
#5979 = DIRECTION ( 'NONE',  ( -0.0000000000000000000, -0.0000000000000000000, -1.000000000000000000 ) ) ;
#5980 = ORIENTED_EDGE ( 'NONE', *, *, #2487, .T. ) ;
#5981 = DIRECTION ( 'NONE',  ( -0.0000000000000000000, 1.000000000000000000, 0.0000000000000000000 ) ) ;
#5982 = EDGE_CURVE ( 'NONE', #8659, #10328, #4790, .T. ) ;
#5983 = CARTESIAN_POINT ( 'NONE',  ( 1.582992953759770000, 2.023244605516660000, 0.0000000000000000000 ) ) ;
#5984 = STYLED_ITEM ( 'NONE', ( #4384 ), #2371 ) ;
#5985 = ORIENTED_EDGE ( 'NONE', *, *, #7475, .F. ) ;
#5986 = FACE_OUTER_BOUND ( 'NONE', #8949, .T. ) ;
#5987 = PRESENTATION_LAYER_ASSIGNMENT (  '', '', ( #5428 ) ) ;
#5988 =( NAMED_UNIT ( * ) SI_UNIT ( $, .STERADIAN. ) SOLID_ANGLE_UNIT ( ) );
#5989 = DIRECTION ( 'NONE',  ( 1.000000000000000000, 0.0000000000000000000, -0.0000000000000000000 ) ) ;
#5990 = AXIS2_PLACEMENT_3D ( 'NONE', #538, #6776, #1420 ) ;
#5991 = PRESENTATION_STYLE_ASSIGNMENT (( #2966 ) ) ;
#5992 = CARTESIAN_POINT ( 'NONE',  ( 1.596539144777060000, 2.014054978381730100, 0.0000000000000000000 ) ) ;
#5993 = PLANE ( 'NONE',  #5659 ) ;
#5994 = UNCERTAINTY_MEASURE_WITH_UNIT (LENGTH_MEASURE( 1.000000000000000100E-005 ), #5206, 'distance_accuracy_value', 'NONE');
#5995 = DIRECTION ( 'NONE',  ( 0.0000000000000000000, -1.000000000000000000, -0.0000000000000000000 ) ) ;
#5996 = ORIENTED_EDGE ( 'NONE', *, *, #3480, .T. ) ;
#5997 = VECTOR ( 'NONE', #1476, 1000.000000000000000 ) ;
#5998 = DIRECTION ( 'NONE',  ( 0.0000000000000000000, 0.0000000000000000000, -1.000000000000000000 ) ) ;
#5999 = ORIENTED_EDGE ( 'NONE', *, *, #6388, .F. ) ;
#6000 = DIRECTION ( 'NONE',  ( 0.0000000000000000000, 0.0000000000000000000, -1.000000000000000000 ) ) ;
#6001 = EDGE_CURVE ( 'NONE', #4709, #4810, #2583, .T. ) ;
#6002 = EDGE_CURVE ( 'NONE', #11132, #8178, #5256, .T. ) ;
#6003 = EDGE_CURVE ( 'NONE', #8833, #1188, #188, .T. ) ;
#6004 =( GEOMETRIC_REPRESENTATION_CONTEXT ( 3 ) GLOBAL_UNCERTAINTY_ASSIGNED_CONTEXT ( ( #5326 ) ) GLOBAL_UNIT_ASSIGNED_CONTEXT ( ( #5783, #415, #6659 ) ) REPRESENTATION_CONTEXT ( 'NONE', 'WORKASPACE' ) );
#6005 = DIRECTION ( 'NONE',  ( 0.0000000000000000000, 0.0000000000000000000, 1.000000000000000000 ) ) ;
#6006 = CARTESIAN_POINT ( 'NONE',  ( 0.8000000000000000400, -0.4000000000000000200, 0.0000000000000000000 ) ) ;
#6007 = ADVANCED_FACE ( 'NONE', ( #11548 ), #2114, .T. ) ;
#6008 = SURFACE_STYLE_USAGE ( .BOTH. , #11386 ) ;
#6009 = ADVANCED_FACE ( 'NONE', ( #6202 ), #10175, .T. ) ;
#6010 = CARTESIAN_POINT ( 'NONE',  ( -0.7900000000000000400, 0.3499999999999999800, 0.01000000000000000000 ) ) ;
#6011 = DIRECTION ( 'NONE',  ( -0.0000000000000000000, -1.000000000000000000, -0.0000000000000000000 ) ) ;
#6012 = LINE ( 'NONE', #3447, #10789 ) ;
#6013 = ADVANCED_FACE ( 'NONE', ( #5095 ), #4052, .T. ) ;
#6014 = CARTESIAN_POINT ( 'NONE',  ( 1.600759566099030100, 2.017560650931430100, 0.1000000000000000100 ) ) ;
#6015 = COLOUR_RGB ( '',0.0000000000000000000, 0.6470588235294118000, 0.9568627450980391500 ) ;
#6016 = DIRECTION ( 'NONE',  ( -0.0000000000000000000, 1.000000000000000000, 0.0000000000000000000 ) ) ;
#6017 = VERTEX_POINT ( 'NONE', #9395 ) ;
#6018 = AXIS2_PLACEMENT_3D ( 'NONE', #1596, #1650, #1688 ) ;
#6019 = SURFACE_SIDE_STYLE ('',( #11528 ) ) ;
#6020 = EDGE_CURVE ( 'NONE', #5016, #2094, #9001, .T. ) ;
#6021 = SURFACE_STYLE_USAGE ( .BOTH. , #11396 ) ;
#6022 = LINE ( 'NONE', #11060, #1245 ) ;
#6023 = AXIS2_PLACEMENT_3D ( 'NONE', #2070, #8325, #2986 ) ;
#6024 = AXIS2_PLACEMENT_3D ( 'NONE', #2518, #8761, #3422 ) ;
#6025 = CARTESIAN_POINT ( 'NONE',  ( 0.4951919147073418600, 0.3139777154520822500, 0.5950424259647378900 ) ) ;
#6026 = CARTESIAN_POINT ( 'NONE',  ( 1.605856330198040000, 2.022359678402379800, 0.0000000000000000000 ) ) ;
#6027 =( GEOMETRIC_REPRESENTATION_CONTEXT ( 3 ) GLOBAL_UNCERTAINTY_ASSIGNED_CONTEXT ( ( #3500 ) ) GLOBAL_UNIT_ASSIGNED_CONTEXT ( ( #10575, #5232, #11489 ) ) REPRESENTATION_CONTEXT ( 'NONE', 'WORKASPACE' ) );
#6028 = CARTESIAN_POINT ( 'NONE',  ( -0.7960104076400859000, 0.1540413993313949600, 0.004343145750507378100 ) ) ;
#6029 = COLOUR_RGB ( '',0.8627450980392157300, 0.6274509803921568500, 0.05882352941176470500 ) ;
#6030 = CARTESIAN_POINT ( 'NONE',  ( 0.8008747832827534100, 0.1538940194805950300, 0.1703413634112843900 ) ) ;
#6031 = ORIENTED_EDGE ( 'NONE', *, *, #7412, .F. ) ;
#6032 = VECTOR ( 'NONE', #10688, 1000.000000000000000 ) ;
#6033 = CARTESIAN_POINT ( 'NONE',  ( 0.07619999999999997600, -0.1270000000000000000, 0.0000000000000000000 ) ) ;
#6034 = ORIENTED_EDGE ( 'NONE', *, *, #10861, .F. ) ;
#6035 = PLANE ( 'NONE',  #7923 ) ;
#6036 = CARTESIAN_POINT ( 'NONE',  ( 0.8000000000000000400, -0.1850000000000000000, 0.03000000000000000200 ) ) ;
#6037 = SURFACE_STYLE_FILL_AREA ( #7136 ) ;
#6038 =( NAMED_UNIT ( * ) PLANE_ANGLE_UNIT ( ) SI_UNIT ( $, .RADIAN. ) );
#6039 = CARTESIAN_POINT ( 'NONE',  ( -0.8000000000000000400, -0.1749999999999999900, 0.02000000000000000000 ) ) ;
#6040 = DIRECTION ( 'NONE',  ( -1.000000000000000000, -0.0000000000000000000, 0.0000000000000000000 ) ) ;
#6041 = VERTEX_POINT ( 'NONE', #519 ) ;
#6042 = DIRECTION ( 'NONE',  ( 0.0000000000000000000, 0.0000000000000000000, 1.000000000000000000 ) ) ;
#6043 = ORIENTED_EDGE ( 'NONE', *, *, #5212, .F. ) ;
#6044 = DIRECTION ( 'NONE',  ( 0.0000000000000000000, 1.000000000000000000, 0.0000000000000000000 ) ) ;
#6045 = ORIENTED_EDGE ( 'NONE', *, *, #5389, .F. ) ;
#6046 = CARTESIAN_POINT ( 'NONE',  ( 0.4480549931478379800, 0.3476823007299041900, 0.6060934671702569200 ) ) ;
#6047 =( LENGTH_UNIT ( ) NAMED_UNIT ( * ) SI_UNIT ( .MILLI., .METRE. ) );
#6048 = DIRECTION ( 'NONE',  ( 1.000000000000000000, 0.0000000000000000000, -0.0000000000000000000 ) ) ;
#6049 = CARTESIAN_POINT ( 'NONE',  ( -0.7900000000000000400, -0.1596871942267129900, -3.146122375515972600E-018 ) ) ;
#6050 = DIRECTION ( 'NONE',  ( -1.000000000000000000, 0.0000000000000000000, 0.0000000000000000000 ) ) ;
#6051 = DIRECTION ( 'NONE',  ( 0.0000000000000000000, -1.000000000000000000, -0.0000000000000000000 ) ) ;
#6052 = UNCERTAINTY_MEASURE_WITH_UNIT (LENGTH_MEASURE( 1.000000000000000100E-005 ), #8398, 'distance_accuracy_value', 'NONE');
#6053 = ORIENTED_EDGE ( 'NONE', *, *, #5530, .T. ) ;
#6054 = CARTESIAN_POINT ( 'NONE',  ( -0.7900000000000000400, -0.1596871942267129600, 0.1700000000000000100 ) ) ;
#6055 = CARTESIAN_POINT ( 'NONE',  ( -0.5500000000000006000, 0.3795324038633935400, 0.1799999999999999700 ) ) ;
#6056 = EDGE_CURVE ( 'NONE', #2500, #4868, #11393, .T. ) ;
#6057 = FILL_AREA_STYLE ('',( #10531 ) ) ;
#6058 =( GEOMETRIC_REPRESENTATION_CONTEXT ( 3 ) GLOBAL_UNCERTAINTY_ASSIGNED_CONTEXT ( ( #4205 ) ) GLOBAL_UNIT_ASSIGNED_CONTEXT ( ( #3772, #3807, #3964 ) ) REPRESENTATION_CONTEXT ( 'NONE', 'WORKASPACE' ) );
#6059 = SURFACE_SIDE_STYLE ('',( #3712 ) ) ;
#6060 = CARTESIAN_POINT ( 'NONE',  ( -0.8000000000000000400, -0.1749999999999999600, 0.0000000000000000000 ) ) ;
#6062 = SURFACE_STYLE_USAGE ( .BOTH. , #11443 ) ;
#6061 = PRESENTATION_LAYER_ASSIGNMENT (  '', '', ( #4279 ) ) ;
#6063 = ORIENTED_EDGE ( 'NONE', *, *, #4311, .F. ) ;
#6064 = CARTESIAN_POINT ( 'NONE',  ( 0.5215586932262864500, 0.2462096407409377400, 0.6280820810340175300 ) ) ;
#6065 = UNCERTAINTY_MEASURE_WITH_UNIT (LENGTH_MEASURE( 1.000000000000000100E-005 ), #6646, 'distance_accuracy_value', 'NONE');
#6066 = CARTESIAN_POINT ( 'NONE',  ( -0.4480549931478379800, -0.2980549931478379000, 0.5999999999999998700 ) ) ;
#6067 = CARTESIAN_POINT ( 'NONE',  ( -0.7990804081733013900, 0.1621684676773500500, 0.006625171194059374500 ) ) ;
#6068 = CIRCLE ( 'NONE', #5874, 0.05000000000000002400 ) ;
#6069 = EDGE_LOOP ( 'NONE', ( #4925, #8211, #5171, #6045 ) ) ;
#6070 = CARTESIAN_POINT ( 'NONE',  ( 0.7700000000000000200, 0.4000000000000000200, 0.02000000000000000000 ) ) ;
#6071 = FACE_OUTER_BOUND ( 'NONE', #2641, .T. ) ;
#6072 = ADVANCED_FACE ( 'NONE', ( #1864 ), #7868, .T. ) ;
#6073 = ADVANCED_FACE ( 'NONE', ( #3415 ), #2363, .T. ) ;
#6074 = COLOUR_RGB ( '',0.8627450980392157300, 0.6274509803921568500, 0.05882352941176470500 ) ;
#6075 = CARTESIAN_POINT ( 'NONE',  ( -0.8000000000000000400, -0.4000000000000000200, 0.0000000000000000000 ) ) ;
#6076 = DIRECTION ( 'NONE',  ( -0.0000000000000000000, -1.000000000000000000, -0.0000000000000000000 ) ) ;
#6077 = COLOUR_RGB ( '',0.7921568627450980000, 0.8196078431372548800, 0.9333333333333333500 ) ;
#6078 = EDGE_CURVE ( 'NONE', #8748, #1778, #7019, .T. ) ;
#6079 = ORIENTED_EDGE ( 'NONE', *, *, #10829, .T. ) ;
#6080 = CARTESIAN_POINT ( 'NONE',  ( -0.7906250000000002400, 0.1497067445875435200, 0.004142135623731000800 ) ) ;
#6081 = EDGE_CURVE ( 'NONE', #11132, #5500, #2570, .T. ) ;
#6082 =( NAMED_UNIT ( * ) SI_UNIT ( $, .STERADIAN. ) SOLID_ANGLE_UNIT ( ) );
#6083 = CARTESIAN_POINT ( 'NONE',  ( -0.4000000000000000200, -0.1499999999999999900, 0.02000000000000000000 ) ) ;
#6084 = VECTOR ( 'NONE', #4886, 1000.000000000000000 ) ;
#6085 = DIRECTION ( 'NONE',  ( 0.0000000000000000000, -0.0000000000000000000, 1.000000000000000000 ) ) ;
#6086 = ORIENTED_EDGE ( 'NONE', *, *, #970, .F. ) ;
#6087 = FACE_OUTER_BOUND ( 'NONE', #6940, .T. ) ;
#6088 = ORIENTED_EDGE ( 'NONE', *, *, #5913, .T. ) ;
#6089 = FILL_AREA_STYLE_COLOUR ( '', #4732 ) ;
#6090 =( NAMED_UNIT ( * ) PLANE_ANGLE_UNIT ( ) SI_UNIT ( $, .RADIAN. ) );
#6091 = SURFACE_STYLE_USAGE ( .BOTH. , #6133 ) ;
#6092 = SURFACE_STYLE_USAGE ( .BOTH. , #11469 ) ;
#6093 = CARTESIAN_POINT ( 'NONE',  ( -0.4764586206041046500, -0.3516608847354837900, 0.6099478456424555200 ) ) ;
#6094 = COLOUR_RGB ( '',0.0000000000000000000, 0.7019607843137254400, 0.9803921568627450600 ) ;
#6095 = PLANE ( 'NONE',  #10155 ) ;
#6096 = ORIENTED_EDGE ( 'NONE', *, *, #3031, .F. ) ;
#6097 = VECTOR ( 'NONE', #7747, 1000.000000000000000 ) ;
#6098 = PRESENTATION_LAYER_ASSIGNMENT (  '', '', ( #4896 ) ) ;
#6099 = EDGE_CURVE ( 'NONE', #3625, #11190, #9400, .T. ) ;
#6100 = STYLED_ITEM ( 'NONE', ( #2854 ), #6007 ) ;
#6101 = AXIS2_PLACEMENT_3D ( 'NONE', #8147, #2810, #9047 ) ;
#6102 = DIRECTION ( 'NONE',  ( 0.0000000000000000000, 0.0000000000000000000, -1.000000000000000000 ) ) ;
#6103 = CARTESIAN_POINT ( 'NONE',  ( 1.433299651367150100, 2.022050005444920200, 0.1000000000000000100 ) ) ;
#6104 = CARTESIAN_POINT ( 'NONE',  ( 1.525298029054880100, 2.014051626326669900, 0.1000000000000000100 ) ) ;
#6105 = FACE_OUTER_BOUND ( 'NONE', #3613, .T. ) ;
#6106 = ORIENTED_EDGE ( 'NONE', *, *, #2484, .T. ) ;
#6107 =( NAMED_UNIT ( * ) PLANE_ANGLE_UNIT ( ) SI_UNIT ( $, .RADIAN. ) );
#6108 = CARTESIAN_POINT ( 'NONE',  ( 0.7900000000000000400, 0.1596871942267129900, 0.1800000000000000200 ) ) ;
#6109 = ORIENTED_EDGE ( 'NONE', *, *, #3688, .T. ) ;
#6110 = FACE_OUTER_BOUND ( 'NONE', #5852, .T. ) ;
#6111 = SURFACE_STYLE_FILL_AREA ( #5909 ) ;
#6112 = CARTESIAN_POINT ( 'NONE',  ( 0.4591302947157675000, 0.2462096407409379600, 0.6779020853097210700 ) ) ;
#6113 = FACE_OUTER_BOUND ( 'NONE', #9884, .T. ) ;
#6114 = LINE ( 'NONE', #8816, #10875 ) ;
#6115 = FILL_AREA_STYLE_COLOUR ( '', #2605 ) ;
#6116 = DIRECTION ( 'NONE',  ( -0.0000000000000000000, -0.0000000000000000000, -1.000000000000000000 ) ) ;
#6117 = MECHANICAL_DESIGN_GEOMETRIC_PRESENTATION_REPRESENTATION (  '', ( #4337 ), #6681 ) ;
#6118 = CIRCLE ( 'NONE', #11246, 0.1499999999999999700 ) ;
#6119 = EDGE_LOOP ( 'NONE', ( #5123, #3436, #9741, #10339 ) ) ;
#6120 = CARTESIAN_POINT ( 'NONE',  ( 0.0000000000000000000, 0.0000000000000000000, 0.1799999999999999900 ) ) ;
#6121 = CARTESIAN_POINT ( 'NONE',  ( 0.8000000000000000400, 0.3500000000000000300, 0.1700000000000000100 ) ) ;
#6122 = ORIENTED_EDGE ( 'NONE', *, *, #6714, .F. ) ;
#6123 = AXIS2_PLACEMENT_3D ( 'NONE', #1743, #7998, #2661 ) ;
#6124 = CARTESIAN_POINT ( 'NONE',  ( 1.596539144777060000, 2.014054978381730100, 0.0000000000000000000 ) ) ;
#6125 = COLOUR_RGB ( '',0.0000000000000000000, 0.6470588235294118000, 0.9568627450980391500 ) ;
#6126 = FILL_AREA_STYLE_COLOUR ( '', #1038 ) ;
#6127 = CARTESIAN_POINT ( 'NONE',  ( 1.573701219720280000, 2.017560650931430100, 0.0000000000000000000 ) ) ;
#6128 = ORIENTED_EDGE ( 'NONE', *, *, #6002, .F. ) ;
#6129 = LINE ( 'NONE', #4459, #5836 ) ;
#6130 = CARTESIAN_POINT ( 'NONE',  ( -0.7875735931288074800, -0.3999999999999999100, 0.1758578643762690500 ) ) ;
#6131 = EDGE_LOOP ( 'NONE', ( #671, #761, #11037, #8135 ) ) ;
#6132 = FILL_AREA_STYLE_COLOUR ( '', #4598 ) ;
#6133 = SURFACE_SIDE_STYLE ('',( #9192 ) ) ;
#6134 = PRESENTATION_STYLE_ASSIGNMENT (( #6062 ) ) ;
#6135 = VERTEX_POINT ( 'NONE', #633 ) ;
#6136 = COLOUR_RGB ( '',0.0000000000000000000, 0.6470588235294118000, 0.9568627450980391500 ) ;
#6137 = COLOUR_RGB ( '',0.0000000000000000000, 0.7019607843137254400, 0.9803921568627450600 ) ;
#6138 = ADVANCED_FACE ( 'NONE', ( #4681 ), #5993, .T. ) ;
#6139 = CARTESIAN_POINT ( 'NONE',  ( -0.8000000000000000400, 0.1749999999999999900, 0.03000000000000000200 ) ) ;
#6140 =( GEOMETRIC_REPRESENTATION_CONTEXT ( 3 ) GLOBAL_UNCERTAINTY_ASSIGNED_CONTEXT ( ( #8380 ) ) GLOBAL_UNIT_ASSIGNED_CONTEXT ( ( #4287, #10543, #5202 ) ) REPRESENTATION_CONTEXT ( 'NONE', 'WORKASPACE' ) );
#6141 = CARTESIAN_POINT ( 'NONE',  ( 0.8000000000000000400, -0.1749999999999999900, 0.1499999999999999900 ) ) ;
#6142 = B_SPLINE_CURVE_WITH_KNOTS ( 'NONE', 2,
 ( #5558, #3586, #3623, #3467 ),
 .UNSPECIFIED., .F., .F.,
 ( 3, 1, 3 ),
 ( 0.0000000000000000000, 8.644846769391135600E-006, 1.728969353878227100E-005 ),
 .UNSPECIFIED. ) ;
#6143 = STYLED_ITEM ( 'NONE', ( #9730 ), #7822 ) ;
#6144 = CARTESIAN_POINT ( 'NONE',  ( 1.605796843160729900, 2.001359678760009900, 0.05000000000000000300 ) ) ;
#6145 = CARTESIAN_POINT ( 'NONE',  ( -0.5500000000000003800, 0.3503726924179341200, 0.1800000000000000200 ) ) ;
#6146 = COLOUR_RGB ( '',1.000000000000000000, 0.9921568627450980700, 0.9411764705882352800 ) ;
#6147 = DIRECTION ( 'NONE',  ( 0.0000000000000000000, 0.0000000000000000000, 1.000000000000000000 ) ) ;
#6148 = DIRECTION ( 'NONE',  ( 0.0000000000000000000, 0.0000000000000000000, -1.000000000000000000 ) ) ;
#6149 =( NAMED_UNIT ( * ) PLANE_ANGLE_UNIT ( ) SI_UNIT ( $, .RADIAN. ) );
#6150 = ORIENTED_EDGE ( 'NONE', *, *, #10903, .T. ) ;
#6151 = COLOUR_RGB ( '',0.8627450980392157300, 0.6274509803921568500, 0.05882352941176470500 ) ;
#6152 = CARTESIAN_POINT ( 'NONE',  ( 0.8000000000000000400, 0.1850000000000000000, 0.1499999999999999900 ) ) ;
#6153 = DIRECTION ( 'NONE',  ( 1.000000000000000000, 0.0000000000000000000, 0.0000000000000000000 ) ) ;
#6154 = DIRECTION ( 'NONE',  ( -1.000000000000000000, 0.0000000000000000000, 0.0000000000000000000 ) ) ;
#6155 = CARTESIAN_POINT ( 'NONE',  ( 0.4327635161968227400, 0.3139777154520823600, 0.6448624302404415400 ) ) ;
#6156 = DIRECTION ( 'NONE',  ( -0.3301180510536037600, 0.8484716754920946800, 0.4136639798873089600 ) ) ;
#6157 = EDGE_CURVE ( 'NONE', #1625, #3109, #8344, .T. ) ;
#6158 = AXIS2_PLACEMENT_3D ( 'NONE', #769, #695, #1186 ) ;
#6159 = MANIFOLD_SOLID_BREP ( 'Imported3', #9336 ) ;
#6160 = SURFACE_SIDE_STYLE ('',( #7057 ) ) ;
#6161 = ORIENTED_EDGE ( 'NONE', *, *, #9370, .T. ) ;
#6162 = MECHANICAL_DESIGN_GEOMETRIC_PRESENTATION_REPRESENTATION (  '', ( #4952 ), #6721 ) ;
#6163 =( LENGTH_UNIT ( ) NAMED_UNIT ( * ) SI_UNIT ( .MILLI., .METRE. ) );
#6164 = FILL_AREA_STYLE_COLOUR ( '', #744 ) ;
#6165 = VECTOR ( 'NONE', #10568, 1000.000000000000000 ) ;
#6166 = FILL_AREA_STYLE_COLOUR ( '', #4985 ) ;
#6167 = STYLED_ITEM ( 'NONE', ( #4156 ), #314 ) ;
#6168 = FILL_AREA_STYLE ('',( #7274 ) ) ;
#6169 = EDGE_CURVE ( 'NONE', #9942, #10385, #5166, .T. ) ;
#6170 = MECHANICAL_DESIGN_GEOMETRIC_PRESENTATION_REPRESENTATION (  '', ( #4392 ), #6733 ) ;
#6171 = PRESENTATION_LAYER_ASSIGNMENT (  '', '', ( #6734 ) ) ;
#6172 = ORIENTED_EDGE ( 'NONE', *, *, #1403, .F. ) ;
#6173 =( NAMED_UNIT ( * ) SI_UNIT ( $, .STERADIAN. ) SOLID_ANGLE_UNIT ( ) );
#6174 = EDGE_LOOP ( 'NONE', ( #10986, #4330, #743, #9605 ) ) ;
#6175 = UNCERTAINTY_MEASURE_WITH_UNIT (LENGTH_MEASURE( 1.000000000000000100E-005 ), #738, 'distance_accuracy_value', 'NONE');
#6176 = CARTESIAN_POINT ( 'NONE',  ( 0.7899999999999998100, 0.1596871942267131000, 0.01000000000000000000 ) ) ;
#6177 = PRESENTATION_STYLE_ASSIGNMENT (( #5578 ) ) ;
#6178 = CARTESIAN_POINT ( 'NONE',  ( -0.5003726924179342500, 0.4000000000000003600, 0.1799999999999999900 ) ) ;
#6179 = DIRECTION ( 'NONE',  ( 0.0000000000000000000, 0.0000000000000000000, 1.000000000000000000 ) ) ;
#6180 =( LENGTH_UNIT ( ) NAMED_UNIT ( * ) SI_UNIT ( .MILLI., .METRE. ) );
#6181 = ORIENTED_EDGE ( 'NONE', *, *, #599, .F. ) ;
#6182 = STYLED_ITEM ( 'NONE', ( #2206 ), #1362 ) ;
#6183 = DIRECTION ( 'NONE',  ( 0.0000000000000000000, -0.0000000000000000000, -1.000000000000000000 ) ) ;
#6184 = DIRECTION ( 'NONE',  ( 0.0000000000000000000, 0.0000000000000000000, 1.000000000000000000 ) ) ;
#6185 = VERTEX_POINT ( 'NONE', #8780 ) ;
#6186 = PRESENTATION_LAYER_ASSIGNMENT (  '', '', ( #4986 ) ) ;
#6187 =( NAMED_UNIT ( * ) SI_UNIT ( $, .STERADIAN. ) SOLID_ANGLE_UNIT ( ) );
#6188 = VECTOR ( 'NONE', #3612, 1000.000000000000000 ) ;
#6189 = ADVANCED_FACE ( 'NONE', ( #365 ), #386, .F. ) ;
#6190 = VERTEX_POINT ( 'NONE', #756 ) ;
#6191 = DIRECTION ( 'NONE',  ( -0.9925461516413220900, 0.0000000000000000000, 0.1218693434051475500 ) ) ;
#6192 = CARTESIAN_POINT ( 'NONE',  ( 1.599976746015110000, 2.001359678760009900, 0.0000000000000000000 ) ) ;
#6193 =( LENGTH_UNIT ( ) NAMED_UNIT ( * ) SI_UNIT ( .MILLI., .METRE. ) );
#6194 = CARTESIAN_POINT ( 'NONE',  ( 1.543833400629000200, 2.001304665244250100, 0.0000000000000000000 ) ) ;
#6195 = SURFACE_STYLE_USAGE ( .BOTH. , #11582 ) ;
#6196 = UNCERTAINTY_MEASURE_WITH_UNIT (LENGTH_MEASURE( 1.000000000000000100E-005 ), #10836, 'distance_accuracy_value', 'NONE');
#6197 = MECHANICAL_DESIGN_GEOMETRIC_PRESENTATION_REPRESENTATION (  '', ( #4424 ), #6771 ) ;
#6198 = EDGE_LOOP ( 'NONE', ( #10216, #2469, #7511, #5368 ) ) ;
#6199 = CARTESIAN_POINT ( 'NONE',  ( 0.8000000000000000400, 0.3499999999999999800, 0.02000000000000000000 ) ) ;
#6200 = CARTESIAN_POINT ( 'NONE',  ( 1.590174477138280000, 2.018411542327000200, 0.1000000000000000300 ) ) ;
#6201 = STYLED_ITEM ( 'NONE', ( #9415 ), #7574 ) ;
#6202 = FACE_OUTER_BOUND ( 'NONE', #731, .T. ) ;
#6203 =( NAMED_UNIT ( * ) PLANE_ANGLE_UNIT ( ) SI_UNIT ( $, .RADIAN. ) );
#6204 = DIRECTION ( 'NONE',  ( 0.0000000000000000000, 0.0000000000000000000, 1.000000000000000000 ) ) ;
#6205 = EDGE_LOOP ( 'NONE', ( #3073, #3441, #1498, #5383, #11275, #11304, #11068, #4300, #5701, #315, #9603, #4334, #7858, #8223, #9814, #9262, #1093, #615, #9636, #10115 ) ) ;
#6206 = UNCERTAINTY_MEASURE_WITH_UNIT (LENGTH_MEASURE( 1.000000000000000100E-005 ), #4296, 'distance_accuracy_value', 'NONE');
#6207 = EDGE_CURVE ( 'NONE', #3773, #638, #8779, .T. ) ;
#6208 =( NAMED_UNIT ( * ) SI_UNIT ( $, .STERADIAN. ) SOLID_ANGLE_UNIT ( ) );
#6209 = FILL_AREA_STYLE ('',( #5358 ) ) ;
#6210 = PRESENTATION_LAYER_ASSIGNMENT (  '', '', ( #6788 ) ) ;
#6211 = CARTESIAN_POINT ( 'NONE',  ( -0.7700000000000000200, 0.4000000000000000200, 0.1700000000000000100 ) ) ;
#6212 = VECTOR ( 'NONE', #202, 1000.000000000000000 ) ;
#6213 = ORIENTED_EDGE ( 'NONE', *, *, #2807, .T. ) ;
#6214 = CARTESIAN_POINT ( 'NONE',  ( 1.600759566099034100, 2.017560650931434100, 0.0000000000000000000 ) ) ;
#6215 = PRODUCT_DEFINITION_SHAPE ( 'NONE', 'NONE',  #3558 ) ;
#6217 = DIRECTION ( 'NONE',  ( 0.0000000000000000000, -0.0000000000000000000, 1.000000000000000000 ) ) ;
#6216 = PRESENTATION_LAYER_ASSIGNMENT (  '', '', ( #5030 ) ) ;
#6218 = DIRECTION ( 'NONE',  ( -1.000000000000000000, -0.0000000000000000000, 0.0000000000000000000 ) ) ;
#6219 = VECTOR ( 'NONE', #2942, 1000.000000000000000 ) ;
#6220 = CARTESIAN_POINT ( 'NONE',  ( 0.4944304232934477700, 0.3207392495628431100, 0.6095187945355145000 ) ) ;
#6221 = DIRECTION ( 'NONE',  ( 0.0000000000000000000, 0.0000000000000000000, 1.000000000000000000 ) ) ;
#6222 = CIRCLE ( 'NONE', #1961, 0.04999999999999995400 ) ;
#6223 = ORIENTED_EDGE ( 'NONE', *, *, #5284, .T. ) ;
#6224 = DIRECTION ( 'NONE',  ( 0.0000000000000000000, -0.0000000000000000000, 1.000000000000000000 ) ) ;
#6225 = DIRECTION ( 'NONE',  ( 1.000000000000000000, 0.0000000000000000000, -0.0000000000000000000 ) ) ;
#6226 = EDGE_CURVE ( 'NONE', #9839, #8971, #11148, .T. ) ;
#6227 = EDGE_CURVE ( 'NONE', #8472, #7565, #6401, .T. ) ;
#6228 = DIRECTION ( 'NONE',  ( -0.0000000000000000000, -0.0000000000000000000, -1.000000000000000000 ) ) ;
#6229 = AXIS2_PLACEMENT_3D ( 'NONE', #1055, #7285, #1947 ) ;
#6230 = EDGE_CURVE ( 'NONE', #4873, #241, #4022, .T. ) ;
#6231 = PRESENTATION_STYLE_ASSIGNMENT (( #3020 ) ) ;
#6232 = MECHANICAL_DESIGN_GEOMETRIC_PRESENTATION_REPRESENTATION (  '', ( #5050 ), #6814 ) ;
#6233 = CARTESIAN_POINT ( 'NONE',  ( 0.4000000000000000200, 0.3900000000000000700, 0.1800000000000000200 ) ) ;
#6234 = FACE_OUTER_BOUND ( 'NONE', #10417, .T. ) ;
#6235 = CARTESIAN_POINT ( 'NONE',  ( -0.7700000000000000200, 0.3700000000000000000, 0.1700000000000000100 ) ) ;
#6236 = ORIENTED_EDGE ( 'NONE', *, *, #10093, .T. ) ;
#6237 = VECTOR ( 'NONE', #701, 1000.000000000000000 ) ;
#6238 = CARTESIAN_POINT ( 'NONE',  ( 0.8000000000000001600, -0.3700000000000000000, 0.1700000000000000100 ) ) ;
#6239 = CARTESIAN_POINT ( 'NONE',  ( -0.1270000000000000000, -0.07619999999999999000, 0.0000000000000000000 ) ) ;
#6241 = DIRECTION ( 'NONE',  ( -1.000000000000000000, -0.0000000000000000000, -0.0000000000000000000 ) ) ;
#6240 = CIRCLE ( 'NONE', #7098, 0.01000000000000002600 ) ;
#6242 = ORIENTED_EDGE ( 'NONE', *, *, #1718, .F. ) ;
#6243 = ADVANCED_FACE ( 'NONE', ( #8474 ), #2769, .T. ) ;
#6244 =( NAMED_UNIT ( * ) PLANE_ANGLE_UNIT ( ) SI_UNIT ( $, .RADIAN. ) );
#6245 = SURFACE_STYLE_FILL_AREA ( #2844 ) ;
#6246 = ORIENTED_EDGE ( 'NONE', *, *, #6078, .T. ) ;
#6247 =( GEOMETRIC_REPRESENTATION_CONTEXT ( 3 ) GLOBAL_UNCERTAINTY_ASSIGNED_CONTEXT ( ( #10303 ) ) GLOBAL_UNIT_ASSIGNED_CONTEXT ( ( #4933, #4863, #4762 ) ) REPRESENTATION_CONTEXT ( 'NONE', 'WORKASPACE' ) );
#6248 = EDGE_CURVE ( 'NONE', #339, #8773, #5310, .T. ) ;
#6249 = ORIENTED_EDGE ( 'NONE', *, *, #8389, .T. ) ;
#6250 = DIRECTION ( 'NONE',  ( -1.000000000000000000, 0.0000000000000000000, -0.0000000000000000000 ) ) ;
#6251 = PRESENTATION_LAYER_ASSIGNMENT (  '', '', ( #5064 ) ) ;
#6252 = LINE ( 'NONE', #11100, #3875 ) ;
#6253 = PRESENTATION_LAYER_ASSIGNMENT (  '', '', ( #5065 ) ) ;
#6254 = VERTEX_POINT ( 'NONE', #1039 ) ;
#6255 = LINE ( 'NONE', #9969, #1473 ) ;
#6256 = COLOUR_RGB ( '',0.0000000000000000000, 0.3725490196078431500, 0.5490196078431373000 ) ;
#6257 = MECHANICAL_DESIGN_GEOMETRIC_PRESENTATION_REPRESENTATION (  '', ( #5068 ), #6834 ) ;
#6258 = FILL_AREA_STYLE ('',( #4439 ) ) ;
#6259 = FILL_AREA_STYLE ('',( #11636 ) ) ;
#6260 = DIRECTION ( 'NONE',  ( 1.000000000000000000, 0.0000000000000000000, -0.0000000000000000000 ) ) ;
#6261 = ORIENTED_EDGE ( 'NONE', *, *, #7813, .F. ) ;
#6262 = CARTESIAN_POINT ( 'NONE',  ( 0.5144424673475153100, 0.2693041568910425900, 0.6345954656313992400 ) ) ;
#6263 = DIRECTION ( 'NONE',  ( -0.5292407919724579900, -0.5292407919724613200, 0.6631804944543584500 ) ) ;
#6264 = PLANE ( 'NONE',  #2358 ) ;
#6265 = ORIENTED_EDGE ( 'NONE', *, *, #2648, .F. ) ;
#6266 = ORIENTED_EDGE ( 'NONE', *, *, #3151, .T. ) ;
#6267 = FACE_BOUND ( 'NONE', #3474, .T. ) ;
#6268 =( NAMED_UNIT ( * ) SI_UNIT ( $, .STERADIAN. ) SOLID_ANGLE_UNIT ( ) );
#6269 = VECTOR ( 'NONE', #327, 1000.000000000000000 ) ;
#6270 = EDGE_LOOP ( 'NONE', ( #1818, #2534, #9981, #3987 ) ) ;
#6271 = UNCERTAINTY_MEASURE_WITH_UNIT (LENGTH_MEASURE( 1.000000000000000100E-005 ), #5603, 'distance_accuracy_value', 'NONE');
#6272 = CYLINDRICAL_SURFACE ( 'NONE', #9572, 0.01000000000000000200 ) ;
#6273 = DIRECTION ( 'NONE',  ( 0.0000000000000000000, -1.000000000000000000, 0.0000000000000000000 ) ) ;
#6274 = AXIS2_PLACEMENT_3D ( 'NONE', #5121, #11376, #5998 ) ;
#6275 = CARTESIAN_POINT ( 'NONE',  ( 1.599976746015110000, 2.005512028770319900, 0.1000000000000000100 ) ) ;
#6276 = DIRECTION ( 'NONE',  ( 0.0000000000000000000, 0.0000000000000000000, 1.000000000000000000 ) ) ;
#6277 =( LENGTH_UNIT ( ) NAMED_UNIT ( * ) SI_UNIT ( .MILLI., .METRE. ) );
#6278 = ORIENTED_EDGE ( 'NONE', *, *, #3310, .F. ) ;
#6279 = VERTEX_POINT ( 'NONE', #3681 ) ;
#6280 = CIRCLE ( 'NONE', #3356, 0.01000000000000002600 ) ;
#6281 = DIRECTION ( 'NONE',  ( 0.1209742911513543900, 0.1209742911513541400, -0.9852565360152932800 ) ) ;
#6282 = DIRECTION ( 'NONE',  ( 0.0000000000000000000, 0.0000000000000000000, 1.000000000000000000 ) ) ;
#6283 = SURFACE_STYLE_FILL_AREA ( #2052 ) ;
#6284 = EDGE_CURVE ( 'NONE', #241, #8270, #9774, .T. ) ;
#6285 = LINE ( 'NONE', #3144, #3361 ) ;
#6286 = STYLED_ITEM ( 'NONE', ( #10761 ), #1669 ) ;
#6287 = DIRECTION ( 'NONE',  ( 0.0000000000000000000, 0.0000000000000000000, -1.000000000000000000 ) ) ;
#6288 = ORIENTED_EDGE ( 'NONE', *, *, #11327, .T. ) ;
#6289 = PRESENTATION_STYLE_ASSIGNMENT (( #2937 ) ) ;
#6290 = AXIS2_PLACEMENT_3D ( 'NONE', #9355, #4017, #10276 ) ;
#6291 = SURFACE_SIDE_STYLE ('',( #179 ) ) ;
#6292 = CARTESIAN_POINT ( 'NONE',  ( 0.6458578643762694600, -1.084202172485504400E-016, 0.1799999999999999700 ) ) ;
#6293 = CARTESIAN_POINT ( 'NONE',  ( 0.8000000000000001600, 0.3875735931288070100, 0.1700000000000000100 ) ) ;
#6294 = SURFACE_STYLE_FILL_AREA ( #7106 ) ;
#6295 = CARTESIAN_POINT ( 'NONE',  ( -0.4725754448888171400, -0.2973731807574381800, 0.6563702038029805000 ) ) ;
#6296 = PLANE ( 'NONE',  #7415 ) ;
#6297 = DIRECTION ( 'NONE',  ( 0.0000000000000000000, 0.0000000000000000000, 1.000000000000000000 ) ) ;
#6298 = CARTESIAN_POINT ( 'NONE',  ( 0.4670601198863060200, 0.2693041568910428100, 0.6724082048563621000 ) ) ;
#6299 = ORIENTED_EDGE ( 'NONE', *, *, #10074, .T. ) ;
#6300 = EDGE_CURVE ( 'NONE', #10430, #5724, #7621, .T. ) ;
#6301 = DIRECTION ( 'NONE',  ( 0.0000000000000000000, 1.000000000000000000, 0.0000000000000000000 ) ) ;
#6302 = MECHANICAL_DESIGN_GEOMETRIC_PRESENTATION_REPRESENTATION (  '', ( #5115 ), #6882 ) ;
#6303 = EDGE_CURVE ( 'NONE', #10885, #9637, #53, .T. ) ;
#6304 = CARTESIAN_POINT ( 'NONE',  ( -0.1991441109234209900, 0.0000000000000000000, 0.1799999999999999900 ) ) ;
#6305 =( GEOMETRIC_REPRESENTATION_CONTEXT ( 3 ) GLOBAL_UNCERTAINTY_ASSIGNED_CONTEXT ( ( #11470 ) ) GLOBAL_UNIT_ASSIGNED_CONTEXT ( ( #9211, #3866, #10133 ) ) REPRESENTATION_CONTEXT ( 'NONE', 'WORKASPACE' ) );
#6306 = CIRCLE ( 'NONE', #11093, 0.05080000000000000500 ) ;
#6307 = EDGE_LOOP ( 'NONE', ( #6518, #8141, #3314, #2794 ) ) ;
#6308 = CARTESIAN_POINT ( 'NONE',  ( -0.7960104076400856800, 0.1540413993313949100, 0.004343145750507580200 ) ) ;
#6309 = CARTESIAN_POINT ( 'NONE',  ( 1.598377070191459900, 2.020249467741389800, 0.0000000000000000000 ) ) ;
#6310 = CARTESIAN_POINT ( 'NONE',  ( 1.587247410737570000, 2.018411542326989900, 0.0000000000000000000 ) ) ;
#6311 = LINE ( 'NONE', #9382, #8393 ) ;
#6312 = EDGE_LOOP ( 'NONE', ( #8422, #5625, #10896, #7698, #7468 ) ) ;
#6313 = CYLINDRICAL_SURFACE ( 'NONE', #10731, 0.009999999999999998500 ) ;
#6314 = DIRECTION ( 'NONE',  ( 0.0000000000000000000, -1.000000000000000000, -0.0000000000000000000 ) ) ;
#6315 = EDGE_LOOP ( 'NONE', ( #2033, #10768, #11534, #5177 ) ) ;
#6316 = DIRECTION ( 'NONE',  ( -1.000000000000000000, 0.0000000000000000000, 0.0000000000000000000 ) ) ;
#6317 = UNCERTAINTY_MEASURE_WITH_UNIT (LENGTH_MEASURE( 1.000000000000000100E-005 ), #4338, 'distance_accuracy_value', 'NONE');
#6318 = CARTESIAN_POINT ( 'NONE',  ( 1.558006294300130000, 2.014051626326669900, 0.0000000000000000000 ) ) ;
#6319 = MECHANICAL_DESIGN_GEOMETRIC_PRESENTATION_REPRESENTATION (  '', ( #5136 ), #6898 ) ;
#6320 = CARTESIAN_POINT ( 'NONE',  ( 0.1270000000000000000, 0.07619999999999999000, 0.002000000000000000900 ) ) ;
#6321 = EDGE_CURVE ( 'NONE', #1778, #4068, #2905, .T. ) ;
#6322 = STYLED_ITEM ( 'NONE', ( #3971 ), #4396 ) ;
#6323 = CARTESIAN_POINT ( 'NONE',  ( -0.7900000000000001500, -0.1596871942267130100, 0.0000000000000000000 ) ) ;
#6324 = CARTESIAN_POINT ( 'NONE',  ( 1.576151786981580000, 1.982367782848170100, 0.1000000000000000300 ) ) ;
#6325 = FACE_OUTER_BOUND ( 'NONE', #6728, .T. ) ;
#6326 = SURFACE_SIDE_STYLE ('',( #7315 ) ) ;
#6327 = VERTEX_POINT ( 'NONE', #10899 ) ;
#6328 = ORIENTED_EDGE ( 'NONE', *, *, #10829, .F. ) ;
#6329 = DIRECTION ( 'NONE',  ( 0.0000000000000000000, 0.0000000000000000000, -1.000000000000000000 ) ) ;
#6330 = PRESENTATION_STYLE_ASSIGNMENT (( #2300 ) ) ;
#6331 = DIRECTION ( 'NONE',  ( 0.0000000000000000000, 0.0000000000000000000, 1.000000000000000000 ) ) ;
#6332 = CARTESIAN_POINT ( 'NONE',  ( -0.7906250000000000200, 0.1497067445875435200, 0.1799999999999999900 ) ) ;
#6333 = CARTESIAN_POINT ( 'NONE',  ( 0.7900000000000001500, 0.3699999999999998800, 0.1800000000000000200 ) ) ;
#6334 = CARTESIAN_POINT ( 'NONE',  ( 1.464646490379500000, 1.987367672161970000, 0.0000000000000000000 ) ) ;
#6335 = CARTESIAN_POINT ( 'NONE',  ( -0.7899999999999999200, -0.1596871942267129900, 0.1800000000000000200 ) ) ;
#6336 = PRESENTATION_LAYER_ASSIGNMENT (  '', '', ( #5160 ) ) ;
#6337 = VERTEX_POINT ( 'NONE', #9125 ) ;
#6338 = CARTESIAN_POINT ( 'NONE',  ( 0.4470480758322384300, 0.3207392495628432200, 0.6473315337604774700 ) ) ;
#6339 = CARTESIAN_POINT ( 'NONE',  ( 1.636769289959040000, 2.000366784701750300, 0.1000000000000000100 ) ) ;
#6340 = MECHANICAL_DESIGN_GEOMETRIC_PRESENTATION_REPRESENTATION (  '', ( #5165 ), #6922 ) ;
#6341 =( NAMED_UNIT ( * ) SI_UNIT ( $, .STERADIAN. ) SOLID_ANGLE_UNIT ( ) );
#6342 = UNCERTAINTY_MEASURE_WITH_UNIT (LENGTH_MEASURE( 1.000000000000000100E-005 ), #7946, 'distance_accuracy_value', 'NONE');
#6343 = SURFACE_STYLE_FILL_AREA ( #895 ) ;
#6344 =( LENGTH_UNIT ( ) NAMED_UNIT ( * ) SI_UNIT ( .MILLI., .METRE. ) );
#6345 = EDGE_LOOP ( 'NONE', ( #689, #4694, #5182, #5266, #11549 ) ) ;
#6346 = DIRECTION ( 'NONE',  ( 0.0000000000000000000, 0.0000000000000000000, 1.000000000000000000 ) ) ;
#6347 = DIRECTION ( 'NONE',  ( 0.0000000000000000000, 0.0000000000000000000, -1.000000000000000000 ) ) ;
#6348 = SURFACE_STYLE_FILL_AREA ( #1658 ) ;
#6349 = DIRECTION ( 'NONE',  ( 1.000000000000000000, 0.0000000000000000000, 0.0000000000000000000 ) ) ;
#6350 = LINE ( 'NONE', #9344, #1576 ) ;
#6351 = VERTEX_POINT ( 'NONE', #10931 ) ;
#6352 = DIRECTION ( 'NONE',  ( 1.000000000000000000, 0.0000000000000000000, 0.0000000000000000000 ) ) ;
#6353 = CARTESIAN_POINT ( 'NONE',  ( -0.8000000000000000400, 0.4000000000000000200, 0.0000000000000000000 ) ) ;
#6354 = CIRCLE ( 'NONE', #8826, 0.01000000000000000400 ) ;
#6355 = STYLED_ITEM ( 'NONE', ( #3186 ), #11063 ) ;
#6356 = DIRECTION ( 'NONE',  ( -1.000000000000000000, -0.0000000000000000000, 0.0000000000000000000 ) ) ;
#6357 = DIRECTION ( 'NONE',  ( 0.0000000000000000000, 0.0000000000000000000, -1.000000000000000000 ) ) ;
#6358 = ORIENTED_EDGE ( 'NONE', *, *, #2069, .T. ) ;
#6359 = FILL_AREA_STYLE ('',( #4797 ) ) ;
#6360 =( BOUNDED_SURFACE ( )  B_SPLINE_SURFACE ( 3, 3, ( 
 ( #9068, #9411, #9503, #9749 ),
 ( #9799, #11597, #9911, #9959 ),
 ( #9972, #9989, #10001, #10081 ),
 ( #10114, #10258, #10372, #10448 ) ),
 .UNSPECIFIED., .F., .F., .F. ) 
 B_SPLINE_SURFACE_WITH_KNOTS ( ( 4, 4 ),
 ( 4, 4 ),
 ( 0.0000000000000000000, 1.000000000000000000 ),
 ( 0.0000000000000000000, 1.000000000000000000 ),
 .UNSPECIFIED. ) 
 GEOMETRIC_REPRESENTATION_ITEM ( )  RATIONAL_B_SPLINE_SURFACE ( (
 ( 1.000000000000000000, 0.3333333333333224300, 0.3333333333333224300, 1.000000000000000000),
 ( 0.9222832275901199400, 0.3074277425300299100, 0.3074277425300299100, 0.9222832275901199400),
 ( 0.9222832275901199400, 0.3074277425300299100, 0.3074277425300299100, 0.9222832275901199400),
 ( 1.000000000000000000, 0.3333333333333224300, 0.3333333333333224300, 1.000000000000000000) ) ) 
 REPRESENTATION_ITEM ( '' )  SURFACE ( )  );
#6361 = CARTESIAN_POINT ( 'NONE',  ( 1.443850704672070100, 1.996810134352520000, 0.1000000000000000100 ) ) ;
#6362 = LINE ( 'NONE', #1219, #8733 ) ;
#6363 = SURFACE_SIDE_STYLE ('',( #4108 ) ) ;
#6364 = ORIENTED_EDGE ( 'NONE', *, *, #6388, .T. ) ;
#6365 = ORIENTED_EDGE ( 'NONE', *, *, #2717, .F. ) ;
#6366 = PRESENTATION_STYLE_ASSIGNMENT (( #5876 ) ) ;
#6367 = DIRECTION ( 'NONE',  ( -1.000000000000000000, -0.0000000000000000000, -0.0000000000000000000 ) ) ;
#6368 = VECTOR ( 'NONE', #2755, 1000.000000000000000 ) ;
#6369 = CYLINDRICAL_SURFACE ( 'NONE', #11019, 0.05080000000000000500 ) ;
#6370 = EDGE_CURVE ( 'NONE', #9637, #7887, #4728, .T. ) ;
#6371 = CARTESIAN_POINT ( 'NONE',  ( 0.7900000000000000400, -0.1596871942267129900, 0.1700000000000000100 ) ) ;
#6372 = AXIS2_PLACEMENT_3D ( 'NONE', #8566, #8620, #8667 ) ;
#6373 = DIRECTION ( 'NONE',  ( -0.0000000000000000000, 1.000000000000000000, -0.0000000000000000000 ) ) ;
#6374 = FILL_AREA_STYLE_COLOUR ( '', #3519 ) ;
#6375 = ORIENTED_EDGE ( 'NONE', *, *, #5513, .T. ) ;
#6376 = LINE ( 'NONE', #2372, #9896 ) ;
#6377 = CARTESIAN_POINT ( 'NONE',  ( 0.4870195807110011500, 0.3245170327464609900, 0.6231815624153092000 ) ) ;
#6378 =( GEOMETRIC_REPRESENTATION_CONTEXT ( 3 ) GLOBAL_UNCERTAINTY_ASSIGNED_CONTEXT ( ( #3751 ) ) GLOBAL_UNIT_ASSIGNED_CONTEXT ( ( #8839, #3508, #9750 ) ) REPRESENTATION_CONTEXT ( 'NONE', 'WORKASPACE' ) );
#6379 = DIRECTION ( 'NONE',  ( 1.000000000000000000, 0.0000000000000000000, -0.0000000000000000000 ) ) ;
#6380 = PRESENTATION_STYLE_ASSIGNMENT (( #9402 ) ) ;
#6381 = FILL_AREA_STYLE_COLOUR ( '', #7847 ) ;
#6382 = ORIENTED_EDGE ( 'NONE', *, *, #5573, .F. ) ;
#6383 = CARTESIAN_POINT ( 'NONE',  ( -0.7908984203179008100, 0.1541962812698341200, -0.001242919917974762700 ) ) ;
#6384 = VERTEX_POINT ( 'NONE', #168 ) ;
#6385 = SURFACE_STYLE_FILL_AREA ( #531 ) ;
#6386 =( NAMED_UNIT ( * ) PLANE_ANGLE_UNIT ( ) SI_UNIT ( $, .RADIAN. ) );
#6387 = VECTOR ( 'NONE', #11223, 1000.000000000000000 ) ;
#6388 = EDGE_CURVE ( 'NONE', #4299, #5584, #9463, .T. ) ;
#6389 = FILL_AREA_STYLE ('',( #2808 ) ) ;
#6390 = EDGE_CURVE ( 'NONE', #6600, #3033, #226, .T. ) ;
#6391 = CARTESIAN_POINT ( 'NONE',  ( 1.605856330198040000, 1.980359679117640300, 0.1000000000000000100 ) ) ;
#6392 = FACE_OUTER_BOUND ( 'NONE', #6131, .T. ) ;
#6393 = CIRCLE ( 'NONE', #7604, 0.04999999999999999600 ) ;
#6394 = AXIS2_PLACEMENT_3D ( 'NONE', #6010, #655, #6897 ) ;
#6395 =( GEOMETRIC_REPRESENTATION_CONTEXT ( 3 ) GLOBAL_UNCERTAINTY_ASSIGNED_CONTEXT ( ( #3278 ) ) GLOBAL_UNIT_ASSIGNED_CONTEXT ( ( #10627, #5283, #11539 ) ) REPRESENTATION_CONTEXT ( 'NONE', 'WORKASPACE' ) );
#6396 = CARTESIAN_POINT ( 'NONE',  ( 1.487246165845520100, 1.987367672161970000, 0.0000000000000000000 ) ) ;
#6397 = COLOUR_RGB ( '',0.0000000000000000000, 0.3725490196078431500, 0.5490196078431373000 ) ;
#6398 = EDGE_LOOP ( 'NONE', ( #9214, #412, #4357, #6614 ) ) ;
#6399 = CARTESIAN_POINT ( 'NONE',  ( -0.7900000000000000400, 0.2000000000000000100, 0.1700000000000000100 ) ) ;
#6400 = ORIENTED_EDGE ( 'NONE', *, *, #2668, .T. ) ;
#6401 = LINE ( 'NONE', #8114, #10881 ) ;
#6402 = CARTESIAN_POINT ( 'NONE',  ( 1.464646490379500000, 1.980050006160170200, 0.0000000000000000000 ) ) ;
#6403 =( NAMED_UNIT ( * ) SI_UNIT ( $, .STERADIAN. ) SOLID_ANGLE_UNIT ( ) );
#6404 = ORIENTED_EDGE ( 'NONE', *, *, #11422, .T. ) ;
#6405 = VECTOR ( 'NONE', #8443, 1000.000000000000000 ) ;
#6406 = FACE_OUTER_BOUND ( 'NONE', #5091, .T. ) ;
#6407 = VERTEX_POINT ( 'NONE', #2920 ) ;
#6408 = CARTESIAN_POINT ( 'NONE',  ( 0.8000000000000000400, 0.4000000000000000200, 0.1700000000000000100 ) ) ;
#6409 = STYLED_ITEM ( 'NONE', ( #9494 ), #1300 ) ;
#6410 = CARTESIAN_POINT ( 'NONE',  ( 0.8000000000000000400, -0.1850000000000000000, 0.1499999999999999900 ) ) ;
#6411 =( GEOMETRIC_REPRESENTATION_CONTEXT ( 3 ) GLOBAL_UNCERTAINTY_ASSIGNED_CONTEXT ( ( #5147 ) ) GLOBAL_UNIT_ASSIGNED_CONTEXT ( ( #2353, #8588, #3259 ) ) REPRESENTATION_CONTEXT ( 'NONE', 'WORKASPACE' ) );
#6412 = VERTEX_POINT ( 'NONE', #10966 ) ;
#6413 = MECHANICAL_DESIGN_GEOMETRIC_PRESENTATION_REPRESENTATION (  '', ( #5239 ), #6989 ) ;
#6414 = FILL_AREA_STYLE_COLOUR ( '', #2873 ) ;
#6415 = ORIENTED_EDGE ( 'NONE', *, *, #10265, .F. ) ;
#6416 = VECTOR ( 'NONE', #1534, 1000.000000000000000 ) ;
#6417 = CARTESIAN_POINT ( 'NONE',  ( 1.641976745299859900, 2.000366784701750300, 0.0000000000000000000 ) ) ;
#6418 = UNCERTAINTY_MEASURE_WITH_UNIT (LENGTH_MEASURE( 1.000000000000000100E-005 ), #2711, 'distance_accuracy_value', 'NONE');
#6419 = FILL_AREA_STYLE ('',( #6374 ) ) ;
#6420 = DIRECTION ( 'NONE',  ( 1.000000000000000000, 0.0000000000000000000, -0.0000000000000000000 ) ) ;
#6421 = CIRCLE ( 'NONE', #1014, 0.02999999999999997100 ) ;
#6422 = VERTEX_POINT ( 'NONE', #10087 ) ;
#6423 = AXIS2_PLACEMENT_3D ( 'NONE', #1859, #8113, #6349 ) ;
#6424 =( NAMED_UNIT ( * ) PLANE_ANGLE_UNIT ( ) SI_UNIT ( $, .RADIAN. ) );
#6425 = CARTESIAN_POINT ( 'NONE',  ( 0.4620144847819208100, -0.3245170327464609300, 0.6431364870301263800 ) ) ;
#6426 = UNCERTAINTY_MEASURE_WITH_UNIT (LENGTH_MEASURE( 1.000000000000000100E-005 ), #3461, 'distance_accuracy_value', 'NONE');
#6427 = STYLED_ITEM ( 'NONE', ( #56 ), #7461 ) ;
#6428 = CARTESIAN_POINT ( 'NONE',  ( 0.4975805408178977100, 0.2973731807574381800, 0.6364152791881631000 ) ) ;
#6429 = DIRECTION ( 'NONE',  ( 1.000000000000000000, 0.0000000000000000000, -0.0000000000000000000 ) ) ;
#6430 = VECTOR ( 'NONE', #2716, 1000.000000000000000 ) ;
#6431 = CARTESIAN_POINT ( 'NONE',  ( 0.7010317298281768500, -0.1541157850349708600, 0.1800000000000000200 ) ) ;
#6432 =( NAMED_UNIT ( * ) SI_UNIT ( $, .STERADIAN. ) SOLID_ANGLE_UNIT ( ) );
#6433 = CARTESIAN_POINT ( 'NONE',  ( 0.4000000000000000200, -0.1749999999999999900, 0.1499999999999999900 ) ) ;
#6434 = CARTESIAN_POINT ( 'NONE',  ( -0.4000000000000000200, 0.1499999999999999900, 0.02000000000000000000 ) ) ;
#6435 = EDGE_CURVE ( 'NONE', #1585, #6135, #11596, .T. ) ;
#6436 =( GEOMETRIC_REPRESENTATION_CONTEXT ( 3 ) GLOBAL_UNCERTAINTY_ASSIGNED_CONTEXT ( ( #3794 ) ) GLOBAL_UNIT_ASSIGNED_CONTEXT ( ( #449, #492, #536 ) ) REPRESENTATION_CONTEXT ( 'NONE', 'WORKASPACE' ) );
#6437 =( LENGTH_UNIT ( ) NAMED_UNIT ( * ) SI_UNIT ( .MILLI., .METRE. ) );
#6438 = MECHANICAL_DESIGN_GEOMETRIC_PRESENTATION_REPRESENTATION (  '', ( #4667 ), #7023 ) ;
#6439 =( GEOMETRIC_REPRESENTATION_CONTEXT ( 3 ) GLOBAL_UNCERTAINTY_ASSIGNED_CONTEXT ( ( #5495 ) ) GLOBAL_UNIT_ASSIGNED_CONTEXT ( ( #4683, #10925, #5589 ) ) REPRESENTATION_CONTEXT ( 'NONE', 'WORKASPACE' ) );
#6440 = CARTESIAN_POINT ( 'NONE',  ( 1.529620557344310000, 2.022050005444920200, 0.0000000000000000000 ) ) ;
#6441 = CIRCLE ( 'NONE', #8101, 0.009999999999999998500 ) ;
#6442 =( NAMED_UNIT ( * ) PLANE_ANGLE_UNIT ( ) SI_UNIT ( $, .RADIAN. ) );
#6443 = EDGE_LOOP ( 'NONE', ( #9055, #1203, #4539, #9615 ) ) ;
#6444 = FILL_AREA_STYLE ('',( #5544 ) ) ;
#6445 = ORIENTED_EDGE ( 'NONE', *, *, #6645, .T. ) ;
#6446 = LINE ( 'NONE', #6417, #4074 ) ;
#6447 = EDGE_CURVE ( 'NONE', #5448, #11085, #6782, .T. ) ;
#6448 = PRESENTATION_LAYER_ASSIGNMENT (  '', '', ( #5855 ) ) ;
#6449 = EDGE_CURVE ( 'NONE', #1646, #7992, #9178, .T. ) ;
#6450 = ORIENTED_EDGE ( 'NONE', *, *, #5897, .F. ) ;
#6451 =( GEOMETRIC_REPRESENTATION_CONTEXT ( 3 ) GLOBAL_UNCERTAINTY_ASSIGNED_CONTEXT ( ( #1531 ) ) GLOBAL_UNIT_ASSIGNED_CONTEXT ( ( #11468, #6090, #723 ) ) REPRESENTATION_CONTEXT ( 'NONE', 'WORKASPACE' ) );
#6452 = FILL_AREA_STYLE ('',( #6481 ) ) ;
#6453 = ORIENTED_EDGE ( 'NONE', *, *, #9533, .F. ) ;
#6454 = ORIENTED_EDGE ( 'NONE', *, *, #11239, .F. ) ;
#6455 = CARTESIAN_POINT ( 'NONE',  ( 1.568663942658580000, 2.001359678760009900, 0.0000000000000000000 ) ) ;
#6456 = CARTESIAN_POINT ( 'NONE',  ( 0.4725754448888172500, 0.2973731807574384600, 0.6563702038029801700 ) ) ;
#6457 = DIRECTION ( 'NONE',  ( -0.0000000000000000000, -1.000000000000000000, -0.0000000000000000000 ) ) ;
#6458 = CARTESIAN_POINT ( 'NONE',  ( -0.7900000000000000400, 0.0000000000000000000, 0.1799999999999999900 ) ) ;
#6459 =( NAMED_UNIT ( * ) PLANE_ANGLE_UNIT ( ) SI_UNIT ( $, .RADIAN. ) );
#6460 = VERTEX_POINT ( 'NONE', #5655 ) ;
#6461 = FILL_AREA_STYLE_COLOUR ( '', #4847 ) ;
#6462 = MECHANICAL_DESIGN_GEOMETRIC_PRESENTATION_REPRESENTATION (  '', ( #4691 ), #7054 ) ;
#6463 = EDGE_CURVE ( 'NONE', #10535, #10323, #6516, .T. ) ;
#6464 = STYLED_ITEM ( 'NONE', ( #11095 ), #6072 ) ;
#6465 = AXIS2_PLACEMENT_3D ( 'NONE', #8399, #3065, #9299 ) ;
#6466 = CARTESIAN_POINT ( 'NONE',  ( -0.8000000000000000400, -0.1850000000000000000, 0.1600000000000000000 ) ) ;
#6467 =( NAMED_UNIT ( * ) SI_UNIT ( $, .STERADIAN. ) SOLID_ANGLE_UNIT ( ) );
#6468 = PRESENTATION_LAYER_ASSIGNMENT (  '', '', ( #5875 ) ) ;
#6469 = FILL_AREA_STYLE ('',( #5630 ) ) ;
#6470 = ORIENTED_EDGE ( 'NONE', *, *, #3614, .T. ) ;
#6471 = CARTESIAN_POINT ( 'NONE',  ( 0.7900000000000000400, -0.2000000000000000100, 0.1700000000000000100 ) ) ;
#6472 = CARTESIAN_POINT ( 'NONE',  ( 1.487246165845520100, 1.987367672161970000, 0.0000000000000000000 ) ) ;
#6473 = SURFACE_STYLE_FILL_AREA ( #1353 ) ;
#6474 = DIRECTION ( 'NONE',  ( -0.0000000000000000000, -1.000000000000000000, -0.0000000000000000000 ) ) ;
#6475 =( BOUNDED_SURFACE ( )  B_SPLINE_SURFACE ( 3, 3, ( 
 ( #9767, #10661, #11048, #11082 ),
 ( #11116, #11156, #11192, #11226 ),
 ( #11273, #11323, #11363, #11406 ),
 ( #11494, #11532, #8815, #11632 ) ),
 .UNSPECIFIED., .F., .F., .F. ) 
 B_SPLINE_SURFACE_WITH_KNOTS ( ( 4, 4 ),
 ( 4, 4 ),
 ( 0.0000000000000000000, 1.000000000000000000 ),
 ( 0.0000000000000000000, 1.000000000000000000 ),
 .UNSPECIFIED. ) 
 GEOMETRIC_REPRESENTATION_ITEM ( )  RATIONAL_B_SPLINE_SURFACE ( (
 ( 1.000000000000000000, 0.3333333333333302600, 0.3333333333333302600, 1.000000000000000000),
 ( 0.9289825745457269700, 0.3096608581819061400, 0.3096608581819061400, 0.9289825745457269700),
 ( 0.9289825745457269700, 0.3096608581819061400, 0.3096608581819061400, 0.9289825745457269700),
 ( 1.000000000000000000, 0.3333333333333302600, 0.3333333333333302600, 1.000000000000000000) ) ) 
 REPRESENTATION_ITEM ( '' )  SURFACE ( )  );
#6476 = DIRECTION ( 'NONE',  ( -0.0000000000000000000, 1.000000000000000000, 0.0000000000000000000 ) ) ;
#6477 = PRESENTATION_LAYER_ASSIGNMENT (  '', '', ( #5335 ) ) ;
#6478 = ORIENTED_EDGE ( 'NONE', *, *, #3992, .F. ) ;
#6479 = CARTESIAN_POINT ( 'NONE',  ( 1.573667184064460000, 1.985192742244400200, 0.0000000000000000000 ) ) ;
#6480 = SURFACE_STYLE_FILL_AREA ( #3202 ) ;
#6481 = FILL_AREA_STYLE_COLOUR ( '', #1550 ) ;
#6482 = VERTEX_POINT ( 'NONE', #275 ) ;
#6483 = PRESENTATION_STYLE_ASSIGNMENT (( #1012 ) ) ;
#6484 = CARTESIAN_POINT ( 'NONE',  ( 1.461310996108919900, 1.988048385278420300, 0.1000000000000000100 ) ) ;
#6485 = CIRCLE ( 'NONE', #11471, 0.009999999999999998500 ) ;
#6486 = CARTESIAN_POINT ( 'NONE',  ( 1.571250652219200000, 1.987983665967320000, 0.1000000000000000100 ) ) ;
#6487 = DIRECTION ( 'NONE',  ( -0.6010407640085625400, 0.5645794895318117000, 0.5656854249492400100 ) ) ;
#6488 = FACE_OUTER_BOUND ( 'NONE', #158, .T. ) ;
#6489 = UNCERTAINTY_MEASURE_WITH_UNIT (LENGTH_MEASURE( 1.000000000000000100E-005 ), #653, 'distance_accuracy_value', 'NONE');
#6490 = COLOUR_RGB ( '',0.8627450980392157300, 0.6274509803921568500, 0.05882352941176470500 ) ;
#6491 = EDGE_CURVE ( 'NONE', #8773, #5651, #1776, .T. ) ;
#6492 = DIRECTION ( 'NONE',  ( -0.6010407640085520000, -0.5645794895318173600, 0.5656854249492456700 ) ) ;
#6493 = VERTEX_POINT ( 'NONE', #6536 ) ;
#6494 = PRESENTATION_STYLE_ASSIGNMENT (( #2543 ) ) ;
#6495 = AXIS2_PLACEMENT_3D ( 'NONE', #11623, #6224, #874 ) ;
#6496 = CARTESIAN_POINT ( 'NONE',  ( -0.7903661165235166300, 0.1538407821866691600, 0.1799999999999999900 ) ) ;
#6497 = AXIS2_PLACEMENT_3D ( 'NONE', #10478, #5127, #11383 ) ;
#6498 = DIRECTION ( 'NONE',  ( 0.0000000000000000000, 0.0000000000000000000, -1.000000000000000000 ) ) ;
#6499 = SURFACE_STYLE_FILL_AREA ( #9351 ) ;
#6500 = SURFACE_STYLE_USAGE ( .BOTH. , #9130 ) ;
#6501 = DIRECTION ( 'NONE',  ( 1.000000000000000000, 0.0000000000000000000, 0.0000000000000000000 ) ) ;
#6502 = ORIENTED_EDGE ( 'NONE', *, *, #3835, .F. ) ;
#6503 = LINE ( 'NONE', #4227, #10994 ) ;
#6504 = SURFACE_STYLE_FILL_AREA ( #7084 ) ;
#6505 = EDGE_CURVE ( 'NONE', #11161, #6407, #4150, .T. ) ;
#6506 = DIRECTION ( 'NONE',  ( 0.0000000000000000000, 0.0000000000000000000, 1.000000000000000000 ) ) ;
#6507 = STYLED_ITEM ( 'NONE', ( #6979 ), #2616 ) ;
#6508 = CIRCLE ( 'NONE', #5902, 0.05000000000000002400 ) ;
#6509 = ORIENTED_EDGE ( 'NONE', *, *, #6970, .F. ) ;
#6510 = CARTESIAN_POINT ( 'NONE',  ( -0.8000000000000000400, 0.1850000000000000000, 0.01999999999999999700 ) ) ;
#6511 = VECTOR ( 'NONE', #5455, 1000.000000000000000 ) ;
#6512 = CLOSED_SHELL ( 'NONE', ( #11550, #1302, #790, #3326, #2972, #9403, #9405, #8894, #9349, #5090, #2441, #6580, #551, #6009, #11364, #7573, #9590, #10312, #3389, #11229, #9237, #11495, #3094, #3388, #1412, #6138, #10717, #9475, #4032, #7051, #611, #2308, #8713, #3207, #1189, #8707, #6934 ) ) ;
#6513 = PRODUCT_RELATED_PRODUCT_CATEGORY ( 'part', '', ( #1377 ) ) ;
#6514 = EDGE_LOOP ( 'NONE', ( #2088, #4805, #11575, #3764 ) ) ;
#6515 =( NAMED_UNIT ( * ) SI_UNIT ( $, .STERADIAN. ) SOLID_ANGLE_UNIT ( ) );
#6516 = CIRCLE ( 'NONE', #6023, 0.009999999999999998500 ) ;
#6517 = CARTESIAN_POINT ( 'NONE',  ( 0.4745170327464610100, -0.3245170327464608800, 0.6331590247227179000 ) ) ;
#6518 = ORIENTED_EDGE ( 'NONE', *, *, #1172, .F. ) ;
#6519 = SURFACE_STYLE_FILL_AREA ( #7734 ) ;
#6520 = DIRECTION ( 'NONE',  ( -0.0000000000000000000, -1.000000000000000000, -0.0000000000000000000 ) ) ;
#6521 = CIRCLE ( 'NONE', #9670, 0.009999999999999988100 ) ;
#6522 = COLOUR_RGB ( '',1.000000000000000000, 0.9921568627450980700, 0.9411764705882352800 ) ;
#6523 = FACE_OUTER_BOUND ( 'NONE', #96, .T. ) ;
#6524 = CARTESIAN_POINT ( 'NONE',  ( 1.573667184064460000, 1.985192742244400200, 0.0000000000000000000 ) ) ;
#6525 = ORIENTED_EDGE ( 'NONE', *, *, #3219, .F. ) ;
#6526 =( GEOMETRIC_REPRESENTATION_CONTEXT ( 3 ) GLOBAL_UNCERTAINTY_ASSIGNED_CONTEXT ( ( #7471 ) ) GLOBAL_UNIT_ASSIGNED_CONTEXT ( ( #8556, #4890, #11174 ) ) REPRESENTATION_CONTEXT ( 'NONE', 'WORKASPACE' ) );
#6527 = EDGE_CURVE ( 'NONE', #7839, #4021, #1838, .T. ) ;
#6528 = AXIS2_PLACEMENT_3D ( 'NONE', #1745, #8001, #2663 ) ;
#6529 = AXIS2_PLACEMENT_3D ( 'NONE', #6759, #1399, #7657 ) ;
#6530 = CARTESIAN_POINT ( 'NONE',  ( 0.4620144847819207000, 0.3245170327464610400, 0.6431364870301262700 ) ) ;
#6531 = ORIENTED_EDGE ( 'NONE', *, *, #7379, .T. ) ;
#6532 = VERTEX_POINT ( 'NONE', #3933 ) ;
#6533 = VECTOR ( 'NONE', #1901, 1000.000000000000000 ) ;
#6534 = LINE ( 'NONE', #735, #6269 ) ;
#6535 = SURFACE_STYLE_FILL_AREA ( #2813 ) ;
#6536 = CARTESIAN_POINT ( 'NONE',  ( 1.574484039804199900, 2.001359678760009900, 0.1000000000000000100 ) ) ;
#6537 = EDGE_LOOP ( 'NONE', ( #1773, #5585, #4267, #7417 ) ) ;
#6538 = ADVANCED_FACE ( 'NONE', ( #11289 ), #9910, .T. ) ;
#6539 = DIRECTION ( 'NONE',  ( -1.000000000000000000, -0.0000000000000000000, 0.0000000000000000000 ) ) ;
#6540 = CARTESIAN_POINT ( 'NONE',  ( -0.7900000000000000400, -0.3500000000000000300, 0.0000000000000000000 ) ) ;
#6541 = CARTESIAN_POINT ( 'NONE',  ( 1.600759566099030100, 1.985192742244400200, 0.1000000000000000100 ) ) ;
#6542 = ORIENTED_EDGE ( 'NONE', *, *, #11180, .T. ) ;
#6543 = PRESENTATION_STYLE_ASSIGNMENT (( #10936 ) ) ;
#6544 = MECHANICAL_DESIGN_GEOMETRIC_PRESENTATION_REPRESENTATION (  '', ( #3581 ), #7135 ) ;
#6545 = UNCERTAINTY_MEASURE_WITH_UNIT (LENGTH_MEASURE( 1.000000000000000100E-005 ), #3366, 'distance_accuracy_value', 'NONE');
#6546 =( GEOMETRIC_REPRESENTATION_CONTEXT ( 3 ) GLOBAL_UNCERTAINTY_ASSIGNED_CONTEXT ( ( #5901 ) ) GLOBAL_UNIT_ASSIGNED_CONTEXT ( ( #7479, #2124, #8385 ) ) REPRESENTATION_CONTEXT ( 'NONE', 'WORKASPACE' ) );
#6547 = CARTESIAN_POINT ( 'NONE',  ( 0.7936914531521424000, -0.1515726837599339900, 0.1756568542494922900 ) ) ;
#6548 = DIRECTION ( 'NONE',  ( 0.0000000000000000000, -0.0000000000000000000, 1.000000000000000000 ) ) ;
#6549 = FILL_AREA_STYLE ('',( #5675 ) ) ;
#6550 = FILL_AREA_STYLE ('',( #1125 ) ) ;
#6551 = ORIENTED_EDGE ( 'NONE', *, *, #7275, .T. ) ;
#6552 = VECTOR ( 'NONE', #190, 1000.000000000000000 ) ;
#6553 = CARTESIAN_POINT ( 'NONE',  ( 0.4688251361883967700, -0.3817457901632264600, 0.5620027708954590300 ) ) ;
#6554 = UNCERTAINTY_MEASURE_WITH_UNIT (LENGTH_MEASURE( 1.000000000000000100E-005 ), #4340, 'distance_accuracy_value', 'NONE');
#6555 = CARTESIAN_POINT ( 'NONE',  ( -0.8000000000000000400, 0.0000000000000000000, 0.02000000000000000000 ) ) ;
#6556 = CARTESIAN_POINT ( 'NONE',  ( 1.619853569015349900, 2.022359678402379800, 0.1000000000000000100 ) ) ;
#6557 = PRESENTATION_STYLE_ASSIGNMENT (( #7102 ) ) ;
#6558 = VECTOR ( 'NONE', #7291, 1000.000000000000000 ) ;
#6559 = CARTESIAN_POINT ( 'NONE',  ( -0.4000000000000000200, 0.0000000000000000000, 0.1799999999999999900 ) ) ;
#6560 = EDGE_CURVE ( 'NONE', #2938, #3443, #3037, .T. ) ;
#6561 = COLOUR_RGB ( '',0.8627450980392157300, 0.6274509803921568500, 0.05882352941176470500 ) ;
#6562 = PRESENTATION_LAYER_ASSIGNMENT (  '', '', ( #5963 ) ) ;
#6563 = FILL_AREA_STYLE ('',( #3888 ) ) ;
#6565 = CARTESIAN_POINT ( 'NONE',  ( 0.8000000000000000400, 0.1749999999999999600, 0.02999999999999999900 ) ) ;
#6564 = AXIS2_PLACEMENT_3D ( 'NONE', #4640, #10874, #5541 ) ;
#6566 = LINE ( 'NONE', #3798, #8674 ) ;
#6567 = FILL_AREA_STYLE_COLOUR ( '', #3878 ) ;
#6568 = ORIENTED_EDGE ( 'NONE', *, *, #5710, .F. ) ;
#6569 = SURFACE_STYLE_USAGE ( .BOTH. , #313 ) ;
#6570 = EDGE_CURVE ( 'NONE', #11286, #10453, #5444, .T. ) ;
#6571 = CARTESIAN_POINT ( 'NONE',  ( 1.502323961374810100, 2.014051626326669900, 0.0000000000000000000 ) ) ;
#6572 = AXIS2_PLACEMENT_3D ( 'NONE', #7160, #7222, #7928 ) ;
#6573 = ORIENTED_EDGE ( 'NONE', *, *, #7643, .F. ) ;
#6574 = VERTEX_POINT ( 'NONE', #11111 ) ;
#6575 = PRESENTATION_LAYER_ASSIGNMENT (  '', '', ( #5434 ) ) ;
#6576 = DIRECTION ( 'NONE',  ( 0.0000000000000000000, -0.0000000000000000000, -1.000000000000000000 ) ) ;
#6577 = CARTESIAN_POINT ( 'NONE',  ( 1.635714184628549900, 1.980359679117640300, 0.0000000000000000000 ) ) ;
#6578 = SURFACE_SIDE_STYLE ('',( #9084 ) ) ;
#6579 = ORIENTED_EDGE ( 'NONE', *, *, #3632, .T. ) ;
#6580 = ADVANCED_FACE ( 'NONE', ( #7484 ), #7180, .T. ) ;
#6581 = ORIENTED_EDGE ( 'NONE', *, *, #7603, .F. ) ;
#6582 = EDGE_CURVE ( 'NONE', #10117, #978, #1908, .T. ) ;
#6583 =( NAMED_UNIT ( * ) SI_UNIT ( $, .STERADIAN. ) SOLID_ANGLE_UNIT ( ) );
#6584 = EDGE_CURVE ( 'NONE', #3046, #372, #11135, .T. ) ;
#6585 = EDGE_CURVE ( 'NONE', #4021, #8245, #8764, .T. ) ;
#6586 = PRESENTATION_LAYER_ASSIGNMENT (  '', '', ( #7185 ) ) ;
#6587 = STYLED_ITEM ( 'NONE', ( #211 ), #4032 ) ;
#6588 = DIRECTION ( 'NONE',  ( 0.0000000000000000000, 0.0000000000000000000, 1.000000000000000000 ) ) ;
#6589 = CARTESIAN_POINT ( 'NONE',  ( 1.582958918189149900, 1.979474752204710300, 0.0000000000000000000 ) ) ;
#6590 = ORIENTED_EDGE ( 'NONE', *, *, #998, .T. ) ;
#6591 = FILL_AREA_STYLE_COLOUR ( '', #3562 ) ;
#6592 =( LENGTH_UNIT ( ) NAMED_UNIT ( * ) SI_UNIT ( .MILLI., .METRE. ) );
#6593 = COLOUR_RGB ( '',0.0000000000000000000, 0.7019607843137254400, 0.9803921568627450600 ) ;
#6594 = SURFACE_STYLE_FILL_AREA ( #9484 ) ;
#6595 =( NAMED_UNIT ( * ) PLANE_ANGLE_UNIT ( ) SI_UNIT ( $, .RADIAN. ) );
#6596 = CARTESIAN_POINT ( 'NONE',  ( -0.7958578643762691500, 0.3851471862576142900, 0.1800000000000000800 ) ) ;
#6597 = COLOUR_RGB ( '',1.000000000000000000, 0.9921568627450980700, 0.9411764705882352800 ) ;
#6598 = EDGE_CURVE ( 'NONE', #2738, #6824, #4302, .T. ) ;
#6599 = STYLED_ITEM ( 'NONE', ( #10740 ), #6538 ) ;
#6600 = VERTEX_POINT ( 'NONE', #6742 ) ;
#6601 = DIRECTION ( 'NONE',  ( -0.0000000000000000000, -1.000000000000000000, 0.0000000000000000000 ) ) ;
#6602 = CARTESIAN_POINT ( 'NONE',  ( -0.4745170327464612300, 0.3245170327464608800, 0.6331590247227177900 ) ) ;
#6603 = FACE_OUTER_BOUND ( 'NONE', #8606, .T. ) ;
#6604 = EDGE_LOOP ( 'NONE', ( #6128, #10004, #7617, #257 ) ) ;
#6605 = VECTOR ( 'NONE', #7001, 1000.000000000000000 ) ;
#6606 =( BOUNDED_SURFACE ( )  B_SPLINE_SURFACE ( 3, 3, ( 
 ( #6323, #7801, #4550, #8079 ),
 ( #851, #3496, #7012, #11475 ),
 ( #11326, #3266, #11277, #2312 ),
 ( #3951, #6687, #11425, #2415 ) ),
 .UNSPECIFIED., .F., .F., .F. ) 
 B_SPLINE_SURFACE_WITH_KNOTS ( ( 4, 4 ),
 ( 4, 4 ),
 ( 0.0000000000000000000, 1.000000000000000000 ),
 ( 0.0000000000000000000, 1.000000000000000000 ),
 .UNSPECIFIED. ) 
 GEOMETRIC_REPRESENTATION_ITEM ( )  RATIONAL_B_SPLINE_SURFACE ( (
 ( 1.000000000000000000, 0.8192459912371082800, 0.8192459912371082800, 1.000000000000000000),
 ( 0.8047378541243670500, 0.6592782609881405700, 0.6592782609881405700, 0.8047378541243670500),
 ( 0.8047378541243670500, 0.6592782609881405700, 0.6592782609881405700, 0.8047378541243670500),
 ( 1.000000000000000000, 0.8192459912371082800, 0.8192459912371082800, 1.000000000000000000) ) ) 
 REPRESENTATION_ITEM ( '' )  SURFACE ( )  );
#6607 = DIRECTION ( 'NONE',  ( 1.000000000000000000, 0.0000000000000000000, 0.0000000000000000000 ) ) ;
#6608 = DIRECTION ( 'NONE',  ( 0.0000000000000000000, 0.0000000000000000000, -1.000000000000000000 ) ) ;
#6609 = SURFACE_STYLE_FILL_AREA ( #4648 ) ;
#6610 = FILL_AREA_STYLE ('',( #10218 ) ) ;
#6611 = DIRECTION ( 'NONE',  ( 0.0000000000000000000, -1.000000000000000000, -0.0000000000000000000 ) ) ;
#6612 = SURFACE_STYLE_USAGE ( .BOTH. , #375 ) ;
#6613 = PRESENTATION_STYLE_ASSIGNMENT (( #16 ) ) ;
#6614 = ORIENTED_EDGE ( 'NONE', *, *, #5593, .F. ) ;
#6615 = COLOUR_RGB ( '',0.0000000000000000000, 0.7019607843137254400, 0.9803921568627450600 ) ;
#6616 = ORIENTED_EDGE ( 'NONE', *, *, #4218, .T. ) ;
#6617 = CYLINDRICAL_SURFACE ( 'NONE', #4086, 0.1499999999999999700 ) ;
#6618 = STYLED_ITEM ( 'NONE', ( #8909 ), #10423 ) ;
#6619 = DIRECTION ( 'NONE',  ( 0.0000000000000000000, 0.0000000000000000000, 1.000000000000000000 ) ) ;
#6620 = SURFACE_SIDE_STYLE ('',( #11078 ) ) ;
#6621 = UNCERTAINTY_MEASURE_WITH_UNIT (LENGTH_MEASURE( 1.000000000000000100E-005 ), #3513, 'distance_accuracy_value', 'NONE');
#6622 = VERTEX_POINT ( 'NONE', #9470 ) ;
#6623 = DIRECTION ( 'NONE',  ( 0.0000000000000000000, -1.000000000000000000, -0.0000000000000000000 ) ) ;
#6624 = COLOUR_RGB ( '',1.000000000000000000, 0.9921568627450980700, 0.9411764705882352800 ) ;
#6625 = CARTESIAN_POINT ( 'NONE',  ( 0.4745170327464609500, 0.3245170327464609900, 0.6331590247227176800 ) ) ;
#6626 = PRESENTATION_STYLE_ASSIGNMENT (( #10038 ) ) ;
#6627 = EDGE_CURVE ( 'NONE', #11142, #8351, #4012, .T. ) ;
#6628 = DIRECTION ( 'NONE',  ( 0.0000000000000000000, 1.000000000000000000, -0.0000000000000000000 ) ) ;
#6629 = AXIS2_PLACEMENT_3D ( 'NONE', #6066, #6156, #6263 ) ;
#6630 = FILL_AREA_STYLE ('',( #8100 ) ) ;
#6631 = VERTEX_POINT ( 'NONE', #5023 ) ;
#6632 = MECHANICAL_DESIGN_GEOMETRIC_PRESENTATION_REPRESENTATION (  '', ( #4279 ), #7244 ) ;
#6633 = ADVANCED_FACE ( 'NONE', ( #8459 ), #9758, .T. ) ;
#6634 = ORIENTED_EDGE ( 'NONE', *, *, #3835, .T. ) ;
#6635 = LINE ( 'NONE', #4926, #10868 ) ;
#6636 = VECTOR ( 'NONE', #6628, 1000.000000000000000 ) ;
#6637 = SURFACE_STYLE_USAGE ( .BOTH. , #8413 ) ;
#6638 = CARTESIAN_POINT ( 'NONE',  ( 0.1270000000000000000, 0.07619999999999999000, 0.0000000000000000000 ) ) ;
#6639 = FACE_OUTER_BOUND ( 'NONE', #4346, .T. ) ;
#6640 = CARTESIAN_POINT ( 'NONE',  ( -0.4000000000000000200, 0.0000000000000000000, 0.1799999999999999900 ) ) ;
#6641 = ORIENTED_EDGE ( 'NONE', *, *, #10880, .F. ) ;
#6642 = UNCERTAINTY_MEASURE_WITH_UNIT (LENGTH_MEASURE( 1.000000000000000100E-005 ), #1351, 'distance_accuracy_value', 'NONE');
#6643 = ORIENTED_EDGE ( 'NONE', *, *, #4072, .T. ) ;
#6644 = VECTOR ( 'NONE', #36, 1000.000000000000000 ) ;
#6645 = EDGE_CURVE ( 'NONE', #9844, #7446, #2892, .T. ) ;
#6646 =( LENGTH_UNIT ( ) NAMED_UNIT ( * ) SI_UNIT ( .MILLI., .METRE. ) );
#6647 = EDGE_CURVE ( 'NONE', #10299, #372, #488, .T. ) ;
#6648 = ORIENTED_EDGE ( 'NONE', *, *, #6505, .F. ) ;
#6649 = LINE ( 'NONE', #2927, #11460 ) ;
#6650 = COLOUR_RGB ( '',0.0000000000000000000, 0.7019607843137254400, 0.9803921568627450600 ) ;
#6651 = MECHANICAL_DESIGN_GEOMETRIC_PRESENTATION_REPRESENTATION (  '', ( #3703 ), #7257 ) ;
#6652 = CARTESIAN_POINT ( 'NONE',  ( -0.8000000000000000400, -0.1596871942267129600, 0.1700000000000000100 ) ) ;
#6653 = DIRECTION ( 'NONE',  ( 0.0000000000000000000, -0.0000000000000000000, -1.000000000000000000 ) ) ;
#6654 = VERTEX_POINT ( 'NONE', #2388 ) ;
#6655 = CARTESIAN_POINT ( 'NONE',  ( 1.617130716549560100, 2.000366784701750300, 0.0000000000000000000 ) ) ;
#6657 = CARTESIAN_POINT ( 'NONE',  ( -0.8000000000000000400, -0.1596871942267129300, 0.0000000000000000000 ) ) ;
#6656 = SURFACE_STYLE_FILL_AREA ( #4013 ) ;
#6658 = ORIENTED_EDGE ( 'NONE', *, *, #3101, .T. ) ;
#6659 =( NAMED_UNIT ( * ) SI_UNIT ( $, .STERADIAN. ) SOLID_ANGLE_UNIT ( ) );
#6660 = VERTEX_POINT ( 'NONE', #579 ) ;
#6661 = ORIENTED_EDGE ( 'NONE', *, *, #1957, .T. ) ;
#6662 = SURFACE_STYLE_USAGE ( .BOTH. , #6620 ) ;
#6663 = ORIENTED_EDGE ( 'NONE', *, *, #11347, .F. ) ;
#6664 = SURFACE_SIDE_STYLE ('',( #3015 ) ) ;
#6665 = MECHANICAL_DESIGN_GEOMETRIC_PRESENTATION_REPRESENTATION (  '', ( #4896 ), #7273 ) ;
#6666 = EDGE_CURVE ( 'NONE', #1266, #5801, #3056, .T. ) ;
#6667 = CARTESIAN_POINT ( 'NONE',  ( -0.7900000000000000400, 0.2000000000000000100, 0.01000000000000000000 ) ) ;
#6668 = AXIS2_PLACEMENT_3D ( 'NONE', #256, #6501, #10128 ) ;
#6669 = STYLED_ITEM ( 'NONE', ( #4698 ), #4736 ) ;
#6670 = FACE_OUTER_BOUND ( 'NONE', #1905, .T. ) ;
#6671 = CARTESIAN_POINT ( 'NONE',  ( 0.4745170327464610600, 0.3245170327464607100, 0.6331590247227179000 ) ) ;
#6672 = CARTESIAN_POINT ( 'NONE',  ( 0.5066666666666672600, -0.1419441726459665100, 0.0000000000000000000 ) ) ;
#6673 = ORIENTED_EDGE ( 'NONE', *, *, #7620, .F. ) ;
#6674 = CYLINDRICAL_SURFACE ( 'NONE', #5394, 0.01000000000000000200 ) ;
#6675 =( NAMED_UNIT ( * ) SI_UNIT ( $, .STERADIAN. ) SOLID_ANGLE_UNIT ( ) );
#6676 =( BOUNDED_SURFACE ( )  B_SPLINE_SURFACE ( 3, 3, ( 
 ( #6837, #9587, #4243, #10499 ),
 ( #5156, #11404, #6030, #673 ),
 ( #6915, #1561, #7818, #2475 ),
 ( #8724, #3385, #9640, #4284 ) ),
 .UNSPECIFIED., .F., .F., .F. ) 
 B_SPLINE_SURFACE_WITH_KNOTS ( ( 4, 4 ),
 ( 4, 4 ),
 ( 0.0000000000000000000, 1.000000000000000000 ),
 ( 0.0000000000000000000, 1.000000000000000000 ),
 .UNSPECIFIED. ) 
 GEOMETRIC_REPRESENTATION_ITEM ( )  RATIONAL_B_SPLINE_SURFACE ( (
 ( 1.000000000000000000, 0.3333333333333227100, 0.3333333333333227100, 1.000000000000000000),
 ( 0.9289825745457296300, 0.3096608581819000300, 0.3096608581819000300, 0.9289825745457296300),
 ( 0.9289825745457296300, 0.3096608581819000300, 0.3096608581819000300, 0.9289825745457296300),
 ( 1.000000000000000000, 0.3333333333333227100, 0.3333333333333227100, 1.000000000000000000) ) ) 
 REPRESENTATION_ITEM ( '' )  SURFACE ( )  );
#6677 = VECTOR ( 'NONE', #8163, 1000.000000000000000 ) ;
#6678 = DIRECTION ( 'NONE',  ( 0.0000000000000000000, 0.0000000000000000000, -1.000000000000000000 ) ) ;
#6679 = CARTESIAN_POINT ( 'NONE',  ( 0.7922123193543252300, -0.1689677469128610400, -0.006826851410475552100 ) ) ;
#6680 =( NAMED_UNIT ( * ) PLANE_ANGLE_UNIT ( ) SI_UNIT ( $, .RADIAN. ) );
#6681 =( GEOMETRIC_REPRESENTATION_CONTEXT ( 3 ) GLOBAL_UNCERTAINTY_ASSIGNED_CONTEXT ( ( #2553 ) ) GLOBAL_UNIT_ASSIGNED_CONTEXT ( ( #7030, #1686, #7949 ) ) REPRESENTATION_CONTEXT ( 'NONE', 'WORKASPACE' ) );
#6682 = AXIS2_PLACEMENT_3D ( 'NONE', #9826, #4480, #10714 ) ;
#6683 = CARTESIAN_POINT ( 'NONE',  ( -0.7959945797752958600, 0.1456835046669550400, 0.1647732852175837500 ) ) ;
#6684 = DIRECTION ( 'NONE',  ( 0.0000000000000000000, 1.000000000000000000, 0.0000000000000000000 ) ) ;
#6685 = UNCERTAINTY_MEASURE_WITH_UNIT (LENGTH_MEASURE( 1.000000000000000100E-005 ), #6592, 'distance_accuracy_value', 'NONE');
#6686 = CARTESIAN_POINT ( 'NONE',  ( -0.4000000000000000200, -0.3499999999999999800, 0.02000000000000000000 ) ) ;
#6687 = CARTESIAN_POINT ( 'NONE',  ( -0.7072172467139156100, -0.1444835484702852400, 0.01000000000000000000 ) ) ;
#6688 = FILL_AREA_STYLE ('',( #11175 ) ) ;
#6689 = VERTEX_POINT ( 'NONE', #1514 ) ;
#6690 = SURFACE_STYLE_FILL_AREA ( #10347 ) ;
#6691 = ADVANCED_FACE ( 'NONE', ( #5295 ), #10512, .T. ) ;
#6692 = ADVANCED_FACE ( 'NONE', ( #8595 ), #7753, .T. ) ;
#6693 = SURFACE_STYLE_USAGE ( .BOTH. , #448 ) ;
#6694 =( NAMED_UNIT ( * ) SI_UNIT ( $, .STERADIAN. ) SOLID_ANGLE_UNIT ( ) );
#6695 = LINE ( 'NONE', #7562, #1964 ) ;
#6696 = SURFACE_STYLE_USAGE ( .BOTH. , #452 ) ;
#6697 = CLOSED_SHELL ( 'NONE', ( #4079, #11007, #8772, #550, #5278, #5781, #1541, #3146, #2505, #2074, #7689, #1547, #608, #5158 ) ) ;
#6698 = VERTEX_POINT ( 'NONE', #1645 ) ;
#6699 = PLANE ( 'NONE',  #1902 ) ;
#6701 = PLANE ( 'NONE',  #2039 ) ;
#6700 = AXIS2_PLACEMENT_3D ( 'NONE', #440, #6684, #1332 ) ;
#6702 = VECTOR ( 'NONE', #10876, 1000.000000000000000 ) ;
#6703 = CARTESIAN_POINT ( 'NONE',  ( 0.4745170327464609000, 0.3245170327464610400, 0.6331590247227177900 ) ) ;
#6704 = CARTESIAN_POINT ( 'NONE',  ( 0.7906249999999998000, -0.1497067445875435200, 0.009999999999999996700 ) ) ;
#6705 = COLOUR_RGB ( '',0.8627450980392157300, 0.6274509803921568500, 0.05882352941176470500 ) ;
#6706 =( NAMED_UNIT ( * ) PLANE_ANGLE_UNIT ( ) SI_UNIT ( $, .RADIAN. ) );
#6707 = ORIENTED_EDGE ( 'NONE', *, *, #2019, .F. ) ;
#6708 = CARTESIAN_POINT ( 'NONE',  ( -0.8000000000000000400, -0.1850000000000000000, 0.1499999999999999900 ) ) ;
#6709 = CARTESIAN_POINT ( 'NONE',  ( 0.7877028816975199000, 0.1504862962823545500, 0.006827189806825580300 ) ) ;
#6710 = VERTEX_POINT ( 'NONE', #2558 ) ;
#6711 = FILL_AREA_STYLE_COLOUR ( '', #7631 ) ;
#6712 = DIRECTION ( 'NONE',  ( 0.0000000000000000000, -1.000000000000000000, 0.0000000000000000000 ) ) ;
#6713 = LINE ( 'NONE', #9581, #9122 ) ;
#6714 = EDGE_CURVE ( 'NONE', #5954, #3058, #3304, .T. ) ;
#6715 = CARTESIAN_POINT ( 'NONE',  ( 0.4000000000000000200, -0.3499999999999999800, 0.0000000000000000000 ) ) ;
#6716 = AXIS2_PLACEMENT_3D ( 'NONE', #10641, #9737, #11508 ) ;
#6717 =( NAMED_UNIT ( * ) PLANE_ANGLE_UNIT ( ) SI_UNIT ( $, .RADIAN. ) );
#6718 = FILL_AREA_STYLE ('',( #199 ) ) ;
#6719 = CARTESIAN_POINT ( 'NONE',  ( 0.4270360317781710700, 0.3721743422346435700, 0.6222548626645926200 ) ) ;
#6720 = ORIENTED_EDGE ( 'NONE', *, *, #8364, .T. ) ;
#6721 =( GEOMETRIC_REPRESENTATION_CONTEXT ( 3 ) GLOBAL_UNCERTAINTY_ASSIGNED_CONTEXT ( ( #1996 ) ) GLOBAL_UNIT_ASSIGNED_CONTEXT ( ( #7163, #1843, #8090 ) ) REPRESENTATION_CONTEXT ( 'NONE', 'WORKASPACE' ) );
#6722 = DIRECTION ( 'NONE',  ( 0.0000000000000000000, 0.0000000000000000000, 1.000000000000000000 ) ) ;
#6723 = DIRECTION ( 'NONE',  ( 0.0000000000000000000, 1.000000000000000000, 0.0000000000000000000 ) ) ;
#6724 = FACE_OUTER_BOUND ( 'NONE', #6908, .T. ) ;
#6725 = SURFACE_STYLE_FILL_AREA ( #11374 ) ;
#6726 = DIRECTION ( 'NONE',  ( 0.0000000000000000000, -1.000000000000000000, 0.0000000000000000000 ) ) ;
#6727 = DIRECTION ( 'NONE',  ( -0.0000000000000000000, -0.0000000000000000000, 1.000000000000000000 ) ) ;
#6728 = EDGE_LOOP ( 'NONE', ( #1570, #2466, #6415, #6720 ) ) ;
#6729 = CARTESIAN_POINT ( 'NONE',  ( 0.7900000000000001500, -0.1596871942267128800, 0.1699999999999999600 ) ) ;
#6730 = PRESENTATION_LAYER_ASSIGNMENT (  '', '', ( #6167 ) ) ;
#6731 = EDGE_CURVE ( 'NONE', #1111, #8475, #5686, .T. ) ;
#6732 =( NAMED_UNIT ( * ) PLANE_ANGLE_UNIT ( ) SI_UNIT ( $, .RADIAN. ) );
#6733 =( GEOMETRIC_REPRESENTATION_CONTEXT ( 3 ) GLOBAL_UNCERTAINTY_ASSIGNED_CONTEXT ( ( #4452 ) ) GLOBAL_UNIT_ASSIGNED_CONTEXT ( ( #8747, #3410, #9662 ) ) REPRESENTATION_CONTEXT ( 'NONE', 'WORKASPACE' ) );
#6734 = STYLED_ITEM ( 'NONE', ( #9883 ), #4202 ) ;
#6735 = VECTOR ( 'NONE', #284, 1000.000000000000000 ) ;
#6736 = DIRECTION ( 'NONE',  ( -0.0000000000000000000, -0.0000000000000000000, -1.000000000000000000 ) ) ;
#6737 = CARTESIAN_POINT ( 'NONE',  ( -0.4000000000000000200, -0.3499999999999999800, 0.0000000000000000000 ) ) ;
#6738 = UNCERTAINTY_MEASURE_WITH_UNIT (LENGTH_MEASURE( 1.000000000000000100E-005 ), #8134, 'distance_accuracy_value', 'NONE');
#6739 =( NAMED_UNIT ( * ) SI_UNIT ( $, .STERADIAN. ) SOLID_ANGLE_UNIT ( ) );
#6740 = DIRECTION ( 'NONE',  ( -1.000000000000000000, -0.0000000000000000000, 0.0000000000000000000 ) ) ;
#6741 = ORIENTED_EDGE ( 'NONE', *, *, #1879, .T. ) ;
#6742 = CARTESIAN_POINT ( 'NONE',  ( -0.7960104076400855700, 0.1540413993313948200, 0.1756568542494924600 ) ) ;
#6743 = VERTEX_POINT ( 'NONE', #5274 ) ;
#6745 =( NAMED_UNIT ( * ) PLANE_ANGLE_UNIT ( ) SI_UNIT ( $, .RADIAN. ) );
#6744 = VECTOR ( 'NONE', #1365, 1000.000000000000000 ) ;
#6746 = DIRECTION ( 'NONE',  ( -1.000000000000000000, 0.0000000000000000000, 0.0000000000000000000 ) ) ;
#6747 = CARTESIAN_POINT ( 'NONE',  ( -0.8000000000000000400, 0.1850000000000000000, 0.1499999999999999900 ) ) ;
#6748 = AXIS2_PLACEMENT_3D ( 'NONE', #9698, #9655, #9607 ) ;
#6749 = ADVANCED_FACE ( 'NONE', ( #9897 ), #787, .F. ) ;
#6750 = PRODUCT_DEFINITION_CONTEXT ( 'detailed design', #4191, 'design' ) ;
#6751 = ADVANCED_FACE ( 'NONE', ( #2158 ), #5811, .T. ) ;
#6753 = STYLED_ITEM ( 'NONE', ( #10171 ), #6751 ) ;
#6752 = CIRCLE ( 'NONE', #9490, 0.009999999999999998500 ) ;
#6754 = CARTESIAN_POINT ( 'NONE',  ( -0.8000000000000000400, 0.1850000000000000000, 0.01999999999999999700 ) ) ;
#6755 = UNCERTAINTY_MEASURE_WITH_UNIT (LENGTH_MEASURE( 1.000000000000000100E-005 ), #9798, 'distance_accuracy_value', 'NONE');
#6756 = LINE ( 'NONE', #3249, #11569 ) ;
#6757 = MECHANICAL_DESIGN_GEOMETRIC_PRESENTATION_REPRESENTATION (  '', ( #4986 ), #7364 ) ;
#6758 =( LENGTH_UNIT ( ) NAMED_UNIT ( * ) SI_UNIT ( .MILLI., .METRE. ) );
#6759 = CARTESIAN_POINT ( 'NONE',  ( 1.525298029054880100, 2.014051626326669900, 0.0000000000000000000 ) ) ;
#6760 = LINE ( 'NONE', #2895, #9158 ) ;
#6761 = CARTESIAN_POINT ( 'NONE',  ( 0.8000000000000000400, -0.1749999999999999900, 0.1499999999999999900 ) ) ;
#6762 = ORIENTED_EDGE ( 'NONE', *, *, #9689, .F. ) ;
#6763 = SURFACE_STYLE_FILL_AREA ( #2753 ) ;
#6764 = CARTESIAN_POINT ( 'NONE',  ( -0.8000000000000000400, -0.1749999999999999900, 0.1600000000000000000 ) ) ;
#6765 =( NAMED_UNIT ( * ) SI_UNIT ( $, .STERADIAN. ) SOLID_ANGLE_UNIT ( ) );
#6766 = DIRECTION ( 'NONE',  ( 0.0000000000000000000, 0.9925461516413220900, 0.1218693434051470200 ) ) ;
#6767 = DIRECTION ( 'NONE',  ( 0.0000000000000000000, 0.0000000000000000000, -1.000000000000000000 ) ) ;
#6768 = FILL_AREA_STYLE_COLOUR ( '', #1217 ) ;
#6769 = EDGE_CURVE ( 'NONE', #2030, #5012, #8192, .T. ) ;
#6770 = VERTEX_POINT ( 'NONE', #11616 ) ;
#6771 =( GEOMETRIC_REPRESENTATION_CONTEXT ( 3 ) GLOBAL_UNCERTAINTY_ASSIGNED_CONTEXT ( ( #8034 ) ) GLOBAL_UNIT_ASSIGNED_CONTEXT ( ( #3364, #9604, #4254 ) ) REPRESENTATION_CONTEXT ( 'NONE', 'WORKASPACE' ) );
#6772 = SURFACE_SIDE_STYLE ('',( #6385 ) ) ;
#6773 = AXIS2_PLACEMENT_3D ( 'NONE', #7935, #2588, #8842 ) ;
#6774 = SURFACE_STYLE_FILL_AREA ( #2696 ) ;
#6775 = EDGE_LOOP ( 'NONE', ( #7025, #11439, #8232, #8286 ) ) ;
#6776 = DIRECTION ( 'NONE',  ( 0.0000000000000000000, 0.0000000000000000000, -1.000000000000000000 ) ) ;
#6777 = DIRECTION ( 'NONE',  ( 0.0000000000000000000, 0.0000000000000000000, 1.000000000000000000 ) ) ;
#6778 = APPLICATION_PROTOCOL_DEFINITION ( 'draft international standard', 'automotive_design', 1998, #541 ) ;
#6779 = ORIENTED_EDGE ( 'NONE', *, *, #8637, .T. ) ;
#6780 = CARTESIAN_POINT ( 'NONE',  ( 0.7964615228356265500, -0.1491957449593056000, 0.1703413634112845900 ) ) ;
#6781 = ORIENTED_EDGE ( 'NONE', *, *, #11263, .T. ) ;
#6782 = LINE ( 'NONE', #7386, #7078 ) ;
#6783 = ORIENTED_EDGE ( 'NONE', *, *, #1172, .T. ) ;
#6784 = LINE ( 'NONE', #8323, #8922 ) ;
#6785 = EDGE_CURVE ( 'NONE', #7837, #11220, #10584, .T. ) ;
#6786 = DIRECTION ( 'NONE',  ( 0.1209742911513550100, 0.1209742911513550100, -0.9852565360152930600 ) ) ;
#6787 = CIRCLE ( 'NONE', #5592, 0.009999999999999988100 ) ;
#6788 = STYLED_ITEM ( 'NONE', ( #294 ), #2254 ) ;
#6789 = CIRCLE ( 'NONE', #10560, 0.01000000000000000200 ) ;
#6790 = SURFACE_SIDE_STYLE ('',( #929 ) ) ;
#6791 = DIRECTION ( 'NONE',  ( 0.0000000000000000000, 0.0000000000000000000, 1.000000000000000000 ) ) ;
#6792 = MECHANICAL_DESIGN_GEOMETRIC_PRESENTATION_REPRESENTATION (  '', ( #5030 ), #7397 ) ;
#6793 = SURFACE_STYLE_FILL_AREA ( #11337 ) ;
#6794 = ORIENTED_EDGE ( 'NONE', *, *, #3310, .T. ) ;
#6796 = UNCERTAINTY_MEASURE_WITH_UNIT (LENGTH_MEASURE( 1.000000000000000100E-005 ), #8028, 'distance_accuracy_value', 'NONE');
#6795 = DIRECTION ( 'NONE',  ( 0.0000000000000000000, -0.0000000000000000000, -1.000000000000000000 ) ) ;
#6797 = PLANE ( 'NONE',  #4546 ) ;
#6798 = AXIS2_PLACEMENT_3D ( 'NONE', #4895, #11140, #5791 ) ;
#6799 = CYLINDRICAL_SURFACE ( 'NONE', #1755, 0.009999999999999998500 ) ;
#6800 = CARTESIAN_POINT ( 'NONE',  ( -0.7941636171043930900, 0.1645284209415262500, 0.1852800012348750600 ) ) ;
#6801 = DIRECTION ( 'NONE',  ( 0.9925461516413219800, 0.0000000000000000000, 0.1218693434051485000 ) ) ;
#6802 = CARTESIAN_POINT ( 'NONE',  ( 1.525298029054880100, 2.022050005444920200, 0.0000000000000000000 ) ) ;
#6803 = ORIENTED_EDGE ( 'NONE', *, *, #1388, .T. ) ;
#6804 = FACE_OUTER_BOUND ( 'NONE', #8084, .T. ) ;
#6805 = PLANE ( 'NONE',  #6274 ) ;
#6806 = ORIENTED_EDGE ( 'NONE', *, *, #11244, .T. ) ;
#6807 = EDGE_CURVE ( 'NONE', #3058, #2242, #3454, .T. ) ;
#6808 = DIRECTION ( 'NONE',  ( 0.0000000000000000000, 0.0000000000000000000, -1.000000000000000000 ) ) ;
#6809 = EDGE_CURVE ( 'NONE', #1290, #8643, #3734, .T. ) ;
#6810 =( NAMED_UNIT ( * ) PLANE_ANGLE_UNIT ( ) SI_UNIT ( $, .RADIAN. ) );
#6811 = PRESENTATION_LAYER_ASSIGNMENT (  '', '', ( #5644 ) ) ;
#6812 = EDGE_CURVE ( 'NONE', #4323, #8915, #5564, .T. ) ;
#6813 = STYLED_ITEM ( 'NONE', ( #5831 ), #5159 ) ;
#6814 =( GEOMETRIC_REPRESENTATION_CONTEXT ( 3 ) GLOBAL_UNCERTAINTY_ASSIGNED_CONTEXT ( ( #3658 ) ) GLOBAL_UNIT_ASSIGNED_CONTEXT ( ( #10013, #4657, #10901 ) ) REPRESENTATION_CONTEXT ( 'NONE', 'WORKASPACE' ) );
#6815 = FILL_AREA_STYLE_COLOUR ( '', #7253 ) ;
#6816 = CARTESIAN_POINT ( 'NONE',  ( 1.577921641042250100, 2.014054978381730100, 0.1000000000000000100 ) ) ;
#6817 = VERTEX_POINT ( 'NONE', #8933 ) ;
#6818 = ADVANCED_FACE ( 'NONE', ( #10300 ), #6264, .T. ) ;
#6819 = CARTESIAN_POINT ( 'NONE',  ( -0.8000000000000000400, 0.0000000000000000000, 0.1799999999999999900 ) ) ;
#6820 = ADVANCED_FACE ( 'NONE', ( #9161 ), #9652, .T. ) ;
#6821 =( LENGTH_UNIT ( ) NAMED_UNIT ( * ) SI_UNIT ( .MILLI., .METRE. ) );
#6822 = ADVANCED_FACE ( 'NONE', ( #10431 ), #5763, .T. ) ;
#6823 = CARTESIAN_POINT ( 'NONE',  ( -0.8000000000000000400, 0.0000000000000000000, 0.1799999999999999900 ) ) ;
#6824 = VERTEX_POINT ( 'NONE', #11114 ) ;
#6825 = APPLICATION_PROTOCOL_DEFINITION ( 'draft international standard', 'automotive_design', 1998, #573 ) ;
#6826 = AXIS2_PLACEMENT_3D ( 'NONE', #2952, #2939, #2916 ) ;
#6827 = CARTESIAN_POINT ( 'NONE',  ( 0.0000000000000000000, -0.1850000000000000000, 0.02000000000000000000 ) ) ;
#6828 = EDGE_CURVE ( 'NONE', #6190, #4810, #2740, .T. ) ;
#6829 = UNCERTAINTY_MEASURE_WITH_UNIT (LENGTH_MEASURE( 1.000000000000000100E-005 ), #10900, 'distance_accuracy_value', 'NONE');
#6830 =( NAMED_UNIT ( * ) SI_UNIT ( $, .STERADIAN. ) SOLID_ANGLE_UNIT ( ) );
#6831 = MECHANICAL_DESIGN_GEOMETRIC_PRESENTATION_REPRESENTATION (  '', ( #5064 ), #7426 ) ;
#6832 = MECHANICAL_DESIGN_GEOMETRIC_PRESENTATION_REPRESENTATION (  '', ( #5065 ), #7427 ) ;
#6833 =( NAMED_UNIT ( * ) SI_UNIT ( $, .STERADIAN. ) SOLID_ANGLE_UNIT ( ) );
#6834 =( GEOMETRIC_REPRESENTATION_CONTEXT ( 3 ) GLOBAL_UNCERTAINTY_ASSIGNED_CONTEXT ( ( #9720 ) ) GLOBAL_UNIT_ASSIGNED_CONTEXT ( ( #2086, #8350, #3005 ) ) REPRESENTATION_CONTEXT ( 'NONE', 'WORKASPACE' ) );
#6835 = COLOUR_RGB ( '',0.0000000000000000000, 0.7019607843137254400, 0.9803921568627450600 ) ;
#6836 = CARTESIAN_POINT ( 'NONE',  ( 1.576151786896379900, 2.020351574873700000, 0.0000000000000000000 ) ) ;
#6837 = CARTESIAN_POINT ( 'NONE',  ( 0.7960104076400856800, 0.1540413993313948500, 0.1756568542494924000 ) ) ;
#6838 = FILL_AREA_STYLE_COLOUR ( '', #6146 ) ;
#6839 = FILL_AREA_STYLE ('',( #7728 ) ) ;
#6840 = COLOUR_RGB ( '',0.0000000000000000000, 0.7019607843137254400, 0.9803921568627450600 ) ;
#6841 = DIRECTION ( 'NONE',  ( -0.0000000000000000000, -0.0000000000000000000, -1.000000000000000000 ) ) ;
#6842 = DIRECTION ( 'NONE',  ( 0.0000000000000000000, 0.0000000000000000000, 1.000000000000000000 ) ) ;
#6843 = UNCERTAINTY_MEASURE_WITH_UNIT (LENGTH_MEASURE( 1.000000000000000100E-005 ), #8298, 'distance_accuracy_value', 'NONE');
#6844 = CARTESIAN_POINT ( 'NONE',  ( 1.587247410737570000, 1.984307815193020000, 0.1000000000000000100 ) ) ;
#6845 = ORIENTED_EDGE ( 'NONE', *, *, #6390, .F. ) ;
#6846 = ORIENTED_EDGE ( 'NONE', *, *, #9371, .T. ) ;
#6847 = ORIENTED_EDGE ( 'NONE', *, *, #5960, .F. ) ;
#6848 = PRESENTATION_STYLE_ASSIGNMENT (( #7437 ) ) ;
#6849 = PRESENTATION_LAYER_ASSIGNMENT (  '', '', ( #5680 ) ) ;
#6850 =( LENGTH_UNIT ( ) NAMED_UNIT ( * ) SI_UNIT ( .MILLI., .METRE. ) );
#6851 = FILL_AREA_STYLE ('',( #6815 ) ) ;
#6852 = FILL_AREA_STYLE_COLOUR ( '', #7325 ) ;
#6853 = DIRECTION ( 'NONE',  ( 0.0000000000000000000, 0.0000000000000000000, -1.000000000000000000 ) ) ;
#6854 = VERTEX_POINT ( 'NONE', #11155 ) ;
#6855 = CARTESIAN_POINT ( 'NONE',  ( 1.556610832411420100, 2.001304665244250100, 0.0000000000000000000 ) ) ;
#6856 = ORIENTED_EDGE ( 'NONE', *, *, #10815, .F. ) ;
#6857 = CARTESIAN_POINT ( 'NONE',  ( -0.8000000000000000400, 0.1749999999999999900, 0.02000000000000000000 ) ) ;
#6858 = FACE_OUTER_BOUND ( 'NONE', #9672, .T. ) ;
#6859 = SURFACE_STYLE_USAGE ( .BOTH. , #6901 ) ;
#6860 =( LENGTH_UNIT ( ) NAMED_UNIT ( * ) SI_UNIT ( .MILLI., .METRE. ) );
#6861 = EDGE_CURVE ( 'NONE', #10738, #4826, #7458, .T. ) ;
#6862 = CARTESIAN_POINT ( 'NONE',  ( 0.8008747832827530800, -0.1538940194805950600, 0.009658636588715456600 ) ) ;
#6863 = AXIS2_PLACEMENT_3D ( 'NONE', #5227, #10563, #6102 ) ;
#6864 = DIRECTION ( 'NONE',  ( 1.000000000000000000, 0.0000000000000000000, 0.0000000000000000000 ) ) ;
#6865 =( REPRESENTATION_RELATIONSHIP ('NONE','NONE', #5525, #5508 ) REPRESENTATION_RELATIONSHIP_WITH_TRANSFORMATION ( #2713 )SHAPE_REPRESENTATION_RELATIONSHIP( ) );
#6866 = VERTEX_POINT ( 'NONE', #7569 ) ;
#6867 = DIRECTION ( 'NONE',  ( 0.0000000000000000000, 0.0000000000000000000, -1.000000000000000000 ) ) ;
#6869 = PLANE ( 'NONE',  #6024 ) ;
#6868 = AXIS2_PLACEMENT_3D ( 'NONE', #7612, #2275, #8519 ) ;
#6870 = ORIENTED_EDGE ( 'NONE', *, *, #292, .F. ) ;
#6871 =( NAMED_UNIT ( * ) PLANE_ANGLE_UNIT ( ) SI_UNIT ( $, .RADIAN. ) );
#6872 = CARTESIAN_POINT ( 'NONE',  ( -0.7960104076400857900, 0.1540413993313948200, 0.004343145750507680800 ) ) ;
#6873 = SURFACE_STYLE_USAGE ( .BOTH. , #627 ) ;
#6874 = CARTESIAN_POINT ( 'NONE',  ( 1.512875014679730300, 2.014051626326669900, 0.0000000000000000000 ) ) ;
#6875 = ADVANCED_FACE ( 'NONE', ( #333 ), #10310, .F. ) ;
#6876 = ITEM_DEFINED_TRANSFORMATION ( 'NONE', 'NONE', #10955,  #3980 ) ;
#6877 = ADVANCED_FACE ( 'NONE', ( #8737 ), #4048, .T. ) ;
#6878 = ORIENTED_EDGE ( 'NONE', *, *, #11499, .F. ) ;
#6879 = CARTESIAN_POINT ( 'NONE',  ( 1.529620557344310000, 1.980050006160170200, 0.1000000000000000100 ) ) ;
#6880 = EDGE_CURVE ( 'NONE', #4924, #8078, #3307, .T. ) ;
#6881 = CARTESIAN_POINT ( 'NONE',  ( 1.594871397641770100, 2.016233260354349800, 0.0000000000000000000 ) ) ;
#6882 =( GEOMETRIC_REPRESENTATION_CONTEXT ( 3 ) GLOBAL_UNCERTAINTY_ASSIGNED_CONTEXT ( ( #7121 ) ) GLOBAL_UNIT_ASSIGNED_CONTEXT ( ( #6821, #6732, #6694 ) ) REPRESENTATION_CONTEXT ( 'NONE', 'WORKASPACE' ) );
#6883 = ADVANCED_FACE ( 'NONE', ( #7757 ), #4354, .T. ) ;
#6884 = EDGE_CURVE ( 'NONE', #125, #638, #4586, .T. ) ;
#6885 = CARTESIAN_POINT ( 'NONE',  ( -0.7899999999999998100, 0.1596871942267131000, 0.1700000000000000100 ) ) ;
#6886 = STYLED_ITEM ( 'NONE', ( #7515 ), #3328 ) ;
#6887 = CARTESIAN_POINT ( 'NONE',  ( 1.600759566099030100, 1.985192742244400200, 0.0000000000000000000 ) ) ;
#6888 = ORIENTED_EDGE ( 'NONE', *, *, #7672, .T. ) ;
#6889 = FILL_AREA_STYLE_COLOUR ( '', #9011 ) ;
#6890 = SURFACE_STYLE_FILL_AREA ( #7793 ) ;
#6891 = DIRECTION ( 'NONE',  ( 0.0000000000000000000, 0.0000000000000000000, -1.000000000000000000 ) ) ;
#6892 = EDGE_LOOP ( 'NONE', ( #8160, #5698, #4997, #5918 ) ) ;
#6893 = LINE ( 'NONE', #10590, #9278 ) ;
#6894 = FACE_OUTER_BOUND ( 'NONE', #11292, .T. ) ;
#6895 =( NAMED_UNIT ( * ) PLANE_ANGLE_UNIT ( ) SI_UNIT ( $, .RADIAN. ) );
#6896 = UNCERTAINTY_MEASURE_WITH_UNIT (LENGTH_MEASURE( 1.000000000000000100E-005 ), #9888, 'distance_accuracy_value', 'NONE');
#6897 = DIRECTION ( 'NONE',  ( 0.0000000000000000000, 0.0000000000000000000, -1.000000000000000000 ) ) ;
#6898 =( GEOMETRIC_REPRESENTATION_CONTEXT ( 3 ) GLOBAL_UNCERTAINTY_ASSIGNED_CONTEXT ( ( #387 ) ) GLOBAL_UNIT_ASSIGNED_CONTEXT ( ( #2360, #10388, #3091 ) ) REPRESENTATION_CONTEXT ( 'NONE', 'WORKASPACE' ) );
#6899 = EDGE_CURVE ( 'NONE', #5801, #8563, #10864, .T. ) ;
#6900 = LINE ( 'NONE', #6980, #2139 ) ;
#6901 = SURFACE_SIDE_STYLE ('',( #11201 ) ) ;
#6902 = AXIS2_PLACEMENT_3D ( 'NONE', #1046, #7281, #1943 ) ;
#6903 = PRESENTATION_LAYER_ASSIGNMENT (  '', '', ( #6322 ) ) ;
#6904 =( NAMED_UNIT ( * ) PLANE_ANGLE_UNIT ( ) SI_UNIT ( $, .RADIAN. ) );
#6905 = PLANE ( 'NONE',  #2799 ) ;
#6906 = DIRECTION ( 'NONE',  ( -0.4123105625617680100, 0.3872983346207439800, -0.8246211251235300300 ) ) ;
#6907 = CIRCLE ( 'NONE', #1272, 0.01000000000000000400 ) ;
#6908 = EDGE_LOOP ( 'NONE', ( #2148, #11618, #10969, #10750 ) ) ;
#6909 = LINE ( 'NONE', #1705, #4572 ) ;
#6910 = ORIENTED_EDGE ( 'NONE', *, *, #3236, .F. ) ;
#6911 =( LENGTH_UNIT ( ) NAMED_UNIT ( * ) SI_UNIT ( .MILLI., .METRE. ) );
#6912 =( NAMED_UNIT ( * ) PLANE_ANGLE_UNIT ( ) SI_UNIT ( $, .RADIAN. ) );
#6913 =( LENGTH_UNIT ( ) NAMED_UNIT ( * ) SI_UNIT ( .MILLI., .METRE. ) );
#6914 = CARTESIAN_POINT ( 'NONE',  ( -0.7938037774165221900, 0.1516922620707499600, 0.004343145750507691200 ) ) ;
#6915 = CARTESIAN_POINT ( 'NONE',  ( 0.7909622082928543500, 0.1504105945630585300, 0.1748380281824667400 ) ) ;
#6916 = CARTESIAN_POINT ( 'NONE',  ( -0.7700000000000000200, -0.3700000000000000000, 0.1700000000000000100 ) ) ;
#6917 = ORIENTED_EDGE ( 'NONE', *, *, #5096, .T. ) ;
#6918 = MECHANICAL_DESIGN_GEOMETRIC_PRESENTATION_REPRESENTATION (  '', ( #5160 ), #7512 ) ;
#6919 = DIRECTION ( 'NONE',  ( -1.000000000000000000, -6.123233995736766000E-017, -0.0000000000000000000 ) ) ;
#6920 = CIRCLE ( 'NONE', #1612, 0.01000000000000000400 ) ;
#6921 = COLOUR_RGB ( '',0.8627450980392157300, 0.6274509803921568500, 0.05882352941176470500 ) ;
#6922 =( GEOMETRIC_REPRESENTATION_CONTEXT ( 3 ) GLOBAL_UNCERTAINTY_ASSIGNED_CONTEXT ( ( #11284 ) ) GLOBAL_UNIT_ASSIGNED_CONTEXT ( ( #5053, #11298, #5922 ) ) REPRESENTATION_CONTEXT ( 'NONE', 'WORKASPACE' ) );
#6923 = DIRECTION ( 'NONE',  ( 0.0000000000000000000, -0.0000000000000000000, -1.000000000000000000 ) ) ;
#6924 = PLANE ( 'NONE',  #5735 ) ;
#6925 = ORIENTED_EDGE ( 'NONE', *, *, #3895, .F. ) ;
#6926 = CARTESIAN_POINT ( 'NONE',  ( 1.481221854764970000, 2.001050005802550200, 0.1000000000000000100 ) ) ;
#6927 = VERTEX_POINT ( 'NONE', #9550 ) ;
#6928 = DIRECTION ( 'NONE',  ( -0.0000000000000000000, 1.000000000000000000, 0.0000000000000000000 ) ) ;
#6929 = SURFACE_STYLE_USAGE ( .BOTH. , #7010 ) ;
#6930 = CARTESIAN_POINT ( 'NONE',  ( 0.4000000000000000200, 0.1850000000000000000, 0.03000000000000000200 ) ) ;
#6931 = CARTESIAN_POINT ( 'NONE',  ( 1.556610832411420100, 2.006665889013230100, 0.0000000000000000000 ) ) ;
#6933 = SURFACE_SIDE_STYLE ('',( #8489 ) ) ;
#6932 = COLOUR_RGB ( '',1.000000000000000000, 0.9921568627450980700, 0.9411764705882352800 ) ;
#6934 = ADVANCED_FACE ( 'NONE', ( #75 ), #6676, .T. ) ;
#6935 = PLANE ( 'NONE',  #8538 ) ;
#6936 = ADVANCED_FACE ( 'NONE', ( #8194 ), #710, .T. ) ;
#6937 = VECTOR ( 'NONE', #4348, 1000.000000000000000 ) ;
#6938 = ORIENTED_EDGE ( 'NONE', *, *, #423, .F. ) ;
#6939 = STYLED_ITEM ( 'NONE', ( #8038 ), #7749 ) ;
#6940 = EDGE_LOOP ( 'NONE', ( #962, #10245, #2890, #4483 ) ) ;
#6941 = VERTEX_POINT ( 'NONE', #6070 ) ;
#6942 = LINE ( 'NONE', #945, #6644 ) ;
#6943 =( NAMED_UNIT ( * ) SI_UNIT ( $, .STERADIAN. ) SOLID_ANGLE_UNIT ( ) );
#6944 = EDGE_LOOP ( 'NONE', ( #97, #10759, #29, #654, #7243 ) ) ;
#6945 = VECTOR ( 'NONE', #10930, 1000.000000000000000 ) ;
#6946 = SURFACE_STYLE_USAGE ( .BOTH. , #705 ) ;
#6947 = ORIENTED_EDGE ( 'NONE', *, *, #2650, .F. ) ;
#6948 =( LENGTH_UNIT ( ) NAMED_UNIT ( * ) SI_UNIT ( .MILLI., .METRE. ) );
#6949 = VECTOR ( 'NONE', #2152, 1000.000000000000000 ) ;
#6950 =( NAMED_UNIT ( * ) PLANE_ANGLE_UNIT ( ) SI_UNIT ( $, .RADIAN. ) );
#6951 = ORIENTED_EDGE ( 'NONE', *, *, #10687, .F. ) ;
#6952 = SURFACE_STYLE_FILL_AREA ( #5148 ) ;
#6953 = CARTESIAN_POINT ( 'NONE',  ( -0.4000000000000000200, 0.3499999999999999800, 0.1600000000000000000 ) ) ;
#6954 = EDGE_CURVE ( 'NONE', #7625, #419, #478, .T. ) ;
#6955 = AXIS2_PLACEMENT_3D ( 'NONE', #282, #5859, #6005 ) ;
#6956 = EDGE_LOOP ( 'NONE', ( #7419, #6375, #656, #8848 ) ) ;
#6957 = CARTESIAN_POINT ( 'NONE',  ( 1.475946328112510300, 1.987367672161970000, 0.1000000000000000100 ) ) ;
#6958 = COLOUR_RGB ( '',0.0000000000000000000, 0.7019607843137254400, 0.9803921568627450600 ) ;
#6959 = DIRECTION ( 'NONE',  ( -0.0000000000000000000, -0.0000000000000000000, -1.000000000000000000 ) ) ;
#6960 = DIRECTION ( 'NONE',  ( 0.0000000000000000000, -0.0000000000000000000, -1.000000000000000000 ) ) ;
#6961 = DIRECTION ( 'NONE',  ( -0.0000000000000000000, 1.000000000000000000, 0.0000000000000000000 ) ) ;
#6962 =( GEOMETRIC_REPRESENTATION_CONTEXT ( 3 ) GLOBAL_UNCERTAINTY_ASSIGNED_CONTEXT ( ( #1651 ) ) GLOBAL_UNIT_ASSIGNED_CONTEXT ( ( #10650, #5315, #11559 ) ) REPRESENTATION_CONTEXT ( 'NONE', 'WORKASPACE' ) );
#6963 = FILL_AREA_STYLE_COLOUR ( '', #336 ) ;
#6964 = CARTESIAN_POINT ( 'NONE',  ( -0.6500000000000000200, 0.08357113787613314200, 0.01000000000000000000 ) ) ;
#6965 = CARTESIAN_POINT ( 'NONE',  ( 0.8000000000000000400, -0.1749999999999999900, 0.0000000000000000000 ) ) ;
#6966 = DIRECTION ( 'NONE',  ( 0.0000000000000000000, 0.0000000000000000000, 1.000000000000000000 ) ) ;
#6967 = CARTESIAN_POINT ( 'NONE',  ( 0.7700000000000000200, 0.3700000000000000000, 0.0000000000000000000 ) ) ;
#6968 = ORIENTED_EDGE ( 'NONE', *, *, #7255, .T. ) ;
#6969 = FILL_AREA_STYLE ('',( #6089 ) ) ;
#6970 = EDGE_CURVE ( 'NONE', #8062, #4924, #9747, .T. ) ;
#6971 = EDGE_CURVE ( 'NONE', #5145, #7297, #7323, .T. ) ;
#6972 =( NAMED_UNIT ( * ) PLANE_ANGLE_UNIT ( ) SI_UNIT ( $, .RADIAN. ) );
#6973 = AXIS2_PLACEMENT_3D ( 'NONE', #6857, #1503, #7754 ) ;
#6974 = STYLED_ITEM ( 'NONE', ( #3450 ), #4130 ) ;
#6975 = CIRCLE ( 'NONE', #228, 0.009999999999999991500 ) ;
#6976 = CARTESIAN_POINT ( 'NONE',  ( -0.4620144847819207500, -0.3245170327464609900, 0.6431364870301264900 ) ) ;
#6977 = DIRECTION ( 'NONE',  ( 1.000000000000000000, 0.0000000000000000000, 0.0000000000000000000 ) ) ;
#6978 = B_SPLINE_CURVE_WITH_KNOTS ( 'NONE', 2,
 ( #8209, #8229, #8256, #8137 ),
 .UNSPECIFIED., .F., .F.,
 ( 3, 1, 3 ),
 ( 0.0000000000000000000, 1.194238052906965800E-005, 2.388476105813931700E-005 ),
 .UNSPECIFIED. ) ;
#6979 = PRESENTATION_STYLE_ASSIGNMENT (( #11348 ) ) ;
#6980 = CARTESIAN_POINT ( 'NONE',  ( -0.1270000000000000000, 0.07619999999999999000, 0.0000000000000000000 ) ) ;
#6981 = CARTESIAN_POINT ( 'NONE',  ( 1.556610832411420100, 1.998667509894980000, 0.0000000000000000000 ) ) ;
#6982 = ORIENTED_EDGE ( 'NONE', *, *, #7560, .T. ) ;
#6983 = FACE_OUTER_BOUND ( 'NONE', #1016, .T. ) ;
#6984 = AXIS2_PLACEMENT_3D ( 'NONE', #7950, #8373, #8403 ) ;
#6985 = CARTESIAN_POINT ( 'NONE',  ( 0.6400000000000001200, 1.355252715606880500E-017, 0.1799999999999999900 ) ) ;
#6986 = DIRECTION ( 'NONE',  ( -1.000000000000000000, 0.0000000000000000000, 0.0000000000000000000 ) ) ;
#6987 = STYLED_ITEM ( 'NONE', ( #215 ), #6691 ) ;
#6988 = SURFACE_STYLE_USAGE ( .BOTH. , #7026 ) ;
#6989 =( GEOMETRIC_REPRESENTATION_CONTEXT ( 3 ) GLOBAL_UNCERTAINTY_ASSIGNED_CONTEXT ( ( #8855 ) ) GLOBAL_UNIT_ASSIGNED_CONTEXT ( ( #8097, #2748, #8995 ) ) REPRESENTATION_CONTEXT ( 'NONE', 'WORKASPACE' ) );
#6990 = CARTESIAN_POINT ( 'NONE',  ( 1.540103539337589900, 2.001304665244250100, 0.1000000000000000100 ) ) ;
#6991 = MANIFOLD_SOLID_BREP ( 'Imported2', #1577 ) ;
#6992 = CARTESIAN_POINT ( 'NONE',  ( -0.1270000000000000000, 0.0000000000000000000, 0.0000000000000000000 ) ) ;
#6993 = VECTOR ( 'NONE', #8959, 1000.000000000000000 ) ;
#6994 = DIRECTION ( 'NONE',  ( 1.000000000000000000, 0.0000000000000000000, 0.0000000000000000000 ) ) ;
#6995 = ADVANCED_FACE ( 'NONE', ( #9433 ), #5275, .F. ) ;
#6996 = ORIENTED_EDGE ( 'NONE', *, *, #5443, .F. ) ;
#6997 = DIRECTION ( 'NONE',  ( -1.000000000000000000, 0.0000000000000000000, -0.0000000000000000000 ) ) ;
#6998 = DIRECTION ( 'NONE',  ( 0.0000000000000000000, -0.0000000000000000000, -1.000000000000000000 ) ) ;
#6999 = VECTOR ( 'NONE', #9033, 1000.000000000000000 ) ;
#7000 = DIRECTION ( 'NONE',  ( -1.000000000000000000, 0.0000000000000000000, 0.0000000000000000000 ) ) ;
#7001 = DIRECTION ( 'NONE',  ( -0.0000000000000000000, 0.0000000000000000000, 1.000000000000000000 ) ) ;
#7002 = CARTESIAN_POINT ( 'NONE',  ( 1.600759566099030100, 1.985192742244400200, 0.1000000000000000100 ) ) ;
#7003 = CARTESIAN_POINT ( 'NONE',  ( 1.443850704672070100, 2.022050005444920200, 0.1000000000000000100 ) ) ;
#7004 = FACE_OUTER_BOUND ( 'NONE', #5736, .T. ) ;
#7005 = ORIENTED_EDGE ( 'NONE', *, *, #764, .T. ) ;
#7006 = CARTESIAN_POINT ( 'NONE',  ( -0.8000000000000001600, -0.3699999999999995500, 0.1758578643762690700 ) ) ;
#7007 = ORIENTED_EDGE ( 'NONE', *, *, #162, .F. ) ;
#7008 = MECHANICAL_DESIGN_GEOMETRIC_PRESENTATION_REPRESENTATION (  '', ( #5819 ), #7591 ) ;
#7009 = FILL_AREA_STYLE ('',( #6132 ) ) ;
#7010 = SURFACE_SIDE_STYLE ('',( #5597 ) ) ;
#7011 = PRESENTATION_LAYER_ASSIGNMENT (  '', '', ( #6427 ) ) ;
#7012 = CARTESIAN_POINT ( 'NONE',  ( -0.6458578643762693500, -0.08587889112488295000, 4.776747495901163400E-017 ) ) ;
#7013 = CARTESIAN_POINT ( 'NONE',  ( 1.443850704672070100, 1.988048385278420300, 0.0000000000000000000 ) ) ;
#7014 = SURFACE_STYLE_FILL_AREA ( #2786 ) ;
#7015 = ORIENTED_EDGE ( 'NONE', *, *, #9438, .T. ) ;
#7016 = UNCERTAINTY_MEASURE_WITH_UNIT (LENGTH_MEASURE( 1.000000000000000100E-005 ), #10567, 'distance_accuracy_value', 'NONE');
#7017 = DIRECTION ( 'NONE',  ( -0.0000000000000000000, -0.0000000000000000000, -1.000000000000000000 ) ) ;
#7018 = FILL_AREA_STYLE ('',( #7056 ) ) ;
#7019 = LINE ( 'NONE', #3311, #176 ) ;
#7020 = EDGE_CURVE ( 'NONE', #782, #810, #914, .T. ) ;
#7021 = FILL_AREA_STYLE_COLOUR ( '', #6077 ) ;
#7022 = DIRECTION ( 'NONE',  ( 0.0000000000000000000, 0.0000000000000000000, 1.000000000000000000 ) ) ;
#7023 =( GEOMETRIC_REPRESENTATION_CONTEXT ( 3 ) GLOBAL_UNCERTAINTY_ASSIGNED_CONTEXT ( ( #6896 ) ) GLOBAL_UNIT_ASSIGNED_CONTEXT ( ( #9888, #4541, #10783 ) ) REPRESENTATION_CONTEXT ( 'NONE', 'WORKASPACE' ) );
#7024 = PLANE ( 'NONE',  #402 ) ;
#7025 = ORIENTED_EDGE ( 'NONE', *, *, #6248, .F. ) ;
#7026 = SURFACE_SIDE_STYLE ('',( #6294 ) ) ;
#7027 = AXIS2_PLACEMENT_3D ( 'NONE', #1986, #8253, #2910 ) ;
#7028 = LINE ( 'NONE', #5215, #2274 ) ;
#7029 = SURFACE_SIDE_STYLE ('',( #3023 ) ) ;
#7030 =( LENGTH_UNIT ( ) NAMED_UNIT ( * ) SI_UNIT ( .MILLI., .METRE. ) );
#7031 = SURFACE_STYLE_FILL_AREA ( #3940 ) ;
#7032 = PLANE ( 'NONE',  #6984 ) ;
#7033 = PRESENTATION_STYLE_ASSIGNMENT (( #5264 ) ) ;
#7034 = DIRECTION ( 'NONE',  ( 0.0000000000000000000, 0.0000000000000000000, -1.000000000000000000 ) ) ;
#7035 = CARTESIAN_POINT ( 'NONE',  ( 1.594871397641770100, 2.016233260354349800, 0.0000000000000000000 ) ) ;
#7036 = EDGE_CURVE ( 'NONE', #2051, #465, #7738, .T. ) ;
#7037 = ORIENTED_EDGE ( 'NONE', *, *, #3855, .T. ) ;
#7038 =( NAMED_UNIT ( * ) SI_UNIT ( $, .STERADIAN. ) SOLID_ANGLE_UNIT ( ) );
#7039 = MECHANICAL_DESIGN_GEOMETRIC_PRESENTATION_REPRESENTATION (  '', ( #5855 ), #7622 ) ;
#7040 = EDGE_CURVE ( 'NONE', #4862, #321, #3298, .T. ) ;
#7041 = CARTESIAN_POINT ( 'NONE',  ( 1.605856330198040000, 2.022359678402379800, 0.1000000000000000100 ) ) ;
#7042 = FILL_AREA_STYLE ('',( #6166 ) ) ;
#7043 = SURFACE_STYLE_FILL_AREA ( #2870 ) ;
#7044 = ORIENTED_EDGE ( 'NONE', *, *, #4758, .T. ) ;
#7045 = VECTOR ( 'NONE', #1322, 1000.000000000000000 ) ;
#7046 = CARTESIAN_POINT ( 'NONE',  ( 1.525298029054880100, 2.022050005444920200, 0.1000000000000000100 ) ) ;
#7047 = UNCERTAINTY_MEASURE_WITH_UNIT (LENGTH_MEASURE( 1.000000000000000100E-005 ), #5099, 'distance_accuracy_value', 'NONE');
#7048 = CARTESIAN_POINT ( 'NONE',  ( 0.7905590169943747000, -0.1507604086910343500, 0.005527864045000639000 ) ) ;
#7049 = CARTESIAN_POINT ( 'NONE',  ( 1.600759566099030100, 2.017560650931430100, 0.1000000000000000100 ) ) ;
#7050 = COLOUR_RGB ( '',0.0000000000000000000, 0.7019607843137254400, 0.9803921568627450600 ) ;
#7051 = ADVANCED_FACE ( 'NONE', ( #3010 ), #6617, .F. ) ;
#7052 = VERTEX_POINT ( 'NONE', #8059 ) ;
#7053 = DIRECTION ( 'NONE',  ( -0.06249999999999743300, 0.9980449639169571800, 0.0000000000000000000 ) ) ;
#7054 =( GEOMETRIC_REPRESENTATION_CONTEXT ( 3 ) GLOBAL_UNCERTAINTY_ASSIGNED_CONTEXT ( ( #9075 ) ) GLOBAL_UNIT_ASSIGNED_CONTEXT ( ( #8585, #8548, #8510 ) ) REPRESENTATION_CONTEXT ( 'NONE', 'WORKASPACE' ) );
#7055 = EDGE_CURVE ( 'NONE', #7052, #331, #9027, .T. ) ;
#7056 = FILL_AREA_STYLE_COLOUR ( '', #4067 ) ;
#7058 = PRESENTATION_LAYER_ASSIGNMENT (  '', '', ( #6464 ) ) ;
#7057 = SURFACE_STYLE_FILL_AREA ( #11531 ) ;
#7059 = STYLED_ITEM ( 'NONE', ( #10556 ), #4910 ) ;
#7060 = CARTESIAN_POINT ( 'NONE',  ( 0.7900000000000000400, -0.1596871942267129900, 0.1799999999999999900 ) ) ;
#7061 = UNCERTAINTY_MEASURE_WITH_UNIT (LENGTH_MEASURE( 1.000000000000000100E-005 ), #5077, 'distance_accuracy_value', 'NONE');
#7062 = PRESENTATION_STYLE_ASSIGNMENT (( #2978 ) ) ;
#7063 = MECHANICAL_DESIGN_GEOMETRIC_PRESENTATION_REPRESENTATION (  '', ( #5875 ), #7649 ) ;
#7064 = FILL_AREA_STYLE ('',( #820 ) ) ;
#7065 =( NAMED_UNIT ( * ) SI_UNIT ( $, .STERADIAN. ) SOLID_ANGLE_UNIT ( ) );
#7066 = SURFACE_STYLE_FILL_AREA ( #10269 ) ;
#7067 = SURFACE_SIDE_STYLE ('',( #1138 ) ) ;
#7068 = CARTESIAN_POINT ( 'NONE',  ( 0.7900000000000000400, -0.2000000000000000100, 0.01000000000000000000 ) ) ;
#7069 = ORIENTED_EDGE ( 'NONE', *, *, #5061, .T. ) ;
#7070 = FILL_AREA_STYLE ('',( #11530 ) ) ;
#7071 = LINE ( 'NONE', #9791, #9448 ) ;
#7072 = CARTESIAN_POINT ( 'NONE',  ( 1.611923261208750200, 2.022359678402379800, 0.0000000000000000000 ) ) ;
#7073 = ORIENTED_EDGE ( 'NONE', *, *, #6227, .T. ) ;
#7074 = STYLED_ITEM ( 'NONE', ( #10023 ), #7133 ) ;
#7075 = EDGE_LOOP ( 'NONE', ( #6236, #1436, #6088, #8979 ) ) ;
#7076 = VERTEX_POINT ( 'NONE', #10778 ) ;
#7077 = MECHANICAL_DESIGN_GEOMETRIC_PRESENTATION_REPRESENTATION (  '', ( #5335 ), #7662 ) ;
#7078 = VECTOR ( 'NONE', #2955, 1000.000000000000000 ) ;
#7079 =( NAMED_UNIT ( * ) SI_UNIT ( $, .STERADIAN. ) SOLID_ANGLE_UNIT ( ) );
#7080 = DIRECTION ( 'NONE',  ( 1.000000000000000000, 0.0000000000000000000, -0.0000000000000000000 ) ) ;
#7081 = VERTEX_POINT ( 'NONE', #1816 ) ;
#7082 = LINE ( 'NONE', #7407, #2326 ) ;
#7083 = VECTOR ( 'NONE', #11465, 1000.000000000000000 ) ;
#7084 = FILL_AREA_STYLE ('',( #802 ) ) ;
#7085 = LINE ( 'NONE', #5052, #9181 ) ;
#7086 =( NAMED_UNIT ( * ) PLANE_ANGLE_UNIT ( ) SI_UNIT ( $, .RADIAN. ) );
#7087 = LINE ( 'NONE', #4177, #237 ) ;
#7088 = VERTEX_POINT ( 'NONE', #5437 ) ;
#7089 = DIRECTION ( 'NONE',  ( 1.000000000000000000, 0.0000000000000000000, -0.0000000000000000000 ) ) ;
#7090 = ORIENTED_EDGE ( 'NONE', *, *, #5021, .F. ) ;
#7091 = DIRECTION ( 'NONE',  ( -0.0000000000000000000, -0.0000000000000000000, -1.000000000000000000 ) ) ;
#7092 = CARTESIAN_POINT ( 'NONE',  ( 0.8000000000000000400, -0.1749999999999999900, 0.1499999999999999900 ) ) ;
#7093 = EDGE_LOOP ( 'NONE', ( #6996, #5941, #9624, #1966 ) ) ;
#7094 = VECTOR ( 'NONE', #884, 1000.000000000000000 ) ;
#7095 = EDGE_CURVE ( 'NONE', #5457, #4709, #1888, .T. ) ;
#7096 = VERTEX_POINT ( 'NONE', #4534 ) ;
#7097 = STYLED_ITEM ( 'NONE', ( #117 ), #1541 ) ;
#7098 = AXIS2_PLACEMENT_3D ( 'NONE', #8063, #2722, #8973 ) ;
#7099 = AXIS2_PLACEMENT_3D ( 'NONE', #7701, #3240, #1497 ) ;
#7100 = CARTESIAN_POINT ( 'NONE',  ( -0.7960104076400856800, -0.1540413993313948500, 0.004343145750507592300 ) ) ;
#7101 = FILL_AREA_STYLE ('',( #8804 ) ) ;
#7102 = SURFACE_STYLE_USAGE ( .BOTH. , #864 ) ;
#7103 = ORIENTED_EDGE ( 'NONE', *, *, #8318, .T. ) ;
#7104 = COLOUR_RGB ( '',0.8627450980392157300, 0.6274509803921568500, 0.05882352941176470500 ) ;
#7105 = CARTESIAN_POINT ( 'NONE',  ( 1.605796843271190200, 2.006601169756649900, 0.0000000000000000000 ) ) ;
#7106 = FILL_AREA_STYLE ('',( #7266 ) ) ;
#7107 = EDGE_CURVE ( 'NONE', #1279, #11333, #2151, .T. ) ;
#7108 = DIRECTION ( 'NONE',  ( 1.000000000000000000, 0.0000000000000000000, -0.0000000000000000000 ) ) ;
#7109 = AXIS2_PLACEMENT_3D ( 'NONE', #5719, #6726, #6653 ) ;
#7110 = ADVANCED_FACE ( 'NONE', ( #11418 ), #4457, .T. ) ;
#7111 = UNCERTAINTY_MEASURE_WITH_UNIT (LENGTH_MEASURE( 1.000000000000000100E-005 ), #7836, 'distance_accuracy_value', 'NONE');
#7112 = ORIENTED_EDGE ( 'NONE', *, *, #3011, .F. ) ;
#7113 = PRODUCT_DEFINITION_FORMATION_WITH_SPECIFIED_SOURCE ( 'ANY', '', #2291, .NOT_KNOWN. ) ;
#7114 = FILL_AREA_STYLE_COLOUR ( '', #9412 ) ;
#7115 = CARTESIAN_POINT ( 'NONE',  ( 0.8000000000000000400, -0.3499999999999999800, 0.0000000000000000000 ) ) ;
#7116 = SURFACE_SIDE_STYLE ('',( #3306 ) ) ;
#7117 = DIRECTION ( 'NONE',  ( 1.000000000000000000, 0.0000000000000000000, 0.0000000000000000000 ) ) ;
#7118 = DIRECTION ( 'NONE',  ( 1.000000000000000000, 0.0000000000000000000, 0.0000000000000000000 ) ) ;
#7119 = AXIS2_PLACEMENT_3D ( 'NONE', #8703, #7742, #2213 ) ;
#7120 = EDGE_CURVE ( 'NONE', #8602, #6941, #3148, .T. ) ;
#7121 = UNCERTAINTY_MEASURE_WITH_UNIT (LENGTH_MEASURE( 1.000000000000000100E-005 ), #6821, 'distance_accuracy_value', 'NONE');
#7122 = PRESENTATION_LAYER_ASSIGNMENT (  '', '', ( #5929 ) ) ;
#7123 = PRESENTATION_LAYER_ASSIGNMENT (  '', '', ( #5930 ) ) ;
#7124 =( NAMED_UNIT ( * ) SI_UNIT ( $, .STERADIAN. ) SOLID_ANGLE_UNIT ( ) );
#7125 = EDGE_LOOP ( 'NONE', ( #5970, #6870, #5161, #6968 ) ) ;
#7126 = COLOUR_RGB ( '',0.8627450980392157300, 0.6274509803921568500, 0.05882352941176470500 ) ;
#7127 = DIRECTION ( 'NONE',  ( 0.0000000000000000000, -1.000000000000000000, 0.0000000000000000000 ) ) ;
#7128 = DIRECTION ( 'NONE',  ( 1.000000000000000000, 0.0000000000000000000, 0.0000000000000000000 ) ) ;
#7129 = SURFACE_SIDE_STYLE ('',( #6343 ) ) ;
#7130 = SURFACE_STYLE_USAGE ( .BOTH. , #896 ) ;
#7131 = SURFACE_STYLE_FILL_AREA ( #4180 ) ;
#7132 = DIRECTION ( 'NONE',  ( 0.0000000000000000000, 1.000000000000000000, 0.0000000000000000000 ) ) ;
#7133 = MANIFOLD_SOLID_BREP ( 'Imported5', #6697 ) ;
#7134 = EDGE_LOOP ( 'NONE', ( #9062, #431, #1330, #9930 ) ) ;
#7135 =( GEOMETRIC_REPRESENTATION_CONTEXT ( 3 ) GLOBAL_UNCERTAINTY_ASSIGNED_CONTEXT ( ( #11006 ) ) GLOBAL_UNIT_ASSIGNED_CONTEXT ( ( #2538, #2451, #2409 ) ) REPRESENTATION_CONTEXT ( 'NONE', 'WORKASPACE' ) );
#7136 = FILL_AREA_STYLE ('',( #10724 ) ) ;
#7137 = EDGE_LOOP ( 'NONE', ( #5958, #6358, #9906, #2208 ) ) ;
#7138 = CARTESIAN_POINT ( 'NONE',  ( -0.8000000000000000400, -0.1850000000000000000, 0.1600000000000000000 ) ) ;
#7139 = PRESENTATION_LAYER_ASSIGNMENT (  '', '', ( #7731 ) ) ;
#7140 = FILL_AREA_STYLE ('',( #3589 ) ) ;
#7141 = DIRECTION ( 'NONE',  ( 1.000000000000000000, 0.0000000000000000000, 0.0000000000000000000 ) ) ;
#7142 = CYLINDRICAL_SURFACE ( 'NONE', #7393, 0.02999999999999997100 ) ;
#7143 = ORIENTED_EDGE ( 'NONE', *, *, #2770, .T. ) ;
#7144 = CARTESIAN_POINT ( 'NONE',  ( -0.4745170327464609000, -0.3245170327464610400, 0.6331590247227179000 ) ) ;
#7145 = ORIENTED_EDGE ( 'NONE', *, *, #11032, .T. ) ;
#7146 = CARTESIAN_POINT ( 'NONE',  ( 1.598172856256540000, 2.011944767720760000, 0.1000000000000000100 ) ) ;
#7147 =( NAMED_UNIT ( * ) SI_UNIT ( $, .STERADIAN. ) SOLID_ANGLE_UNIT ( ) );
#7148 = VECTOR ( 'NONE', #8469, 1000.000000000000000 ) ;
#7149 = DIRECTION ( 'NONE',  ( 1.000000000000000000, -0.0000000000000000000, -0.0000000000000000000 ) ) ;
#7150 = EDGE_CURVE ( 'NONE', #6698, #10181, #4703, .T. ) ;
#7151 = CONTEXT_DEPENDENT_SHAPE_REPRESENTATION ( #6865, #2677 ) ;
#7152 =( LENGTH_UNIT ( ) NAMED_UNIT ( * ) SI_UNIT ( .MILLI., .METRE. ) );
#7153 = MECHANICAL_DESIGN_GEOMETRIC_PRESENTATION_REPRESENTATION (  '', ( #5963 ), #7752 ) ;
#7154 = EDGE_LOOP ( 'NONE', ( #486, #2059, #6888, #10754, #2917 ) ) ;
#7155 = UNCERTAINTY_MEASURE_WITH_UNIT (LENGTH_MEASURE( 1.000000000000000100E-005 ), #9241, 'distance_accuracy_value', 'NONE');
#7156 = FILL_AREA_STYLE_COLOUR ( '', #7345 ) ;
#7157 = AXIS2_PLACEMENT_3D ( 'NONE', #1022, #7248, #1913 ) ;
#7158 = DIRECTION ( 'NONE',  ( 0.0000000000000000000, 0.0000000000000000000, -1.000000000000000000 ) ) ;
#7159 = ORIENTED_EDGE ( 'NONE', *, *, #8181, .T. ) ;
#7160 = CARTESIAN_POINT ( 'NONE',  ( 0.7900000000000000400, -0.2000000000000000100, 0.1700000000000000100 ) ) ;
#7161 = FACE_OUTER_BOUND ( 'NONE', #4730, .T. ) ;
#7162 = EDGE_CURVE ( 'NONE', #4868, #5677, #7897, .T. ) ;
#7163 =( LENGTH_UNIT ( ) NAMED_UNIT ( * ) SI_UNIT ( .MILLI., .METRE. ) );
#7164 = CARTESIAN_POINT ( 'NONE',  ( 0.7072172467139157300, -0.1444835484702852400, 0.1758578643762690200 ) ) ;
#7165 = CARTESIAN_POINT ( 'NONE',  ( 0.7700000000000001300, 0.3999999999999999100, 0.1758578643762690200 ) ) ;
#7166 = LINE ( 'NONE', #307, #4818 ) ;
#7167 = EDGE_LOOP ( 'NONE', ( #8877, #10281, #5279, #7214, #2091, #6249, #10058, #1429, #9175, #1806, #8856, #5469 ) ) ;
#7168 = CARTESIAN_POINT ( 'NONE',  ( -0.4870195807110012700, -0.3245170327464611500, 0.6231815624153092000 ) ) ;
#7169 = CARTESIAN_POINT ( 'NONE',  ( -0.4000000000000000200, -0.1499999999999999900, 0.02000000000000000000 ) ) ;
#7170 = SURFACE_SIDE_STYLE ('',( #989 ) ) ;
#7171 = SURFACE_STYLE_FILL_AREA ( #9540 ) ;
#7172 = CARTESIAN_POINT ( 'NONE',  ( 0.4745170327464609000, 0.3245170327464610400, 0.6331590247227179000 ) ) ;
#7173 = MECHANICAL_DESIGN_GEOMETRIC_PRESENTATION_REPRESENTATION (  '', ( #5434 ), #7778 ) ;
#7174 = CARTESIAN_POINT ( 'NONE',  ( 0.4000000000000000200, 0.1850000000000000000, 0.1499999999999999900 ) ) ;
#7175 = PRESENTATION_STYLE_ASSIGNMENT (( #9284 ) ) ;
#7176 = ORIENTED_EDGE ( 'NONE', *, *, #6020, .F. ) ;
#7177 = ORIENTED_EDGE ( 'NONE', *, *, #6785, .T. ) ;
#7178 = SURFACE_STYLE_FILL_AREA ( #4936 ) ;
#7179 = SURFACE_SIDE_STYLE ('',( #4141 ) ) ;
#7180 =( BOUNDED_SURFACE ( )  B_SPLINE_SURFACE ( 3, 3, ( 
 ( #4867, #424, #6672, #1312 ),
 ( #7568, #2228, #8478, #3139 ),
 ( #9383, #4045, #10309, #4934 ),
 ( #11189, #5835, #463, #6704 ) ),
 .UNSPECIFIED., .F., .F., .F. ) 
 B_SPLINE_SURFACE_WITH_KNOTS ( ( 4, 4 ),
 ( 4, 4 ),
 ( 0.0000000000000000000, 1.000000000000000000 ),
 ( 0.0000000000000000000, 1.000000000000000000 ),
 .UNSPECIFIED. ) 
 GEOMETRIC_REPRESENTATION_ITEM ( )  RATIONAL_B_SPLINE_SURFACE ( (
 ( 1.000000000000000000, 0.3750000000000008300, 0.3750000000000008300, 1.000000000000000000),
 ( 0.8047378541243677100, 0.3017766952966385900, 0.3017766952966385900, 0.8047378541243677100),
 ( 0.8047378541243677100, 0.3017766952966385900, 0.3017766952966385900, 0.8047378541243677100),
 ( 1.000000000000000000, 0.3750000000000008300, 0.3750000000000008300, 1.000000000000000000) ) ) 
 REPRESENTATION_ITEM ( '' )  SURFACE ( )  );
#7181 = DIRECTION ( 'NONE',  ( 0.0000000000000000000, 1.000000000000000000, -0.0000000000000000000 ) ) ;
#7182 = EDGE_CURVE ( 'NONE', #1092, #6041, #3780, .T. ) ;
#7183 = CARTESIAN_POINT ( 'NONE',  ( 1.591501867715360100, 2.023244605453769800, 0.0000000000000000000 ) ) ;
#7184 = EDGE_CURVE ( 'NONE', #6824, #8807, #11567, .T. ) ;
#7185 = STYLED_ITEM ( 'NONE', ( #353 ), #5278 ) ;
#7186 = AXIS2_PLACEMENT_3D ( 'NONE', #7536, #2196, #8436 ) ;
#7187 = CARTESIAN_POINT ( 'NONE',  ( 0.8000000000000000400, -0.3499999999999999800, 0.1700000000000000100 ) ) ;
#7188 = PRESENTATION_STYLE_ASSIGNMENT (( #9685 ) ) ;
#7189 = VERTEX_POINT ( 'NONE', #10844 ) ;
#7190 = SURFACE_STYLE_USAGE ( .BOTH. , #7236 ) ;
#7191 = SURFACE_STYLE_FILL_AREA ( #5354 ) ;
#7192 = CARTESIAN_POINT ( 'NONE',  ( 1.587247410737570000, 1.984307815193020000, 0.1000000000000000100 ) ) ;
#7193 = FILL_AREA_STYLE ('',( #7994 ) ) ;
#7194 = VECTOR ( 'NONE', #5404, 1000.000000000000000 ) ;
#7195 = SURFACE_STYLE_FILL_AREA ( #1666 ) ;
#7196 = UNCERTAINTY_MEASURE_WITH_UNIT (LENGTH_MEASURE( 1.000000000000000100E-005 ), #5482, 'distance_accuracy_value', 'NONE');
#7197 =( LENGTH_UNIT ( ) NAMED_UNIT ( * ) SI_UNIT ( .MILLI., .METRE. ) );
#7198 = VECTOR ( 'NONE', #10938, 1000.000000000000000 ) ;
#7199 = ORIENTED_EDGE ( 'NONE', *, *, #6449, .T. ) ;
#7200 = EDGE_CURVE ( 'NONE', #3265, #8501, #1681, .T. ) ;
#7201 = ORIENTED_EDGE ( 'NONE', *, *, #9703, .F. ) ;
#7202 = LINE ( 'NONE', #688, #4854 ) ;
#7203 = PRESENTATION_STYLE_ASSIGNMENT (( #269 ) ) ;
#7204 = VECTOR ( 'NONE', #5374, 1000.000000000000000 ) ;
#7205 = AXIS2_PLACEMENT_3D ( 'NONE', #11526, #6154, #781 ) ;
#7206 = CARTESIAN_POINT ( 'NONE',  ( 0.0000000000000000000, 0.0000000000000000000, 0.0000000000000000000 ) ) ;
#7207 = CARTESIAN_POINT ( 'NONE',  ( 0.8000000000000000400, -0.4000000000000000200, 0.1600000000000000000 ) ) ;
#7208 = CARTESIAN_POINT ( 'NONE',  ( -0.4000000000000000200, -0.1499999999999999900, 0.1799999999999999700 ) ) ;
#7209 = DIRECTION ( 'NONE',  ( 0.0000000000000000000, 0.0000000000000000000, 1.000000000000000000 ) ) ;
#7210 = SURFACE_SIDE_STYLE ('',( #11496 ) ) ;
#7211 = VECTOR ( 'NONE', #6928, 1000.000000000000000 ) ;
#7212 = EDGE_LOOP ( 'NONE', ( #3873, #10877, #81, #11453 ) ) ;
#7213 = DIRECTION ( 'NONE',  ( 0.0000000000000000000, 0.0000000000000000000, 1.000000000000000000 ) ) ;
#7214 = ORIENTED_EDGE ( 'NONE', *, *, #11630, .T. ) ;
#7215 = ORIENTED_EDGE ( 'NONE', *, *, #8249, .F. ) ;
#7216 = DIRECTION ( 'NONE',  ( -1.000000000000000000, 0.0000000000000000000, 0.0000000000000000000 ) ) ;
#7217 = PRESENTATION_STYLE_ASSIGNMENT (( #4343 ) ) ;
#7218 = ORIENTED_EDGE ( 'NONE', *, *, #4615, .T. ) ;
#7219 = CARTESIAN_POINT ( 'NONE',  ( 1.587247410737570000, 2.018411542326989900, 0.1000000000000000100 ) ) ;
#7220 = LINE ( 'NONE', #2872, #4865 ) ;
#7221 = ORIENTED_EDGE ( 'NONE', *, *, #1194, .T. ) ;
#7222 = DIRECTION ( 'NONE',  ( 0.0000000000000000000, -1.000000000000000000, 0.0000000000000000000 ) ) ;
#7223 = VECTOR ( 'NONE', #6601, 1000.000000000000000 ) ;
#7224 = SURFACE_SIDE_STYLE ('',( #635 ) ) ;
#7225 = AXIS2_PLACEMENT_3D ( 'NONE', #4419, #10674, #5340 ) ;
#7226 =( NAMED_UNIT ( * ) SI_UNIT ( $, .STERADIAN. ) SOLID_ANGLE_UNIT ( ) );
#7227 = CLOSED_SHELL ( 'NONE', ( #610, #8957, #8571, #10253, #5168, #7827, #7879, #1478, #11227, #6243, #6072, #5029, #6633, #5350, #3032, #6751, #9842, #6692, #5159, #854, #729, #4396 ) ) ;
#7228 = CARTESIAN_POINT ( 'NONE',  ( 1.600759566099034100, 2.017560650931434100, 0.0000000000000000000 ) ) ;
#7229 = EDGE_LOOP ( 'NONE', ( #2544, #5684, #104, #1131, #1918, #5715, #6581, #92 ) ) ;
#7230 = DIRECTION ( 'NONE',  ( -0.0000000000000000000, -0.0000000000000000000, -1.000000000000000000 ) ) ;
#7231 = VERTEX_POINT ( 'NONE', #3808 ) ;
#7232 = ORIENTED_EDGE ( 'NONE', *, *, #5423, .T. ) ;
#7233 = ORIENTED_EDGE ( 'NONE', *, *, #1823, .F. ) ;
#7234 = LINE ( 'NONE', #604, #4881 ) ;
#7235 = SURFACE_SIDE_STYLE ('',( #1630 ) ) ;
#7236 = SURFACE_SIDE_STYLE ('',( #5728 ) ) ;
#7237 = DIRECTION ( 'NONE',  ( -0.0000000000000000000, 1.000000000000000000, -0.0000000000000000000 ) ) ;
#7238 = DIRECTION ( 'NONE',  ( 1.000000000000000000, 0.0000000000000000000, 0.0000000000000000000 ) ) ;
#7239 = DIRECTION ( 'NONE',  ( -0.0000000000000000000, -0.0000000000000000000, -1.000000000000000000 ) ) ;
#7240 = EDGE_CURVE ( 'NONE', #11356, #1631, #2008, .T. ) ;
#7241 = PRESENTATION_STYLE_ASSIGNMENT (( #5242 ) ) ;
#7242 =( LENGTH_UNIT ( ) NAMED_UNIT ( * ) SI_UNIT ( .MILLI., .METRE. ) );
#7243 = ORIENTED_EDGE ( 'NONE', *, *, #9902, .F. ) ;
#7244 =( GEOMETRIC_REPRESENTATION_CONTEXT ( 3 ) GLOBAL_UNCERTAINTY_ASSIGNED_CONTEXT ( ( #1516 ) ) GLOBAL_UNIT_ASSIGNED_CONTEXT ( ( #6163, #798, #7038 ) ) REPRESENTATION_CONTEXT ( 'NONE', 'WORKASPACE' ) );
#7245 = CARTESIAN_POINT ( 'NONE',  ( 0.07619999999999997600, -0.1270000000000000000, 0.002000000000000000900 ) ) ;
#7246 = LINE ( 'NONE', #6332, #9354 ) ;
#7247 = DIRECTION ( 'NONE',  ( 0.6010407640085732000, 0.5645794895318061400, 0.5656854249492344600 ) ) ;
#7248 = DIRECTION ( 'NONE',  ( -1.000000000000000000, 0.0000000000000000000, 0.0000000000000000000 ) ) ;
#7249 = SURFACE_STYLE_FILL_AREA ( #5236 ) ;
#7250 = UNCERTAINTY_MEASURE_WITH_UNIT (LENGTH_MEASURE( 1.000000000000000100E-005 ), #5101, 'distance_accuracy_value', 'NONE');
#7251 = CARTESIAN_POINT ( 'NONE',  ( -0.5066666666666673800, -0.1419441726459666800, 0.1800000000000000500 ) ) ;
#7252 = EDGE_CURVE ( 'NONE', #3033, #1585, #6752, .T. ) ;
#7253 = COLOUR_RGB ( '',0.8627450980392157300, 0.6274509803921568500, 0.05882352941176470500 ) ;
#7254 = MECHANICAL_DESIGN_GEOMETRIC_PRESENTATION_REPRESENTATION (  '', ( #4292 ), #7863 ) ;
#7255 = EDGE_CURVE ( 'NONE', #6041, #1468, #11210, .T. ) ;
#7256 = DIRECTION ( 'NONE',  ( 0.0000000000000000000, 0.0000000000000000000, 1.000000000000000000 ) ) ;
#7257 =( GEOMETRIC_REPRESENTATION_CONTEXT ( 3 ) GLOBAL_UNCERTAINTY_ASSIGNED_CONTEXT ( ( #4853 ) ) GLOBAL_UNIT_ASSIGNED_CONTEXT ( ( #4994, #11241, #5887 ) ) REPRESENTATION_CONTEXT ( 'NONE', 'WORKASPACE' ) );
#7258 = VECTOR ( 'NONE', #734, 1000.000000000000000 ) ;
#7259 = DIRECTION ( 'NONE',  ( -0.0000000000000000000, 1.000000000000000000, 0.0000000000000000000 ) ) ;
#7260 = ORIENTED_EDGE ( 'NONE', *, *, #10599, .T. ) ;
#7261 = CARTESIAN_POINT ( 'NONE',  ( -0.7994240845272080300, 0.1595870722175834800, 0.005240933610754018200 ) ) ;
#7262 = CARTESIAN_POINT ( 'NONE',  ( -0.4745170327464609000, 0.3245170327464608800, 0.6331590247227181200 ) ) ;
#7263 = LINE ( 'NONE', #11130, #413 ) ;
#7264 = SURFACE_STYLE_USAGE ( .BOTH. , #1033 ) ;
#7265 =( BOUNDED_SURFACE ( )  B_SPLINE_SURFACE ( 3, 3, ( 
 ( #11601, #3615, #9872, #4522 ),
 ( #10767, #5425, #33, #6292 ),
 ( #940, #7164, #1844, #8091 ),
 ( #2743, #8989, #3661, #9916 ) ),
 .UNSPECIFIED., .F., .F., .F. ) 
 B_SPLINE_SURFACE_WITH_KNOTS ( ( 4, 4 ),
 ( 4, 4 ),
 ( 0.0000000000000000000, 1.000000000000000000 ),
 ( 0.0000000000000000000, 1.000000000000000000 ),
 .UNSPECIFIED. ) 
 GEOMETRIC_REPRESENTATION_ITEM ( )  RATIONAL_B_SPLINE_SURFACE ( (
 ( 1.000000000000000000, 0.8192459912371082800, 0.8192459912371082800, 1.000000000000000000),
 ( 0.8047378541243670500, 0.6592782609881405700, 0.6592782609881405700, 0.8047378541243670500),
 ( 0.8047378541243670500, 0.6592782609881405700, 0.6592782609881405700, 0.8047378541243670500),
 ( 1.000000000000000000, 0.8192459912371082800, 0.8192459912371082800, 1.000000000000000000) ) ) 
 REPRESENTATION_ITEM ( '' )  SURFACE ( )  );
#7266 = FILL_AREA_STYLE_COLOUR ( '', #11056 ) ;
#7267 = PLANE ( 'NONE',  #806 ) ;
#7268 = CIRCLE ( 'NONE', #2082, 0.009999999999999998500 ) ;
#7269 = CARTESIAN_POINT ( 'NONE',  ( -0.6500000000000001300, 0.0000000000000000000, 0.1799999999999999900 ) ) ;
#7270 = ORIENTED_EDGE ( 'NONE', *, *, #2244, .T. ) ;
#7271 = ORIENTED_EDGE ( 'NONE', *, *, #618, .T. ) ;
#7272 = FILL_AREA_STYLE ('',( #8261 ) ) ;
#7273 =( GEOMETRIC_REPRESENTATION_CONTEXT ( 3 ) GLOBAL_UNCERTAINTY_ASSIGNED_CONTEXT ( ( #5772 ) ) GLOBAL_UNIT_ASSIGNED_CONTEXT ( ( #471, #4875, #1320 ) ) REPRESENTATION_CONTEXT ( 'NONE', 'WORKASPACE' ) );
#7274 = FILL_AREA_STYLE_COLOUR ( '', #4743 ) ;
#7275 = EDGE_CURVE ( 'NONE', #11215, #9346, #6485, .T. ) ;
#7276 = MECHANICAL_DESIGN_GEOMETRIC_PRESENTATION_REPRESENTATION (  '', ( #6100 ), #7885 ) ;
#7277 = PRESENTATION_LAYER_ASSIGNMENT (  '', '', ( #6669 ) ) ;
#7278 = CARTESIAN_POINT ( 'NONE',  ( -0.4000000000000000200, -0.3900000000000000700, 0.1700000000000000100 ) ) ;
#7279 = CARTESIAN_POINT ( 'NONE',  ( 1.605856330198040000, 2.000366784701750300, 0.0000000000000000000 ) ) ;
#7280 = MECHANICAL_DESIGN_GEOMETRIC_PRESENTATION_REPRESENTATION (  '', ( #4320 ), #7889 ) ;
#7281 = DIRECTION ( 'NONE',  ( -1.000000000000000000, -0.0000000000000000000, -0.0000000000000000000 ) ) ;
#7282 = VERTEX_POINT ( 'NONE', #231 ) ;
#7283 = ORIENTED_EDGE ( 'NONE', *, *, #6880, .T. ) ;
#7284 = CARTESIAN_POINT ( 'NONE',  ( 0.4480549931478379800, 0.1846686302124999900, 0.6500000000000000200 ) ) ;
#7285 = DIRECTION ( 'NONE',  ( 0.0000000000000000000, -1.000000000000000000, 0.0000000000000000000 ) ) ;
#7286 = FILL_AREA_STYLE_COLOUR ( '', #6094 ) ;
#7287 = CARTESIAN_POINT ( 'NONE',  ( -0.4000000000000000800, -0.1749999999999999900, 0.1499999999999999900 ) ) ;
#7288 = SURFACE_STYLE_USAGE ( .BOTH. , #1058 ) ;
#7289 = STYLED_ITEM ( 'NONE', ( #8584 ), #6995 ) ;
#7290 = VERTEX_POINT ( 'NONE', #10113 ) ;
#7291 = DIRECTION ( 'NONE',  ( -0.0000000000000000000, 1.000000000000000000, 0.0000000000000000000 ) ) ;
#7292 = DIRECTION ( 'NONE',  ( 0.0000000000000000000, 0.0000000000000000000, 1.000000000000000000 ) ) ;
#7293 = AXIS2_PLACEMENT_3D ( 'NONE', #4513, #10758, #5416 ) ;
#7294 = CARTESIAN_POINT ( 'NONE',  ( 1.582958918189149900, 1.979474752204710300, 0.0000000000000000000 ) ) ;
#7295 = FILL_AREA_STYLE ('',( #6381 ) ) ;
#7296 = CARTESIAN_POINT ( 'NONE',  ( 1.558006294300130000, 2.022050005444920200, 0.1000000000000000100 ) ) ;
#7297 = VERTEX_POINT ( 'NONE', #7414 ) ;
#7298 = CARTESIAN_POINT ( 'NONE',  ( 0.5144424673475157500, -0.2693041568910423100, 0.6345954656313990100 ) ) ;
#7299 = CARTESIAN_POINT ( 'NONE',  ( -0.1991441109234209900, -0.1499999999999999900, 0.1799999999999999700 ) ) ;
#7300 = CARTESIAN_POINT ( 'NONE',  ( 0.1270000000000000000, 0.0000000000000000000, 0.0000000000000000000 ) ) ;
#7301 = CYLINDRICAL_SURFACE ( 'NONE', #10690, 0.01000000000000000000 ) ;
#7302 = FACE_OUTER_BOUND ( 'NONE', #66, .T. ) ;
#7303 = CYLINDRICAL_SURFACE ( 'NONE', #6668, 0.01000000000000000200 ) ;
#7304 = FILL_AREA_STYLE_COLOUR ( '', #6958 ) ;
#7305 = LINE ( 'NONE', #740, #4950 ) ;
#7306 = STYLED_ITEM ( 'NONE', ( #88 ), #11178 ) ;
#7307 = CARTESIAN_POINT ( 'NONE',  ( 1.475946328112510300, 2.022050005444920200, 0.0000000000000000000 ) ) ;
#7308 = PRESENTATION_LAYER_ASSIGNMENT (  '', '', ( #6143 ) ) ;
#7309 = ORIENTED_EDGE ( 'NONE', *, *, #4182, .T. ) ;
#7310 = SURFACE_STYLE_FILL_AREA ( #3160 ) ;
#7311 =( NAMED_UNIT ( * ) SI_UNIT ( $, .STERADIAN. ) SOLID_ANGLE_UNIT ( ) );
#7312 = COLOUR_RGB ( '',0.8627450980392157300, 0.6274509803921568500, 0.05882352941176470500 ) ;
#7313 = ORIENTED_EDGE ( 'NONE', *, *, #7692, .F. ) ;
#7314 = LINE ( 'NONE', #6638, #4960 ) ;
#7315 = SURFACE_STYLE_FILL_AREA ( #63 ) ;
#7316 = EDGE_CURVE ( 'NONE', #638, #4991, #4111, .T. ) ;
#7317 = FILL_AREA_STYLE_COLOUR ( '', #9812 ) ;
#7318 = DIRECTION ( 'NONE',  ( 0.0000000000000000000, 0.0000000000000000000, 1.000000000000000000 ) ) ;
#7319 = SURFACE_STYLE_USAGE ( .BOTH. , #1100 ) ;
#7320 = ORIENTED_EDGE ( 'NONE', *, *, #8018, .F. ) ;
#7321 = FACE_OUTER_BOUND ( 'NONE', #9317, .T. ) ;
#7322 =( BOUNDED_SURFACE ( )  B_SPLINE_SURFACE ( 3, 3, ( 
 ( #1061, #623, #545, #390 ),
 ( #344, #310, #273, #221 ),
 ( #203, #166, #120, #72 ),
 ( #40, #2149, #4937, #312 ) ),
 .UNSPECIFIED., .F., .F., .F. ) 
 B_SPLINE_SURFACE_WITH_KNOTS ( ( 4, 4 ),
 ( 4, 4 ),
 ( 0.0000000000000000000, 1.000000000000000000 ),
 ( 0.0000000000000000000, 1.000000000000000000 ),
 .UNSPECIFIED. ) 
 GEOMETRIC_REPRESENTATION_ITEM ( )  RATIONAL_B_SPLINE_SURFACE ( (
 ( 1.000000000000000000, 0.3333333333333291000, 0.3333333333333291000, 1.000000000000000000),
 ( 0.9289825745457278600, 0.3096608581819053600, 0.3096608581819053600, 0.9289825745457278600),
 ( 0.9289825745457278600, 0.3096608581819053600, 0.3096608581819053600, 0.9289825745457278600),
 ( 1.000000000000000000, 0.3333333333333291000, 0.3333333333333291000, 1.000000000000000000) ) ) 
 REPRESENTATION_ITEM ( '' )  SURFACE ( )  );
#7323 = LINE ( 'NONE', #9717, #206 ) ;
#7324 = CARTESIAN_POINT ( 'NONE',  ( 0.4000000000000000200, 0.3499999999999999800, 0.02000000000000000000 ) ) ;
#7325 = COLOUR_RGB ( '',0.0000000000000000000, 0.7019607843137254400, 0.9803921568627450600 ) ;
#7326 = CARTESIAN_POINT ( 'NONE',  ( 0.7899999999999999200, 0.3817157287525380600, 0.1800000000000000200 ) ) ;
#7327 = SURFACE_SIDE_STYLE ('',( #3107 ) ) ;
#7328 = CYLINDRICAL_SURFACE ( 'NONE', #4221, 0.05080000000000000500 ) ;
#7329 = CARTESIAN_POINT ( 'NONE',  ( -0.4000000000000000200, 0.1499999999999999900, 0.0000000000000000000 ) ) ;
#7330 = ORIENTED_EDGE ( 'NONE', *, *, #8446, .T. ) ;
#7331 = PRESENTATION_STYLE_ASSIGNMENT (( #10445 ) ) ;
#7332 = MECHANICAL_DESIGN_GEOMETRIC_PRESENTATION_REPRESENTATION (  '', ( #6167 ), #7963 ) ;
#7333 = FILL_AREA_STYLE ('',( #5521 ) ) ;
#7334 = EDGE_CURVE ( 'NONE', #2203, #3897, #11251, .T. ) ;
#7335 = PLANE ( 'NONE',  #2265 ) ;
#7336 = VECTOR ( 'NONE', #11543, 1000.000000000000000 ) ;
#7337 = AXIS2_PLACEMENT_3D ( 'NONE', #9004, #2761, #8144 ) ;
#7338 = CARTESIAN_POINT ( 'NONE',  ( 1.558006294300130000, 1.980050006160170200, 0.0000000000000000000 ) ) ;
#7339 =( LENGTH_UNIT ( ) NAMED_UNIT ( * ) SI_UNIT ( .MILLI., .METRE. ) );
#7340 =( BOUNDED_SURFACE ( )  B_SPLINE_SURFACE ( 3, 3, ( 
 ( #2747, #6517, #1159, #7409 ),
 ( #2062, #8310, #2975, #9217 ),
 ( #3879, #10143, #4777, #11033 ),
 ( #5681, #299, #6553, #1192 ) ),
 .UNSPECIFIED., .F., .F., .F. ) 
 B_SPLINE_SURFACE_WITH_KNOTS ( ( 4, 4 ),
 ( 4, 4 ),
 ( 0.0000000000000000000, 1.000000000000000000 ),
 ( 0.0000000000000000000, 1.000000000000000000 ),
 .UNSPECIFIED. ) 
 GEOMETRIC_REPRESENTATION_ITEM ( )  RATIONAL_B_SPLINE_SURFACE ( (
 ( 1.000000000000000000, 0.3333333333333345900, 0.3333333333333345900, 1.000000000000000000),
 ( 0.9299384305661938500, 0.3099794768553991200, 0.3099794768553991200, 0.9299384305661938500),
 ( 0.9299384305661938500, 0.3099794768553991200, 0.3099794768553991200, 0.9299384305661938500),
 ( 1.000000000000000000, 0.3333333333333345900, 0.3333333333333345900, 1.000000000000000000) ) ) 
 REPRESENTATION_ITEM ( '' )  SURFACE ( )  );
#7341 = FACE_OUTER_BOUND ( 'NONE', #9119, .T. ) ;
#7342 = ORIENTED_EDGE ( 'NONE', *, *, #8099, .F. ) ;
#7343 = CARTESIAN_POINT ( 'NONE',  ( 0.7900000000000001500, -0.1596871942267131000, 0.1700000000000000100 ) ) ;
#7344 = PLANE ( 'NONE',  #7674 ) ;
#7345 = COLOUR_RGB ( '',0.0000000000000000000, 0.3725490196078431500, 0.5490196078431373000 ) ;
#7346 = ORIENTED_EDGE ( 'NONE', *, *, #9516, .T. ) ;
#7347 = FILL_AREA_STYLE_COLOUR ( '', #1314 ) ;
#7348 = ORIENTED_EDGE ( 'NONE', *, *, #886, .T. ) ;
#7349 = VECTOR ( 'NONE', #9091, 1000.000000000000000 ) ;
#7350 = CARTESIAN_POINT ( 'NONE',  ( 0.1270000000000000000, -0.07619999999999999000, 0.0000000000000000000 ) ) ;
#7351 = CARTESIAN_POINT ( 'NONE',  ( 1.558006294300130000, 2.022050005444920200, 0.0000000000000000000 ) ) ;
#7352 = ORIENTED_EDGE ( 'NONE', *, *, #6527, .F. ) ;
#7353 = VECTOR ( 'NONE', #559, 1000.000000000000000 ) ;
#7354 = VECTOR ( 'NONE', #5981, 1000.000000000000000 ) ;
#7355 = LINE ( 'NONE', #2495, #9779 ) ;
#7356 = VECTOR ( 'NONE', #6076, 1000.000000000000000 ) ;
#7357 = SURFACE_SIDE_STYLE ('',( #11405 ) ) ;
#7358 = PRESENTATION_LAYER_ASSIGNMENT (  '', '', ( #6182 ) ) ;
#7359 = CARTESIAN_POINT ( 'NONE',  ( -0.7700000000000000200, 0.3900000000000000100, 0.1800000000000000200 ) ) ;
#7360 = AXIS2_PLACEMENT_3D ( 'NONE', #4412, #10659, #5325 ) ;
#7361 = EDGE_LOOP ( 'NONE', ( #8729, #5149, #2044, #10533, #5953 ) ) ;
#7362 = VERTEX_POINT ( 'NONE', #8311 ) ;
#7363 = ORIENTED_EDGE ( 'NONE', *, *, #11481, .T. ) ;
#7364 =( GEOMETRIC_REPRESENTATION_CONTEXT ( 3 ) GLOBAL_UNCERTAINTY_ASSIGNED_CONTEXT ( ( #525 ) ) GLOBAL_UNIT_ASSIGNED_CONTEXT ( ( #1981, #8244, #2898 ) ) REPRESENTATION_CONTEXT ( 'NONE', 'WORKASPACE' ) );
#7365 = DIRECTION ( 'NONE',  ( -0.0000000000000000000, 0.0000000000000000000, -1.000000000000000000 ) ) ;
#7366 = DIRECTION ( 'NONE',  ( 0.0000000000000000000, -0.0000000000000000000, 1.000000000000000000 ) ) ;
#7367 = ORIENTED_EDGE ( 'NONE', *, *, #10903, .F. ) ;
#7368 = LINE ( 'NONE', #10682, #2344 ) ;
#7369 = VECTOR ( 'NONE', #1076, 1000.000000000000000 ) ;
#7370 = ORIENTED_EDGE ( 'NONE', *, *, #8364, .F. ) ;
#7371 = DIRECTION ( 'NONE',  ( 0.0000000000000000000, 1.000000000000000000, 0.0000000000000000000 ) ) ;
#7372 = DIRECTION ( 'NONE',  ( 1.000000000000000000, -0.0000000000000000000, 0.0000000000000000000 ) ) ;
#7373 = CARTESIAN_POINT ( 'NONE',  ( -0.7900000000000000400, 0.1596871942267129900, 0.1700000000000000100 ) ) ;
#7374 = SURFACE_STYLE_FILL_AREA ( #9473 ) ;
#7375 = SURFACE_STYLE_USAGE ( .BOTH. , #7327 ) ;
#7376 = ORIENTED_EDGE ( 'NONE', *, *, #1062, .T. ) ;
#7377 = PRESENTATION_STYLE_ASSIGNMENT (( #7587 ) ) ;
#7378 = FILL_AREA_STYLE_COLOUR ( '', #3458 ) ;
#7379 = EDGE_CURVE ( 'NONE', #2297, #11132, #8573, .T. ) ;
#7380 = CARTESIAN_POINT ( 'NONE',  ( 1.573667184064460000, 1.985192742244400200, 0.1000000000000000100 ) ) ;
#7382 = SURFACE_SIDE_STYLE ('',( #3843 ) ) ;
#7381 = PRESENTATION_LAYER_ASSIGNMENT (  '', '', ( #6201 ) ) ;
#7383 = VECTOR ( 'NONE', #7365, 1000.000000000000000 ) ;
#7384 = EDGE_LOOP ( 'NONE', ( #951, #11527, #10053, #2188 ) ) ;
#7385 = SURFACE_STYLE_FILL_AREA ( #1026 ) ;
#7386 = CARTESIAN_POINT ( 'NONE',  ( -0.07619999999999999000, -0.1270000000000000000, 0.0000000000000000000 ) ) ;
#7387 = VERTEX_POINT ( 'NONE', #4779 ) ;
#7388 = FACE_OUTER_BOUND ( 'NONE', #7167, .T. ) ;
#7389 = CARTESIAN_POINT ( 'NONE',  ( -0.5174060846898270700, -0.1367473619437054600, 0.1799999999999999400 ) ) ;
#7390 = DIRECTION ( 'NONE',  ( 0.0000000000000000000, -1.000000000000000000, -0.0000000000000000000 ) ) ;
#7391 = EDGE_CURVE ( 'NONE', #4623, #4959, #10977, .T. ) ;
#7392 = DIRECTION ( 'NONE',  ( 0.0000000000000000000, 0.0000000000000000000, -1.000000000000000000 ) ) ;
#7393 = AXIS2_PLACEMENT_3D ( 'NONE', #4715, #4358, #4782 ) ;
#7394 = SURFACE_SIDE_STYLE ('',( #1286 ) ) ;
#7395 = PRESENTATION_STYLE_ASSIGNMENT (( #7854 ) ) ;
#7396 = UNCERTAINTY_MEASURE_WITH_UNIT (LENGTH_MEASURE( 1.000000000000000100E-005 ), #3913, 'distance_accuracy_value', 'NONE');
#7397 =( GEOMETRIC_REPRESENTATION_CONTEXT ( 3 ) GLOBAL_UNCERTAINTY_ASSIGNED_CONTEXT ( ( #8133 ) ) GLOBAL_UNIT_ASSIGNED_CONTEXT ( ( #2098, #8366, #3025 ) ) REPRESENTATION_CONTEXT ( 'NONE', 'WORKASPACE' ) );
#7398 = PRESENTATION_STYLE_ASSIGNMENT (( #3514 ) ) ;
#7399 = DIRECTION ( 'NONE',  ( 0.6010407640085626600, 0.5645794895318118100, -0.5656854249492397900 ) ) ;
#7400 = STYLED_ITEM ( 'NONE', ( #9583 ), #11427 ) ;
#7401 = B_SPLINE_SURFACE_WITH_KNOTS ( 'NONE', 2, 1, ( 
 ( #6124, #797 ),
 ( #7035, #1696 ),
 ( #7955, #2606 ),
 ( #8859, #3524 ) ),
 .UNSPECIFIED., .F., .F., .F.,
 ( 3, 1, 3 ),
 ( 2, 2 ),
 ( 0.0000000000000000000, 1.000000000000000000, 2.000000000000000000 ),
 ( 0.0000000000000000000, 0.01000000000000000000 ),
 .UNSPECIFIED. ) ;
#7402 = FILL_AREA_STYLE_COLOUR ( '', #6490 ) ;
#7403 = DIRECTION ( 'NONE',  ( 1.000000000000000000, 0.0000000000000000000, 0.0000000000000000000 ) ) ;
#7404 = ORIENTED_EDGE ( 'NONE', *, *, #7391, .T. ) ;
#7405 = ADVANCED_FACE ( 'NONE', ( #3847 ), #3016, .T. ) ;
#7406 = LINE ( 'NONE', #5611, #280 ) ;
#7407 = CARTESIAN_POINT ( 'NONE',  ( 0.7900000000000000400, 0.0000000000000000000, 0.0000000000000000000 ) ) ;
#7408 = EDGE_CURVE ( 'NONE', #4991, #3453, #2730, .T. ) ;
#7409 = CARTESIAN_POINT ( 'NONE',  ( 0.4745170327464609000, -0.3245170327464609900, 0.6331590247227179000 ) ) ;
#7410 = EDGE_CURVE ( 'NONE', #6422, #521, #5110, .T. ) ;
#7411 = MECHANICAL_DESIGN_GEOMETRIC_PRESENTATION_REPRESENTATION (  '', ( #5644 ), #8022 ) ;
#7412 = EDGE_CURVE ( 'NONE', #4333, #10252, #323, .T. ) ;
#7413 = UNCERTAINTY_MEASURE_WITH_UNIT (LENGTH_MEASURE( 1.000000000000000100E-005 ), #127, 'distance_accuracy_value', 'NONE');
#7414 = CARTESIAN_POINT ( 'NONE',  ( -0.4000000000000000200, -0.1850000000000000000, 0.02000000000000000000 ) ) ;
#7415 = AXIS2_PLACEMENT_3D ( 'NONE', #6334, #987, #7209 ) ;
#7416 = PRESENTATION_LAYER_ASSIGNMENT (  '', '', ( #8026 ) ) ;
#7417 = ORIENTED_EDGE ( 'NONE', *, *, #76, .F. ) ;
#7418 = FILL_AREA_STYLE_COLOUR ( '', #1448 ) ;
#7419 = ORIENTED_EDGE ( 'NONE', *, *, #8518, .F. ) ;
#7420 = DIRECTION ( 'NONE',  ( 0.0000000000000000000, 0.0000000000000000000, -1.000000000000000000 ) ) ;
#7421 = CARTESIAN_POINT ( 'NONE',  ( -0.4000000000000000200, 0.3499999999999999800, 0.0000000000000000000 ) ) ;
#7422 = VERTEX_POINT ( 'NONE', #11258 ) ;
#7423 = CARTESIAN_POINT ( 'NONE',  ( -0.8000000000000000400, 0.1749999999999999900, 0.0000000000000000000 ) ) ;
#7424 = EDGE_CURVE ( 'NONE', #8501, #2496, #9571, .T. ) ;
#7425 = VERTEX_POINT ( 'NONE', #1421 ) ;
#7426 =( GEOMETRIC_REPRESENTATION_CONTEXT ( 3 ) GLOBAL_UNCERTAINTY_ASSIGNED_CONTEXT ( ( #5994 ) ) GLOBAL_UNIT_ASSIGNED_CONTEXT ( ( #5206, #11458, #6082 ) ) REPRESENTATION_CONTEXT ( 'NONE', 'WORKASPACE' ) );
#7427 =( GEOMETRIC_REPRESENTATION_CONTEXT ( 3 ) GLOBAL_UNCERTAINTY_ASSIGNED_CONTEXT ( ( #3920 ) ) GLOBAL_UNIT_ASSIGNED_CONTEXT ( ( #5936, #575, #6830 ) ) REPRESENTATION_CONTEXT ( 'NONE', 'WORKASPACE' ) );
#7428 = CARTESIAN_POINT ( 'NONE',  ( -0.5500000000000002700, -0.3503726924179341200, 0.1799999999999999900 ) ) ;
#7429 =( LENGTH_UNIT ( ) NAMED_UNIT ( * ) SI_UNIT ( .MILLI., .METRE. ) );
#7430 = CIRCLE ( 'NONE', #4201, 0.01000000000000000400 ) ;
#7431 = CARTESIAN_POINT ( 'NONE',  ( -0.4000000000000000800, -0.1850000000000000000, 0.1599999999999999800 ) ) ;
#7432 = DIRECTION ( 'NONE',  ( -0.0000000000000000000, -1.000000000000000000, 0.0000000000000000000 ) ) ;
#7433 = SURFACE_SIDE_STYLE ('',( #9361 ) ) ;
#7434 = ORIENTED_EDGE ( 'NONE', *, *, #8691, .F. ) ;
#7435 = CARTESIAN_POINT ( 'NONE',  ( 0.7955363292937875900, -0.1591337124127563700, 0.1812429199179753400 ) ) ;
#7436 = COLOUR_RGB ( '',1.000000000000000000, 0.9921568627450980700, 0.9411764705882352800 ) ;
#7437 = SURFACE_STYLE_USAGE ( .BOTH. , #1185 ) ;
#7438 = PLANE ( 'NONE',  #11573 ) ;
#7439 = SURFACE_STYLE_USAGE ( .BOTH. , #1187 ) ;
#7440 = PRESENTATION_STYLE_ASSIGNMENT (( #8962 ) ) ;
#7441 = MECHANICAL_DESIGN_GEOMETRIC_PRESENTATION_REPRESENTATION (  '', ( #5680 ), #8066 ) ;
#7442 = EDGE_LOOP ( 'NONE', ( #1500, #6053, #7506, #3709 ) ) ;
#7443 = SURFACE_STYLE_FILL_AREA ( #8732 ) ;
#7444 =( NAMED_UNIT ( * ) PLANE_ANGLE_UNIT ( ) SI_UNIT ( $, .RADIAN. ) );
#7445 = LINE ( 'NONE', #3889, #2727 ) ;
#7446 = VERTEX_POINT ( 'NONE', #2296 ) ;
#7447 = DIRECTION ( 'NONE',  ( -0.0000000000000000000, 1.000000000000000000, 0.0000000000000000000 ) ) ;
#7448 = VECTOR ( 'NONE', #4099, 1000.000000000000000 ) ;
#7449 = SURFACE_STYLE_USAGE ( .BOTH. , #1199 ) ;
#7450 = CARTESIAN_POINT ( 'NONE',  ( 0.4480549931478379800, 0.2980549931478380100, 0.5999999999999999800 ) ) ;
#7451 = DIRECTION ( 'NONE',  ( -0.0000000000000000000, 0.0000000000000000000, 1.000000000000000000 ) ) ;
#7452 = SURFACE_STYLE_FILL_AREA ( #4612 ) ;
#7453 = EDGE_CURVE ( 'NONE', #8580, #5012, #9879, .T. ) ;
#7454 = CARTESIAN_POINT ( 'NONE',  ( 0.5066666666666673800, 0.1419441726459668700, 0.0000000000000000000 ) ) ;
#7455 = PRESENTATION_LAYER_ASSIGNMENT (  '', '', ( #6286 ) ) ;
#7456 = ORIENTED_EDGE ( 'NONE', *, *, #9236, .T. ) ;
#7457 = EDGE_LOOP ( 'NONE', ( #6043, #8328, #10212, #1563, #6951, #3132, #6847, #7434 ) ) ;
#7458 = LINE ( 'NONE', #2231, #4829 ) ;
#7459 =( NAMED_UNIT ( * ) PLANE_ANGLE_UNIT ( ) SI_UNIT ( $, .RADIAN. ) );
#7460 = STYLED_ITEM ( 'NONE', ( #2005 ), #8355 ) ;
#7461 = ADVANCED_FACE ( 'NONE', ( #4820 ), #8426, .F. ) ;
#7462 = DIRECTION ( 'NONE',  ( -0.1209742911513550100, -0.1209742911513550100, -0.9852565360152930600 ) ) ;
#7463 = CARTESIAN_POINT ( 'NONE',  ( -0.8000000000000000400, 0.1850000000000000000, 0.1499999999999999900 ) ) ;
#7464 = COLOUR_RGB ( '',0.0000000000000000000, 0.3725490196078431500, 0.5490196078431373000 ) ;
#7465 = DIRECTION ( 'NONE',  ( 0.0000000000000000000, 0.0000000000000000000, 1.000000000000000000 ) ) ;
#7466 = CARTESIAN_POINT ( 'NONE',  ( 1.507599488027270100, 2.014051626326669900, 0.1000000000000000100 ) ) ;
#7467 = VECTOR ( 'NONE', #8551, 1000.000000000000000 ) ;
#7468 = ORIENTED_EDGE ( 'NONE', *, *, #10187, .F. ) ;
#7469 = VECTOR ( 'NONE', #1671, 1000.000000000000000 ) ;
#7470 = PRESENTATION_STYLE_ASSIGNMENT (( #1685 ) ) ;
#7471 = UNCERTAINTY_MEASURE_WITH_UNIT (LENGTH_MEASURE( 1.000000000000000100E-005 ), #8556, 'distance_accuracy_value', 'NONE');
#7472 = EDGE_CURVE ( 'NONE', #4170, #7231, #10840, .T. ) ;
#7473 = DIRECTION ( 'NONE',  ( 1.000000000000000000, 0.0000000000000000000, 0.0000000000000000000 ) ) ;
#7474 = AXIS2_PLACEMENT_3D ( 'NONE', #6410, #6367, #6329 ) ;
#7475 = EDGE_CURVE ( 'NONE', #9622, #11397, #6354, .T. ) ;
#7476 = FILL_AREA_STYLE_COLOUR ( '', #1490 ) ;
#7477 = DIRECTION ( 'NONE',  ( 0.0000000000000000000, -0.0000000000000000000, -1.000000000000000000 ) ) ;
#7478 =( NAMED_UNIT ( * ) PLANE_ANGLE_UNIT ( ) SI_UNIT ( $, .RADIAN. ) );
#7479 =( LENGTH_UNIT ( ) NAMED_UNIT ( * ) SI_UNIT ( .MILLI., .METRE. ) );
#7480 = LINE ( 'NONE', #7307, #9905 ) ;
#7481 = VERTEX_POINT ( 'NONE', #7760 ) ;
#7482 = VERTEX_POINT ( 'NONE', #9577 ) ;
#7483 = FACE_OUTER_BOUND ( 'NONE', #5519, .T. ) ;
#7484 = FACE_OUTER_BOUND ( 'NONE', #4930, .T. ) ;
#7485 = CARTESIAN_POINT ( 'NONE',  ( 0.0000000000000000000, 0.0000000000000000000, 0.1799999999999999900 ) ) ;
#7486 = ORIENTED_EDGE ( 'NONE', *, *, #6001, .T. ) ;
#7487 = LINE ( 'NONE', #7843, #648 ) ;
#7488 = DIRECTION ( 'NONE',  ( -0.4123105625617681200, -0.3872983346207390900, -0.8246211251235322500 ) ) ;
#7489 = LINE ( 'NONE', #3529, #5155 ) ;
#7490 =( NAMED_UNIT ( * ) SI_UNIT ( $, .STERADIAN. ) SOLID_ANGLE_UNIT ( ) );
#7491 = VERTEX_POINT ( 'NONE', #3342 ) ;
#7492 = CARTESIAN_POINT ( 'NONE',  ( 1.587213375081740100, 1.979474752066250100, 0.0000000000000000000 ) ) ;
#7493 = ORIENTED_EDGE ( 'NONE', *, *, #9864, .F. ) ;
#7494 = SURFACE_SIDE_STYLE ('',( #1027 ) ) ;
#7495 = EDGE_CURVE ( 'NONE', #10542, #6770, #3979, .T. ) ;
#7496 =( NAMED_UNIT ( * ) SI_UNIT ( $, .STERADIAN. ) SOLID_ANGLE_UNIT ( ) );
#7497 = EDGE_LOOP ( 'NONE', ( #11617, #4387, #2903, #6648 ) ) ;
#7498 = AXIS2_PLACEMENT_3D ( 'NONE', #9063, #3724, #9986 ) ;
#7499 = MECHANICAL_DESIGN_GEOMETRIC_PRESENTATION_REPRESENTATION (  '', ( #6322 ), #8120 ) ;
#7500 = ORIENTED_EDGE ( 'NONE', *, *, #5198, .T. ) ;
#7501 = SURFACE_STYLE_FILL_AREA ( #10057 ) ;
#7502 = LINE ( 'NONE', #9215, #2782 ) ;
#7503 = ORIENTED_EDGE ( 'NONE', *, *, #6300, .F. ) ;
#7504 = CARTESIAN_POINT ( 'NONE',  ( -0.7700000000000000200, 0.3958578643762689600, 0.1800000000000000500 ) ) ;
#7505 = FILL_AREA_STYLE_COLOUR ( '', #3863 ) ;
#7506 = ORIENTED_EDGE ( 'NONE', *, *, #8406, .T. ) ;
#7507 = CARTESIAN_POINT ( 'NONE',  ( 1.587247410737570000, 2.018411542326989900, 0.1000000000000000100 ) ) ;
#7508 = DIRECTION ( 'NONE',  ( -0.0000000000000000000, 0.0000000000000000000, -1.000000000000000000 ) ) ;
#7509 = ORIENTED_EDGE ( 'NONE', *, *, #5871, .T. ) ;
#7510 = DIRECTION ( 'NONE',  ( 0.0000000000000000000, -1.000000000000000000, 0.0000000000000000000 ) ) ;
#7511 = ORIENTED_EDGE ( 'NONE', *, *, #3502, .F. ) ;
#7512 =( GEOMETRIC_REPRESENTATION_CONTEXT ( 3 ) GLOBAL_UNCERTAINTY_ASSIGNED_CONTEXT ( ( #1301 ) ) GLOBAL_UNIT_ASSIGNED_CONTEXT ( ( #7684, #2356, #8590 ) ) REPRESENTATION_CONTEXT ( 'NONE', 'WORKASPACE' ) );
#7513 =( BOUNDED_SURFACE ( )  B_SPLINE_SURFACE ( 3, 3, ( 
 ( #6308, #9974, #4611, #10848 ),
 ( #5517, #126, #6383, #1030 ),
 ( #7261, #1928, #8179, #2833 ),
 ( #9085, #3739, #10002, #4645 ) ),
 .UNSPECIFIED., .F., .F., .F. ) 
 B_SPLINE_SURFACE_WITH_KNOTS ( ( 4, 4 ),
 ( 4, 4 ),
 ( 0.0000000000000000000, 1.000000000000000000 ),
 ( 0.0000000000000000000, 1.000000000000000000 ),
 .UNSPECIFIED. ) 
 GEOMETRIC_REPRESENTATION_ITEM ( )  RATIONAL_B_SPLINE_SURFACE ( (
 ( 1.000000000000000000, 0.3333333333333301000, 0.3333333333333301000, 1.000000000000000000),
 ( 0.9222832275901204900, 0.3074277425300371800, 0.3074277425300371800, 0.9222832275901204900),
 ( 0.9222832275901204900, 0.3074277425300371800, 0.3074277425300371800, 0.9222832275901204900),
 ( 1.000000000000000000, 0.3333333333333301000, 0.3333333333333301000, 1.000000000000000000) ) ) 
 REPRESENTATION_ITEM ( '' )  SURFACE ( )  );
#7514 = STYLED_ITEM ( 'NONE', ( #116 ), #9796 ) ;
#7515 = PRESENTATION_STYLE_ASSIGNMENT (( #3946 ) ) ;
#7516 = DIRECTION ( 'NONE',  ( -0.1209742911513550000, 0.1209742911513550000, 0.9852565360152929500 ) ) ;
#7517 = LINE ( 'NONE', #4159, #5193 ) ;
#7518 = SURFACE_STYLE_USAGE ( .BOTH. , #1259 ) ;
#7519 = CARTESIAN_POINT ( 'NONE',  ( -0.6400000000000001200, 1.355252715606880500E-017, 0.0000000000000000000 ) ) ;
#7520 =( NAMED_UNIT ( * ) PLANE_ANGLE_UNIT ( ) SI_UNIT ( $, .RADIAN. ) );
#7521 = ORIENTED_EDGE ( 'NONE', *, *, #1957, .F. ) ;
#7522 = ADVANCED_FACE ( 'NONE', ( #1580 ), #2464, .T. ) ;
#7523 = DIRECTION ( 'NONE',  ( -0.0000000000000000000, 1.000000000000000000, 0.0000000000000000000 ) ) ;
#7524 = CARTESIAN_POINT ( 'NONE',  ( 0.7900000000000000400, -0.1596871942267129900, 0.01000000000000000000 ) ) ;
#7525 = CARTESIAN_POINT ( 'NONE',  ( 1.525298029054880100, 2.014051626326669900, 0.0000000000000000000 ) ) ;
#7526 = VECTOR ( 'NONE', #5762, 1000.000000000000000 ) ;
#7527 = FILL_AREA_STYLE_COLOUR ( '', #7464 ) ;
#7528 = SURFACE_SIDE_STYLE ('',( #5908 ) ) ;
#7530 = CARTESIAN_POINT ( 'NONE',  ( -0.7906250000000001300, -0.1497067445875434600, 0.009999999999999998500 ) ) ;
#7529 = AXIS2_PLACEMENT_3D ( 'NONE', #5673, #293, #6548 ) ;
#7531 = LINE ( 'NONE', #571, #2532 ) ;
#7532 = DIRECTION ( 'NONE',  ( 0.3301180510536038100, -0.8484716754920946800, -0.4136639798873088500 ) ) ;
#7533 = ORIENTED_EDGE ( 'NONE', *, *, #7965, .T. ) ;
#7534 = SURFACE_STYLE_USAGE ( .BOTH. , #1276 ) ;
#7535 = CARTESIAN_POINT ( 'NONE',  ( -0.4480549931478379800, -0.2980549931478380100, 0.5999999999999999800 ) ) ;
#7536 = CARTESIAN_POINT ( 'NONE',  ( -0.1991441109234209900, -0.1499999999999999900, 0.0000000000000000000 ) ) ;
#7537 = UNCERTAINTY_MEASURE_WITH_UNIT (LENGTH_MEASURE( 1.000000000000000100E-005 ), #2194, 'distance_accuracy_value', 'NONE');
#7538 = FILL_AREA_STYLE_COLOUR ( '', #4326 ) ;
#7539 = DIRECTION ( 'NONE',  ( 0.0000000000000000000, 1.000000000000000000, -0.0000000000000000000 ) ) ;
#7540 = EDGE_CURVE ( 'NONE', #4524, #2051, #2857, .T. ) ;
#7541 = CARTESIAN_POINT ( 'NONE',  ( 1.475946328112510300, 1.980050006160170200, 0.0000000000000000000 ) ) ;
#7542 = STYLED_ITEM ( 'NONE', ( #10517 ), #2435 ) ;
#7543 = CARTESIAN_POINT ( 'NONE',  ( 0.7960104076400860200, -0.1540413993313948500, 0.004343145750508032100 ) ) ;
#7544 = ORIENTED_EDGE ( 'NONE', *, *, #9948, .F. ) ;
#7545 = CARTESIAN_POINT ( 'NONE',  ( 1.571284688095939900, 2.014667620237459800, 0.1000000000000000100 ) ) ;
#7546 = ORIENTED_EDGE ( 'NONE', *, *, #10962, .F. ) ;
#7547 = STYLED_ITEM ( 'NONE', ( #9142 ), #11186 ) ;
#7548 = ORIENTED_EDGE ( 'NONE', *, *, #10490, .F. ) ;
#7549 =( NAMED_UNIT ( * ) SI_UNIT ( $, .STERADIAN. ) SOLID_ANGLE_UNIT ( ) );
#7550 = PLANE ( 'NONE',  #6700 ) ;
#7551 = UNCERTAINTY_MEASURE_WITH_UNIT (LENGTH_MEASURE( 1.000000000000000100E-005 ), #9442, 'distance_accuracy_value', 'NONE');
#7552 = FILL_AREA_STYLE_COLOUR ( '', #4912 ) ;
#7553 = CARTESIAN_POINT ( 'NONE',  ( 1.587247410737570000, 2.018411542326989900, 0.0000000000000000000 ) ) ;
#7554 = CARTESIAN_POINT ( 'NONE',  ( -0.4745170327464609500, 0.3245170327464609900, 0.6331590247227179000 ) ) ;
#7555 = DIRECTION ( 'NONE',  ( -0.4123105625617678500, -0.3872983346207441400, 0.8246211251235300300 ) ) ;
#7556 = ORIENTED_EDGE ( 'NONE', *, *, #9265, .F. ) ;
#7557 = VERTEX_POINT ( 'NONE', #10569 ) ;
#7558 = DIRECTION ( 'NONE',  ( -1.000000000000000000, 0.0000000000000000000, 0.0000000000000000000 ) ) ;
#7559 = EDGE_CURVE ( 'NONE', #6254, #5016, #7305, .T. ) ;
#7560 = EDGE_CURVE ( 'NONE', #10644, #9542, #5258, .T. ) ;
#7561 = COLOUR_RGB ( '',0.8627450980392157300, 0.6274509803921568500, 0.05882352941176470500 ) ;
#7562 = CARTESIAN_POINT ( 'NONE',  ( 1.565038991714900100, 1.974774644385469700, 0.0000000000000000000 ) ) ;
#7563 = AXIS2_PLACEMENT_3D ( 'NONE', #9617, #4266, #10523 ) ;
#7564 =( LENGTH_UNIT ( ) NAMED_UNIT ( * ) SI_UNIT ( .MILLI., .METRE. ) );
#7565 = VERTEX_POINT ( 'NONE', #6981 ) ;
#7566 = DIRECTION ( 'NONE',  ( 1.000000000000000000, 0.0000000000000000000, 0.0000000000000000000 ) ) ;
#7567 = VECTOR ( 'NONE', #4787, 1000.000000000000100 ) ;
#7568 = CARTESIAN_POINT ( 'NONE',  ( 0.7903661165235166300, 0.1538407821866691600, 6.727808267600749500E-017 ) ) ;
#7569 = CARTESIAN_POINT ( 'NONE',  ( -0.7906250000000000200, 0.1497067445875434600, 0.009999999999999998500 ) ) ;
#7570 = DIRECTION ( 'NONE',  ( -1.000000000000000000, 0.0000000000000000000, 0.0000000000000000000 ) ) ;
#7571 = CARTESIAN_POINT ( 'NONE',  ( 0.7960104076400856800, 0.1540413993313949600, 0.004343145750507656500 ) ) ;
#7572 = PRESENTATION_LAYER_ASSIGNMENT (  '', '', ( #6409 ) ) ;
#7573 = ADVANCED_FACE ( 'NONE', ( #453 ), #2550, .F. ) ;
#7574 = ADVANCED_FACE ( 'NONE', ( #1725 ), #4500, .F. ) ;
#7575 = AXIS2_PLACEMENT_3D ( 'NONE', #3300, #9549, #4195 ) ;
#7576 = ORIENTED_EDGE ( 'NONE', *, *, #10284, .F. ) ;
#7577 = DIRECTION ( 'NONE',  ( 0.0000000000000000000, -1.000000000000000000, 0.0000000000000000000 ) ) ;
#7578 = CARTESIAN_POINT ( 'NONE',  ( 0.7877028816975197900, -0.1504862962823546900, 0.006827189806825740800 ) ) ;
#7579 = VECTOR ( 'NONE', #6016, 1000.000000000000000 ) ;
#7580 = COLOUR_RGB ( '',0.7921568627450980000, 0.8196078431372548800, 0.9333333333333333500 ) ;
#7581 = ORIENTED_EDGE ( 'NONE', *, *, #1341, .F. ) ;
#7582 = CARTESIAN_POINT ( 'NONE',  ( -0.7990804081733013900, 0.1621684676773499400, 0.1733748288059405700 ) ) ;
#7583 = PLANE ( 'NONE',  #2301 ) ;
#7584 = PRESENTATION_STYLE_ASSIGNMENT (( #4085 ) ) ;
#7585 = PLANE ( 'NONE',  #7816 ) ;
#7586 = FILL_AREA_STYLE ('',( #8530 ) ) ;
#7587 = SURFACE_STYLE_USAGE ( .BOTH. , #1338 ) ;
#7588 = VECTOR ( 'NONE', #7230, 1000.000000000000000 ) ;
#7589 = ORIENTED_EDGE ( 'NONE', *, *, #3598, .T. ) ;
#7590 = LINE ( 'NONE', #5807, #7045 ) ;
#7591 =( GEOMETRIC_REPRESENTATION_CONTEXT ( 3 ) GLOBAL_UNCERTAINTY_ASSIGNED_CONTEXT ( ( #2680 ) ) GLOBAL_UNIT_ASSIGNED_CONTEXT ( ( #9977, #4622, #10852 ) ) REPRESENTATION_CONTEXT ( 'NONE', 'WORKASPACE' ) );
#7592 =( NAMED_UNIT ( * ) PLANE_ANGLE_UNIT ( ) SI_UNIT ( $, .RADIAN. ) );
#7593 = MECHANICAL_DESIGN_GEOMETRIC_PRESENTATION_REPRESENTATION (  '', ( #6427 ), #8225 ) ;
#7594 = PRESENTATION_STYLE_ASSIGNMENT (( #4098 ) ) ;
#7595 = PRESENTATION_STYLE_ASSIGNMENT (( #10068 ) ) ;
#7596 =( NAMED_UNIT ( * ) PLANE_ANGLE_UNIT ( ) SI_UNIT ( $, .RADIAN. ) );
#7597 = UNCERTAINTY_MEASURE_WITH_UNIT (LENGTH_MEASURE( 1.000000000000000100E-005 ), #2165, 'distance_accuracy_value', 'NONE');
#7598 = EDGE_LOOP ( 'NONE', ( #3275, #9769, #2354, #9702 ) ) ;
#7599 = COLOUR_RGB ( '',1.000000000000000000, 0.9921568627450980700, 0.9411764705882352800 ) ;
#7600 = SURFACE_SIDE_STYLE ('',( #2412 ) ) ;
#7601 = FILL_AREA_STYLE ('',( #2182 ) ) ;
#7602 = LINE ( 'NONE', #11634, #3159 ) ;
#7603 = EDGE_CURVE ( 'NONE', #4859, #7625, #10137, .T. ) ;
#7604 = AXIS2_PLACEMENT_3D ( 'NONE', #1418, #1456, #1548 ) ;
#7605 = DIRECTION ( 'NONE',  ( 0.0000000000000000000, 0.0000000000000000000, 1.000000000000000000 ) ) ;
#7606 = CARTESIAN_POINT ( 'NONE',  ( 0.7922123193543250100, 0.1689677469128608400, -0.006826851410475365600 ) ) ;
#7607 = AXIS2_PLACEMENT_3D ( 'NONE', #5488, #84, #6346 ) ;
#7608 = VERTEX_POINT ( 'NONE', #3510 ) ;
#7609 = CIRCLE ( 'NONE', #2811, 0.04999999999999999600 ) ;
#7611 = CYLINDRICAL_SURFACE ( 'NONE', #4255, 0.02999999999999997100 ) ;
#7610 = STYLED_ITEM ( 'NONE', ( #10307 ), #11364 ) ;
#7612 = CARTESIAN_POINT ( 'NONE',  ( 0.7700000000000000200, -0.3700000000000000000, 0.02000000000000000000 ) ) ;
#7613 = CARTESIAN_POINT ( 'NONE',  ( 0.7899999999999997000, -0.1596871942267131000, 0.01000000000000000000 ) ) ;
#7614 = ORIENTED_EDGE ( 'NONE', *, *, #3784, .T. ) ;
#7615 = CARTESIAN_POINT ( 'NONE',  ( 0.4951919147073418600, 0.3139777154520823100, 0.5950424259647378900 ) ) ;
#7616 = LINE ( 'NONE', #3604, #2900 ) ;
#7617 = ORIENTED_EDGE ( 'NONE', *, *, #3084, .T. ) ;
#7618 = VERTEX_POINT ( 'NONE', #865 ) ;
#7619 = VERTEX_POINT ( 'NONE', #6211 ) ;
#7620 = EDGE_CURVE ( 'NONE', #7076, #1707, #2987, .T. ) ;
#7621 = LINE ( 'NONE', #1936, #504 ) ;
#7622 =( GEOMETRIC_REPRESENTATION_CONTEXT ( 3 ) GLOBAL_UNCERTAINTY_ASSIGNED_CONTEXT ( ( #10601 ) ) GLOBAL_UNIT_ASSIGNED_CONTEXT ( ( #1753, #8006, #2674 ) ) REPRESENTATION_CONTEXT ( 'NONE', 'WORKASPACE' ) );
#7623 = EDGE_CURVE ( 'NONE', #4037, #6824, #3273, .T. ) ;
#7624 = CARTESIAN_POINT ( 'NONE',  ( 0.7900000000000000400, 0.3500000000000000300, 0.0000000000000000000 ) ) ;
#7625 = VERTEX_POINT ( 'NONE', #4490 ) ;
#7626 = VECTOR ( 'NONE', #2239, 1000.000000000000000 ) ;
#7627 = LINE ( 'NONE', #6026, #507 ) ;
#7628 = STYLED_ITEM ( 'NONE', ( #9316 ), #3571 ) ;
#7629 = CARTESIAN_POINT ( 'NONE',  ( 0.0000000000000000000, -0.1270000000000000000, 0.0000000000000000000 ) ) ;
#7630 = CIRCLE ( 'NONE', #4389, 0.05000000000000002400 ) ;
#7632 = CARTESIAN_POINT ( 'NONE',  ( 1.577921641042250100, 2.014054978381730100, 0.0000000000000000000 ) ) ;
#7631 = COLOUR_RGB ( '',0.0000000000000000000, 0.7019607843137254400, 0.9803921568627450600 ) ;
#7633 = ADVANCED_FACE ( 'NONE', ( #9863 ), #8272, .T. ) ;
#7634 = ADVANCED_FACE ( 'NONE', ( #4253 ), #2793, .T. ) ;
#7635 = ORIENTED_EDGE ( 'NONE', *, *, #11422, .F. ) ;
#7636 = DIRECTION ( 'NONE',  ( 0.6010407640085732000, 0.5645794895318061400, 0.5656854249492344600 ) ) ;
#7637 = VECTOR ( 'NONE', #10534, 1000.000000000000000 ) ;
#7638 = ORIENTED_EDGE ( 'NONE', *, *, #7107, .F. ) ;
#7639 = LINE ( 'NONE', #1995, #815 ) ;
#7640 = DIRECTION ( 'NONE',  ( 0.0000000000000000000, 0.0000000000000000000, -1.000000000000000000 ) ) ;
#7641 = DIRECTION ( 'NONE',  ( 0.0000000000000000000, 0.0000000000000000000, 1.000000000000000000 ) ) ;
#7642 = SURFACE_SIDE_STYLE ('',( #3955 ) ) ;
#7643 = EDGE_CURVE ( 'NONE', #4170, #5016, #1595, .T. ) ;
#7644 = PLANE ( 'NONE',  #5660 ) ;
#7645 = MECHANICAL_DESIGN_GEOMETRIC_PRESENTATION_REPRESENTATION (  '', ( #6464 ), #8265 ) ;
#7646 = PRESENTATION_LAYER_ASSIGNMENT (  '', '', ( #7059 ) ) ;
#7647 =( NAMED_UNIT ( * ) SI_UNIT ( $, .STERADIAN. ) SOLID_ANGLE_UNIT ( ) );
#7648 = CARTESIAN_POINT ( 'NONE',  ( 1.433299651367150100, 1.980050006160170200, 0.1000000000000000100 ) ) ;
#7649 =( GEOMETRIC_REPRESENTATION_CONTEXT ( 3 ) GLOBAL_UNCERTAINTY_ASSIGNED_CONTEXT ( ( #10581 ) ) GLOBAL_UNIT_ASSIGNED_CONTEXT ( ( #7975, #2631, #8886 ) ) REPRESENTATION_CONTEXT ( 'NONE', 'WORKASPACE' ) );
#7650 = LINE ( 'NONE', #8481, #10080 ) ;
#7651 = CARTESIAN_POINT ( 'NONE',  ( 0.7899999999999998100, 0.1596871942267131000, 0.01000000000000000000 ) ) ;
#7652 = VERTEX_POINT ( 'NONE', #8165 ) ;
#7653 = FILL_AREA_STYLE ('',( #6838 ) ) ;
#7654 = DIRECTION ( 'NONE',  ( 0.0000000000000000000, 0.0000000000000000000, 1.000000000000000000 ) ) ;
#7655 =( NAMED_UNIT ( * ) SI_UNIT ( $, .STERADIAN. ) SOLID_ANGLE_UNIT ( ) );
#7656 = FILL_AREA_STYLE_COLOUR ( '', #2122 ) ;
#7657 = DIRECTION ( 'NONE',  ( 0.0000000000000000000, 0.0000000000000000000, -1.000000000000000000 ) ) ;
#7658 = LINE ( 'NONE', #1933, #835 ) ;
#7659 = DIRECTION ( 'NONE',  ( -0.0000000000000000000, -0.0000000000000000000, -1.000000000000000000 ) ) ;
#7660 = VERTEX_POINT ( 'NONE', #149 ) ;
#7661 = PRESENTATION_LAYER_ASSIGNMENT (  '', '', ( #7074 ) ) ;
#7662 =( GEOMETRIC_REPRESENTATION_CONTEXT ( 3 ) GLOBAL_UNCERTAINTY_ASSIGNED_CONTEXT ( ( #2089 ) ) GLOBAL_UNIT_ASSIGNED_CONTEXT ( ( #435, #6680, #1326 ) ) REPRESENTATION_CONTEXT ( 'NONE', 'WORKASPACE' ) );
#7663 = DIRECTION ( 'NONE',  ( -1.000000000000000000, 0.0000000000000000000, -0.0000000000000000000 ) ) ;
#7664 = CARTESIAN_POINT ( 'NONE',  ( 0.4000000000000000200, -0.3499999999999999800, 0.1600000000000000000 ) ) ;
#7665 = PRESENTATION_STYLE_ASSIGNMENT (( #8840 ) ) ;
#7666 = CARTESIAN_POINT ( 'NONE',  ( 1.579657459489189900, 2.016301331666010100, 0.0000000000000000000 ) ) ;
#7667 = FILL_AREA_STYLE_COLOUR ( '', #2503 ) ;
#7668 = LINE ( 'NONE', #3465, #848 ) ;
#7669 =( LENGTH_UNIT ( ) NAMED_UNIT ( * ) SI_UNIT ( .MILLI., .METRE. ) );
#7670 = CARTESIAN_POINT ( 'NONE',  ( 0.8000000000000000400, -0.3499999999999999800, 0.1600000000000000000 ) ) ;
#7671 = PRESENTATION_STYLE_ASSIGNMENT (( #2539 ) ) ;
#7672 = EDGE_CURVE ( 'NONE', #8019, #2489, #8442, .T. ) ;
#7673 = PRESENTATION_STYLE_ASSIGNMENT (( #5308 ) ) ;
#7674 = AXIS2_PLACEMENT_3D ( 'NONE', #6353, #6316, #6282 ) ;
#7675 = EDGE_LOOP ( 'NONE', ( #4643, #5933, #2336, #6573, #11444 ) ) ;
#7676 = AXIS2_PLACEMENT_3D ( 'NONE', #10781, #5440, #45 ) ;
#7677 = APPLICATION_PROTOCOL_DEFINITION ( 'draft international standard', 'automotive_design', 1998, #1422 ) ;
#7678 = CARTESIAN_POINT ( 'NONE',  ( 0.7993186015948874300, -0.1593066545647690800, 0.1748380281824666900 ) ) ;
#7679 = UNCERTAINTY_MEASURE_WITH_UNIT (LENGTH_MEASURE( 1.000000000000000100E-005 ), #1717, 'distance_accuracy_value', 'NONE');
#7681 = CARTESIAN_POINT ( 'NONE',  ( 0.8000000000000000400, 0.1749999999999999900, 0.02000000000000000000 ) ) ;
#7680 = PRESENTATION_LAYER_ASSIGNMENT (  '', '', ( #5906 ) ) ;
#7682 = LINE ( 'NONE', #2013, #5063 ) ;
#7683 = SURFACE_STYLE_USAGE ( .BOTH. , #1434 ) ;
#7684 =( LENGTH_UNIT ( ) NAMED_UNIT ( * ) SI_UNIT ( .MILLI., .METRE. ) );
#7685 = ORIENTED_EDGE ( 'NONE', *, *, #7692, .T. ) ;
#7686 = SURFACE_SIDE_STYLE ('',( #1660 ) ) ;
#7687 = ADVANCED_FACE ( 'NONE', ( #3997 ), #3729, .T. ) ;
#7688 = PRODUCT_DEFINITION_SHAPE ( 'NONE', 'NONE',  #11638 ) ;
#7689 = ADVANCED_FACE ( 'NONE', ( #10029 ), #8129, .T. ) ;
#7690 = ORIENTED_EDGE ( 'NONE', *, *, #11034, .T. ) ;
#7691 = CARTESIAN_POINT ( 'NONE',  ( -0.07619999999999999000, 0.1270000000000000000, 0.0000000000000000000 ) ) ;
#7692 = EDGE_CURVE ( 'NONE', #8052, #5758, #11606, .T. ) ;
#7693 = CARTESIAN_POINT ( 'NONE',  ( -0.7877028816975199000, 0.1504862962823546300, 0.1731728101931742600 ) ) ;
#7694 = PRESENTATION_LAYER_ASSIGNMENT (  '', '', ( #6507 ) ) ;
#7695 = UNCERTAINTY_MEASURE_WITH_UNIT (LENGTH_MEASURE( 1.000000000000000100E-005 ), #9600, 'distance_accuracy_value', 'NONE');
#7696 = DIRECTION ( 'NONE',  ( 0.0000000000000000000, -0.0000000000000000000, 1.000000000000000000 ) ) ;
#7697 = FILL_AREA_STYLE ('',( #10394 ) ) ;
#7698 = ORIENTED_EDGE ( 'NONE', *, *, #7884, .F. ) ;
#7699 = PRODUCT_RELATED_PRODUCT_CATEGORY ( 'part', '', ( #2291 ) ) ;
#7700 = CARTESIAN_POINT ( 'NONE',  ( 1.470670801460050000, 1.987367672161970000, 0.0000000000000000000 ) ) ;
#7701 = CARTESIAN_POINT ( 'NONE',  ( -0.4600858221294340500, 0.3100858221294339700, 0.5020167609581650500 ) ) ;
#7702 = CARTESIAN_POINT ( 'NONE',  ( 1.577921641042250100, 2.014054978381730100, 0.0000000000000000000 ) ) ;
#7703 = CARTESIAN_POINT ( 'NONE',  ( 1.576253893906949900, 2.011910732064920100, 0.1000000000000000100 ) ) ;
#7704 = DIRECTION ( 'NONE',  ( 1.000000000000000000, 0.0000000000000000000, 0.0000000000000000000 ) ) ;
#7705 = ORIENTED_EDGE ( 'NONE', *, *, #3699, .F. ) ;
#7706 = PLANE ( 'NONE',  #6973 ) ;
#7707 = EDGE_CURVE ( 'NONE', #1188, #2417, #6760, .T. ) ;
#7708 = DIRECTION ( 'NONE',  ( 0.0000000000000000000, 0.0000000000000000000, 1.000000000000000000 ) ) ;
#7709 = MECHANICAL_DESIGN_GEOMETRIC_PRESENTATION_REPRESENTATION (  '', ( #5929 ), #8319 ) ;
#7710 = MECHANICAL_DESIGN_GEOMETRIC_PRESENTATION_REPRESENTATION (  '', ( #5930 ), #8320 ) ;
#7711 = CIRCLE ( 'NONE', #7607, 0.01000000000000000200 ) ;
#7712 = SURFACE_SIDE_STYLE ('',( #11253 ) ) ;
#7713 = FILL_AREA_STYLE_COLOUR ( '', #2437 ) ;
#7714 = COLOUR_RGB ( '',1.000000000000000000, 0.9921568627450980700, 0.9411764705882352800 ) ;
#7715 = PRODUCT_CONTEXT ( 'NONE', #9453, 'mechanical' ) ;
#7716 = CARTESIAN_POINT ( 'NONE',  ( -0.8000000000000000400, -0.1749999999999999900, 0.1600000000000000000 ) ) ;
#7717 = PRESENTATION_STYLE_ASSIGNMENT (( #8005 ) ) ;
#7718 = EDGE_LOOP ( 'NONE', ( #1542, #8330, #3205, #5600 ) ) ;
#7719 =( NAMED_UNIT ( * ) PLANE_ANGLE_UNIT ( ) SI_UNIT ( $, .RADIAN. ) );
#7720 = COLOUR_RGB ( '',0.0000000000000000000, 0.6470588235294118000, 0.9568627450980391500 ) ;
#7721 = FILL_AREA_STYLE_COLOUR ( '', #10996 ) ;
#7722 = ORIENTED_EDGE ( 'NONE', *, *, #3168, .T. ) ;
#7724 = CARTESIAN_POINT ( 'NONE',  ( 1.591501867715360100, 2.023244605453769800, 0.0000000000000000000 ) ) ;
#7723 = FACE_OUTER_BOUND ( 'NONE', #9140, .T. ) ;
#7725 = FACE_OUTER_BOUND ( 'NONE', #11377, .T. ) ;
#7726 = SURFACE_STYLE_USAGE ( .BOTH. , #7686 ) ;
#7727 = MECHANICAL_DESIGN_GEOMETRIC_PRESENTATION_REPRESENTATION (  '', ( #4769 ), #8339 ) ;
#7728 = FILL_AREA_STYLE_COLOUR ( '', #1781 ) ;
#7729 = CARTESIAN_POINT ( 'NONE',  ( 0.8000000000000000400, -0.4000000000000000200, 0.0000000000000000000 ) ) ;
#7730 = FACE_OUTER_BOUND ( 'NONE', #5861, .T. ) ;
#7731 = STYLED_ITEM ( 'NONE', ( #8240 ), #9599 ) ;
#7732 = CARTESIAN_POINT ( 'NONE',  ( 1.529620557344310000, 2.022050005444920200, 0.1000000000000000100 ) ) ;
#7733 = CARTESIAN_POINT ( 'NONE',  ( 1.593067507883180000, 1.984307815193020000, 0.1000000000000000100 ) ) ;
#7734 = FILL_AREA_STYLE ('',( #1443 ) ) ;
#7735 = EDGE_LOOP ( 'NONE', ( #3360, #711, #214, #11028, #6453 ) ) ;
#7736 = VECTOR ( 'NONE', #7921, 1000.000000000000000 ) ;
#7737 = FILL_AREA_STYLE ('',( #592 ) ) ;
#7738 = LINE ( 'NONE', #6957, #5420 ) ;
#7739 = SURFACE_STYLE_USAGE ( .BOTH. , #1495 ) ;
#7740 = DIRECTION ( 'NONE',  ( -0.0000000000000000000, -0.0000000000000000000, -1.000000000000000000 ) ) ;
#7741 = CIRCLE ( 'NONE', #6798, 0.05000000000000002400 ) ;
#7742 = DIRECTION ( 'NONE',  ( 1.000000000000000000, 0.0000000000000000000, 0.0000000000000000000 ) ) ;
#7743 = PLANE ( 'NONE',  #121 ) ;
#7744 = CIRCLE ( 'NONE', #9613, 0.009999999999999998500 ) ;
#7745 = EDGE_CURVE ( 'NONE', #7652, #8062, #4430, .T. ) ;
#7746 = ADVANCED_FACE ( 'NONE', ( #4120 ), #1153, .T. ) ;
#7747 = DIRECTION ( 'NONE',  ( -0.0000000000000000000, 1.000000000000000000, 0.0000000000000000000 ) ) ;
#7748 = B_SPLINE_CURVE_WITH_KNOTS ( 'NONE', 2,
 ( #5992, #6881, #2440, #8689 ),
 .UNSPECIFIED., .F., .F.,
 ( 3, 1, 3 ),
 ( 0.0000000000000000000, 5.303794159301169800E-006, 1.060758831860234000E-005 ),
 .UNSPECIFIED. ) ;
#7749 = ADVANCED_FACE ( 'NONE', ( #10428 ), #5637, .T. ) ;
#7750 = EDGE_LOOP ( 'NONE', ( #657, #2055, #6741, #8075 ) ) ;
#7751 = LINE ( 'NONE', #7970, #2751 ) ;
#7752 =( GEOMETRIC_REPRESENTATION_CONTEXT ( 3 ) GLOBAL_UNCERTAINTY_ASSIGNED_CONTEXT ( ( #11344 ) ) GLOBAL_UNIT_ASSIGNED_CONTEXT ( ( #9129, #3793, #10055 ) ) REPRESENTATION_CONTEXT ( 'NONE', 'WORKASPACE' ) );
#7753 = CYLINDRICAL_SURFACE ( 'NONE', #4409, 0.05000000000000002400 ) ;
#7754 = DIRECTION ( 'NONE',  ( 0.0000000000000000000, -0.0000000000000000000, -1.000000000000000000 ) ) ;
#7755 = AXIS2_PLACEMENT_3D ( 'NONE', #1948, #8203, #2851 ) ;
#7756 = DIRECTION ( 'NONE',  ( 1.000000000000000000, -0.0000000000000000000, -0.0000000000000000000 ) ) ;
#7757 = FACE_OUTER_BOUND ( 'NONE', #5810, .T. ) ;
#7758 = ADVANCED_FACE ( 'NONE', ( #9575 ), #1183, .T. ) ;
#7759 = CARTESIAN_POINT ( 'NONE',  ( 0.7909622082928543500, -0.1504105945630584400, 0.005161971817533338300 ) ) ;
#7760 = CARTESIAN_POINT ( 'NONE',  ( -0.7989442719099991700, 0.1596871942267129900, 0.005527864045000390100 ) ) ;
#7761 =( REPRESENTATION_RELATIONSHIP ('NONE','NONE', #5525, #9340 ) REPRESENTATION_RELATIONSHIP_WITH_TRANSFORMATION ( #4804 )SHAPE_REPRESENTATION_RELATIONSHIP( ) );
#7762 = ORIENTED_EDGE ( 'NONE', *, *, #3011, .T. ) ;
#7763 = CARTESIAN_POINT ( 'NONE',  ( 1.565038991714900100, 1.974774644385469700, 0.1000000000000000100 ) ) ;
#7764 = FILL_AREA_STYLE_COLOUR ( '', #1345 ) ;
#7765 = ORIENTED_EDGE ( 'NONE', *, *, #10153, .F. ) ;
#7766 = B_SPLINE_CURVE_WITH_KNOTS ( 'NONE', 2,
 ( #1861, #2775, #9017, #3684 ),
 .UNSPECIFIED., .F., .F.,
 ( 3, 1, 3 ),
 ( 0.0000000000000000000, 6.686988305779579400E-006, 1.337397661155915900E-005 ),
 .UNSPECIFIED. ) ;
#7767 = ORIENTED_EDGE ( 'NONE', *, *, #2557, .T. ) ;
#7768 = CARTESIAN_POINT ( 'NONE',  ( -0.4000000000000000200, 0.1499999999999999900, 0.0000000000000000000 ) ) ;
#7769 = EDGE_CURVE ( 'NONE', #4617, #4333, #6362, .T. ) ;
#7770 = COLOUR_RGB ( '',1.000000000000000000, 0.9921568627450980700, 0.9411764705882352800 ) ;
#7771 = PRESENTATION_LAYER_ASSIGNMENT (  '', '', ( #5984 ) ) ;
#7772 = PRESENTATION_STYLE_ASSIGNMENT (( #9642 ) ) ;
#7773 =( NAMED_UNIT ( * ) PLANE_ANGLE_UNIT ( ) SI_UNIT ( $, .RADIAN. ) );
#7774 =( LENGTH_UNIT ( ) NAMED_UNIT ( * ) SI_UNIT ( .MILLI., .METRE. ) );
#7775 = ORIENTED_EDGE ( 'NONE', *, *, #8987, .T. ) ;
#7776 = DIRECTION ( 'NONE',  ( 1.000000000000000000, 0.0000000000000000000, 0.0000000000000000000 ) ) ;
#7777 = EDGE_LOOP ( 'NONE', ( #4312, #8081, #11380, #2478 ) ) ;
#7778 =( GEOMETRIC_REPRESENTATION_CONTEXT ( 3 ) GLOBAL_UNCERTAINTY_ASSIGNED_CONTEXT ( ( #2526 ) ) GLOBAL_UNIT_ASSIGNED_CONTEXT ( ( #8631, #3289, #9538 ) ) REPRESENTATION_CONTEXT ( 'NONE', 'WORKASPACE' ) );
#7779 = ORIENTED_EDGE ( 'NONE', *, *, #9061, .T. ) ;
#7780 = COLOUR_RGB ( '',0.0000000000000000000, 0.7019607843137254400, 0.9803921568627450600 ) ;
#7781 = CARTESIAN_POINT ( 'NONE',  ( -0.6400000000000001200, 0.0000000000000000000, 0.0000000000000000000 ) ) ;
#7782 = DIRECTION ( 'NONE',  ( 0.06249999999999743300, 0.9980449639169571800, 0.0000000000000000000 ) ) ;
#7783 = CARTESIAN_POINT ( 'NONE',  ( 1.587213375081740100, 1.979474752066250100, 0.0000000000000000000 ) ) ;
#7784 = VERTEX_POINT ( 'NONE', #9322 ) ;
#7785 = SURFACE_SIDE_STYLE ('',( #8070 ) ) ;
#7786 = ORIENTED_EDGE ( 'NONE', *, *, #5047, .F. ) ;
#7787 = FILL_AREA_STYLE ('',( #5599 ) ) ;
#7788 = VERTEX_POINT ( 'NONE', #2163 ) ;
#7789 = DIRECTION ( 'NONE',  ( -0.0000000000000000000, -1.000000000000000000, 0.0000000000000000000 ) ) ;
#7790 = EDGE_CURVE ( 'NONE', #10832, #6574, #3984, .T. ) ;
#7791 = DIRECTION ( 'NONE',  ( -1.000000000000000000, -0.0000000000000000000, 0.0000000000000000000 ) ) ;
#7792 = EDGE_CURVE ( 'NONE', #372, #1402, #8430, .T. ) ;
#7793 = FILL_AREA_STYLE ('',( #6889 ) ) ;
#7794 = ORIENTED_EDGE ( 'NONE', *, *, #2577, .T. ) ;
#7795 = AXIS2_PLACEMENT_3D ( 'NONE', #1264, #3095, #7558 ) ;
#7796 = PRESENTATION_STYLE_ASSIGNMENT (( #11316 ) ) ;
#7797 = PRESENTATION_LAYER_ASSIGNMENT (  '', '', ( #6587 ) ) ;
#7798 = LINE ( 'NONE', #10825, #10208 ) ;
#7799 = DIRECTION ( 'NONE',  ( 1.000000000000000000, 0.0000000000000000000, -0.0000000000000000000 ) ) ;
#7800 = ORIENTED_EDGE ( 'NONE', *, *, #2080, .T. ) ;
#7801 = CARTESIAN_POINT ( 'NONE',  ( -0.7010317298281768500, -0.1541157850349708100, 0.0000000000000000000 ) ) ;
#7802 = CARTESIAN_POINT ( 'NONE',  ( 0.0000000000000000000, -0.1850000000000000000, 0.02000000000000000000 ) ) ;
#7803 = EDGE_LOOP ( 'NONE', ( #3892, #856, #5454, #394 ) ) ;
#7804 = COLOUR_RGB ( '',1.000000000000000000, 0.9921568627450980700, 0.9411764705882352800 ) ;
#7805 = CARTESIAN_POINT ( 'NONE',  ( -0.07619999999999999000, -0.1270000000000000000, 0.002000000000000000900 ) ) ;
#7806 = CARTESIAN_POINT ( 'NONE',  ( -0.8000000000000001600, 0.1850000000000000000, 0.03000000000000000200 ) ) ;
#7807 = EDGE_LOOP ( 'NONE', ( #9388, #1082, #7218, #2956 ) ) ;
#7808 = LINE ( 'NONE', #4199, #5737 ) ;
#7809 = ORIENTED_EDGE ( 'NONE', *, *, #9584, .T. ) ;
#7810 = FACE_OUTER_BOUND ( 'NONE', #2693, .T. ) ;
#7811 = AXIS2_PLACEMENT_3D ( 'NONE', #2434, #2476, #2524 ) ;
#7812 =( NAMED_UNIT ( * ) SI_UNIT ( $, .STERADIAN. ) SOLID_ANGLE_UNIT ( ) );
#7813 = EDGE_CURVE ( 'NONE', #8432, #8580, #1582, .T. ) ;
#7814 = STYLED_ITEM ( 'NONE', ( #9481 ), #5087 ) ;
#7815 =( LENGTH_UNIT ( ) NAMED_UNIT ( * ) SI_UNIT ( .MILLI., .METRE. ) );
#7816 = AXIS2_PLACEMENT_3D ( 'NONE', #742, #6986, #1641 ) ;
#7817 = CARTESIAN_POINT ( 'NONE',  ( -0.8008747832827535200, 0.1538940194805952200, 0.009658636588715519000 ) ) ;
#7818 = CARTESIAN_POINT ( 'NONE',  ( 0.8043509730773291700, 0.1545795646686655100, 0.1647732852175837500 ) ) ;
#7819 = VECTOR ( 'NONE', #7213, 1000.000000000000000 ) ;
#7820 =( NAMED_UNIT ( * ) PLANE_ANGLE_UNIT ( ) SI_UNIT ( $, .RADIAN. ) );
#7821 = ADVANCED_FACE ( 'NONE', ( #5797 ), #7550, .T. ) ;
#7822 = ADVANCED_FACE ( 'NONE', ( #462 ), #1292, .T. ) ;
#7823 = VECTOR ( 'NONE', #1757, 1000.000000000000000 ) ;
#7824 = PLANE ( 'NONE',  #11553 ) ;
#7825 = CARTESIAN_POINT ( 'NONE',  ( 0.4000000000000000200, 0.3476823007299044700, 0.6060934671702570300 ) ) ;
#7826 = CARTESIAN_POINT ( 'NONE',  ( -0.7010317298281768500, 0.1541157850349708100, 0.0000000000000000000 ) ) ;
#7827 = ADVANCED_FACE ( 'NONE', ( #11247 ), #7583, .T. ) ;
#7828 = FILL_AREA_STYLE_COLOUR ( '', #3626 ) ;
#7829 = PLANE ( 'NONE',  #642 ) ;
#7830 = ORIENTED_EDGE ( 'NONE', *, *, #11160, .F. ) ;
#7831 = PRESENTATION_STYLE_ASSIGNMENT (( #10807 ) ) ;
#7832 = DIRECTION ( 'NONE',  ( 1.000000000000000000, 0.0000000000000000000, 0.0000000000000000000 ) ) ;
#7833 = PRESENTATION_LAYER_ASSIGNMENT (  '', '', ( #6618 ) ) ;
#7834 = CARTESIAN_POINT ( 'NONE',  ( -0.8000000000000000400, -0.1850000000000000000, 0.1499999999999999900 ) ) ;
#7835 = CARTESIAN_POINT ( 'NONE',  ( -0.8000000000000000400, 0.5250000000000000200, 0.02000000000000000000 ) ) ;
#7836 =( LENGTH_UNIT ( ) NAMED_UNIT ( * ) SI_UNIT ( .MILLI., .METRE. ) );
#7837 = VERTEX_POINT ( 'NONE', #7624 ) ;
#7838 = SURFACE_SIDE_STYLE ('',( #9742 ) ) ;
#7839 = VERTEX_POINT ( 'NONE', #8565 ) ;
#7840 = CARTESIAN_POINT ( 'NONE',  ( 1.574484039804199900, 2.001359678760009900, 0.0000000000000000000 ) ) ;
#7841 = UNCERTAINTY_MEASURE_WITH_UNIT (LENGTH_MEASURE( 1.000000000000000100E-005 ), #252, 'distance_accuracy_value', 'NONE');
#7842 = DIRECTION ( 'NONE',  ( 1.000000000000000000, 0.0000000000000000000, 0.0000000000000000000 ) ) ;
#7843 = CARTESIAN_POINT ( 'NONE',  ( -0.1991441109234209900, 0.0000000000000000000, 0.1799999999999999900 ) ) ;
#7844 = EDGE_CURVE ( 'NONE', #3046, #3691, #10413, .T. ) ;
#7845 =( NAMED_UNIT ( * ) PLANE_ANGLE_UNIT ( ) SI_UNIT ( $, .RADIAN. ) );
#7846 = DIRECTION ( 'NONE',  ( 0.0000000000000000000, -0.0000000000000000000, -1.000000000000000000 ) ) ;
#7847 = COLOUR_RGB ( '',1.000000000000000000, 0.9921568627450980700, 0.9411764705882352800 ) ;
#7848 = AXIS2_PLACEMENT_3D ( 'NONE', #7174, #7216, #7292 ) ;
#7849 =( NAMED_UNIT ( * ) SI_UNIT ( $, .STERADIAN. ) SOLID_ANGLE_UNIT ( ) );
#7850 = ORIENTED_EDGE ( 'NONE', *, *, #1824, .F. ) ;
#7851 = DIRECTION ( 'NONE',  ( -0.0000000000000000000, 1.000000000000000000, -0.0000000000000000000 ) ) ;
#7852 = ORIENTED_EDGE ( 'NONE', *, *, #146, .F. ) ;
#7853 = B_SPLINE_SURFACE_WITH_KNOTS ( 'NONE', 2, 1, ( 
 ( #10703, #5400 ),
 ( #11, #6275 ),
 ( #915, #7146 ),
 ( #1821, #8067 ) ),
 .UNSPECIFIED., .F., .F., .F.,
 ( 3, 1, 3 ),
 ( 2, 2 ),
 ( 0.0000000000000000000, 1.000000000000000000, 2.000000000000000000 ),
 ( 0.0000000000000000000, 0.01000000000000000000 ),
 .UNSPECIFIED. ) ;
#7854 = SURFACE_STYLE_USAGE ( .BOTH. , #7898 ) ;
#7855 = CARTESIAN_POINT ( 'NONE',  ( -0.2000000000000000100, -0.2980549931478380100, 0.5999999999999999800 ) ) ;
#7856 = SURFACE_SIDE_STYLE ('',( #1310 ) ) ;
#7857 =( NAMED_UNIT ( * ) SI_UNIT ( $, .STERADIAN. ) SOLID_ANGLE_UNIT ( ) );
#7858 = ORIENTED_EDGE ( 'NONE', *, *, #2370, .F. ) ;
#7859 = CARTESIAN_POINT ( 'NONE',  ( 0.7900000000000000400, -0.1596871942267129900, 0.1700000000000000100 ) ) ;
#7860 = DIRECTION ( 'NONE',  ( -1.000000000000000000, 0.0000000000000000000, 0.0000000000000000000 ) ) ;
#7861 = EDGE_CURVE ( 'NONE', #2025, #10933, #5665, .T. ) ;
#7862 = CARTESIAN_POINT ( 'NONE',  ( -0.7906250000000002400, 0.1497067445875435200, 0.009999999999999998500 ) ) ;
#7863 =( GEOMETRIC_REPRESENTATION_CONTEXT ( 3 ) GLOBAL_UNCERTAINTY_ASSIGNED_CONTEXT ( ( #4367 ) ) GLOBAL_UNIT_ASSIGNED_CONTEXT ( ( #180, #144, #108 ) ) REPRESENTATION_CONTEXT ( 'NONE', 'WORKASPACE' ) );
#7864 = EDGE_CURVE ( 'NONE', #2618, #11397, #3279, .T. ) ;
#7865 = DIRECTION ( 'NONE',  ( 0.0000000000000000000, 0.0000000000000000000, -1.000000000000000000 ) ) ;
#7866 = CARTESIAN_POINT ( 'NONE',  ( 1.568663942658580000, 2.001359678760009900, 0.0000000000000000000 ) ) ;
#7867 = LINE ( 'NONE', #2068, #3122 ) ;
#7868 = CYLINDRICAL_SURFACE ( 'NONE', #10094, 0.05000000000000005800 ) ;
#7869 = SURFACE_STYLE_USAGE ( .BOTH. , #1609 ) ;
#7870 = ORIENTED_EDGE ( 'NONE', *, *, #10207, .F. ) ;
#7871 = B_SPLINE_SURFACE_WITH_KNOTS ( 'NONE', 2, 1, ( 
 ( #3270, #6844 ),
 ( #1487, #7733 ),
 ( #2401, #8658 ),
 ( #3312, #9559 ) ),
 .UNSPECIFIED., .F., .F., .F.,
 ( 3, 1, 3 ),
 ( 2, 2 ),
 ( 0.0000000000000000000, 1.000000000000000000, 2.000000000000000000 ),
 ( 0.0000000000000000000, 0.01000000000000000000 ),
 .UNSPECIFIED. ) ;
#7872 = DIRECTION ( 'NONE',  ( -1.589639881786250100E-014, 1.000000000000000000, 0.0000000000000000000 ) ) ;
#7873 = LINE ( 'NONE', #7041, #10274 ) ;
#7874 = COLOUR_RGB ( '',1.000000000000000000, 0.9921568627450980700, 0.9411764705882352800 ) ;
#7875 = DIRECTION ( 'NONE',  ( 0.0000000000000000000, 1.000000000000000000, -0.0000000000000000000 ) ) ;
#7876 = DIRECTION ( 'NONE',  ( 0.0000000000000000000, -1.000000000000000000, 0.0000000000000000000 ) ) ;
#7877 = CARTESIAN_POINT ( 'NONE',  ( -0.4744183792393802900, -0.3721743422346439600, 0.5844421234396295400 ) ) ;
#7878 = ORIENTED_EDGE ( 'NONE', *, *, #1164, .F. ) ;
#7879 = ADVANCED_FACE ( 'NONE', ( #10146 ), #2129, .T. ) ;
#7880 = SURFACE_SIDE_STYLE ('',( #4122 ) ) ;
#7881 = UNCERTAINTY_MEASURE_WITH_UNIT (LENGTH_MEASURE( 1.000000000000000100E-005 ), #9708, 'distance_accuracy_value', 'NONE');
#7882 = CARTESIAN_POINT ( 'NONE',  ( -0.7899999999999999200, -0.1596871942267129900, 0.1800000000000000200 ) ) ;
#7883 = STYLED_ITEM ( 'NONE', ( #7831 ), #611 ) ;
#7884 = EDGE_CURVE ( 'NONE', #8351, #8807, #4555, .T. ) ;
#7885 =( GEOMETRIC_REPRESENTATION_CONTEXT ( 3 ) GLOBAL_UNCERTAINTY_ASSIGNED_CONTEXT ( ( #2721 ) ) GLOBAL_UNIT_ASSIGNED_CONTEXT ( ( #11088, #5744, #361 ) ) REPRESENTATION_CONTEXT ( 'NONE', 'WORKASPACE' ) );
#7886 = MECHANICAL_DESIGN_GEOMETRIC_PRESENTATION_REPRESENTATION (  '', ( #6669 ), #8473 ) ;
#7887 = VERTEX_POINT ( 'NONE', #9564 ) ;
#7888 = VECTOR ( 'NONE', #5590, 1000.000000000000000 ) ;
#7889 =( GEOMETRIC_REPRESENTATION_CONTEXT ( 3 ) GLOBAL_UNCERTAINTY_ASSIGNED_CONTEXT ( ( #7250 ) ) GLOBAL_UNIT_ASSIGNED_CONTEXT ( ( #5101, #11357, #5977 ) ) REPRESENTATION_CONTEXT ( 'NONE', 'WORKASPACE' ) );
#7890 = DIRECTION ( 'NONE',  ( -1.000000000000000000, 0.0000000000000000000, 0.0000000000000000000 ) ) ;
#7891 = FILL_AREA_STYLE ('',( #8757 ) ) ;
#7892 = FILL_AREA_STYLE_COLOUR ( '', #191 ) ;
#7893 = LINE ( 'NONE', #1858, #5798 ) ;
#7894 = ORIENTED_EDGE ( 'NONE', *, *, #4614, .T. ) ;
#7895 = VECTOR ( 'NONE', #360, 1000.000000000000000 ) ;
#7896 = CARTESIAN_POINT ( 'NONE',  ( -0.8000000000000000400, -0.3499999999999999800, 0.0000000000000000000 ) ) ;
#7897 = LINE ( 'NONE', #1852, #9151 ) ;
#7898 = SURFACE_SIDE_STYLE ('',( #548 ) ) ;
#7899 = CIRCLE ( 'NONE', #1813, 0.05080000000000000500 ) ;
#7900 = DIRECTION ( 'NONE',  ( 1.000000000000000000, -0.0000000000000000000, -0.0000000000000000000 ) ) ;
#7901 = DIRECTION ( 'NONE',  ( 0.0000000000000000000, -1.000000000000000000, -0.0000000000000000000 ) ) ;
#7902 = FACE_OUTER_BOUND ( 'NONE', #4070, .T. ) ;
#7903 = ORIENTED_EDGE ( 'NONE', *, *, #8264, .T. ) ;
#7904 = PRESENTATION_LAYER_ASSIGNMENT (  '', '', ( #7289 ) ) ;
#7905 = VECTOR ( 'NONE', #7108, 1000.000000000000000 ) ;
#7906 = CARTESIAN_POINT ( 'NONE',  ( -0.7906249999999999100, 0.1497067445875434600, 0.1700000000000000100 ) ) ;
#7907 = DIRECTION ( 'NONE',  ( -0.0000000000000000000, 1.000000000000000000, -0.0000000000000000000 ) ) ;
#7908 = AXIS2_PLACEMENT_3D ( 'NONE', #932, #7158, #1832 ) ;
#7909 = LINE ( 'NONE', #4307, #5286 ) ;
#7910 = CARTESIAN_POINT ( 'NONE',  ( 1.603210133217829900, 1.987983666110000100, 0.1000000000000000100 ) ) ;
#7911 = SURFACE_SIDE_STYLE ('',( #6348 ) ) ;
#7912 = CARTESIAN_POINT ( 'NONE',  ( 0.0000000000000000000, 0.4000000000000000200, 0.1799999999999999900 ) ) ;
#7913 = CARTESIAN_POINT ( 'NONE',  ( -0.7851471862576144800, -0.3958578643762689600, 0.1799999999999999900 ) ) ;
#7914 = UNCERTAINTY_MEASURE_WITH_UNIT (LENGTH_MEASURE( 1.000000000000000100E-005 ), #5480, 'distance_accuracy_value', 'NONE');
#7915 = ORIENTED_EDGE ( 'NONE', *, *, #6828, .T. ) ;
#7916 = SURFACE_STYLE_USAGE ( .BOTH. , #1664 ) ;
#7917 = CARTESIAN_POINT ( 'NONE',  ( 1.529620557344310000, 2.022050005444920200, 0.0000000000000000000 ) ) ;
#7918 = SURFACE_STYLE_FILL_AREA ( #3448 ) ;
#7919 = CARTESIAN_POINT ( 'NONE',  ( -0.8000000000000000400, -0.1749999999999999900, 0.02000000000000000000 ) ) ;
#7920 = EDGE_LOOP ( 'NONE', ( #3575, #9334, #7044, #5896 ) ) ;
#7921 = DIRECTION ( 'NONE',  ( 0.0000000000000000000, 0.0000000000000000000, 1.000000000000000000 ) ) ;
#7922 = VECTOR ( 'NONE', #9823, 1000.000000000000000 ) ;
#7923 = AXIS2_PLACEMENT_3D ( 'NONE', #6075, #714, #6960 ) ;
#7924 = ORIENTED_EDGE ( 'NONE', *, *, #9457, .F. ) ;
#7925 = CARTESIAN_POINT ( 'NONE',  ( 1.543833400629000200, 1.988048385278420300, 0.0000000000000000000 ) ) ;
#7926 = MECHANICAL_DESIGN_GEOMETRIC_PRESENTATION_REPRESENTATION (  '', ( #6143 ), #8508 ) ;
#7927 = ORIENTED_EDGE ( 'NONE', *, *, #5288, .F. ) ;
#7928 = DIRECTION ( 'NONE',  ( 0.0000000000000000000, 0.0000000000000000000, -1.000000000000000000 ) ) ;
#7929 = UNCERTAINTY_MEASURE_WITH_UNIT (LENGTH_MEASURE( 1.000000000000000100E-005 ), #11067, 'distance_accuracy_value', 'NONE');
#7930 = ORIENTED_EDGE ( 'NONE', *, *, #8018, .T. ) ;
#7931 = VECTOR ( 'NONE', #2941, 1000.000000000000000 ) ;
#7932 = SURFACE_SIDE_STYLE ('',( #3718 ) ) ;
#7933 = FILL_AREA_STYLE ('',( #739 ) ) ;
#7934 = LINE ( 'NONE', #3434, #5587 ) ;
#7935 = CARTESIAN_POINT ( 'NONE',  ( -0.8000000000000000400, 0.5250000000000000200, 0.02000000000000000000 ) ) ;
#7936 = SURFACE_STYLE_FILL_AREA ( #8555 ) ;
#7937 = CARTESIAN_POINT ( 'NONE',  ( 1.574484039804209900, 2.005443957458690600, 0.0000000000000000000 ) ) ;
#7938 = FILL_AREA_STYLE ('',( #780 ) ) ;
#7939 = FILL_AREA_STYLE_COLOUR ( '', #6561 ) ;
#7940 = COLOUR_RGB ( '',0.8627450980392157300, 0.6274509803921568500, 0.05882352941176470500 ) ;
#7941 = ORIENTED_EDGE ( 'NONE', *, *, #8376, .F. ) ;
#7942 = FILL_AREA_STYLE ('',( #8187 ) ) ;
#7943 = CARTESIAN_POINT ( 'NONE',  ( 0.5500000000000004900, -0.3795324038633936500, 0.1799999999999999900 ) ) ;
#7944 = EDGE_CURVE ( 'NONE', #11220, #8089, #51, .T. ) ;
#7945 = FACE_OUTER_BOUND ( 'NONE', #8143, .T. ) ;
#7946 =( LENGTH_UNIT ( ) NAMED_UNIT ( * ) SI_UNIT ( .MILLI., .METRE. ) );
#7947 = STYLED_ITEM ( 'NONE', ( #2953 ), #2505 ) ;
#7948 = EDGE_LOOP ( 'NONE', ( #1355, #4792, #6509, #3844 ) ) ;
#7949 =( NAMED_UNIT ( * ) SI_UNIT ( $, .STERADIAN. ) SOLID_ANGLE_UNIT ( ) );
#7950 = CARTESIAN_POINT ( 'NONE',  ( 0.8000000000000000400, 0.1749999999999999900, 0.02000000000000000000 ) ) ;
#7951 = ADVANCED_FACE ( 'NONE', ( #6603 ), #646, .T. ) ;
#7952 = CARTESIAN_POINT ( 'NONE',  ( -0.4713449030042110000, -0.3213449030042109800, 0.4103189058533969800 ) ) ;
#7953 = DIRECTION ( 'NONE',  ( 0.0000000000000000000, -0.0000000000000000000, 1.000000000000000000 ) ) ;
#7954 = AXIS2_PLACEMENT_3D ( 'NONE', #8988, #3660, #9915 ) ;
#7955 = CARTESIAN_POINT ( 'NONE',  ( 1.590174477138280000, 2.018411542327000200, 0.0000000000000000000 ) ) ;
#7956 = VECTOR ( 'NONE', #4954, 1000.000000000000000 ) ;
#7957 = CARTESIAN_POINT ( 'NONE',  ( 0.8000000000000000400, -0.1749999999999999900, 0.1600000000000000000 ) ) ;
#7958 = PLANE ( 'NONE',  #1900 ) ;
#7959 = SURFACE_STYLE_USAGE ( .BOTH. , #1697 ) ;
#7960 = ORIENTED_EDGE ( 'NONE', *, *, #3958, .T. ) ;
#7961 = PLANE ( 'NONE',  #5411 ) ;
#7962 = B_SPLINE_SURFACE_WITH_KNOTS ( 'NONE', 2, 1, ( 
 ( #4665, #8238 ),
 ( #2888, #9133 ),
 ( #3796, #10064 ),
 ( #4697, #10944 ) ),
 .UNSPECIFIED., .F., .F., .F.,
 ( 3, 1, 3 ),
 ( 2, 2 ),
 ( 0.0000000000000000000, 1.000000000000000000, 2.000000000000000000 ),
 ( 0.0000000000000000000, 0.01000000000000000000 ),
 .UNSPECIFIED. ) ;
#7963 =( GEOMETRIC_REPRESENTATION_CONTEXT ( 3 ) GLOBAL_UNCERTAINTY_ASSIGNED_CONTEXT ( ( #1231 ) ) GLOBAL_UNIT_ASSIGNED_CONTEXT ( ( #7429, #1364, #5700 ) ) REPRESENTATION_CONTEXT ( 'NONE', 'WORKASPACE' ) );
#7964 = DIRECTION ( 'NONE',  ( -0.0000000000000000000, 1.000000000000000000, 0.0000000000000000000 ) ) ;
#7965 = EDGE_CURVE ( 'NONE', #5764, #2644, #8161, .T. ) ;
#7966 = STYLED_ITEM ( 'NONE', ( #6494 ), #5781 ) ;
#7967 = MECHANICAL_DESIGN_GEOMETRIC_PRESENTATION_REPRESENTATION (  '', ( #6734 ), #8540 ) ;
#7968 = PLANE ( 'NONE',  #6528 ) ;
#7969 = ORIENTED_EDGE ( 'NONE', *, *, #11385, .T. ) ;
#7970 = CARTESIAN_POINT ( 'NONE',  ( 0.4000000000000000200, -0.1749999999999999900, 0.02000000000000000000 ) ) ;
#7971 = DIRECTION ( 'NONE',  ( 0.0000000000000000000, 1.000000000000000000, 0.0000000000000000000 ) ) ;
#7972 = SURFACE_STYLE_USAGE ( .BOTH. , #1711 ) ;
#7973 = CARTESIAN_POINT ( 'NONE',  ( 1.605796843160729900, 2.001359678760009900, 0.1000000000000000100 ) ) ;
#7974 = MECHANICAL_DESIGN_GEOMETRIC_PRESENTATION_REPRESENTATION (  '', ( #6182 ), #8552 ) ;
#7975 =( LENGTH_UNIT ( ) NAMED_UNIT ( * ) SI_UNIT ( .MILLI., .METRE. ) );
#7976 = FILL_AREA_STYLE ('',( #4365 ) ) ;
#7977 = PRESENTATION_LAYER_ASSIGNMENT (  '', '', ( #6753 ) ) ;
#7978 = SURFACE_STYLE_USAGE ( .BOTH. , #1719 ) ;
#7979 = DIRECTION ( 'NONE',  ( 0.0000000000000000000, 0.0000000000000000000, 1.000000000000000000 ) ) ;
#7980 = CIRCLE ( 'NONE', #7474, 0.009999999999999998500 ) ;
#7981 = ORIENTED_EDGE ( 'NONE', *, *, #4485, .F. ) ;
#7982 = UNCERTAINTY_MEASURE_WITH_UNIT (LENGTH_MEASURE( 1.000000000000000100E-005 ), #2090, 'distance_accuracy_value', 'NONE');
#7983 = ORIENTED_EDGE ( 'NONE', *, *, #10078, .F. ) ;
#7984 = CARTESIAN_POINT ( 'NONE',  ( 1.529620557344310000, 2.022050005444920200, 0.0000000000000000000 ) ) ;
#7985 = SURFACE_SIDE_STYLE ('',( #10298 ) ) ;
#7986 = CARTESIAN_POINT ( 'NONE',  ( -0.8000000000000000400, 0.5250000000000000200, 0.02000000000000000000 ) ) ;
#7987 = CARTESIAN_POINT ( 'NONE',  ( 0.8000000000000000400, -0.2000000000000000100, 0.01000000000000000000 ) ) ;
#7988 = SURFACE_STYLE_USAGE ( .BOTH. , #1732 ) ;
#7989 = SURFACE_STYLE_FILL_AREA ( #10890 ) ;
#7990 = VERTEX_POINT ( 'NONE', #2498 ) ;
#7991 = EDGE_CURVE ( 'NONE', #459, #11333, #1036, .T. ) ;
#7992 = VERTEX_POINT ( 'NONE', #3407 ) ;
#7993 = STYLED_ITEM ( 'NONE', ( #2624 ), #10606 ) ;
#7994 = FILL_AREA_STYLE_COLOUR ( '', #811 ) ;
#7995 = UNCERTAINTY_MEASURE_WITH_UNIT (LENGTH_MEASURE( 1.000000000000000100E-005 ), #5226, 'distance_accuracy_value', 'NONE');
#7996 = MECHANICAL_DESIGN_GEOMETRIC_PRESENTATION_REPRESENTATION (  '', ( #6201 ), #8576 ) ;
#7997 = COLOUR_RGB ( '',0.8627450980392157300, 0.6274509803921568500, 0.05882352941176470500 ) ;
#7998 = DIRECTION ( 'NONE',  ( 0.0000000000000000000, 0.0000000000000000000, 1.000000000000000000 ) ) ;
#7999 = PRESENTATION_STYLE_ASSIGNMENT (( #4519 ) ) ;
#8000 = ADVANCED_FACE ( 'NONE', ( #5787 ), #4687, .T. ) ;
#8001 = DIRECTION ( 'NONE',  ( 0.0000000000000000000, 1.000000000000000000, 0.0000000000000000000 ) ) ;
#8002 = VERTEX_POINT ( 'NONE', #5628 ) ;
#8003 = SURFACE_STYLE_USAGE ( .BOTH. , #1749 ) ;
#8004 = EDGE_CURVE ( 'NONE', #1525, #721, #7028, .T. ) ;
#8005 = SURFACE_STYLE_USAGE ( .BOTH. , #1752 ) ;
#8006 =( NAMED_UNIT ( * ) PLANE_ANGLE_UNIT ( ) SI_UNIT ( $, .RADIAN. ) );
#8007 = MECHANICAL_DESIGN_GEOMETRIC_PRESENTATION_REPRESENTATION (  '', ( #6788 ), #8589 ) ;
#8008 = DIRECTION ( 'NONE',  ( 0.0000000000000000000, 0.0000000000000000000, 1.000000000000000000 ) ) ;
#8009 = FILL_AREA_STYLE ('',( #1715 ) ) ;
#8010 = SHAPE_DEFINITION_REPRESENTATION ( #4737, #9340 ) ;
#8011 = CARTESIAN_POINT ( 'NONE',  ( -0.7900000000000000400, 0.3499999999999999800, 0.0000000000000000000 ) ) ;
#8012 = EDGE_LOOP ( 'NONE', ( #2829, #10727, #7503, #10675, #9318, #8347, #9255 ) ) ;
#8013 = DIRECTION ( 'NONE',  ( 0.0000000000000000000, 0.0000000000000000000, 1.000000000000000000 ) ) ;
#8014 = PRESENTATION_LAYER_ASSIGNMENT (  '', '', ( #7400 ) ) ;
#8015 = CARTESIAN_POINT ( 'NONE',  ( 0.5295324038633935100, -0.4000000000000005200, 0.1799999999999999900 ) ) ;
#8016 = CARTESIAN_POINT ( 'NONE',  ( 1.636769289959040000, 2.022359678402379800, 0.0000000000000000000 ) ) ;
#8017 = FILL_AREA_STYLE ('',( #8817 ) ) ;
#8018 = EDGE_CURVE ( 'NONE', #8089, #521, #9410, .T. ) ;
#8019 = VERTEX_POINT ( 'NONE', #1146 ) ;
#8020 = EDGE_CURVE ( 'NONE', #10193, #8977, #11546, .T. ) ;
#8021 = FILL_AREA_STYLE_COLOUR ( '', #8561 ) ;
#8022 =( GEOMETRIC_REPRESENTATION_CONTEXT ( 3 ) GLOBAL_UNCERTAINTY_ASSIGNED_CONTEXT ( ( #5237 ) ) GLOBAL_UNIT_ASSIGNED_CONTEXT ( ( #10912, #5574, #186 ) ) REPRESENTATION_CONTEXT ( 'NONE', 'WORKASPACE' ) );
#8023 = EDGE_CURVE ( 'NONE', #7784, #7788, #9136, .T. ) ;
#8024 = CARTESIAN_POINT ( 'NONE',  ( -0.7900000000000000400, 0.1596871942267131000, 0.01000000000000000000 ) ) ;
#8025 = PRESENTATION_LAYER_ASSIGNMENT (  '', '', ( #6813 ) ) ;
#8026 = STYLED_ITEM ( 'NONE', ( #80 ), #3921 ) ;
#8027 = SURFACE_STYLE_FILL_AREA ( #4178 ) ;
#8028 =( LENGTH_UNIT ( ) NAMED_UNIT ( * ) SI_UNIT ( .MILLI., .METRE. ) );
#8029 = ORIENTED_EDGE ( 'NONE', *, *, #8289, .F. ) ;
#8030 = VECTOR ( 'NONE', #10356, 1000.000000000000000 ) ;
#8031 = SURFACE_STYLE_FILL_AREA ( #10909 ) ;
#8032 = CARTESIAN_POINT ( 'NONE',  ( 1.489900946999670000, 2.014051626326669900, 0.0000000000000000000 ) ) ;
#8033 = CARTESIAN_POINT ( 'NONE',  ( 1.574484039804199900, 2.001359678760009900, 0.1000000000000000100 ) ) ;
#8034 = UNCERTAINTY_MEASURE_WITH_UNIT (LENGTH_MEASURE( 1.000000000000000100E-005 ), #3364, 'distance_accuracy_value', 'NONE');
#8035 = CARTESIAN_POINT ( 'NONE',  ( -0.4000000000000000200, -0.3499999999999999800, 0.0000000000000000000 ) ) ;
#8036 = SURFACE_STYLE_FILL_AREA ( #6057 ) ;
#8037 = DIRECTION ( 'NONE',  ( -1.000000000000000000, -0.0000000000000000000, 0.0000000000000000000 ) ) ;
#8038 = PRESENTATION_STYLE_ASSIGNMENT (( #9251 ) ) ;
#8039 = DIRECTION ( 'NONE',  ( -1.000000000000000000, 0.0000000000000000000, 0.0000000000000000000 ) ) ;
#8040 = ORIENTED_EDGE ( 'NONE', *, *, #4679, .T. ) ;
#8041 = VECTOR ( 'NONE', #6977, 1000.000000000000000 ) ;
#8042 = STYLED_ITEM ( 'NONE', ( #8504 ), #854 ) ;
#8043 = EDGE_CURVE ( 'NONE', #10623, #8361, #185, .T. ) ;
#8044 = DIRECTION ( 'NONE',  ( 0.0000000000000000000, 0.0000000000000000000, -1.000000000000000000 ) ) ;
#8045 = STYLED_ITEM ( 'NONE', ( #7217 ), #6189 ) ;
#8046 = CARTESIAN_POINT ( 'NONE',  ( 1.487246165845520100, 2.001050005802550200, 0.0000000000000000000 ) ) ;
#8047 = AXIS2_PLACEMENT_3D ( 'NONE', #11096, #5750, #370 ) ;
#8048 =( LENGTH_UNIT ( ) NAMED_UNIT ( * ) SI_UNIT ( .MILLI., .METRE. ) );
#8049 =( NAMED_UNIT ( * ) PLANE_ANGLE_UNIT ( ) SI_UNIT ( $, .RADIAN. ) );
#8050 = SURFACE_STYLE_USAGE ( .BOTH. , #1807 ) ;
#8051 = CARTESIAN_POINT ( 'NONE',  ( -0.4000000000000000200, -0.3900000000000000700, 0.1800000000000000200 ) ) ;
#8052 = VERTEX_POINT ( 'NONE', #6541 ) ;
#8053 = VECTOR ( 'NONE', #732, 1000.000000000000000 ) ;
#8054 = FACE_OUTER_BOUND ( 'NONE', #6174, .T. ) ;
#8055 = VECTOR ( 'NONE', #10351, 1000.000000000000000 ) ;
#8056 = CARTESIAN_POINT ( 'NONE',  ( 0.5500000000000004900, -0.3503726924179343400, 0.1799999999999999900 ) ) ;
#8057 = FILL_AREA_STYLE_COLOUR ( '', #4433 ) ;
#8058 = ORIENTED_EDGE ( 'NONE', *, *, #10669, .T. ) ;
#8059 = CARTESIAN_POINT ( 'NONE',  ( 1.636769289959040000, 2.022359678402379800, 0.0000000000000000000 ) ) ;
#8060 = ORIENTED_EDGE ( 'NONE', *, *, #9436, .T. ) ;
#8061 = ADVANCED_FACE ( 'NONE', ( #2145 ), #2078, .T. ) ;
#8062 = VERTEX_POINT ( 'NONE', #7431 ) ;
#8063 = CARTESIAN_POINT ( 'NONE',  ( -0.7900000000000000400, 0.1596871942267129900, 0.1700000000000000100 ) ) ;
#8064 = UNCERTAINTY_MEASURE_WITH_UNIT (LENGTH_MEASURE( 1.000000000000000100E-005 ), #2922, 'distance_accuracy_value', 'NONE');
#8065 = ORIENTED_EDGE ( 'NONE', *, *, #1899, .F. ) ;
#8066 =( GEOMETRIC_REPRESENTATION_CONTEXT ( 3 ) GLOBAL_UNCERTAINTY_ASSIGNED_CONTEXT ( ( #1549 ) ) GLOBAL_UNIT_ASSIGNED_CONTEXT ( ( #8694, #3362, #9601 ) ) REPRESENTATION_CONTEXT ( 'NONE', 'WORKASPACE' ) );
#8067 = CARTESIAN_POINT ( 'NONE',  ( 1.596539144777060000, 2.014054978381730100, 0.1000000000000000100 ) ) ;
#8068 = CARTESIAN_POINT ( 'NONE',  ( 1.573701219720280000, 2.017560650931430100, 0.1000000000000000100 ) ) ;
#8069 = ORIENTED_EDGE ( 'NONE', *, *, #2134, .T. ) ;
#8070 = SURFACE_STYLE_FILL_AREA ( #1524 ) ;
#8071 = LINE ( 'NONE', #10971, #10183 ) ;
#8072 = SURFACE_SIDE_STYLE ('',( #2767 ) ) ;
#8073 = CARTESIAN_POINT ( 'NONE',  ( 1.574484039488309900, 1.993089013936030200, 0.1000000000000000300 ) ) ;
#8074 = SURFACE_STYLE_FILL_AREA ( #4303 ) ;
#8075 = ORIENTED_EDGE ( 'NONE', *, *, #9202, .F. ) ;
#8076 = FILL_AREA_STYLE ('',( #7156 ) ) ;
#8077 = EDGE_LOOP ( 'NONE', ( #4953, #11301, #6288, #1835, #4376 ) ) ;
#8078 = VERTEX_POINT ( 'NONE', #2113 ) ;
#8079 = CARTESIAN_POINT ( 'NONE',  ( -0.6400000000000001200, 0.0000000000000000000, 0.0000000000000000000 ) ) ;
#8080 = UNCERTAINTY_MEASURE_WITH_UNIT (LENGTH_MEASURE( 1.000000000000000100E-005 ), #472, 'distance_accuracy_value', 'NONE');
#8081 = ORIENTED_EDGE ( 'NONE', *, *, #5261, .T. ) ;
#8082 = FACE_OUTER_BOUND ( 'NONE', #8782, .T. ) ;
#8083 = EDGE_CURVE ( 'NONE', #10889, #10457, #8177, .T. ) ;
#8084 = EDGE_LOOP ( 'NONE', ( #2126, #5439, #4880, #4655 ) ) ;
#8085 = MECHANICAL_DESIGN_GEOMETRIC_PRESENTATION_REPRESENTATION (  '', ( #6286 ), #8676 ) ;
#8086 = DIRECTION ( 'NONE',  ( 0.0000000000000000000, -1.000000000000000000, 0.0000000000000000000 ) ) ;
#8087 = PRESENTATION_STYLE_ASSIGNMENT (( #2990 ) ) ;
#8088 = PRESENTATION_LAYER_ASSIGNMENT (  '', '', ( #7460 ) ) ;
#8089 = VERTEX_POINT ( 'NONE', #3939 ) ;
#8090 =( NAMED_UNIT ( * ) SI_UNIT ( $, .STERADIAN. ) SOLID_ANGLE_UNIT ( ) );
#8091 = CARTESIAN_POINT ( 'NONE',  ( 0.6500000000000000200, 0.0000000000000000000, 0.1758578643762690200 ) ) ;
#8092 = CARTESIAN_POINT ( 'NONE',  ( 0.8000000000000000400, 0.3875735931288070100, 0.1758578643762690500 ) ) ;
#8093 = EDGE_LOOP ( 'NONE', ( #4481, #1158, #10467, #5483, #11099, #7509, #7589 ) ) ;
#8094 = VECTOR ( 'NONE', #9895, 1000.000000000000000 ) ;
#8095 = CARTESIAN_POINT ( 'NONE',  ( -0.4670601198863058000, -0.2693041568910423100, 0.6724082048563627700 ) ) ;
#8096 = FILL_AREA_STYLE_COLOUR ( '', #9056 ) ;
#8097 =( LENGTH_UNIT ( ) NAMED_UNIT ( * ) SI_UNIT ( .MILLI., .METRE. ) );
#8098 = CARTESIAN_POINT ( 'NONE',  ( 1.512875014679730300, 1.980050006160170200, 0.0000000000000000000 ) ) ;
#8099 = EDGE_CURVE ( 'NONE', #7491, #4941, #5800, .T. ) ;
#8100 = FILL_AREA_STYLE_COLOUR ( '', #1169 ) ;
#8101 = AXIS2_PLACEMENT_3D ( 'NONE', #6054, #6011, #5967 ) ;
#8102 = EDGE_CURVE ( 'NONE', #11335, #9108, #10293, .T. ) ;
#8103 = ORIENTED_EDGE ( 'NONE', *, *, #1388, .F. ) ;
#8104 = CARTESIAN_POINT ( 'NONE',  ( 1.587247410737570000, 2.018411542326989900, 0.0000000000000000000 ) ) ;
#8105 = PRESENTATION_LAYER_ASSIGNMENT (  '', '', ( #6886 ) ) ;
#8106 = VECTOR ( 'NONE', #2600, 1000.000000000000000 ) ;
#8107 = DIRECTION ( 'NONE',  ( 0.0000000000000000000, 0.0000000000000000000, 1.000000000000000000 ) ) ;
#8108 = ORIENTED_EDGE ( 'NONE', *, *, #9283, .F. ) ;
#8109 =( LENGTH_UNIT ( ) NAMED_UNIT ( * ) SI_UNIT ( .MILLI., .METRE. ) );
#8110 = CARTESIAN_POINT ( 'NONE',  ( 1.587213375081740100, 2.023244605453760100, 0.0000000000000000000 ) ) ;
#8111 = CARTESIAN_POINT ( 'NONE',  ( -0.1991441109234209900, 0.1499999999999999900, 0.02000000000000000000 ) ) ;
#8112 = SURFACE_STYLE_FILL_AREA ( #6258 ) ;
#8113 = DIRECTION ( 'NONE',  ( 0.0000000000000000000, 0.0000000000000000000, 1.000000000000000000 ) ) ;
#8114 = CARTESIAN_POINT ( 'NONE',  ( 1.543833400629000200, 1.998667509894980000, 0.0000000000000000000 ) ) ;
#8115 = LINE ( 'NONE', #868, #10501 ) ;
#8116 = CARTESIAN_POINT ( 'NONE',  ( 1.581427313591950100, 1.984307814983659700, 0.1000000000000000300 ) ) ;
#8117 = STYLED_ITEM ( 'NONE', ( #6380 ), #551 ) ;
#8118 = EDGE_CURVE ( 'NONE', #368, #9036, #10571, .T. ) ;
#8119 = STYLED_ITEM ( 'NONE', ( #607 ), #5939 ) ;
#8120 =( GEOMETRIC_REPRESENTATION_CONTEXT ( 3 ) GLOBAL_UNCERTAINTY_ASSIGNED_CONTEXT ( ( #11219 ) ) GLOBAL_UNIT_ASSIGNED_CONTEXT ( ( #8820, #3482, #9729 ) ) REPRESENTATION_CONTEXT ( 'NONE', 'WORKASPACE' ) );
#8121 = PRESENTATION_STYLE_ASSIGNMENT (( #371 ) ) ;
#8122 = CARTESIAN_POINT ( 'NONE',  ( 0.7960104076400857900, 0.1540413993313949300, 0.004343145750507655700 ) ) ;
#8123 =( NAMED_UNIT ( * ) SI_UNIT ( $, .STERADIAN. ) SOLID_ANGLE_UNIT ( ) );
#8124 = ORIENTED_EDGE ( 'NONE', *, *, #8102, .F. ) ;
#8125 = COLOUR_RGB ( '',1.000000000000000000, 0.9921568627450980700, 0.9411764705882352800 ) ;
#8126 = DIRECTION ( 'NONE',  ( -1.000000000000000000, -0.0000000000000000000, -0.0000000000000000000 ) ) ;
#8127 = DIRECTION ( 'NONE',  ( 1.000000000000000000, 0.0000000000000000000, 0.0000000000000000000 ) ) ;
#8128 = CARTESIAN_POINT ( 'NONE',  ( -0.4000000000000000200, 0.3499999999999999800, 0.1799999999999999700 ) ) ;
#8129 = PLANE ( 'NONE',  #3961 ) ;
#8130 = ORIENTED_EDGE ( 'NONE', *, *, #9006, .T. ) ;
#8131 = COLOUR_RGB ( '',0.0000000000000000000, 0.7019607843137254400, 0.9803921568627450600 ) ;
#8132 = CARTESIAN_POINT ( 'NONE',  ( -0.1991441109234209900, 0.1499999999999999900, 0.02000000000000000000 ) ) ;
#8133 = UNCERTAINTY_MEASURE_WITH_UNIT (LENGTH_MEASURE( 1.000000000000000100E-005 ), #2098, 'distance_accuracy_value', 'NONE');
#8134 =( LENGTH_UNIT ( ) NAMED_UNIT ( * ) SI_UNIT ( .MILLI., .METRE. ) );
#8135 = ORIENTED_EDGE ( 'NONE', *, *, #765, .T. ) ;
#8136 = STYLED_ITEM ( 'NONE', ( #11435 ), #6934 ) ;
#8137 = CARTESIAN_POINT ( 'NONE',  ( 1.587247410737570000, 1.984307815193020000, 0.0000000000000000000 ) ) ;
#8138 = FACE_OUTER_BOUND ( 'NONE', #1698, .T. ) ;
#8139 = CARTESIAN_POINT ( 'NONE',  ( 0.4000000000000000200, 0.3499999999999999800, 0.1799999999999999900 ) ) ;
#8140 = CARTESIAN_POINT ( 'NONE',  ( 1.584218237369390000, 2.018411542326989900, 0.1000000000000000100 ) ) ;
#8141 = ORIENTED_EDGE ( 'NONE', *, *, #6284, .T. ) ;
#8142 =( LENGTH_UNIT ( ) NAMED_UNIT ( * ) SI_UNIT ( .MILLI., .METRE. ) );
#8143 = EDGE_LOOP ( 'NONE', ( #7544, #11583, #1204, #2551 ) ) ;
#8144 = DIRECTION ( 'NONE',  ( 1.000000000000000000, 0.0000000000000000000, 0.0000000000000000000 ) ) ;
#8145 = CARTESIAN_POINT ( 'NONE',  ( -0.7899999999999999200, 0.3817157287525380600, 0.1800000000000000200 ) ) ;
#8146 =( BOUNDED_SURFACE ( )  B_SPLINE_SURFACE ( 3, 3, ( 
 ( #2162, #8447, #3120, #9360 ),
 ( #4023, #10282, #4920, #11169 ),
 ( #5813, #438, #6683, #1331 ),
 ( #7582, #2245, #8495, #3158 ) ),
 .UNSPECIFIED., .F., .F., .F. ) 
 B_SPLINE_SURFACE_WITH_KNOTS ( ( 4, 4 ),
 ( 4, 4 ),
 ( 0.0000000000000000000, 1.000000000000000000 ),
 ( 0.0000000000000000000, 1.000000000000000000 ),
 .UNSPECIFIED. ) 
 GEOMETRIC_REPRESENTATION_ITEM ( )  RATIONAL_B_SPLINE_SURFACE ( (
 ( 1.000000000000000000, 0.3333333333333352000, 0.3333333333333352000, 1.000000000000000000),
 ( 0.9289825745457271900, 0.3096608581819108000, 0.3096608581819108000, 0.9289825745457271900),
 ( 0.9289825745457271900, 0.3096608581819108000, 0.3096608581819108000, 0.9289825745457271900),
 ( 1.000000000000000000, 0.3333333333333352000, 0.3333333333333352000, 1.000000000000000000) ) ) 
 REPRESENTATION_ITEM ( '' )  SURFACE ( )  );
#8147 = CARTESIAN_POINT ( 'NONE',  ( -0.7900000000000000400, -0.3500000000000000300, 0.1700000000000000100 ) ) ;
#8148 = FILL_AREA_STYLE_COLOUR ( '', #10473 ) ;
#8149 =( LENGTH_UNIT ( ) NAMED_UNIT ( * ) SI_UNIT ( .MILLI., .METRE. ) );
#8150 = CARTESIAN_POINT ( 'NONE',  ( 1.587247410737570000, 1.984307815193020000, 0.1000000000000000100 ) ) ;
#8151 = PRESENTATION_LAYER_ASSIGNMENT (  '', '', ( #6355 ) ) ;
#8152 = ORIENTED_EDGE ( 'NONE', *, *, #1633, .T. ) ;
#8153 = DIRECTION ( 'NONE',  ( 0.0000000000000000000, -1.000000000000000000, -0.0000000000000000000 ) ) ;
#8154 = PRESENTATION_LAYER_ASSIGNMENT (  '', '', ( #6939 ) ) ;
#8155 = DIRECTION ( 'NONE',  ( -1.000000000000000000, -0.0000000000000000000, 0.0000000000000000000 ) ) ;
#8156 = FILL_AREA_STYLE_COLOUR ( '', #3893 ) ;
#8157 = VECTOR ( 'NONE', #7420, 1000.000000000000000 ) ;
#8158 =( NAMED_UNIT ( * ) SI_UNIT ( $, .STERADIAN. ) SOLID_ANGLE_UNIT ( ) );
#8159 = CARTESIAN_POINT ( 'NONE',  ( 0.4480549931478379800, 0.2980549931478380100, 0.5999999999999999800 ) ) ;
#8160 = ORIENTED_EDGE ( 'NONE', *, *, #3101, .F. ) ;
#8161 = LINE ( 'NONE', #693, #1281 ) ;
#8162 = EDGE_CURVE ( 'NONE', #6460, #8647, #3142, .T. ) ;
#8163 = DIRECTION ( 'NONE',  ( -1.000000000000000000, -0.0000000000000000000, -0.0000000000000000000 ) ) ;
#8164 = PRESENTATION_LAYER_ASSIGNMENT (  '', '', ( #7542 ) ) ;
#8165 = CARTESIAN_POINT ( 'NONE',  ( -0.8000000000000000400, -0.1850000000000000000, 0.1599999999999999800 ) ) ;
#8166 = ORIENTED_EDGE ( 'NONE', *, *, #3382, .F. ) ;
#8167 = FACE_OUTER_BOUND ( 'NONE', #3610, .T. ) ;
#8168 = CARTESIAN_POINT ( 'NONE',  ( -0.4925819434078036500, 0.3193175798994705200, 0.6080779394139741400 ) ) ;
#8169 = CARTESIAN_POINT ( 'NONE',  ( -0.7900000000000000400, 0.1596871942267129900, 0.1800000000000000500 ) ) ;
#8170 = PRESENTATION_LAYER_ASSIGNMENT (  '', '', ( #7547 ) ) ;
#8171 = ORIENTED_EDGE ( 'NONE', *, *, #8406, .F. ) ;
#8172 = SURFACE_SIDE_STYLE ('',( #10294 ) ) ;
#8173 = VECTOR ( 'NONE', #10003, 1000.000000000000000 ) ;
#8174 = COLOUR_RGB ( '',1.000000000000000000, 0.9921568627450980700, 0.9411764705882352800 ) ;
#8175 = CARTESIAN_POINT ( 'NONE',  ( -0.4000000000000000200, -0.1749999999999999900, 0.02000000000000000000 ) ) ;
#8176 = ORIENTED_EDGE ( 'NONE', *, *, #9948, .T. ) ;
#8177 = LINE ( 'NONE', #9275, #1049 ) ;
#8178 = VERTEX_POINT ( 'NONE', #3081 ) ;
#8179 = CARTESIAN_POINT ( 'NONE',  ( -0.7854284641271247500, 0.1552291404743183200, -0.005280001234874963500 ) ) ;
#8180 = DIRECTION ( 'NONE',  ( 0.0000000000000000000, -1.000000000000000000, 0.0000000000000000000 ) ) ;
#8181 = EDGE_CURVE ( 'NONE', #4941, #1646, #5267, .T. ) ;
#8182 =( NAMED_UNIT ( * ) PLANE_ANGLE_UNIT ( ) SI_UNIT ( $, .RADIAN. ) );
#8183 = EDGE_CURVE ( 'NONE', #7481, #4077, #762, .T. ) ;
#8184 = CARTESIAN_POINT ( 'NONE',  ( 1.579657459489189900, 2.016301331666010100, 0.09999999999999997800 ) ) ;
#8185 = AXIS2_PLACEMENT_3D ( 'NONE', #10610, #5259, #11513 ) ;
#8186 = PRESENTATION_LAYER_ASSIGNMENT (  '', '', ( #6974 ) ) ;
#8187 = FILL_AREA_STYLE_COLOUR ( '', #9819 ) ;
#8188 = FILL_AREA_STYLE ('',( #8148 ) ) ;
#8189 = ORIENTED_EDGE ( 'NONE', *, *, #1946, .F. ) ;
#8190 = CARTESIAN_POINT ( 'NONE',  ( 1.512875014679730300, 1.980050006160170200, 0.1000000000000000100 ) ) ;
#8191 = COLOUR_RGB ( '',0.0000000000000000000, 0.7019607843137254400, 0.9803921568627450600 ) ;
#8192 = LINE ( 'NONE', #10698, #1307 ) ;
#8193 = DIRECTION ( 'NONE',  ( 0.0000000000000000000, 1.000000000000000000, 0.0000000000000000000 ) ) ;
#8194 = FACE_OUTER_BOUND ( 'NONE', #1642, .T. ) ;
#8196 = DIRECTION ( 'NONE',  ( 1.000000000000000000, 0.0000000000000000000, -0.0000000000000000000 ) ) ;
#8195 = LINE ( 'NONE', #7296, #1065 ) ;
#8197 = FILL_AREA_STYLE_COLOUR ( '', #2998 ) ;
#8198 = MECHANICAL_DESIGN_GEOMETRIC_PRESENTATION_REPRESENTATION (  '', ( #6409 ), #8808 ) ;
#8199 = ORIENTED_EDGE ( 'NONE', *, *, #5304, .T. ) ;
#8200 = AXIS2_PLACEMENT_3D ( 'NONE', #4155, #6786, #10415 ) ;
#8201 = STYLED_ITEM ( 'NONE', ( #2223 ), #9475 ) ;
#8202 = CARTESIAN_POINT ( 'NONE',  ( 0.4000000000000000200, 0.1850000000000000000, 0.03000000000000000200 ) ) ;
#8203 = DIRECTION ( 'NONE',  ( 0.0000000000000000000, -1.000000000000000000, 0.0000000000000000000 ) ) ;
#8204 = PRESENTATION_STYLE_ASSIGNMENT (( #9770 ) ) ;
#8205 = DIRECTION ( 'NONE',  ( 0.0000000000000000000, -1.000000000000000000, -0.0000000000000000000 ) ) ;
#8206 =( NAMED_UNIT ( * ) PLANE_ANGLE_UNIT ( ) SI_UNIT ( $, .RADIAN. ) );
#8207 = VECTOR ( 'NONE', #10678, 1000.000000000000000 ) ;
#8208 = EDGE_LOOP ( 'NONE', ( #5080, #3330, #9956, #4417 ) ) ;
#8209 = CARTESIAN_POINT ( 'NONE',  ( 1.574484039804199900, 2.001359678760009900, 0.0000000000000000000 ) ) ;
#8210 =( BOUNDED_SURFACE ( )  B_SPLINE_SURFACE ( 3, 3, ( 
 ( #5618, #4652, #4600, #4563 ),
 ( #4527, #4495, #4447, #4366 ),
 ( #4239, #4193, #4151, #4042 ),
 ( #4001, #3963, #3930, #3850 ) ),
 .UNSPECIFIED., .F., .F., .F. ) 
 B_SPLINE_SURFACE_WITH_KNOTS ( ( 4, 4 ),
 ( 4, 4 ),
 ( 0.0000000000000000000, 1.000000000000000000 ),
 ( 0.0000000000000000000, 1.000000000000000000 ),
 .UNSPECIFIED. ) 
 GEOMETRIC_REPRESENTATION_ITEM ( )  RATIONAL_B_SPLINE_SURFACE ( (
 ( 1.000000000000000000, 0.8192459912371082800, 0.8192459912371082800, 1.000000000000000000),
 ( 0.8047378541243676000, 0.6592782609881410200, 0.6592782609881410200, 0.8047378541243676000),
 ( 0.8047378541243676000, 0.6592782609881410200, 0.6592782609881410200, 0.8047378541243676000),
 ( 1.000000000000000000, 0.8192459912371082800, 0.8192459912371082800, 1.000000000000000000) ) ) 
 REPRESENTATION_ITEM ( '' )  SURFACE ( )  );
#8211 = ORIENTED_EDGE ( 'NONE', *, *, #11076, .F. ) ;
#8212 = FACE_OUTER_BOUND ( 'NONE', #7718, .T. ) ;
#8213 = CARTESIAN_POINT ( 'NONE',  ( 0.5003726924179342500, -0.4000000000000003600, 0.1799999999999999900 ) ) ;
#8214 = ORIENTED_EDGE ( 'NONE', *, *, #2387, .F. ) ;
#8215 = CARTESIAN_POINT ( 'NONE',  ( 1.587213375081740100, 1.979474752066250100, 0.0000000000000000000 ) ) ;
#8216 = SURFACE_STYLE_FILL_AREA ( #7787 ) ;
#8217 = LINE ( 'NONE', #8858, #1087 ) ;
#8218 = CARTESIAN_POINT ( 'NONE',  ( -0.7900000000000001500, -0.3700000000000000000, 0.1800000000000000200 ) ) ;
#8219 = VECTOR ( 'NONE', #11195, 1000.000000000000000 ) ;
#8220 = DIRECTION ( 'NONE',  ( 1.000000000000000000, 0.0000000000000000000, -0.0000000000000000000 ) ) ;
#8221 = PRESENTATION_LAYER_ASSIGNMENT (  '', '', ( #8823 ) ) ;
#8222 = CARTESIAN_POINT ( 'NONE',  ( 0.4000000000000000200, 0.3499999999999999800, 0.02000000000000000000 ) ) ;
#8223 = ORIENTED_EDGE ( 'NONE', *, *, #5116, .F. ) ;
#8224 = CARTESIAN_POINT ( 'NONE',  ( 0.4470480758322385500, -0.3207392495628431700, 0.6473315337604773600 ) ) ;
#8226 = CARTESIAN_POINT ( 'NONE',  ( 0.0000000000000000000, 0.1270000000000000000, 0.0000000000000000000 ) ) ;
#8225 =( GEOMETRIC_REPRESENTATION_CONTEXT ( 3 ) GLOBAL_UNCERTAINTY_ASSIGNED_CONTEXT ( ( #7047 ) ) GLOBAL_UNIT_ASSIGNED_CONTEXT ( ( #5099, #11354, #5973 ) ) REPRESENTATION_CONTEXT ( 'NONE', 'WORKASPACE' ) );
#8227 = ORIENTED_EDGE ( 'NONE', *, *, #10401, .F. ) ;
#8228 = VECTOR ( 'NONE', #7791, 1000.000000000000000 ) ;
#8229 = CARTESIAN_POINT ( 'NONE',  ( 1.574484039488309900, 1.993089013936030200, 0.0000000000000000000 ) ) ;
#8230 = CARTESIAN_POINT ( 'NONE',  ( 0.07619999999999999000, 0.1270000000000000000, 0.0000000000000000000 ) ) ;
#8231 = UNCERTAINTY_MEASURE_WITH_UNIT (LENGTH_MEASURE( 1.000000000000000100E-005 ), #3582, 'distance_accuracy_value', 'NONE');
#8232 = ORIENTED_EDGE ( 'NONE', *, *, #379, .T. ) ;
#8233 = CARTESIAN_POINT ( 'NONE',  ( 0.4000000000000000200, -0.3499999999999999800, 0.0000000000000000000 ) ) ;
#8234 = CARTESIAN_POINT ( 'NONE',  ( 0.4480549931478378100, 0.2980549931478377900, 0.5999999999999995300 ) ) ;
#8235 = ORIENTED_EDGE ( 'NONE', *, *, #1654, .F. ) ;
#8236 = EDGE_CURVE ( 'NONE', #1699, #9619, #5552, .T. ) ;
#8237 = AXIS2_PLACEMENT_3D ( 'NONE', #736, #863, #983 ) ;
#8238 = CARTESIAN_POINT ( 'NONE',  ( 1.587213375081740100, 1.979474752066250100, 0.1000000000000000100 ) ) ;
#8239 = EDGE_LOOP ( 'NONE', ( #2071, #707, #9376, #1885, #5479, #5505, #7330, #8941, #426, #5966 ) ) ;
#8240 = PRESENTATION_STYLE_ASSIGNMENT (( #6612 ) ) ;
#8241 = CARTESIAN_POINT ( 'NONE',  ( 1.464646490379500000, 2.022050005444920200, 0.0000000000000000000 ) ) ;
#8242 = PRESENTATION_LAYER_ASSIGNMENT (  '', '', ( #7610 ) ) ;
#8243 = PRESENTATION_STYLE_ASSIGNMENT (( #4670 ) ) ;
#8244 =( NAMED_UNIT ( * ) PLANE_ANGLE_UNIT ( ) SI_UNIT ( $, .RADIAN. ) );
#8245 = VERTEX_POINT ( 'NONE', #3114 ) ;
#8246 = FACE_OUTER_BOUND ( 'NONE', #2896, .T. ) ;
#8247 = UNCERTAINTY_MEASURE_WITH_UNIT (LENGTH_MEASURE( 1.000000000000000100E-005 ), #8048, 'distance_accuracy_value', 'NONE');
#8248 = EDGE_CURVE ( 'NONE', #8019, #2706, #466, .T. ) ;
#8249 = EDGE_CURVE ( 'NONE', #1414, #9692, #7314, .T. ) ;
#8250 = AXIS2_PLACEMENT_3D ( 'NONE', #1614, #7872, #2537 ) ;
#8251 = CARTESIAN_POINT ( 'NONE',  ( 0.7960104076400857900, -0.1540413993313949300, 0.1756568542494923400 ) ) ;
#8252 = PRESENTATION_STYLE_ASSIGNMENT (( #8641 ) ) ;
#8253 = DIRECTION ( 'NONE',  ( -0.0000000000000000000, 1.000000000000000000, -0.0000000000000000000 ) ) ;
#8254 = SURFACE_STYLE_USAGE ( .BOTH. , #1989 ) ;
#8255 = DIRECTION ( 'NONE',  ( 1.000000000000000000, 0.0000000000000000000, 0.0000000000000000000 ) ) ;
#8256 = CARTESIAN_POINT ( 'NONE',  ( 1.581427313591950100, 1.984307814983659700, 0.0000000000000000000 ) ) ;
#8257 = DIRECTION ( 'NONE',  ( 1.000000000000000000, -0.0000000000000000000, -0.0000000000000000000 ) ) ;
#8258 = DIRECTION ( 'NONE',  ( -0.06249999999999743300, -0.9980449639169571800, 0.0000000000000000000 ) ) ;
#8259 = ORIENTED_EDGE ( 'NONE', *, *, #7410, .T. ) ;
#8260 = ORIENTED_EDGE ( 'NONE', *, *, #1959, .T. ) ;
#8261 = FILL_AREA_STYLE_COLOUR ( '', #7804 ) ;
#8262 = SURFACE_SIDE_STYLE ('',( #9602 ) ) ;
#8263 = STYLED_ITEM ( 'NONE', ( #7395 ), #681 ) ;
#8264 = EDGE_CURVE ( 'NONE', #8178, #10866, #7590, .T. ) ;
#8265 =( GEOMETRIC_REPRESENTATION_CONTEXT ( 3 ) GLOBAL_UNCERTAINTY_ASSIGNED_CONTEXT ( ( #8721 ) ) GLOBAL_UNIT_ASSIGNED_CONTEXT ( ( #5037, #11280, #5915 ) ) REPRESENTATION_CONTEXT ( 'NONE', 'WORKASPACE' ) );
#8266 = MECHANICAL_DESIGN_GEOMETRIC_PRESENTATION_REPRESENTATION (  '', ( #7059 ), #8876 ) ;
#8267 = CARTESIAN_POINT ( 'NONE',  ( -0.7900000000000000400, 0.1596871942267129900, 0.009999999999999998500 ) ) ;
#8268 = DIRECTION ( 'NONE',  ( 0.0000000000000000000, -0.0000000000000000000, 1.000000000000000000 ) ) ;
#8269 =( LENGTH_UNIT ( ) NAMED_UNIT ( * ) SI_UNIT ( .MILLI., .METRE. ) );
#8270 = VERTEX_POINT ( 'NONE', #3152 ) ;
#8271 = PRODUCT_DEFINITION_CONTEXT ( 'detailed design', #541, 'design' ) ;
#8272 =( BOUNDED_SURFACE ( )  B_SPLINE_SURFACE ( 3, 3, ( 
 ( #3578, #34, #6293, #942 ),
 ( #7165, #1845, #8092, #2744 ),
 ( #8991, #3662, #9918, #4557 ),
 ( #10800, #5475, #70, #6333 ) ),
 .UNSPECIFIED., .F., .F., .F. ) 
 B_SPLINE_SURFACE_WITH_KNOTS ( ( 4, 4 ),
 ( 4, 4 ),
 ( 0.0000000000000000000, 1.000000000000000000 ),
 ( 0.0000000000000000000, 1.000000000000000000 ),
 .UNSPECIFIED. ) 
 GEOMETRIC_REPRESENTATION_ITEM ( )  RATIONAL_B_SPLINE_SURFACE ( (
 ( 1.000000000000000000, 0.8047378541243649400, 0.8047378541243649400, 1.000000000000000000),
 ( 0.8047378541243676000, 0.6476030138606898600, 0.6476030138606898600, 0.8047378541243676000),
 ( 0.8047378541243676000, 0.6476030138606898600, 0.6476030138606898600, 0.8047378541243676000),
 ( 1.000000000000000000, 0.8047378541243649400, 0.8047378541243649400, 1.000000000000000000) ) ) 
 REPRESENTATION_ITEM ( '' )  SURFACE ( )  );
#8273 = ORIENTED_EDGE ( 'NONE', *, *, #1558, .T. ) ;
#8274 = CARTESIAN_POINT ( 'NONE',  ( 1.598172856298110100, 1.982265675680380000, 0.09999999999999997800 ) ) ;
#8275 = DIRECTION ( 'NONE',  ( 1.000000000000000000, 0.0000000000000000000, -0.0000000000000000000 ) ) ;
#8276 = LINE ( 'NONE', #3337, #5898 ) ;
#8277 = SURFACE_SIDE_STYLE ('',( #11047 ) ) ;
#8278 = MECHANICAL_DESIGN_GEOMETRIC_PRESENTATION_REPRESENTATION (  '', ( #7074 ), #8896 ) ;
#8279 = ORIENTED_EDGE ( 'NONE', *, *, #10074, .F. ) ;
#8280 = AXIS2_PLACEMENT_3D ( 'NONE', #1400, #7659, #2317 ) ;
#8281 = B_SPLINE_CURVE_WITH_KNOTS ( 'NONE', 2,
 ( #7866, #2488, #11501, #6127 ),
 .UNSPECIFIED., .F., .F.,
 ( 3, 1, 3 ),
 ( 0.0000000000000000000, 8.649057145615921500E-006, 1.729811429123184300E-005 ),
 .UNSPECIFIED. ) ;
#8283 = DIRECTION ( 'NONE',  ( 0.0000000000000000000, 0.0000000000000000000, 1.000000000000000000 ) ) ;
#8282 = PRESENTATION_STYLE_ASSIGNMENT (( #2181 ) ) ;
#8284 = CARTESIAN_POINT ( 'NONE',  ( 0.7700000000000000200, -0.3900000000000000100, 0.1800000000000000200 ) ) ;
#8285 = SURFACE_SIDE_STYLE ('',( #10593 ) ) ;
#8286 = ORIENTED_EDGE ( 'NONE', *, *, #6491, .F. ) ;
#8287 = CARTESIAN_POINT ( 'NONE',  ( 1.525298029054880100, 2.014051626326669900, 0.0000000000000000000 ) ) ;
#8288 =( LENGTH_UNIT ( ) NAMED_UNIT ( * ) SI_UNIT ( .MILLI., .METRE. ) );
#8289 = EDGE_CURVE ( 'NONE', #10623, #789, #197, .T. ) ;
#8290 = DIRECTION ( 'NONE',  ( 0.0000000000000000000, 1.000000000000000000, 0.0000000000000000000 ) ) ;
#8291 = PRESENTATION_LAYER_ASSIGNMENT (  '', '', ( #7097 ) ) ;
#8292 = STYLED_ITEM ( 'NONE', ( #10732 ), #11299 ) ;
#8293 = CARTESIAN_POINT ( 'NONE',  ( -0.7906249999999998000, 0.1497067445875435200, 0.1758578643762690200 ) ) ;
#8294 = MECHANICAL_DESIGN_GEOMETRIC_PRESENTATION_REPRESENTATION (  '', ( #5906 ), #8917 ) ;
#8295 = ORIENTED_EDGE ( 'NONE', *, *, #7410, .F. ) ;
#8296 = CARTESIAN_POINT ( 'NONE',  ( 0.8000000000000000400, -0.1749999999999999900, 0.02000000000000000000 ) ) ;
#8297 = COLOUR_RGB ( '',0.0000000000000000000, 0.7019607843137254400, 0.9803921568627450600 ) ;
#8298 =( LENGTH_UNIT ( ) NAMED_UNIT ( * ) SI_UNIT ( .MILLI., .METRE. ) );
#8299 = ORIENTED_EDGE ( 'NONE', *, *, #8470, .T. ) ;
#8300 = PRESENTATION_STYLE_ASSIGNMENT (( #10182 ) ) ;
#8301 = EDGE_CURVE ( 'NONE', #5677, #4554, #4700, .T. ) ;
#8302 = SURFACE_SIDE_STYLE ('',( #6283 ) ) ;
#8303 = MECHANICAL_DESIGN_GEOMETRIC_PRESENTATION_REPRESENTATION (  '', ( #6507 ), #8935 ) ;
#8304 = FILL_AREA_STYLE ('',( #7402 ) ) ;
#8305 = PRESENTATION_STYLE_ASSIGNMENT (( #83 ) ) ;
#8306 = DIRECTION ( 'NONE',  ( 1.000000000000000000, 0.0000000000000000000, 0.0000000000000000000 ) ) ;
#8307 = ORIENTED_EDGE ( 'NONE', *, *, #8611, .T. ) ;
#8308 = PRODUCT_DEFINITION_FORMATION_WITH_SPECIFIED_SOURCE ( 'ANY', '', #3209, .NOT_KNOWN. ) ;
#8309 = DIRECTION ( 'NONE',  ( -0.0000000000000000000, -0.0000000000000000000, 1.000000000000000000 ) ) ;
#8310 = CARTESIAN_POINT ( 'NONE',  ( 0.4514535246750243600, -0.3516608847354835100, 0.6299027702572728100 ) ) ;
#8311 = CARTESIAN_POINT ( 'NONE',  ( 1.611923261208750200, 2.022359678402379800, 0.0000000000000000000 ) ) ;
#8312 = CARTESIAN_POINT ( 'NONE',  ( 1.605796843160729900, 2.001359678760009900, 0.1000000000000000100 ) ) ;
#8313 = SURFACE_SIDE_STYLE ('',( #4713 ) ) ;
#8314 = ORIENTED_EDGE ( 'NONE', *, *, #225, .T. ) ;
#8315 = LINE ( 'NONE', #11479, #8053 ) ;
#8316 = STYLED_ITEM ( 'NONE', ( #2029 ), #484 ) ;
#8317 = CARTESIAN_POINT ( 'NONE',  ( -0.7700000000000000200, 0.4000000000000000200, 0.02000000000000000000 ) ) ;
#8318 = EDGE_CURVE ( 'NONE', #8002, #5724, #11563, .T. ) ;
#8319 =( GEOMETRIC_REPRESENTATION_CONTEXT ( 3 ) GLOBAL_UNCERTAINTY_ASSIGNED_CONTEXT ( ( #5654 ) ) GLOBAL_UNIT_ASSIGNED_CONTEXT ( ( #11635, #6244, #888 ) ) REPRESENTATION_CONTEXT ( 'NONE', 'WORKASPACE' ) );
#8320 =( GEOMETRIC_REPRESENTATION_CONTEXT ( 3 ) GLOBAL_UNCERTAINTY_ASSIGNED_CONTEXT ( ( #2043 ) ) GLOBAL_UNIT_ASSIGNED_CONTEXT ( ( #5038, #11281, #5916 ) ) REPRESENTATION_CONTEXT ( 'NONE', 'WORKASPACE' ) );
#8321 = DIRECTION ( 'NONE',  ( 0.4565542962317887300, -0.8896955516311724200, 0.0000000000000000000 ) ) ;
#8322 = COLOUR_RGB ( '',0.8627450980392157300, 0.6274509803921568500, 0.05882352941176470500 ) ;
#8323 = CARTESIAN_POINT ( 'NONE',  ( 0.5500000000000000400, 0.0000000000000000000, 0.1799999999999999900 ) ) ;
#8324 = ORIENTED_EDGE ( 'NONE', *, *, #10302, .F. ) ;
#8325 = DIRECTION ( 'NONE',  ( 1.000000000000000000, 0.0000000000000000000, 0.0000000000000000000 ) ) ;
#8326 = B_SPLINE_CURVE_WITH_KNOTS ( 'NONE', 2,
 ( #2819, #9100, #4661, #10906 ),
 .UNSPECIFIED., .F., .F.,
 ( 3, 1, 3 ),
 ( 0.0000000000000000000, 6.686988305779736900E-006, 1.337397661155947400E-005 ),
 .UNSPECIFIED. ) ;
#8327 = COLOUR_RGB ( '',1.000000000000000000, 0.9921568627450980700, 0.9411764705882352800 ) ;
#8328 = ORIENTED_EDGE ( 'NONE', *, *, #9216, .F. ) ;
#8329 = CARTESIAN_POINT ( 'NONE',  ( 0.07619999999999999000, -0.07619999999999999000, 0.0000000000000000000 ) ) ;
#8330 = ORIENTED_EDGE ( 'NONE', *, *, #7020, .T. ) ;
#8331 = FACE_OUTER_BOUND ( 'NONE', #7777, .T. ) ;
#8332 = SURFACE_SIDE_STYLE ('',( #1493 ) ) ;
#8333 =( NAMED_UNIT ( * ) PLANE_ANGLE_UNIT ( ) SI_UNIT ( $, .RADIAN. ) );
#8334 = ORIENTED_EDGE ( 'NONE', *, *, #9298, .T. ) ;
#8335 = PRESENTATION_STYLE_ASSIGNMENT (( #11188 ) ) ;
#8336 = PRESENTATION_STYLE_ASSIGNMENT (( #6195 ) ) ;
#8337 = FILL_AREA_STYLE_COLOUR ( '', #6615 ) ;
#8338 = CARTESIAN_POINT ( 'NONE',  ( 0.4925819434078035400, 0.3193175798994705200, 0.6080779394139739200 ) ) ;
#8339 =( GEOMETRIC_REPRESENTATION_CONTEXT ( 3 ) GLOBAL_UNCERTAINTY_ASSIGNED_CONTEXT ( ( #7537 ) ) GLOBAL_UNIT_ASSIGNED_CONTEXT ( ( #2194, #8433, #3108 ) ) REPRESENTATION_CONTEXT ( 'NONE', 'WORKASPACE' ) );
#8340 = LINE ( 'NONE', #596, #3621 ) ;
#8341 = VERTEX_POINT ( 'NONE', #4943 ) ;
#8342 = ORIENTED_EDGE ( 'NONE', *, *, #7475, .T. ) ;
#8343 = AXIS2_PLACEMENT_3D ( 'NONE', #10178, #11061, #9288 ) ;
#8344 = LINE ( 'NONE', #1567, #5968 ) ;
#8345 = CARTESIAN_POINT ( 'NONE',  ( 0.7906889315499394700, -0.1502877917503756800, 0.1747590663892458200 ) ) ;
#8346 = FILL_AREA_STYLE ('',( #2054 ) ) ;
#8347 = ORIENTED_EDGE ( 'NONE', *, *, #5045, .F. ) ;
#8348 = PRESENTATION_STYLE_ASSIGNMENT (( #10860 ) ) ;
#8349 = CARTESIAN_POINT ( 'NONE',  ( 1.635714184628548600, 1.980359679117639900, 0.0000000000000000000 ) ) ;
#8350 =( NAMED_UNIT ( * ) PLANE_ANGLE_UNIT ( ) SI_UNIT ( $, .RADIAN. ) );
#8351 = VERTEX_POINT ( 'NONE', #4083 ) ;
#8352 = ORIENTED_EDGE ( 'NONE', *, *, #5856, .F. ) ;
#8354 =( NAMED_UNIT ( * ) PLANE_ANGLE_UNIT ( ) SI_UNIT ( $, .RADIAN. ) );
#8353 = LINE ( 'NONE', #10096, #5975 ) ;
#8355 = ADVANCED_FACE ( 'NONE', ( #9149 ), #9876, .T. ) ;
#8356 = ORIENTED_EDGE ( 'NONE', *, *, #4885, .T. ) ;
#8357 = FILL_AREA_STYLE_COLOUR ( '', #3584 ) ;
#8358 = UNCERTAINTY_MEASURE_WITH_UNIT (LENGTH_MEASURE( 1.000000000000000100E-005 ), #3272, 'distance_accuracy_value', 'NONE');
#8359 = CARTESIAN_POINT ( 'NONE',  ( -0.7700000000000000200, -0.3900000000000000700, 0.1800000000000000200 ) ) ;
#8360 = UNCERTAINTY_MEASURE_WITH_UNIT (LENGTH_MEASURE( 1.000000000000000100E-005 ), #10591, 'distance_accuracy_value', 'NONE');
#8361 = VERTEX_POINT ( 'NONE', #11328 ) ;
#8362 = CIRCLE ( 'NONE', #4566, 0.01000000000000000400 ) ;
#8363 = SURFACE_SIDE_STYLE ('',( #3860 ) ) ;
#8364 = EDGE_CURVE ( 'NONE', #8736, #4170, #3580, .T. ) ;
#8365 = AXIS2_PLACEMENT_3D ( 'NONE', #3859, #10127, #4765 ) ;
#8366 =( NAMED_UNIT ( * ) PLANE_ANGLE_UNIT ( ) SI_UNIT ( $, .RADIAN. ) );
#8368 = DIRECTION ( 'NONE',  ( 0.5292407919724583200, 0.5292407919724604300, 0.6631804944543587800 ) ) ;
#8367 = STYLED_ITEM ( 'NONE', ( #3731 ), #7687 ) ;
#8369 = FACE_OUTER_BOUND ( 'NONE', #1201, .T. ) ;
#8370 = DIRECTION ( 'NONE',  ( -0.8896955516311724200, -0.4565542962317887300, 0.0000000000000000000 ) ) ;
#8371 = LINE ( 'NONE', #1562, #5997 ) ;
#8372 = ORIENTED_EDGE ( 'NONE', *, *, #11497, .T. ) ;
#8373 = DIRECTION ( 'NONE',  ( 0.0000000000000000000, -1.000000000000000000, 0.0000000000000000000 ) ) ;
#8374 = CARTESIAN_POINT ( 'NONE',  ( 1.540103539337589900, 1.998667509894980000, 0.0000000000000000000 ) ) ;
#8375 = CARTESIAN_POINT ( 'NONE',  ( 0.4000000000000000200, 0.1749999999999999900, 0.0000000000000000000 ) ) ;
#8376 = EDGE_CURVE ( 'NONE', #1631, #9844, #1163, .T. ) ;
#8377 = MECHANICAL_DESIGN_GEOMETRIC_PRESENTATION_REPRESENTATION (  '', ( #5984 ), #8990 ) ;
#8378 = DIRECTION ( 'NONE',  ( 1.000000000000000000, 0.0000000000000000000, -0.0000000000000000000 ) ) ;
#8379 = CARTESIAN_POINT ( 'NONE',  ( 1.443850704672070100, 1.988048385278420300, 0.1000000000000000100 ) ) ;
#8380 = UNCERTAINTY_MEASURE_WITH_UNIT (LENGTH_MEASURE( 1.000000000000000100E-005 ), #4287, 'distance_accuracy_value', 'NONE');
#8381 = AXIS2_PLACEMENT_3D ( 'NONE', #3376, #9623, #4271 ) ;
#8382 = SURFACE_STYLE_FILL_AREA ( #528 ) ;
#8383 = FILL_AREA_STYLE ('',( #2084 ) ) ;
#8384 = VECTOR ( 'NONE', #3000, 1000.000000000000000 ) ;
#8385 =( NAMED_UNIT ( * ) SI_UNIT ( $, .STERADIAN. ) SOLID_ANGLE_UNIT ( ) );
#8386 = ORIENTED_EDGE ( 'NONE', *, *, #3404, .T. ) ;
#8387 = VECTOR ( 'NONE', #7477, 1000.000000000000000 ) ;
#8388 = DIRECTION ( 'NONE',  ( -1.000000000000000000, 0.0000000000000000000, -0.0000000000000000000 ) ) ;
#8389 = EDGE_CURVE ( 'NONE', #1111, #9454, #10418, .T. ) ;
#8390 = EDGE_CURVE ( 'NONE', #3252, #8432, #3282, .T. ) ;
#8391 = MECHANICAL_DESIGN_GEOMETRIC_PRESENTATION_REPRESENTATION (  '', ( #7185 ), #9009 ) ;
#8392 = MECHANICAL_DESIGN_GEOMETRIC_PRESENTATION_REPRESENTATION (  '', ( #6587 ), #9010 ) ;
#8393 = VECTOR ( 'NONE', #7875, 1000.000000000000000 ) ;
#8394 = VERTEX_POINT ( 'NONE', #9557 ) ;
#8395 = LINE ( 'NONE', #10257, #1252 ) ;
#8396 = CARTESIAN_POINT ( 'NONE',  ( 1.481221854764970000, 2.001050005802550200, 0.0000000000000000000 ) ) ;
#8397 = EDGE_LOOP ( 'NONE', ( #3179, #5884, #3466, #7370, #9272 ) ) ;
#8398 =( LENGTH_UNIT ( ) NAMED_UNIT ( * ) SI_UNIT ( .MILLI., .METRE. ) );
#8399 = CARTESIAN_POINT ( 'NONE',  ( 1.611923261208750200, 1.980359679117640300, 0.0000000000000000000 ) ) ;
#8400 = DIRECTION ( 'NONE',  ( 0.0000000000000000000, 0.0000000000000000000, 1.000000000000000000 ) ) ;
#8401 = CARTESIAN_POINT ( 'NONE',  ( -0.7899999999999999200, 0.3817157287525380600, 0.1800000000000000200 ) ) ;
#8402 = ORIENTED_EDGE ( 'NONE', *, *, #3480, .F. ) ;
#8403 = DIRECTION ( 'NONE',  ( 0.0000000000000000000, -0.0000000000000000000, -1.000000000000000000 ) ) ;
#8404 = CARTESIAN_POINT ( 'NONE',  ( 0.7900000000000000400, 0.1596871942267130100, -3.630141202518429700E-018 ) ) ;
#8405 = AXIS2_PLACEMENT_3D ( 'NONE', #4977, #5028, #5071 ) ;
#8406 = EDGE_CURVE ( 'NONE', #4162, #10457, #7748, .T. ) ;
#8407 = UNCERTAINTY_MEASURE_WITH_UNIT (LENGTH_MEASURE( 1.000000000000000100E-005 ), #10577, 'distance_accuracy_value', 'NONE');
#8408 = ADVANCED_FACE ( 'NONE', ( #7723 ), #3643, .T. ) ;
#8409 = ORIENTED_EDGE ( 'NONE', *, *, #5643, .T. ) ;
#8410 = PRESENTATION_LAYER_ASSIGNMENT (  '', '', ( #6599 ) ) ;
#8411 = PRESENTATION_LAYER_ASSIGNMENT (  '', '', ( #7814 ) ) ;
#8412 = DIRECTION ( 'NONE',  ( -0.0000000000000000000, -0.0000000000000000000, -1.000000000000000000 ) ) ;
#8413 = SURFACE_SIDE_STYLE ('',( #11602 ) ) ;
#8414 = STYLED_ITEM ( 'NONE', ( #7398 ), #9403 ) ;
#8415 = DIRECTION ( 'NONE',  ( -1.000000000000000000, -0.0000000000000000000, -0.0000000000000000000 ) ) ;
#8416 = ORIENTED_EDGE ( 'NONE', *, *, #6321, .F. ) ;
#8417 = UNCERTAINTY_MEASURE_WITH_UNIT (LENGTH_MEASURE( 1.000000000000000100E-005 ), #9259, 'distance_accuracy_value', 'NONE');
#8418 =( NAMED_UNIT ( * ) PLANE_ANGLE_UNIT ( ) SI_UNIT ( $, .RADIAN. ) );
#8419 = PLANE ( 'NONE',  #3153 ) ;
#8420 = CARTESIAN_POINT ( 'NONE',  ( 0.4000000000000000200, 0.1749999999999999600, 0.02999999999999999900 ) ) ;
#8421 = MECHANICAL_DESIGN_GEOMETRIC_PRESENTATION_REPRESENTATION (  '', ( #6618 ), #9045 ) ;
#8422 = ORIENTED_EDGE ( 'NONE', *, *, #2099, .F. ) ;
#8423 = VECTOR ( 'NONE', #3026, 1000.000000000000000 ) ;
#8424 = ORIENTED_EDGE ( 'NONE', *, *, #10367, .F. ) ;
#8425 = CARTESIAN_POINT ( 'NONE',  ( 0.7900000000000000400, 0.1596871942267129600, 0.01000000000000000000 ) ) ;
#8426 = CYLINDRICAL_SURFACE ( 'NONE', #10043, 0.1499999999999999700 ) ;
#8427 =( LENGTH_UNIT ( ) NAMED_UNIT ( * ) SI_UNIT ( .MILLI., .METRE. ) );
#8428 = EDGE_LOOP ( 'NONE', ( #8166, #11353, #9554, #4432 ) ) ;
#8429 = CARTESIAN_POINT ( 'NONE',  ( 1.617130716549560100, 2.016573616912579900, 0.0000000000000000000 ) ) ;
#8430 = LINE ( 'NONE', #3983, #10845 ) ;
#8431 = EDGE_CURVE ( 'NONE', #9592, #7096, #6893, .T. ) ;
#8432 = VERTEX_POINT ( 'NONE', #9687 ) ;
#8433 =( NAMED_UNIT ( * ) PLANE_ANGLE_UNIT ( ) SI_UNIT ( $, .RADIAN. ) );
#8434 = ORIENTED_EDGE ( 'NONE', *, *, #6582, .T. ) ;
#8435 = DIRECTION ( 'NONE',  ( 0.0000000000000000000, 1.000000000000000000, 0.0000000000000000000 ) ) ;
#8436 = DIRECTION ( 'NONE',  ( 0.0000000000000000000, 0.0000000000000000000, -1.000000000000000000 ) ) ;
#8437 = STYLED_ITEM ( 'NONE', ( #5790 ), #8456 ) ;
#8438 = CARTESIAN_POINT ( 'NONE',  ( 0.8000000000000000400, -0.1850000000000000000, 0.03000000000000000200 ) ) ;
#8439 = FILL_AREA_STYLE_COLOUR ( '', #3093 ) ;
#8440 = DIRECTION ( 'NONE',  ( 1.000000000000000000, 0.0000000000000000000, -0.0000000000000000000 ) ) ;
#8441 = CARTESIAN_POINT ( 'NONE',  ( 0.7983293621280290700, -0.1565101149028558000, 0.004343145750507595800 ) ) ;
#8442 = CIRCLE ( 'NONE', #7755, 0.009999999999999998500 ) ;
#8443 = DIRECTION ( 'NONE',  ( -0.0000000000000000000, -1.000000000000000000, -0.0000000000000000000 ) ) ;
#8444 = EDGE_LOOP ( 'NONE', ( #3767, #9005, #2912, #4763, #10233, #6299, #9290, #7794, #2960, #7915 ) ) ;
#8445 = PRESENTATION_STYLE_ASSIGNMENT (( #6008 ) ) ;
#8446 = EDGE_CURVE ( 'NONE', #9148, #7076, #2131, .T. ) ;
#8447 = CARTESIAN_POINT ( 'NONE',  ( -0.7960104076400855700, 0.1540413993313948500, 0.1756568542494924800 ) ) ;
#8448 = EDGE_CURVE ( 'NONE', #5562, #1414, #4559, .T. ) ;
#8449 = FILL_AREA_STYLE_COLOUR ( '', #4956 ) ;
#8450 = STYLED_ITEM ( 'NONE', ( #1091 ), #3389 ) ;
#8451 = CARTESIAN_POINT ( 'NONE',  ( 1.502323961374810100, 2.014051626326669900, 0.0000000000000000000 ) ) ;
#8452 =( NAMED_UNIT ( * ) PLANE_ANGLE_UNIT ( ) SI_UNIT ( $, .RADIAN. ) );
#8453 = LINE ( 'NONE', #2988, #1607 ) ;
#8454 = EDGE_LOOP ( 'NONE', ( #3332, #4747, #10959, #6261 ) ) ;
#8455 = ADVANCED_FACE ( 'NONE', ( #11403 ), #2566, .F. ) ;
#8456 = ADVANCED_FACE ( 'NONE', ( #8167 ), #8818, .F. ) ;
#8457 = ORIENTED_EDGE ( 'NONE', *, *, #11497, .F. ) ;
#8458 = COLOUR_RGB ( '',0.0000000000000000000, 0.6470588235294118000, 0.9568627450980391500 ) ;
#8459 = FACE_OUTER_BOUND ( 'NONE', #3047, .T. ) ;
#8460 = DIRECTION ( 'NONE',  ( -1.000000000000000000, -0.0000000000000000000, -0.0000000000000000000 ) ) ;
#8461 = COLOUR_RGB ( '',1.000000000000000000, 0.9921568627450980700, 0.9411764705882352800 ) ;
#8462 = CARTESIAN_POINT ( 'NONE',  ( -0.4480549931478379800, -0.2980549931478380100, 0.6500000000000000200 ) ) ;
#8463 = CARTESIAN_POINT ( 'NONE',  ( -0.7817157287525382500, -0.3899999999999999000, 0.1800000000000000500 ) ) ;
#8464 = LINE ( 'NONE', #2527, #1325 ) ;
#8465 =( NAMED_UNIT ( * ) SI_UNIT ( $, .STERADIAN. ) SOLID_ANGLE_UNIT ( ) );
#8466 = B_SPLINE_CURVE_WITH_KNOTS ( 'NONE', 2,
 ( #6214, #10654, #7105, #1756 ),
 .UNSPECIFIED., .F., .F.,
 ( 3, 1, 3 ),
 ( 6.133173666733496700E-019, 8.656303334451057800E-006, 1.731260666890150200E-005 ),
 .UNSPECIFIED. ) ;
#8467 = LINE ( 'NONE', #6199, #3748 ) ;
#8468 = ORIENTED_EDGE ( 'NONE', *, *, #5732, .F. ) ;
#8469 = DIRECTION ( 'NONE',  ( -1.000000000000000000, -0.0000000000000000000, 0.0000000000000000000 ) ) ;
#8470 = EDGE_CURVE ( 'NONE', #5448, #9201, #4947, .T. ) ;
#8471 = SURFACE_SIDE_STYLE ('',( #3976 ) ) ;
#8472 = VERTEX_POINT ( 'NONE', #3560 ) ;
#8473 =( GEOMETRIC_REPRESENTATION_CONTEXT ( 3 ) GLOBAL_UNCERTAINTY_ASSIGNED_CONTEXT ( ( #4996 ) ) GLOBAL_UNIT_ASSIGNED_CONTEXT ( ( #10044, #4686, #10928 ) ) REPRESENTATION_CONTEXT ( 'NONE', 'WORKASPACE' ) );
#8474 = FACE_OUTER_BOUND ( 'NONE', #3074, .T. ) ;
#8475 = VERTEX_POINT ( 'NONE', #10705 ) ;
#8476 = DIRECTION ( 'NONE',  ( 0.0000000000000000000, 1.000000000000000000, -0.0000000000000000000 ) ) ;
#8477 = PRESENTATION_LAYER_ASSIGNMENT (  '', '', ( #9101 ) ) ;
#8478 = CARTESIAN_POINT ( 'NONE',  ( 0.5174060846898270700, -0.1367473619437054600, 6.727808267600747100E-017 ) ) ;
#8479 = LINE ( 'NONE', #3557, #10615 ) ;
#8480 = FILL_AREA_STYLE_COLOUR ( '', #2447 ) ;
#8481 = CARTESIAN_POINT ( 'NONE',  ( 0.8000000000000000400, 0.1749999999999999900, 0.1600000000000000000 ) ) ;
#8482 = CARTESIAN_POINT ( 'NONE',  ( 0.7960104076400857900, 0.1540413993313948200, 0.004343145750507605400 ) ) ;
#8483 = ORIENTED_EDGE ( 'NONE', *, *, #5304, .F. ) ;
#8484 = CARTESIAN_POINT ( 'NONE',  ( 1.617130716549560100, 1.980359679117640300, 0.0000000000000000000 ) ) ;
#8485 = DIRECTION ( 'NONE',  ( 0.0000000000000000000, -0.0000000000000000000, -1.000000000000000000 ) ) ;
#8486 =( BOUNDED_SURFACE ( )  B_SPLINE_SURFACE ( 3, 3, ( 
 ( #2419, #2007, #1975, #1945 ),
 ( #1906, #1868, #1839, #1750 ),
 ( #1709, #1674, #1628, #1546 ),
 ( #1455, #1417, #1380, #1343 ) ),
 .UNSPECIFIED., .F., .F., .F. ) 
 B_SPLINE_SURFACE_WITH_KNOTS ( ( 4, 4 ),
 ( 4, 4 ),
 ( 0.0000000000000000000, 1.000000000000000000 ),
 ( 0.0000000000000000000, 1.000000000000000000 ),
 .UNSPECIFIED. ) 
 GEOMETRIC_REPRESENTATION_ITEM ( )  RATIONAL_B_SPLINE_SURFACE ( (
 ( 1.000000000000000000, 0.3333333333333313200, 0.3333333333333313200, 1.000000000000000000),
 ( 0.9299384305661938500, 0.3099794768553960600, 0.3099794768553960600, 0.9299384305661938500),
 ( 0.9299384305661938500, 0.3099794768553960600, 0.3099794768553960600, 0.9299384305661938500),
 ( 1.000000000000000000, 0.3333333333333313200, 0.3333333333333313200, 1.000000000000000000) ) ) 
 REPRESENTATION_ITEM ( '' )  SURFACE ( )  );
#8487 = FACE_OUTER_BOUND ( 'NONE', #7229, .T. ) ;
#8488 = ORIENTED_EDGE ( 'NONE', *, *, #1270, .F. ) ;
#8489 = SURFACE_STYLE_FILL_AREA ( #8704 ) ;
#8490 = SURFACE_STYLE_FILL_AREA ( #5526 ) ;
#8491 = CARTESIAN_POINT ( 'NONE',  ( 0.4745170327464609000, 0.3245170327464609900, 0.6331590247227177900 ) ) ;
#8492 = MECHANICAL_DESIGN_GEOMETRIC_PRESENTATION_REPRESENTATION (  '', ( #7289 ), #9109 ) ;
#8493 = AXIS2_PLACEMENT_3D ( 'NONE', #4551, #10791, #5460 ) ;
#8494 = STYLED_ITEM ( 'NONE', ( #2931 ), #1478 ) ;
#8495 = CARTESIAN_POINT ( 'NONE',  ( -0.7947090617410301800, 0.1442529692437625500, 0.1601389114025244500 ) ) ;
#8496 = FILL_AREA_STYLE_COLOUR ( '', #4104 ) ;
#8497 = CIRCLE ( 'NONE', #2822, 0.05000000000000002400 ) ;
#8498 = FILL_AREA_STYLE ('',( #1294 ) ) ;
#8499 = FILL_AREA_STYLE_COLOUR ( '', #6029 ) ;
#8500 =( NAMED_UNIT ( * ) PLANE_ANGLE_UNIT ( ) SI_UNIT ( $, .RADIAN. ) );
#8501 = VERTEX_POINT ( 'NONE', #4464 ) ;
#8502 = SURFACE_STYLE_FILL_AREA ( #2776 ) ;
#8503 = FILL_AREA_STYLE_COLOUR ( '', #6705 ) ;
#8504 = PRESENTATION_STYLE_ASSIGNMENT (( #2186 ) ) ;
#8505 = EDGE_LOOP ( 'NONE', ( #1212, #286, #2610, #1793, #9695, #5709, #9486, #447, #11017, #5999 ) ) ;
#8506 = PRESENTATION_LAYER_ASSIGNMENT (  '', '', ( #7306 ) ) ;
#8507 =( LENGTH_UNIT ( ) NAMED_UNIT ( * ) SI_UNIT ( .MILLI., .METRE. ) );
#8509 = SURFACE_STYLE_USAGE ( .BOTH. , #2264 ) ;
#8508 =( GEOMETRIC_REPRESENTATION_CONTEXT ( 3 ) GLOBAL_UNCERTAINTY_ASSIGNED_CONTEXT ( ( #1165 ) ) GLOBAL_UNIT_ASSIGNED_CONTEXT ( ( #10327, #4955, #11206 ) ) REPRESENTATION_CONTEXT ( 'NONE', 'WORKASPACE' ) );
#8510 =( NAMED_UNIT ( * ) SI_UNIT ( $, .STERADIAN. ) SOLID_ANGLE_UNIT ( ) );
#8511 = CARTESIAN_POINT ( 'NONE',  ( -0.8000000000000000400, 0.4000000000000000200, 0.1700000000000000100 ) ) ;
#8512 = DIRECTION ( 'NONE',  ( 0.0000000000000000000, 0.0000000000000000000, 1.000000000000000000 ) ) ;
#8513 = CARTESIAN_POINT ( 'NONE',  ( 1.487246165845520100, 2.001050005802550200, 0.0000000000000000000 ) ) ;
#8514 = ADVANCED_FACE ( 'NONE', ( #7302 ), #5372, .T. ) ;
#8515 = ADVANCED_FACE ( 'NONE', ( #4097 ), #4537, .F. ) ;
#8516 = CYLINDRICAL_SURFACE ( 'NONE', #4834, 0.009999999999999998500 ) ;
#8517 = DIRECTION ( 'NONE',  ( -0.0000000000000000000, -0.0000000000000000000, 1.000000000000000000 ) ) ;
#8518 = EDGE_CURVE ( 'NONE', #6710, #10811, #7711, .T. ) ;
#8519 = DIRECTION ( 'NONE',  ( 1.000000000000000000, 0.0000000000000000000, 0.0000000000000000000 ) ) ;
#8520 = PRESENTATION_LAYER_ASSIGNMENT (  '', '', ( #7947 ) ) ;
#8521 = DIRECTION ( 'NONE',  ( -1.000000000000000000, 0.0000000000000000000, 0.0000000000000000000 ) ) ;
#8522 = DIRECTION ( 'NONE',  ( -0.06249999999999743300, -0.9980449639169571800, 4.404571325722360200E-015 ) ) ;
#8523 = CARTESIAN_POINT ( 'NONE',  ( 0.4063967376778778700, 0.3817457901632269100, 0.6118227751711619000 ) ) ;
#8524 = ORIENTED_EDGE ( 'NONE', *, *, #8236, .T. ) ;
#8525 = EDGE_LOOP ( 'NONE', ( #1304, #9787, #10946, #6781, #1333, #3834, #2901, #7103, #8260, #11282, #4558, #6616, #5794, #3155, #5708, #8273 ) ) ;
#8526 = AXIS2_PLACEMENT_3D ( 'NONE', #4556, #10797, #5473 ) ;
#8527 = COLOUR_RGB ( '',0.0000000000000000000, 0.6470588235294118000, 0.9568627450980391500 ) ;
#8528 = FILL_AREA_STYLE_COLOUR ( '', #818 ) ;
#8529 = FILL_AREA_STYLE_COLOUR ( '', #9679 ) ;
#8530 = FILL_AREA_STYLE_COLOUR ( '', #8322 ) ;
#8531 = CARTESIAN_POINT ( 'NONE',  ( 0.7900000000000000400, 0.1596871942267129900, 0.009999999999999998500 ) ) ;
#8532 = EDGE_LOOP ( 'NONE', ( #7367, #2585, #6525, #10780 ) ) ;
#8533 = ORIENTED_EDGE ( 'NONE', *, *, #2720, .F. ) ;
#8534 = DIRECTION ( 'NONE',  ( -0.0000000000000000000, 0.0000000000000000000, 1.000000000000000000 ) ) ;
#8535 = PRESENTATION_LAYER_ASSIGNMENT (  '', '', ( #9152 ) ) ;
#8536 = EDGE_CURVE ( 'NONE', #1402, #6190, #885, .T. ) ;
#8537 = DIRECTION ( 'NONE',  ( 0.0000000000000000000, 0.0000000000000000000, 1.000000000000000000 ) ) ;
#8538 = AXIS2_PLACEMENT_3D ( 'NONE', #10559, #5222, #11478 ) ;
#8539 = ORIENTED_EDGE ( 'NONE', *, *, #2173, .T. ) ;
#8540 =( GEOMETRIC_REPRESENTATION_CONTEXT ( 3 ) GLOBAL_UNCERTAINTY_ASSIGNED_CONTEXT ( ( #7413 ) ) GLOBAL_UNIT_ASSIGNED_CONTEXT ( ( #127, #6386, #1031 ) ) REPRESENTATION_CONTEXT ( 'NONE', 'WORKASPACE' ) );
#8541 = PLANE ( 'NONE',  #5990 ) ;
#8542 = FACE_OUTER_BOUND ( 'NONE', #6315, .T. ) ;
#8543 = APPLICATION_CONTEXT ( 'automotive_design' ) ;
#8544 = ORIENTED_EDGE ( 'NONE', *, *, #6645, .F. ) ;
#8545 =( LENGTH_UNIT ( ) NAMED_UNIT ( * ) SI_UNIT ( .MILLI., .METRE. ) );
#8546 = UNCERTAINTY_MEASURE_WITH_UNIT (LENGTH_MEASURE( 1.000000000000000100E-005 ), #10500, 'distance_accuracy_value', 'NONE');
#8547 = DIRECTION ( 'NONE',  ( -0.0000000000000000000, 0.0000000000000000000, 1.000000000000000000 ) ) ;
#8548 =( NAMED_UNIT ( * ) PLANE_ANGLE_UNIT ( ) SI_UNIT ( $, .RADIAN. ) );
#8549 = DIRECTION ( 'NONE',  ( -0.06249999999999743300, 0.9980449639169571800, 0.0000000000000000000 ) ) ;
#8550 = DIRECTION ( 'NONE',  ( -1.000000000000000000, 0.0000000000000000000, 0.0000000000000000000 ) ) ;
#8551 = DIRECTION ( 'NONE',  ( -0.0000000000000000000, -1.000000000000000000, -0.0000000000000000000 ) ) ;
#8552 =( GEOMETRIC_REPRESENTATION_CONTEXT ( 3 ) GLOBAL_UNCERTAINTY_ASSIGNED_CONTEXT ( ( #250 ) ) GLOBAL_UNIT_ASSIGNED_CONTEXT ( ( #8908, #8868, #8825 ) ) REPRESENTATION_CONTEXT ( 'NONE', 'WORKASPACE' ) );
#8553 = MECHANICAL_DESIGN_GEOMETRIC_PRESENTATION_REPRESENTATION (  '', ( #6753 ), #9168 ) ;
#8554 = ORIENTED_EDGE ( 'NONE', *, *, #765, .F. ) ;
#8555 = FILL_AREA_STYLE ('',( #6711 ) ) ;
#8556 =( LENGTH_UNIT ( ) NAMED_UNIT ( * ) SI_UNIT ( .MILLI., .METRE. ) );
#8557 = STYLED_ITEM ( 'NONE', ( #6289 ), #9536 ) ;
#8558 = CARTESIAN_POINT ( 'NONE',  ( -0.7960104076400856800, 0.1540413993313946800, 0.1756568542494922300 ) ) ;
#8559 = DIRECTION ( 'NONE',  ( 0.0000000000000000000, 0.0000000000000000000, 1.000000000000000000 ) ) ;
#8560 = UNCERTAINTY_MEASURE_WITH_UNIT (LENGTH_MEASURE( 1.000000000000000100E-005 ), #2666, 'distance_accuracy_value', 'NONE');
#8561 = COLOUR_RGB ( '',0.0000000000000000000, 0.7019607843137254400, 0.9803921568627450600 ) ;
#8562 = COLOUR_RGB ( '',0.0000000000000000000, 0.7019607843137254400, 0.9803921568627450600 ) ;
#8563 = VERTEX_POINT ( 'NONE', #7228 ) ;
#8564 = CARTESIAN_POINT ( 'NONE',  ( -0.7700000000000000200, -0.4000000000000000200, 0.0000000000000000000 ) ) ;
#8565 = CARTESIAN_POINT ( 'NONE',  ( 0.7899999999999999200, -0.1596871942267129900, -1.234248008856266100E-017 ) ) ;
#8566 = CARTESIAN_POINT ( 'NONE',  ( 0.7900000000000000400, 0.1596871942267129600, 0.1700000000000000100 ) ) ;
#8567 = DIRECTION ( 'NONE',  ( 0.4123105625617678500, -0.3872983346207388200, -0.8246211251235326900 ) ) ;
#8568 = CIRCLE ( 'NONE', #9706, 0.009999999999999988100 ) ;
#8569 = ORIENTED_EDGE ( 'NONE', *, *, #2172, .F. ) ;
#8570 = EDGE_CURVE ( 'NONE', #7096, #2821, #4837, .T. ) ;
#8571 = ADVANCED_FACE ( 'NONE', ( #2985 ), #675, .T. ) ;
#8572 = ADVANCED_FACE ( 'NONE', ( #4251 ), #1145, .F. ) ;
#8573 = LINE ( 'NONE', #10144, #1438 ) ;
#8574 = AXIS2_PLACEMENT_3D ( 'NONE', #11417, #6044, #691 ) ;
#8575 =( NAMED_UNIT ( * ) SI_UNIT ( $, .STERADIAN. ) SOLID_ANGLE_UNIT ( ) );
#8576 =( GEOMETRIC_REPRESENTATION_CONTEXT ( 3 ) GLOBAL_UNCERTAINTY_ASSIGNED_CONTEXT ( ( #827 ) ) GLOBAL_UNIT_ASSIGNED_CONTEXT ( ( #6180, #823, #7065 ) ) REPRESENTATION_CONTEXT ( 'NONE', 'WORKASPACE' ) );
#8577 = FILL_AREA_STYLE_COLOUR ( '', #5627 ) ;
#8578 = LINE ( 'NONE', #9887, #1744 ) ;
#8579 = DIRECTION ( 'NONE',  ( 0.1209742911513550100, -0.1209742911513550100, -0.9852565360152930600 ) ) ;
#8580 = VERTEX_POINT ( 'NONE', #200 ) ;
#8581 = APPLICATION_CONTEXT ( 'automotive_design' ) ;
#8582 = CARTESIAN_POINT ( 'NONE',  ( 0.7959945797752962000, -0.1456835046669554300, 0.1647732852175841400 ) ) ;
#8583 = DIRECTION ( 'NONE',  ( 0.0000000000000000000, -0.0000000000000000000, -1.000000000000000000 ) ) ;
#8584 = PRESENTATION_STYLE_ASSIGNMENT (( #10660 ) ) ;
#8585 =( LENGTH_UNIT ( ) NAMED_UNIT ( * ) SI_UNIT ( .MILLI., .METRE. ) );
#8586 = FACE_OUTER_BOUND ( 'NONE', #2183, .T. ) ;
#8587 = EDGE_CURVE ( 'NONE', #10404, #11629, #5776, .T. ) ;
#8588 =( NAMED_UNIT ( * ) PLANE_ANGLE_UNIT ( ) SI_UNIT ( $, .RADIAN. ) );
#8589 =( GEOMETRIC_REPRESENTATION_CONTEXT ( 3 ) GLOBAL_UNCERTAINTY_ASSIGNED_CONTEXT ( ( #7196 ) ) GLOBAL_UNIT_ASSIGNED_CONTEXT ( ( #5482, #5515, #5549 ) ) REPRESENTATION_CONTEXT ( 'NONE', 'WORKASPACE' ) );
#8590 =( NAMED_UNIT ( * ) SI_UNIT ( $, .STERADIAN. ) SOLID_ANGLE_UNIT ( ) );
#8591 = CARTESIAN_POINT ( 'NONE',  ( 1.481221854764970000, 2.014732339443119800, 0.0000000000000000000 ) ) ;
#8592 = STYLED_ITEM ( 'NONE', ( #737 ), #8652 ) ;
#8593 = ORIENTED_EDGE ( 'NONE', *, *, #3837, .T. ) ;
#8594 = LINE ( 'NONE', #4310, #1179 ) ;
#8595 = FACE_OUTER_BOUND ( 'NONE', #218, .T. ) ;
#8596 = CARTESIAN_POINT ( 'NONE',  ( 1.619853569015346200, 2.022359678402378100, 0.0000000000000000000 ) ) ;
#8597 = SURFACE_SIDE_STYLE ('',( #1912 ) ) ;
#8598 = MECHANICAL_DESIGN_GEOMETRIC_PRESENTATION_REPRESENTATION (  '', ( #7400 ), #9210 ) ;
#8599 = CARTESIAN_POINT ( 'NONE',  ( -0.7922123193543252300, 0.1689677469128605700, 0.1868268514104751700 ) ) ;
#8600 = DIRECTION ( 'NONE',  ( 0.0000000000000000000, 1.000000000000000000, -0.0000000000000000000 ) ) ;
#8601 = VECTOR ( 'NONE', #8942, 1000.000000000000000 ) ;
#8602 = VERTEX_POINT ( 'NONE', #9189 ) ;
#8603 = SURFACE_STYLE_USAGE ( .BOTH. , #2365 ) ;
#8604 = LINE ( 'NONE', #135, #10735 ) ;
#8605 = VERTEX_POINT ( 'NONE', #4757 ) ;
#8606 = EDGE_LOOP ( 'NONE', ( #3953, #3173, #9277, #2446, #2395, #7903, #1787, #10677, #8918, #1085, #1730, #4725 ) ) ;
#8607 = VECTOR ( 'NONE', #4852, 1000.000000000000100 ) ;
#8608 = EDGE_CURVE ( 'NONE', #3109, #10193, #1273, .T. ) ;
#8609 = SURFACE_STYLE_FILL_AREA ( #5693 ) ;
#8610 = FILL_AREA_STYLE_COLOUR ( '', #11610 ) ;
#8611 = EDGE_CURVE ( 'NONE', #9542, #2096, #3414, .T. ) ;
#8612 = DIRECTION ( 'NONE',  ( 0.0000000000000000000, -0.0000000000000000000, -1.000000000000000000 ) ) ;
#8613 = PRESENTATION_LAYER_ASSIGNMENT (  '', '', ( #9219 ) ) ;
#8614 = EDGE_CURVE ( 'NONE', #1299, #10278, #7867, .T. ) ;
#8615 = CARTESIAN_POINT ( 'NONE',  ( -0.7899999999999997000, -0.1596871942267131000, 0.1700000000000000100 ) ) ;
#8616 = ORIENTED_EDGE ( 'NONE', *, *, #7040, .T. ) ;
#8617 = VECTOR ( 'NONE', #9177, 1000.000000000000000 ) ;
#8618 = MECHANICAL_DESIGN_GEOMETRIC_PRESENTATION_REPRESENTATION (  '', ( #6813 ), #9222 ) ;
#8619 = AXIS2_PLACEMENT_3D ( 'NONE', #6399, #8193, #173 ) ;
#8620 = DIRECTION ( 'NONE',  ( -0.0000000000000000000, 1.000000000000000000, -0.0000000000000000000 ) ) ;
#8622 = CARTESIAN_POINT ( 'NONE',  ( 1.574484039804209900, 2.005443957458690600, 0.1000000000000000100 ) ) ;
#8621 = PRESENTATION_STYLE_ASSIGNMENT (( #10468 ) ) ;
#8623 = UNCERTAINTY_MEASURE_WITH_UNIT (LENGTH_MEASURE( 1.000000000000000100E-005 ), #11339, 'distance_accuracy_value', 'NONE');
#8624 = EDGE_LOOP ( 'NONE', ( #5996, #1126, #4132, #10198 ) ) ;
#8625 = DIRECTION ( 'NONE',  ( -0.1209742911513550100, 0.1209742911513550100, -0.9852565360152930600 ) ) ;
#8626 = COLOUR_RGB ( '',0.8627450980392157300, 0.6274509803921568500, 0.05882352941176470500 ) ;
#8627 = CLOSED_SHELL ( 'NONE', ( #1794, #8355, #8408, #1724, #6691, #5679, #2435, #9591, #7522, #7405, #5940, #4031, #7822, #7758, #7746, #2616, #3921, #6822, #909, #4963, #1477, #8832, #4130, #5948, #485, #10423, #8656, #10363, #9661, #5398, #1362, #8456, #6877, #3336, #7461, #5220, #484, #4910, #430, #681, #2371, #11300 ) ) ;
#8628 = VERTEX_POINT ( 'NONE', #8317 ) ;
#8629 = VECTOR ( 'NONE', #7239, 1000.000000000000000 ) ;
#8630 = SURFACE_STYLE_FILL_AREA ( #5718 ) ;
#8631 =( LENGTH_UNIT ( ) NAMED_UNIT ( * ) SI_UNIT ( .MILLI., .METRE. ) );
#8632 = ORIENTED_EDGE ( 'NONE', *, *, #9761, .F. ) ;
#8633 = DIRECTION ( 'NONE',  ( 1.000000000000000000, -0.0000000000000000000, -0.0000000000000000000 ) ) ;
#8634 = LINE ( 'NONE', #281, #4176 ) ;
#8635 = APPLICATION_PROTOCOL_DEFINITION ( 'draft international standard', 'automotive_design', 1998, #2381 ) ;
#8636 = FILL_AREA_STYLE_COLOUR ( '', #7561 ) ;
#8637 = EDGE_CURVE ( 'NONE', #6574, #4037, #9999, .T. ) ;
#8638 = DIRECTION ( 'NONE',  ( -1.000000000000000000, 0.0000000000000000000, -0.0000000000000000000 ) ) ;
#8639 = PRESENTATION_LAYER_ASSIGNMENT (  '', '', ( #8045 ) ) ;
#8640 = AXIS2_PLACEMENT_3D ( 'NONE', #11358, #5979, #619 ) ;
#8641 = SURFACE_STYLE_USAGE ( .BOTH. , #8718 ) ;
#8642 = UNCERTAINTY_MEASURE_WITH_UNIT (LENGTH_MEASURE( 1.000000000000000100E-005 ), #5803, 'distance_accuracy_value', 'NONE');
#8643 = VERTEX_POINT ( 'NONE', #10152 ) ;
#8644 = PRESENTATION_STYLE_ASSIGNMENT (( #5019 ) ) ;
#8645 = AXIS2_PLACEMENT_3D ( 'NONE', #3917, #10177, #4808 ) ;
#8646 = CARTESIAN_POINT ( 'NONE',  ( 1.573701219720280000, 2.017560650931430100, 0.0000000000000000000 ) ) ;
#8647 = VERTEX_POINT ( 'NONE', #9226 ) ;
#8648 = LINE ( 'NONE', #482, #3907 ) ;
#8649 = DIRECTION ( 'NONE',  ( -1.000000000000000000, -0.0000000000000000000, -0.0000000000000000000 ) ) ;
#8650 = CARTESIAN_POINT ( 'NONE',  ( 1.470670801460050000, 1.987367672161970000, 0.1000000000000000100 ) ) ;
#8651 = ADVANCED_FACE ( 'NONE', ( #2846 ), #305, .F. ) ;
#8652 = ADVANCED_FACE ( 'NONE', ( #6724 ), #3926, .T. ) ;
#8653 = CARTESIAN_POINT ( 'NONE',  ( 1.558006294300130000, 2.022050005444920200, 0.1000000000000000100 ) ) ;
#8654 = FILL_AREA_STYLE ('',( #5346 ) ) ;
#8655 = CYLINDRICAL_SURFACE ( 'NONE', #5120, 0.009999999999999998500 ) ;
#8656 = ADVANCED_FACE ( 'NONE', ( #10691 ), #5731, .T. ) ;
#8657 = DIRECTION ( 'NONE',  ( -1.000000000000000000, 0.0000000000000000000, -0.0000000000000000000 ) ) ;
#8658 = CARTESIAN_POINT ( 'NONE',  ( 1.599976746015110000, 1.993089014395179800, 0.1000000000000000100 ) ) ;
#8659 = VERTEX_POINT ( 'NONE', #421 ) ;
#8660 = CIRCLE ( 'NONE', #4831, 0.01000000000000000200 ) ;
#8661 = SURFACE_STYLE_USAGE ( .BOTH. , #2402 ) ;
#8662 = ORIENTED_EDGE ( 'NONE', *, *, #61, .F. ) ;
#8663 = COLOUR_RGB ( '',1.000000000000000000, 0.9921568627450980700, 0.9411764705882352800 ) ;
#8664 = SURFACE_STYLE_USAGE ( .BOTH. , #2404 ) ;
#8665 = STYLED_ITEM ( 'NONE', ( #86 ), #10363 ) ;
#8666 =( NAMED_UNIT ( * ) PLANE_ANGLE_UNIT ( ) SI_UNIT ( $, .RADIAN. ) );
#8667 = DIRECTION ( 'NONE',  ( 0.0000000000000000000, 0.0000000000000000000, -1.000000000000000000 ) ) ;
#8668 = SURFACE_SIDE_STYLE ('',( #1182 ) ) ;
#8669 = FILL_AREA_STYLE ('',( #7667 ) ) ;
#8670 = VECTOR ( 'NONE', #7451, 1000.000000000000000 ) ;
#8671 = CARTESIAN_POINT ( 'NONE',  ( 0.4000000000000000200, -0.3499999999999999800, 0.1799999999999999700 ) ) ;
#8672 = DIRECTION ( 'NONE',  ( 1.000000000000000000, -0.0000000000000000000, -0.0000000000000000000 ) ) ;
#8673 = EDGE_CURVE ( 'NONE', #9432, #3470, #5084, .T. ) ;
#8674 = VECTOR ( 'NONE', #3413, 1000.000000000000000 ) ;
#8675 = CARTESIAN_POINT ( 'NONE',  ( 0.8043509730773289500, -0.1545795646686655700, 0.01522671478241640700 ) ) ;
#8676 =( GEOMETRIC_REPRESENTATION_CONTEXT ( 3 ) GLOBAL_UNCERTAINTY_ASSIGNED_CONTEXT ( ( #9417 ) ) GLOBAL_UNIT_ASSIGNED_CONTEXT ( ( #346, #391, #422 ) ) REPRESENTATION_CONTEXT ( 'NONE', 'WORKASPACE' ) );
#8677 = ORIENTED_EDGE ( 'NONE', *, *, #9608, .T. ) ;
#8678 =( REPRESENTATION_RELATIONSHIP ('NONE','NONE', #5525, #1598 ) REPRESENTATION_RELATIONSHIP_WITH_TRANSFORMATION ( #6876 )SHAPE_REPRESENTATION_RELATIONSHIP( ) );
#8679 = PLANE ( 'NONE',  #1086 ) ;
#8680 = MECHANICAL_DESIGN_GEOMETRIC_PRESENTATION_REPRESENTATION (  '', ( #7460 ), #9270 ) ;
#8681 = SURFACE_STYLE_USAGE ( .BOTH. , #2430 ) ;
#8682 = VECTOR ( 'NONE', #7799, 1000.000000000000000 ) ;
#8683 = ORIENTED_EDGE ( 'NONE', *, *, #9628, .T. ) ;
#8684 = LINE ( 'NONE', #11057, #11069 ) ;
#8685 = DIRECTION ( 'NONE',  ( 0.0000000000000000000, -0.0000000000000000000, -1.000000000000000000 ) ) ;
#8686 = ORIENTED_EDGE ( 'NONE', *, *, #6527, .T. ) ;
#8687 = CARTESIAN_POINT ( 'NONE',  ( 1.617130716549560100, 1.980359679117640300, 0.1000000000000000100 ) ) ;
#8688 = EDGE_CURVE ( 'NONE', #1184, #10542, #7430, .T. ) ;
#8689 = CARTESIAN_POINT ( 'NONE',  ( 1.587247410737570000, 2.018411542326989900, 0.0000000000000000000 ) ) ;
#8690 = STYLED_ITEM ( 'NONE', ( #7673 ), #2972 ) ;
#8691 = EDGE_CURVE ( 'NONE', #1492, #5827, #2707, .T. ) ;
#8692 = SURFACE_SIDE_STYLE ('',( #6725 ) ) ;
#8693 = CARTESIAN_POINT ( 'NONE',  ( -0.1991441109234209900, 0.1499999999999999900, 0.0000000000000000000 ) ) ;
#8694 =( LENGTH_UNIT ( ) NAMED_UNIT ( * ) SI_UNIT ( .MILLI., .METRE. ) );
#8695 = PRESENTATION_STYLE_ASSIGNMENT (( #6662 ) ) ;
#8696 = VERTEX_POINT ( 'NONE', #3134 ) ;
#8697 = SURFACE_STYLE_USAGE ( .BOTH. , #2448 ) ;
#8698 = ORIENTED_EDGE ( 'NONE', *, *, #908, .F. ) ;
#8699 = CARTESIAN_POINT ( 'NONE',  ( -0.4480549931478380900, 0.3476823007299043000, 0.6060934671702569200 ) ) ;
#8700 = CARTESIAN_POINT ( 'NONE',  ( 0.8000000000000000400, 0.0000000000000000000, 0.02000000000000000000 ) ) ;
#8701 = SURFACE_STYLE_USAGE ( .BOTH. , #2452 ) ;
#8702 = FACE_OUTER_BOUND ( 'NONE', #7675, .T. ) ;
#8703 = CARTESIAN_POINT ( 'NONE',  ( -0.8000000000000000400, -0.1850000000000000000, 0.03000000000000000200 ) ) ;
#8704 = FILL_AREA_STYLE ('',( #10518 ) ) ;
#8705 = ADVANCED_FACE ( 'NONE', ( #300 ), #6699, .T. ) ;
#8706 = DIRECTION ( 'NONE',  ( 1.000000000000000000, 0.0000000000000000000, 0.0000000000000000000 ) ) ;
#8707 = ADVANCED_FACE ( 'NONE', ( #8702 ), #9339, .T. ) ;
#8708 = ORIENTED_EDGE ( 'NONE', *, *, #661, .T. ) ;
#8709 = AXIS2_PLACEMENT_3D ( 'NONE', #696, #5003, #11131 ) ;
#8710 = EDGE_CURVE ( 'NONE', #7297, #3812, #726, .T. ) ;
#8711 = UNCERTAINTY_MEASURE_WITH_UNIT (LENGTH_MEASURE( 1.000000000000000100E-005 ), #55, 'distance_accuracy_value', 'NONE');
#8712 = PRESENTATION_LAYER_ASSIGNMENT (  '', '', ( #8119 ) ) ;
#8713 = ADVANCED_FACE ( 'NONE', ( #5238 ), #1977, .T. ) ;
#8714 = DIRECTION ( 'NONE',  ( -0.0000000000000000000, -1.000000000000000000, 0.0000000000000000000 ) ) ;
#8715 = CARTESIAN_POINT ( 'NONE',  ( 1.475946328112510300, 2.001050005802550200, 0.1000000000000000100 ) ) ;
#8716 = DIRECTION ( 'NONE',  ( 0.9925461516413220900, 0.0000000000000000000, 0.1218693434051470200 ) ) ;
#8717 = ORIENTED_EDGE ( 'NONE', *, *, #3635, .F. ) ;
#8718 = SURFACE_SIDE_STYLE ('',( #5877 ) ) ;
#8719 = CIRCLE ( 'NONE', #5140, 0.01000000000000001200 ) ;
#8720 = CARTESIAN_POINT ( 'NONE',  ( -0.7909622082928541300, 0.1504105945630584700, 0.005161971817533336600 ) ) ;
#8721 = UNCERTAINTY_MEASURE_WITH_UNIT (LENGTH_MEASURE( 1.000000000000000100E-005 ), #5037, 'distance_accuracy_value', 'NONE');
#8722 = LINE ( 'NONE', #3962, #8423 ) ;
#8723 = ORIENTED_EDGE ( 'NONE', *, *, #8978, .T. ) ;
#8724 = CARTESIAN_POINT ( 'NONE',  ( 0.7880911030393222800, 0.1504694589883743800, 0.1733748288059405200 ) ) ;
#8725 = CARTESIAN_POINT ( 'NONE',  ( -0.8000000000000000400, 0.3499999999999999800, 0.01000000000000000000 ) ) ;
#8726 = FILL_AREA_STYLE ('',( #9594 ) ) ;
#8727 = CARTESIAN_POINT ( 'NONE',  ( 1.573667184064460000, 1.985192742244400200, 0.05000000000000000300 ) ) ;
#8728 = PRESENTATION_LAYER_ASSIGNMENT (  '', '', ( #7514 ) ) ;
#8729 = ORIENTED_EDGE ( 'NONE', *, *, #10796, .F. ) ;
#8730 = CARTESIAN_POINT ( 'NONE',  ( -0.6458578643762691300, 0.0000000000000000000, 6.337596113260830800E-017 ) ) ;
#8731 = FILL_AREA_STYLE_COLOUR ( '', #9132 ) ;
#8732 = FILL_AREA_STYLE ('',( #1568 ) ) ;
#8733 = VECTOR ( 'NONE', #7516, 1000.000000000000100 ) ;
#8734 = SURFACE_SIDE_STYLE ('',( #3321 ) ) ;
#8735 = ORIENTED_EDGE ( 'NONE', *, *, #5927, .T. ) ;
#8736 = VERTEX_POINT ( 'NONE', #1512 ) ;
#8737 = FACE_OUTER_BOUND ( 'NONE', #11529, .T. ) ;
#8738 = FILL_AREA_STYLE_COLOUR ( '', #6256 ) ;
#8739 = PRESENTATION_STYLE_ASSIGNMENT (( #10810 ) ) ;
#8740 = CARTESIAN_POINT ( 'NONE',  ( 0.4480549931478378100, 0.2980549931478377900, 0.5999999999999995300 ) ) ;
#8741 = DIRECTION ( 'NONE',  ( 0.0000000000000000000, 0.0000000000000000000, -1.000000000000000000 ) ) ;
#8742 = FILL_AREA_STYLE ('',( #4304 ) ) ;
#8743 = SURFACE_STYLE_FILL_AREA ( #5825 ) ;
#8744 =( NAMED_UNIT ( * ) SI_UNIT ( $, .STERADIAN. ) SOLID_ANGLE_UNIT ( ) );
#8745 = COLOUR_RGB ( '',0.0000000000000000000, 0.7019607843137254400, 0.9803921568627450600 ) ;
#8746 = CARTESIAN_POINT ( 'NONE',  ( 0.4000000000000000200, -0.1749999999999999600, 0.0000000000000000000 ) ) ;
#8747 =( LENGTH_UNIT ( ) NAMED_UNIT ( * ) SI_UNIT ( .MILLI., .METRE. ) );
#8748 = VERTEX_POINT ( 'NONE', #3295 ) ;
#8749 = LINE ( 'NONE', #5961, #10857 ) ;
#8750 = MECHANICAL_DESIGN_GEOMETRIC_PRESENTATION_REPRESENTATION (  '', ( #6355 ), #9341 ) ;
#8751 = UNCERTAINTY_MEASURE_WITH_UNIT (LENGTH_MEASURE( 1.000000000000000100E-005 ), #7564, 'distance_accuracy_value', 'NONE');
#8752 = CARTESIAN_POINT ( 'NONE',  ( 1.600759566099030100, 1.985192742244400200, 0.05000000000000000300 ) ) ;
#8753 = MECHANICAL_DESIGN_GEOMETRIC_PRESENTATION_REPRESENTATION (  '', ( #6939 ), #9343 ) ;
#8754 = CARTESIAN_POINT ( 'NONE',  ( 0.8000000000000000400, -0.1850000000000000000, 0.1499999999999999900 ) ) ;
#8755 = FACE_OUTER_BOUND ( 'NONE', #5382, .T. ) ;
#8756 = CARTESIAN_POINT ( 'NONE',  ( -0.7900000000000001500, -0.3817157287525380100, 0.1800000000000000500 ) ) ;
#8757 = FILL_AREA_STYLE_COLOUR ( '', #10649 ) ;
#8758 = CARTESIAN_POINT ( 'NONE',  ( -0.8000000000000000400, -0.3499999999999999800, 0.0000000000000000000 ) ) ;
#8759 = ORIENTED_EDGE ( 'NONE', *, *, #249, .F. ) ;
#8760 = FILL_AREA_STYLE_COLOUR ( '', #7997 ) ;
#8761 = DIRECTION ( 'NONE',  ( 0.0000000000000000000, 0.0000000000000000000, 1.000000000000000000 ) ) ;
#8762 = ORIENTED_EDGE ( 'NONE', *, *, #10132, .F. ) ;
#8763 = VECTOR ( 'NONE', #8460, 1000.000000000000000 ) ;
#8764 = CIRCLE ( 'NONE', #2200, 0.01000000000000000400 ) ;
#8765 = FILL_AREA_STYLE ('',( #10046 ) ) ;
#8766 = SURFACE_STYLE_FILL_AREA ( #2022 ) ;
#8767 = EDGE_CURVE ( 'NONE', #3113, #2706, #6713, .T. ) ;
#8768 = VECTOR ( 'NONE', #7091, 1000.000000000000000 ) ;
#8769 = MECHANICAL_DESIGN_GEOMETRIC_PRESENTATION_REPRESENTATION (  '', ( #7542 ), #9356 ) ;
#8770 =( LENGTH_UNIT ( ) NAMED_UNIT ( * ) SI_UNIT ( .MILLI., .METRE. ) );
#8771 = CARTESIAN_POINT ( 'NONE',  ( 1.573701219720280000, 2.017560650931430100, 0.0000000000000000000 ) ) ;
#8772 = ADVANCED_FACE ( 'NONE', ( #8851 ), #8679, .T. ) ;
#8773 = VERTEX_POINT ( 'NONE', #7763 ) ;
#8774 = FILL_AREA_STYLE ('',( #2479 ) ) ;
#8775 = CARTESIAN_POINT ( 'NONE',  ( 0.8000000000000000400, -0.2000000000000000100, 0.01000000000000000000 ) ) ;
#8776 = MECHANICAL_DESIGN_GEOMETRIC_PRESENTATION_REPRESENTATION (  '', ( #7547 ), #9359 ) ;
#8777 = ORIENTED_EDGE ( 'NONE', *, *, #5446, .F. ) ;
#8778 = PLANE ( 'NONE',  #4620 ) ;
#8779 = LINE ( 'NONE', #1606, #10757 ) ;
#8780 = CARTESIAN_POINT ( 'NONE',  ( 0.8000000000000000400, -0.1850000000000000000, 0.02000000000000000000 ) ) ;
#8781 = PLANE ( 'NONE',  #9950 ) ;
#8782 = EDGE_LOOP ( 'NONE', ( #1944, #2703, #1074, #4106, #1387, #712, #9894, #1926 ) ) ;
#8783 = COLOUR_RGB ( '',0.0000000000000000000, 0.6470588235294118000, 0.9568627450980391500 ) ;
#8784 = CIRCLE ( 'NONE', #2463, 0.1499999999999999700 ) ;
#8785 = SURFACE_SIDE_STYLE ('',( #1618 ) ) ;
#8786 = ORIENTED_EDGE ( 'NONE', *, *, #594, .T. ) ;
#8787 =( NAMED_UNIT ( * ) PLANE_ANGLE_UNIT ( ) SI_UNIT ( $, .RADIAN. ) );
#8788 = UNCERTAINTY_MEASURE_WITH_UNIT (LENGTH_MEASURE( 1.000000000000000100E-005 ), #1515, 'distance_accuracy_value', 'NONE');
#8789 = VERTEX_POINT ( 'NONE', #11441 ) ;
#8790 = CARTESIAN_POINT ( 'NONE',  ( 0.0000000000000000000, 0.3499999999999999800, 0.1799999999999999900 ) ) ;
#8791 = EDGE_CURVE ( 'NONE', #6770, #321, #10389, .T. ) ;
#8792 = EDGE_CURVE ( 'NONE', #1013, #6017, #3549, .T. ) ;
#8793 = AXIS2_PLACEMENT_3D ( 'NONE', #6176, #816, #7053 ) ;
#8794 = MECHANICAL_DESIGN_GEOMETRIC_PRESENTATION_REPRESENTATION (  '', ( #6974 ), #9373 ) ;
#8796 = ORIENTED_EDGE ( 'NONE', *, *, #578, .T. ) ;
#8795 = PLANE ( 'NONE',  #11163 ) ;
#8797 = CARTESIAN_POINT ( 'NONE',  ( -0.4470480758322384900, -0.3207392495628431100, 0.6473315337604774700 ) ) ;
#8798 = ORIENTED_EDGE ( 'NONE', *, *, #1405, .F. ) ;
#8799 =( LENGTH_UNIT ( ) NAMED_UNIT ( * ) SI_UNIT ( .MILLI., .METRE. ) );
#8800 = CARTESIAN_POINT ( 'NONE',  ( 0.07619999999999997600, -0.1270000000000000000, 0.0000000000000000000 ) ) ;
#8801 = DIRECTION ( 'NONE',  ( 1.000000000000000000, -0.0000000000000000000, -0.0000000000000000000 ) ) ;
#8802 = UNCERTAINTY_MEASURE_WITH_UNIT (LENGTH_MEASURE( 1.000000000000000100E-005 ), #3178, 'distance_accuracy_value', 'NONE');
#8803 = CYLINDRICAL_SURFACE ( 'NONE', #2197, 0.01000000000000002600 ) ;
#8804 = FILL_AREA_STYLE_COLOUR ( '', #7580 ) ;
#8805 = SURFACE_STYLE_USAGE ( .BOTH. , #2549 ) ;
#8806 = DIRECTION ( 'NONE',  ( 0.0000000000000000000, -1.000000000000000000, -0.0000000000000000000 ) ) ;
#8807 = VERTEX_POINT ( 'NONE', #9673 ) ;
#8808 =( GEOMETRIC_REPRESENTATION_CONTEXT ( 3 ) GLOBAL_UNCERTAINTY_ASSIGNED_CONTEXT ( ( #10666 ) ) GLOBAL_UNIT_ASSIGNED_CONTEXT ( ( #9589, #9641, #9682 ) ) REPRESENTATION_CONTEXT ( 'NONE', 'WORKASPACE' ) );
#8809 = DIRECTION ( 'NONE',  ( 0.0000000000000000000, -0.0000000000000000000, -1.000000000000000000 ) ) ;
#8810 = CARTESIAN_POINT ( 'NONE',  ( 1.636769289959040000, 1.989106842663970000, 0.0000000000000000000 ) ) ;
#8811 = PRESENTATION_LAYER_ASSIGNMENT (  '', '', ( #6987 ) ) ;
#8812 = AXIS2_PLACEMENT_3D ( 'NONE', #9921, #4562, #10805 ) ;
#8813 = FILL_AREA_STYLE ('',( #3468 ) ) ;
#8814 = FACE_OUTER_BOUND ( 'NONE', #7212, .T. ) ;
#8815 = CARTESIAN_POINT ( 'NONE',  ( 0.7947090617410304000, 0.1442529692437625700, 0.01986108859747576200 ) ) ;
#8816 = CARTESIAN_POINT ( 'NONE',  ( 0.4000000000000000200, -0.3499999999999999800, 0.02000000000000000000 ) ) ;
#8817 = FILL_AREA_STYLE_COLOUR ( '', #7050 ) ;
#8818 = PLANE ( 'NONE',  #1050 ) ;
#8819 = CARTESIAN_POINT ( 'NONE',  ( 1.605796842762790000, 1.996254330567880200, 0.1000000000000000100 ) ) ;
#8820 =( LENGTH_UNIT ( ) NAMED_UNIT ( * ) SI_UNIT ( .MILLI., .METRE. ) );
#8821 = CARTESIAN_POINT ( 'NONE',  ( 0.8000000000000000400, -0.4000000000000000200, 0.1700000000000000100 ) ) ;
#8822 = CARTESIAN_POINT ( 'NONE',  ( -0.7958578643762688200, -0.3699999999999995500, 0.1800000000000000200 ) ) ;
#8823 = STYLED_ITEM ( 'NONE', ( #5716 ), #10488 ) ;
#8824 =( NAMED_UNIT ( * ) PLANE_ANGLE_UNIT ( ) SI_UNIT ( $, .RADIAN. ) );
#8825 =( NAMED_UNIT ( * ) SI_UNIT ( $, .STERADIAN. ) SOLID_ANGLE_UNIT ( ) );
#8826 = AXIS2_PLACEMENT_3D ( 'NONE', #664, #6906, #1551 ) ;
#8827 = CARTESIAN_POINT ( 'NONE',  ( 0.7900000000000001500, -0.1596871942267131000, 0.1700000000000000100 ) ) ;
#8828 = COLOUR_RGB ( '',0.8627450980392157300, 0.6274509803921568500, 0.05882352941176470500 ) ;
#8829 = CARTESIAN_POINT ( 'NONE',  ( -0.4000000000000000200, -0.3499999999999999800, 0.0000000000000000000 ) ) ;
#8830 = CARTESIAN_POINT ( 'NONE',  ( 1.591501867715360100, 2.023244605453769800, 0.1000000000000000500 ) ) ;
#8831 = VECTOR ( 'NONE', #7127, 1000.000000000000000 ) ;
#8832 = ADVANCED_FACE ( 'NONE', ( #3247 ), #3420, .T. ) ;
#8833 = VERTEX_POINT ( 'NONE', #1639 ) ;
#8834 = FILL_AREA_STYLE_COLOUR ( '', #911 ) ;
#8835 = ORIENTED_EDGE ( 'NONE', *, *, #2335, .T. ) ;
#8836 = DIRECTION ( 'NONE',  ( -1.000000000000000000, -0.0000000000000000000, 0.0000000000000000000 ) ) ;
#8837 = SURFACE_STYLE_FILL_AREA ( #4672 ) ;
#8838 = EDGE_CURVE ( 'NONE', #9176, #6927, #23, .T. ) ;
#8839 =( LENGTH_UNIT ( ) NAMED_UNIT ( * ) SI_UNIT ( .MILLI., .METRE. ) );
#8840 = SURFACE_STYLE_USAGE ( .BOTH. , #2587 ) ;
#8841 = AXIS2_PLACEMENT_3D ( 'NONE', #1909, #1952, #1985 ) ;
#8842 = DIRECTION ( 'NONE',  ( -1.000000000000000000, 0.0000000000000000000, -0.0000000000000000000 ) ) ;
#8843 = ORIENTED_EDGE ( 'NONE', *, *, #7316, .T. ) ;
#8844 = CARTESIAN_POINT ( 'NONE',  ( 1.475946328112510300, 2.014732339443119800, 0.1000000000000000100 ) ) ;
#8846 = SURFACE_STYLE_USAGE ( .BOTH. , #2595 ) ;
#8845 = STYLED_ITEM ( 'NONE', ( #9861 ), #8571 ) ;
#8847 = SURFACE_SIDE_STYLE ('',( #10102 ) ) ;
#8848 = ORIENTED_EDGE ( 'NONE', *, *, #4530, .T. ) ;
#8849 = CARTESIAN_POINT ( 'NONE',  ( -0.7900000000000000400, 0.1596871942267129900, 0.1799999999999999900 ) ) ;
#8850 = MECHANICAL_DESIGN_GEOMETRIC_PRESENTATION_REPRESENTATION (  '', ( #7610 ), #9428 ) ;
#8851 = FACE_OUTER_BOUND ( 'NONE', #4864, .T. ) ;
#8852 = CARTESIAN_POINT ( 'NONE',  ( 1.577921641042250100, 2.014054978381730100, 0.0000000000000000000 ) ) ;
#8853 =( NAMED_UNIT ( * ) SI_UNIT ( $, .STERADIAN. ) SOLID_ANGLE_UNIT ( ) );
#8854 = PLANE ( 'NONE',  #10617 ) ;
#8855 = UNCERTAINTY_MEASURE_WITH_UNIT (LENGTH_MEASURE( 1.000000000000000100E-005 ), #8097, 'distance_accuracy_value', 'NONE');
#8856 = ORIENTED_EDGE ( 'NONE', *, *, #3551, .T. ) ;
#8857 = FILL_AREA_STYLE ('',( #1693 ) ) ;
#8858 = CARTESIAN_POINT ( 'NONE',  ( 1.461310996108919900, 1.996810134352520000, 0.1000000000000000100 ) ) ;
#8859 = CARTESIAN_POINT ( 'NONE',  ( 1.587247410737570000, 2.018411542326989900, 0.0000000000000000000 ) ) ;
#8860 = EDGE_CURVE ( 'NONE', #2004, #5477, #1040, .T. ) ;
#8861 = DIRECTION ( 'NONE',  ( -1.000000000000000000, 0.0000000000000000000, -0.0000000000000000000 ) ) ;
#8862 = STYLED_ITEM ( 'NONE', ( #10498 ), #3207 ) ;
#8863 = EDGE_CURVE ( 'NONE', #6532, #2502, #4789, .T. ) ;
#8864 = FILL_AREA_STYLE ('',( #6164 ) ) ;
#8865 = PRESENTATION_LAYER_ASSIGNMENT (  '', '', ( #7628 ) ) ;
#8866 =( NAMED_UNIT ( * ) PLANE_ANGLE_UNIT ( ) SI_UNIT ( $, .RADIAN. ) );
#8867 = CARTESIAN_POINT ( 'NONE',  ( -0.8000000000000000400, 0.0000000000000000000, 0.1700000000000000100 ) ) ;
#8868 =( NAMED_UNIT ( * ) PLANE_ANGLE_UNIT ( ) SI_UNIT ( $, .RADIAN. ) );
#8869 = CARTESIAN_POINT ( 'NONE',  ( -0.4000000000000000200, 0.3499999999999999800, 0.0000000000000000000 ) ) ;
#8870 = DIRECTION ( 'NONE',  ( -0.4565542962319354400, 0.8896955516310970400, 0.0000000000000000000 ) ) ;
#8871 = DIRECTION ( 'NONE',  ( 0.0000000000000000000, 0.0000000000000000000, -1.000000000000000000 ) ) ;
#8872 = AXIS2_PLACEMENT_3D ( 'NONE', #8429, #8370, #8321 ) ;
#8873 = EDGE_CURVE ( 'NONE', #383, #6689, #2399, .T. ) ;
#8874 = CARTESIAN_POINT ( 'NONE',  ( 0.8000000000000000400, 0.1749999999999999900, 0.1499999999999999900 ) ) ;
#8875 = PRESENTATION_LAYER_ASSIGNMENT (  '', '', ( #9460 ) ) ;
#8876 =( GEOMETRIC_REPRESENTATION_CONTEXT ( 3 ) GLOBAL_UNCERTAINTY_ASSIGNED_CONTEXT ( ( #2568 ) ) GLOBAL_UNIT_ASSIGNED_CONTEXT ( ( #9379, #4041, #10304 ) ) REPRESENTATION_CONTEXT ( 'NONE', 'WORKASPACE' ) );
#8877 = ORIENTED_EDGE ( 'NONE', *, *, #9154, .T. ) ;
#8878 = CARTESIAN_POINT ( 'NONE',  ( -0.7900000000000001500, -0.3700000000000000000, 0.1800000000000000200 ) ) ;
#8879 = STYLED_ITEM ( 'NONE', ( #10526 ), #8957 ) ;
#8880 = PRESENTATION_STYLE_ASSIGNMENT (( #4091 ) ) ;
#8881 =( NAMED_UNIT ( * ) PLANE_ANGLE_UNIT ( ) SI_UNIT ( $, .RADIAN. ) );
#8882 = CARTESIAN_POINT ( 'NONE',  ( -0.7900000000000001500, -0.1596871942267131000, 0.01000000000000000000 ) ) ;
#8883 = CARTESIAN_POINT ( 'NONE',  ( 1.605796843271190200, 2.006601169756649900, 0.1000000000000000100 ) ) ;
#8884 = ORIENTED_EDGE ( 'NONE', *, *, #437, .F. ) ;
#8885 = FACE_OUTER_BOUND ( 'NONE', #2656, .T. ) ;
#8886 =( NAMED_UNIT ( * ) SI_UNIT ( $, .STERADIAN. ) SOLID_ANGLE_UNIT ( ) );
#8887 = SURFACE_STYLE_USAGE ( .BOTH. , #2632 ) ;
#8888 = SURFACE_SIDE_STYLE ('',( #8967 ) ) ;
#8889 = VECTOR ( 'NONE', #10957, 1000.000000000000000 ) ;
#8890 = VECTOR ( 'NONE', #2345, 1000.000000000000000 ) ;
#8891 = DIRECTION ( 'NONE',  ( -0.0000000000000000000, -1.000000000000000000, -0.0000000000000000000 ) ) ;
#8892 =( NAMED_UNIT ( * ) PLANE_ANGLE_UNIT ( ) SI_UNIT ( $, .RADIAN. ) );
#8893 = VECTOR ( 'NONE', #2011, 1000.000000000000000 ) ;
#8894 = ADVANCED_FACE ( 'NONE', ( #6858 ), #11564, .T. ) ;
#8895 = ORIENTED_EDGE ( 'NONE', *, *, #4463, .F. ) ;
#8896 =( GEOMETRIC_REPRESENTATION_CONTEXT ( 3 ) GLOBAL_UNCERTAINTY_ASSIGNED_CONTEXT ( ( #5843 ) ) GLOBAL_UNIT_ASSIGNED_CONTEXT ( ( #9080, #3737, #10000 ) ) REPRESENTATION_CONTEXT ( 'NONE', 'WORKASPACE' ) );
#8897 = FACE_OUTER_BOUND ( 'NONE', #2997, .T. ) ;
#8898 = SURFACE_SIDE_STYLE ('',( #2614 ) ) ;
#8899 =( LENGTH_UNIT ( ) NAMED_UNIT ( * ) SI_UNIT ( .MILLI., .METRE. ) );
#8900 = DIRECTION ( 'NONE',  ( -1.000000000000000000, 0.0000000000000000000, -0.0000000000000000000 ) ) ;
#8901 = PRESENTATION_STYLE_ASSIGNMENT (( #1247 ) ) ;
#8902 =( NAMED_UNIT ( * ) PLANE_ANGLE_UNIT ( ) SI_UNIT ( $, .RADIAN. ) );
#8903 = DIRECTION ( 'NONE',  ( 0.0000000000000000000, -1.000000000000000000, 0.0000000000000000000 ) ) ;
#8904 = ORIENTED_EDGE ( 'NONE', *, *, #5198, .F. ) ;
#8905 = LINE ( 'NONE', #2418, #2026 ) ;
#8906 = UNCERTAINTY_MEASURE_WITH_UNIT (LENGTH_MEASURE( 1.000000000000000100E-005 ), #2654, 'distance_accuracy_value', 'NONE');
#8907 = CARTESIAN_POINT ( 'NONE',  ( 1.475946328112510300, 2.014732339443119800, 0.0000000000000000000 ) ) ;
#8908 =( LENGTH_UNIT ( ) NAMED_UNIT ( * ) SI_UNIT ( .MILLI., .METRE. ) );
#8909 = PRESENTATION_STYLE_ASSIGNMENT (( #7988 ) ) ;
#8910 = EDGE_CURVE ( 'NONE', #8563, #8659, #8466, .T. ) ;
#8911 = VERTEX_POINT ( 'NONE', #11605 ) ;
#8912 = MECHANICAL_DESIGN_GEOMETRIC_PRESENTATION_REPRESENTATION (  '', ( #7097 ), #9506 ) ;
#8913 = LINE ( 'NONE', #5412, #6511 ) ;
#8914 = PRESENTATION_LAYER_ASSIGNMENT (  '', '', ( #8292 ) ) ;
#8915 = VERTEX_POINT ( 'NONE', #5359 ) ;
#8916 =( NAMED_UNIT ( * ) PLANE_ANGLE_UNIT ( ) SI_UNIT ( $, .RADIAN. ) );
#8917 =( GEOMETRIC_REPRESENTATION_CONTEXT ( 3 ) GLOBAL_UNCERTAINTY_ASSIGNED_CONTEXT ( ( #6545 ) ) GLOBAL_UNIT_ASSIGNED_CONTEXT ( ( #3366, #9609, #4259 ) ) REPRESENTATION_CONTEXT ( 'NONE', 'WORKASPACE' ) );
#8918 = ORIENTED_EDGE ( 'NONE', *, *, #6807, .T. ) ;
#8919 = VECTOR ( 'NONE', #11002, 1000.000000000000000 ) ;
#8920 = ORIENTED_EDGE ( 'NONE', *, *, #11105, .F. ) ;
#8921 = PRESENTATION_STYLE_ASSIGNMENT (( #8661 ) ) ;
#8922 = VECTOR ( 'NONE', #8891, 1000.000000000000000 ) ;
#8923 =( NAMED_UNIT ( * ) PLANE_ANGLE_UNIT ( ) SI_UNIT ( $, .RADIAN. ) );
#8924 = FACE_OUTER_BOUND ( 'NONE', #3386, .T. ) ;
#8925 = CARTESIAN_POINT ( 'NONE',  ( -0.8000000000000000400, 0.1749999999999999900, 0.1499999999999999900 ) ) ;
#8926 = VECTOR ( 'NONE', #9514, 1000.000000000000000 ) ;
#8927 = CARTESIAN_POINT ( 'NONE',  ( -0.8000000000000000400, 0.3499999999999999800, 0.1799999999999999900 ) ) ;
#8928 = SURFACE_STYLE_USAGE ( .BOTH. , #2678 ) ;
#8929 = CARTESIAN_POINT ( 'NONE',  ( 1.558006294300130000, 2.022050005444920200, 0.0000000000000000000 ) ) ;
#8930 = ORIENTED_EDGE ( 'NONE', *, *, #7275, .F. ) ;
#8931 = PLANE ( 'NONE',  #8872 ) ;
#8932 = EDGE_CURVE ( 'NONE', #3252, #9592, #3686, .T. ) ;
#8933 = CARTESIAN_POINT ( 'NONE',  ( 0.8000000000000000400, -0.1850000000000000000, 0.02000000000000000000 ) ) ;
#8934 = ORIENTED_EDGE ( 'NONE', *, *, #7769, .T. ) ;
#8935 =( GEOMETRIC_REPRESENTATION_CONTEXT ( 3 ) GLOBAL_UNCERTAINTY_ASSIGNED_CONTEXT ( ( #9209 ) ) GLOBAL_UNIT_ASSIGNED_CONTEXT ( ( #11303, #11434, #11595 ) ) REPRESENTATION_CONTEXT ( 'NONE', 'WORKASPACE' ) );
#8936 = VERTEX_POINT ( 'NONE', #9836 ) ;
#8937 = CIRCLE ( 'NONE', #9112, 0.01000000000000000200 ) ;
#8938 = DIRECTION ( 'NONE',  ( -0.4123105625617677900, 0.3872983346207389300, 0.8246211251235326900 ) ) ;
#8939 = VECTOR ( 'NONE', #1129, 1000.000000000000000 ) ;
#8940 = PRESENTATION_STYLE_ASSIGNMENT (( #3707 ) ) ;
#8941 = ORIENTED_EDGE ( 'NONE', *, *, #3331, .T. ) ;
#8942 = DIRECTION ( 'NONE',  ( -0.0000000000000000000, -1.000000000000000000, 0.0000000000000000000 ) ) ;
#8943 = UNCERTAINTY_MEASURE_WITH_UNIT (LENGTH_MEASURE( 1.000000000000000100E-005 ), #1496, 'distance_accuracy_value', 'NONE');
#8944 = PRODUCT_RELATED_PRODUCT_CATEGORY ( 'part', '', ( #3209 ) ) ;
#8945 = SURFACE_STYLE_USAGE ( .BOTH. , #2687 ) ;
#8946 = SURFACE_SIDE_STYLE ('',( #187 ) ) ;
#8947 = DIRECTION ( 'NONE',  ( 0.06249999999999743300, 0.9980449639169571800, 2.710505431213759900E-015 ) ) ;
#8948 =( NAMED_UNIT ( * ) SI_UNIT ( $, .STERADIAN. ) SOLID_ANGLE_UNIT ( ) );
#8949 = EDGE_LOOP ( 'NONE', ( #3546, #11008, #3181, #893 ) ) ;
#8950 = SURFACE_STYLE_FILL_AREA ( #94 ) ;
#8951 = DIRECTION ( 'NONE',  ( 0.0000000000000000000, 0.0000000000000000000, 1.000000000000000000 ) ) ;
#8952 = SURFACE_STYLE_USAGE ( .BOTH. , #9018 ) ;
#8953 = EDGE_CURVE ( 'NONE', #1941, #10334, #5761, .T. ) ;
#8954 =( NAMED_UNIT ( * ) PLANE_ANGLE_UNIT ( ) SI_UNIT ( $, .RADIAN. ) );
#8955 = UNCERTAINTY_MEASURE_WITH_UNIT (LENGTH_MEASURE( 1.000000000000000100E-005 ), #8269, 'distance_accuracy_value', 'NONE');
#8956 = ORIENTED_EDGE ( 'NONE', *, *, #2422, .T. ) ;
#8957 = ADVANCED_FACE ( 'NONE', ( #8138 ), #4352, .T. ) ;
#8958 = ORIENTED_EDGE ( 'NONE', *, *, #7036, .T. ) ;
#8959 = DIRECTION ( 'NONE',  ( -0.0000000000000000000, 1.000000000000000000, 0.0000000000000000000 ) ) ;
#8960 = SURFACE_STYLE_FILL_AREA ( #6209 ) ;
#8961 =( NAMED_UNIT ( * ) SI_UNIT ( $, .STERADIAN. ) SOLID_ANGLE_UNIT ( ) );
#8962 = SURFACE_STYLE_USAGE ( .BOTH. , #2710 ) ;
#8963 = LINE ( 'NONE', #7338, #8670 ) ;
#8964 =( NAMED_UNIT ( * ) PLANE_ANGLE_UNIT ( ) SI_UNIT ( $, .RADIAN. ) );
#8965 = CARTESIAN_POINT ( 'NONE',  ( -0.7700000000000000200, 0.3700000000000000000, 0.02000000000000000000 ) ) ;
#8966 = DIRECTION ( 'NONE',  ( -0.0000000000000000000, -1.000000000000000000, -0.0000000000000000000 ) ) ;
#8967 = SURFACE_STYLE_FILL_AREA ( #2633 ) ;
#8968 = MECHANICAL_DESIGN_GEOMETRIC_PRESENTATION_REPRESENTATION (  '', ( #7731 ), #9556 ) ;
#8969 = SURFACE_STYLE_USAGE ( .BOTH. , #2718 ) ;
#8970 = LINE ( 'NONE', #5606, #2085 ) ;
#8971 = VERTEX_POINT ( 'NONE', #7208 ) ;
#8972 = ORIENTED_EDGE ( 'NONE', *, *, #7412, .T. ) ;
#8973 = DIRECTION ( 'NONE',  ( 1.000000000000000000, 0.0000000000000000000, 0.0000000000000000000 ) ) ;
#8974 = FILL_AREA_STYLE_COLOUR ( '', #10715 ) ;
#8975 = SURFACE_SIDE_STYLE ('',( #10965 ) ) ;
#8976 = CARTESIAN_POINT ( 'NONE',  ( 1.571284688095939900, 2.014667620237459800, 0.1000000000000000100 ) ) ;
#8977 = VERTEX_POINT ( 'NONE', #8132 ) ;
#8978 = EDGE_CURVE ( 'NONE', #7491, #7362, #4919, .T. ) ;
#8979 = ORIENTED_EDGE ( 'NONE', *, *, #2510, .T. ) ;
#8980 = AXIS2_PLACEMENT_3D ( 'NONE', #8267, #2926, #9163 ) ;
#8981 = SURFACE_STYLE_USAGE ( .BOTH. , #2731 ) ;
#8982 = PRESENTATION_LAYER_ASSIGNMENT (  '', '', ( #8367 ) ) ;
#8983 = EDGE_LOOP ( 'NONE', ( #11485, #3555, #1363, #11413 ) ) ;
#8984 = FILL_AREA_STYLE_COLOUR ( '', #5268 ) ;
#8985 = ORIENTED_EDGE ( 'NONE', *, *, #4615, .F. ) ;
#8986 = VERTEX_POINT ( 'NONE', #9963 ) ;
#8987 = EDGE_CURVE ( 'NONE', #3470, #7481, #2546, .T. ) ;
#8988 = CARTESIAN_POINT ( 'NONE',  ( 0.0000000000000000000, 0.0000000000000000000, 0.0000000000000000000 ) ) ;
#8989 = CARTESIAN_POINT ( 'NONE',  ( 0.7072172467139156100, -0.1444835484702852400, 0.1699999999999999800 ) ) ;
#8990 =( GEOMETRIC_REPRESENTATION_CONTEXT ( 3 ) GLOBAL_UNCERTAINTY_ASSIGNED_CONTEXT ( ( #8417 ) ) GLOBAL_UNIT_ASSIGNED_CONTEXT ( ( #9259, #9294, #9335 ) ) REPRESENTATION_CONTEXT ( 'NONE', 'WORKASPACE' ) );
#8991 = CARTESIAN_POINT ( 'NONE',  ( 0.7700000000000001300, 0.3958578643762690200, 0.1800000000000000200 ) ) ;
#8992 = CARTESIAN_POINT ( 'NONE',  ( -0.4944304232934480000, -0.3207392495628431700, 0.6095187945355143900 ) ) ;
#8993 = UNCERTAINTY_MEASURE_WITH_UNIT (LENGTH_MEASURE( 1.000000000000000100E-005 ), #9848, 'distance_accuracy_value', 'NONE');
#8994 = FILL_AREA_STYLE ('',( #8096 ) ) ;
#8995 =( NAMED_UNIT ( * ) SI_UNIT ( $, .STERADIAN. ) SOLID_ANGLE_UNIT ( ) );
#8996 = ORIENTED_EDGE ( 'NONE', *, *, #2648, .T. ) ;
#8997 = CARTESIAN_POINT ( 'NONE',  ( 1.573701219720280000, 2.017560650931430100, 0.1000000000000000100 ) ) ;
#8998 = SURFACE_SIDE_STYLE ('',( #6763 ) ) ;
#9000 = FILL_AREA_STYLE_COLOUR ( '', #3990 ) ;
#8999 = SURFACE_STYLE_FILL_AREA ( #7333 ) ;
#9001 = LINE ( 'NONE', #10317, #4252 ) ;
#9002 = SURFACE_STYLE_FILL_AREA ( #3694 ) ;
#9003 =( NAMED_UNIT ( * ) SI_UNIT ( $, .STERADIAN. ) SOLID_ANGLE_UNIT ( ) );
#9004 = CARTESIAN_POINT ( 'NONE',  ( -0.07619999999999999000, -0.07619999999999999000, 0.0000000000000000000 ) ) ;
#9005 = ORIENTED_EDGE ( 'NONE', *, *, #439, .F. ) ;
#9006 = EDGE_CURVE ( 'NONE', #4727, #8341, #4658, .T. ) ;
#9007 = EDGE_CURVE ( 'NONE', #4544, #8605, #9380, .T. ) ;
#9008 = UNCERTAINTY_MEASURE_WITH_UNIT (LENGTH_MEASURE( 1.000000000000000100E-005 ), #2575, 'distance_accuracy_value', 'NONE');
#9009 =( GEOMETRIC_REPRESENTATION_CONTEXT ( 3 ) GLOBAL_UNCERTAINTY_ASSIGNED_CONTEXT ( ( #3211 ) ) GLOBAL_UNIT_ASSIGNED_CONTEXT ( ( #1340, #7592, #2256 ) ) REPRESENTATION_CONTEXT ( 'NONE', 'WORKASPACE' ) );
#9010 =( GEOMETRIC_REPRESENTATION_CONTEXT ( 3 ) GLOBAL_UNCERTAINTY_ASSIGNED_CONTEXT ( ( #8642 ) ) GLOBAL_UNIT_ASSIGNED_CONTEXT ( ( #5803, #427, #6675 ) ) REPRESENTATION_CONTEXT ( 'NONE', 'WORKASPACE' ) );
#9011 = COLOUR_RGB ( '',0.0000000000000000000, 0.7019607843137254400, 0.9803921568627450600 ) ;
#9012 = FILL_AREA_STYLE ('',( #2768 ) ) ;
#9013 = ORIENTED_EDGE ( 'NONE', *, *, #6321, .T. ) ;
#9014 = COLOUR_RGB ( '',1.000000000000000000, 0.9921568627450980700, 0.9411764705882352800 ) ;
#9015 = COLOUR_RGB ( '',0.8627450980392157300, 0.6274509803921568500, 0.05882352941176470500 ) ;
#9016 = DIRECTION ( 'NONE',  ( 1.000000000000000000, 0.0000000000000000000, -0.0000000000000000000 ) ) ;
#9017 = CARTESIAN_POINT ( 'NONE',  ( 1.598172856256540000, 2.011944767720760000, 0.09999999999999997800 ) ) ;
#9018 = SURFACE_SIDE_STYLE ('',( #11473 ) ) ;
#9019 = CARTESIAN_POINT ( 'NONE',  ( 0.8000000000000000400, 0.1850000000000000000, 0.03000000000000000200 ) ) ;
#9020 = PRESENTATION_STYLE_ASSIGNMENT (( #5554 ) ) ;
#9021 = CARTESIAN_POINT ( 'NONE',  ( 0.07619999999999999000, 0.1270000000000000000, 0.0000000000000000000 ) ) ;
#9022 = LINE ( 'NONE', #7115, #4274 ) ;
#9023 = EDGE_LOOP ( 'NONE', ( #4454, #2432, #9579, #4225 ) ) ;
#9024 = VECTOR ( 'NONE', #3862, 1000.000000000000000 ) ;
#9025 = EDGE_LOOP ( 'NONE', ( #5582, #10564, #475, #6531 ) ) ;
#9026 = EDGE_CURVE ( 'NONE', #9733, #7425, #154, .T. ) ;
#9028 = MECHANICAL_DESIGN_GEOMETRIC_PRESENTATION_REPRESENTATION (  '', ( #6599 ), #9630 ) ;
#9027 = LINE ( 'NONE', #8016, #4280 ) ;
#9029 = MECHANICAL_DESIGN_GEOMETRIC_PRESENTATION_REPRESENTATION (  '', ( #7814 ), #9631 ) ;
#9030 = PRESENTATION_LAYER_ASSIGNMENT (  '', '', ( #8414 ) ) ;
#9031 = DIRECTION ( 'NONE',  ( 0.0000000000000000000, -1.000000000000000000, 0.0000000000000000000 ) ) ;
#9032 = DIRECTION ( 'NONE',  ( 0.0000000000000000000, -1.000000000000000000, -0.0000000000000000000 ) ) ;
#9033 = DIRECTION ( 'NONE',  ( -0.0000000000000000000, 1.000000000000000000, 0.0000000000000000000 ) ) ;
#9034 = FILL_AREA_STYLE ('',( #902 ) ) ;
#9035 =( NAMED_UNIT ( * ) SI_UNIT ( $, .STERADIAN. ) SOLID_ANGLE_UNIT ( ) );
#9036 = VERTEX_POINT ( 'NONE', #8168 ) ;
#9037 = COLOUR_RGB ( '',0.0000000000000000000, 0.6470588235294118000, 0.9568627450980391500 ) ;
#9038 = CARTESIAN_POINT ( 'NONE',  ( 1.573701219720280000, 2.017560650931430100, 0.0000000000000000000 ) ) ;
#9039 = VECTOR ( 'NONE', #965, 1000.000000000000000 ) ;
#9040 = COLOUR_RGB ( '',0.0000000000000000000, 0.7019607843137254400, 0.9803921568627450600 ) ;
#9041 = CARTESIAN_POINT ( 'NONE',  ( 1.579657459489189900, 2.016301331666010100, 0.1000000000000000100 ) ) ;
#9042 = VERTEX_POINT ( 'NONE', #9993 ) ;
#9043 =( NAMED_UNIT ( * ) SI_UNIT ( $, .STERADIAN. ) SOLID_ANGLE_UNIT ( ) );
#9044 = ORIENTED_EDGE ( 'NONE', *, *, #5927, .F. ) ;
#9045 =( GEOMETRIC_REPRESENTATION_CONTEXT ( 3 ) GLOBAL_UNCERTAINTY_ASSIGNED_CONTEXT ( ( #8906 ) ) GLOBAL_UNIT_ASSIGNED_CONTEXT ( ( #2654, #8902, #3563 ) ) REPRESENTATION_CONTEXT ( 'NONE', 'WORKASPACE' ) );
#9046 = CARTESIAN_POINT ( 'NONE',  ( -0.7817157287525381400, 0.3899999999999999000, 0.1800000000000000200 ) ) ;
#9047 = DIRECTION ( 'NONE',  ( 0.0000000000000000000, 0.0000000000000000000, 1.000000000000000000 ) ) ;
#9048 = SURFACE_SIDE_STYLE ('',( #6535 ) ) ;
#9049 = VECTOR ( 'NONE', #9099, 1000.000000000000000 ) ;
#9050 =( NAMED_UNIT ( * ) SI_UNIT ( $, .STERADIAN. ) SOLID_ANGLE_UNIT ( ) );
#9051 = CARTESIAN_POINT ( 'NONE',  ( -0.6400000000000001200, 1.355252715606880500E-017, 0.0000000000000000000 ) ) ;
#9052 = ORIENTED_EDGE ( 'NONE', *, *, #5834, .T. ) ;
#9053 = CARTESIAN_POINT ( 'NONE',  ( 0.1270000000000000000, -0.07619999999999999000, 0.002000000000000000900 ) ) ;
#9054 = FILL_AREA_STYLE ('',( #10638 ) ) ;
#9055 = ORIENTED_EDGE ( 'NONE', *, *, #5443, .T. ) ;
#9056 = COLOUR_RGB ( '',0.0000000000000000000, 0.7019607843137254400, 0.9803921568627450600 ) ;
#9057 = PLANE ( 'NONE',  #1695 ) ;
#9058 = EDGE_LOOP ( 'NONE', ( #7309, #1783, #8372, #8386 ) ) ;
#9059 = LINE ( 'NONE', #11124, #11150 ) ;
#9060 = VECTOR ( 'NONE', #8257, 1000.000000000000000 ) ;
#9061 = EDGE_CURVE ( 'NONE', #3363, #10323, #1970, .T. ) ;
#9062 = ORIENTED_EDGE ( 'NONE', *, *, #566, .F. ) ;
#9063 = CARTESIAN_POINT ( 'NONE',  ( 1.433299651367150100, 1.980050006160170200, 0.0000000000000000000 ) ) ;
#9064 = VECTOR ( 'NONE', #8412, 1000.000000000000000 ) ;
#9065 = AXIS2_PLACEMENT_3D ( 'NONE', #7957, #2607, #8861 ) ;
#9066 = CARTESIAN_POINT ( 'NONE',  ( 0.8000000000000000400, 0.3499999999999999800, 0.1600000000000000000 ) ) ;
#9067 = ORIENTED_EDGE ( 'NONE', *, *, #2018, .T. ) ;
#9068 = CARTESIAN_POINT ( 'NONE',  ( -0.7960104076400856800, -0.1540413993313948500, 0.004343145750507592300 ) ) ;
#9069 = VERTEX_POINT ( 'NONE', #7287 ) ;
#9070 = EDGE_LOOP ( 'NONE', ( #9858, #1747, #4741, #5782, #352 ) ) ;
#9071 = COLOUR_RGB ( '',0.8627450980392157300, 0.6274509803921568500, 0.05882352941176470500 ) ;
#9072 = FILL_AREA_STYLE_COLOUR ( '', #3515 ) ;
#9073 = ORIENTED_EDGE ( 'NONE', *, *, #3654, .F. ) ;
#9074 = DIRECTION ( 'NONE',  ( 0.0000000000000000000, 0.0000000000000000000, -1.000000000000000000 ) ) ;
#9075 = UNCERTAINTY_MEASURE_WITH_UNIT (LENGTH_MEASURE( 1.000000000000000100E-005 ), #8585, 'distance_accuracy_value', 'NONE');
#9076 = EDGE_CURVE ( 'NONE', #11230, #4047, #6446, .T. ) ;
#9077 = COLOUR_RGB ( '',0.8627450980392157300, 0.6274509803921568500, 0.05882352941176470500 ) ;
#9078 = STYLED_ITEM ( 'NONE', ( #10923 ), #3146 ) ;
#9079 = EDGE_CURVE ( 'NONE', #4727, #1930, #11205, .T. ) ;
#9080 =( LENGTH_UNIT ( ) NAMED_UNIT ( * ) SI_UNIT ( .MILLI., .METRE. ) );
#9081 = AXIS2_PLACEMENT_3D ( 'NONE', #6764, #1404, #7663 ) ;
#9082 = FILL_AREA_STYLE ('',( #8503 ) ) ;
#9083 = CLOSED_SHELL ( 'NONE', ( #5031, #5892, #4207, #2373, #3968, #10662, #4200, #428, #11427, #10488 ) ) ;
#9084 = SURFACE_STYLE_FILL_AREA ( #330 ) ;
#9085 = CARTESIAN_POINT ( 'NONE',  ( -0.7990393399629758300, 0.1625548777015471400, 0.006827189806825521300 ) ) ;
#9086 = CARTESIAN_POINT ( 'NONE',  ( 0.07619999999999999000, 0.07619999999999999000, 0.0000000000000000000 ) ) ;
#9087 = LINE ( 'NONE', #10835, #6677 ) ;
#9088 = CARTESIAN_POINT ( 'NONE',  ( 1.576151786896379900, 2.020351574873700000, 0.1000000000000000100 ) ) ;
#9089 = SURFACE_STYLE_USAGE ( .BOTH. , #2840 ) ;
#9090 = MANIFOLD_SOLID_BREP ( 'Imported1', #7227 ) ;
#9091 = DIRECTION ( 'NONE',  ( 0.0000000000000000000, 0.0000000000000000000, 1.000000000000000000 ) ) ;
#9092 = COLOUR_RGB ( '',0.8627450980392157300, 0.6274509803921568500, 0.05882352941176470500 ) ;
#9093 = CARTESIAN_POINT ( 'NONE',  ( -0.6400000000000002400, 0.08914254706787534700, 0.0000000000000000000 ) ) ;
#9094 = SURFACE_SIDE_STYLE ('',( #6245 ) ) ;
#9095 = PRESENTATION_LAYER_ASSIGNMENT (  '', '', ( #7883 ) ) ;
#9096 = EDGE_CURVE ( 'NONE', #8643, #3608, #860, .T. ) ;
#9097 = STYLED_ITEM ( 'NONE', ( #3827 ), #6009 ) ;
#9098 = AXIS2_PLACEMENT_3D ( 'NONE', #1990, #8255, #2914 ) ;
#9099 = DIRECTION ( 'NONE',  ( 0.0000000000000000000, 1.000000000000000000, -0.0000000000000000000 ) ) ;
#9100 = CARTESIAN_POINT ( 'NONE',  ( 1.599976746015110000, 2.005512028770319900, 0.0000000000000000000 ) ) ;
#9101 = STYLED_ITEM ( 'NONE', ( #4391 ), #8772 ) ;
#9102 = ORIENTED_EDGE ( 'NONE', *, *, #2410, .F. ) ;
#9103 = FILL_AREA_STYLE ('',( #7317 ) ) ;
#9104 = FILL_AREA_STYLE ('',( #7286 ) ) ;
#9105 = CIRCLE ( 'NONE', #3911, 0.01000000000000000200 ) ;
#9106 = CARTESIAN_POINT ( 'NONE',  ( 0.8000000000000000400, 0.1749999999999999900, 0.03000000000000000600 ) ) ;
#9107 = ORIENTED_EDGE ( 'NONE', *, *, #2019, .T. ) ;
#9108 = VERTEX_POINT ( 'NONE', #3803 ) ;
#9109 =( GEOMETRIC_REPRESENTATION_CONTEXT ( 3 ) GLOBAL_UNCERTAINTY_ASSIGNED_CONTEXT ( ( #446 ) ) GLOBAL_UNIT_ASSIGNED_CONTEXT ( ( #5329, #11574, #6187 ) ) REPRESENTATION_CONTEXT ( 'NONE', 'WORKASPACE' ) );
#9110 = UNCERTAINTY_MEASURE_WITH_UNIT (LENGTH_MEASURE( 1.000000000000000100E-005 ), #2626, 'distance_accuracy_value', 'NONE');
#9111 = VECTOR ( 'NONE', #2828, 1000.000000000000000 ) ;
#9112 = AXIS2_PLACEMENT_3D ( 'NONE', #9019, #3687, #9952 ) ;
#9113 = AXIS2_PLACEMENT_3D ( 'NONE', #2324, #1898, #1862 ) ;
#9114 = ORIENTED_EDGE ( 'NONE', *, *, #3288, .F. ) ;
#9115 = CARTESIAN_POINT ( 'NONE',  ( 1.576151786981580000, 1.982367782848170100, 0.0000000000000000000 ) ) ;
#9116 = CYLINDRICAL_SURFACE ( 'NONE', #6572, 0.009999999999999998500 ) ;
#9117 = EDGE_LOOP ( 'NONE', ( #10160, #9924, #10801, #4009, #3039 ) ) ;
#9118 = FILL_AREA_STYLE ('',( #2868 ) ) ;
#9119 = EDGE_LOOP ( 'NONE', ( #3248, #1253, #920, #9326 ) ) ;
#9120 = CARTESIAN_POINT ( 'NONE',  ( 0.5215586932262870100, -0.2462096407409375100, 0.6280820810340169700 ) ) ;
#9121 = SURFACE_SIDE_STYLE ('',( #7043 ) ) ;
#9122 = VECTOR ( 'NONE', #4234, 1000.000000000000000 ) ;
#9123 = CARTESIAN_POINT ( 'NONE',  ( 1.576151786896379900, 2.020351574873700000, 0.0000000000000000000 ) ) ;
#9124 = CARTESIAN_POINT ( 'NONE',  ( -0.4480549931478379800, 0.2980549931478379000, 0.5999999999999996400 ) ) ;
#9125 = CARTESIAN_POINT ( 'NONE',  ( -0.4000000000000000200, -0.1749999999999999900, 0.03000000000000000200 ) ) ;
#9126 = MECHANICAL_DESIGN_GEOMETRIC_PRESENTATION_REPRESENTATION (  '', ( #7306 ), #9743 ) ;
#9127 = EDGE_LOOP ( 'NONE', ( #3137, #772, #2053, #5894 ) ) ;
#9128 = CARTESIAN_POINT ( 'NONE',  ( -0.8000000000000000400, -0.3500000000000000300, 0.1700000000000000100 ) ) ;
#9129 =( LENGTH_UNIT ( ) NAMED_UNIT ( * ) SI_UNIT ( .MILLI., .METRE. ) );
#9130 = SURFACE_SIDE_STYLE ('',( #774 ) ) ;
#9131 = DIRECTION ( 'NONE',  ( -0.9925461516413219800, 0.0000000000000000000, -0.1218693434051486300 ) ) ;
#9132 = COLOUR_RGB ( '',0.0000000000000000000, 0.7019607843137254400, 0.9803921568627450600 ) ;
#9133 = CARTESIAN_POINT ( 'NONE',  ( 1.591331689436239900, 1.979474752004879900, 0.1000000000000000100 ) ) ;
#9134 = UNCERTAINTY_MEASURE_WITH_UNIT (LENGTH_MEASURE( 1.000000000000000100E-005 ), #4814, 'distance_accuracy_value', 'NONE');
#9135 = ORIENTED_EDGE ( 'NONE', *, *, #10668, .F. ) ;
#9136 = LINE ( 'NONE', #255, #6735 ) ;
#9137 = EDGE_CURVE ( 'NONE', #721, #1225, #10940, .T. ) ;
#9138 = MECHANICAL_DESIGN_GEOMETRIC_PRESENTATION_REPRESENTATION (  '', ( #7947 ), #9763 ) ;
#9139 = FILL_AREA_STYLE ('',( #6414 ) ) ;
#9140 = EDGE_LOOP ( 'NONE', ( #3425, #640, #6783, #5229, #10736 ) ) ;
#9141 = CARTESIAN_POINT ( 'NONE',  ( 0.4000000000000000200, 0.0000000000000000000, 0.1799999999999999900 ) ) ;
#9142 = PRESENTATION_STYLE_ASSIGNMENT (( #7972 ) ) ;
#9143 = AXIS2_PLACEMENT_3D ( 'NONE', #68, #6331, #985 ) ;
#9144 = ORIENTED_EDGE ( 'NONE', *, *, #9846, .F. ) ;
#9145 = UNCERTAINTY_MEASURE_WITH_UNIT (LENGTH_MEASURE( 1.000000000000000100E-005 ), #8288, 'distance_accuracy_value', 'NONE');
#9146 = COLOUR_RGB ( '',0.0000000000000000000, 0.7019607843137254400, 0.9803921568627450600 ) ;
#9147 = SURFACE_SIDE_STYLE ('',( #2249 ) ) ;
#9148 = VERTEX_POINT ( 'NONE', #9106 ) ;
#9149 = FACE_OUTER_BOUND ( 'NONE', #10254, .T. ) ;
#9150 = CARTESIAN_POINT ( 'NONE',  ( -0.1991441109234209900, -0.1499999999999999900, 0.1799999999999999700 ) ) ;
#9151 = VECTOR ( 'NONE', #6420, 1000.000000000000000 ) ;
#9152 = STYLED_ITEM ( 'NONE', ( #9917 ), #376 ) ;
#9153 =( NAMED_UNIT ( * ) PLANE_ANGLE_UNIT ( ) SI_UNIT ( $, .RADIAN. ) );
#9154 = EDGE_CURVE ( 'NONE', #7482, #2691, #561, .T. ) ;
#9155 = LINE ( 'NONE', #2295, #2009 ) ;
#9156 = PRESENTATION_LAYER_ASSIGNMENT (  '', '', ( #7966 ) ) ;
#9157 = CARTESIAN_POINT ( 'NONE',  ( 1.582992953759770000, 2.023244605516660000, 0.1000000000000000100 ) ) ;
#9158 = VECTOR ( 'NONE', #9172, 1000.000000000000000 ) ;
#9159 = ORIENTED_EDGE ( 'NONE', *, *, #10207, .T. ) ;
#9160 = CARTESIAN_POINT ( 'NONE',  ( -0.7010317298281768500, 0.1541157850349708600, 0.0000000000000000000 ) ) ;
#9161 = FACE_OUTER_BOUND ( 'NONE', #4189, .T. ) ;
#9162 =( LENGTH_UNIT ( ) NAMED_UNIT ( * ) SI_UNIT ( .MILLI., .METRE. ) );
#9163 = DIRECTION ( 'NONE',  ( 1.000000000000000000, 0.0000000000000000000, 0.0000000000000000000 ) ) ;
#9164 = CARTESIAN_POINT ( 'NONE',  ( 1.568663942658580000, 2.001359678760009900, 0.1000000000000000100 ) ) ;
#9165 =( NAMED_UNIT ( * ) SI_UNIT ( $, .STERADIAN. ) SOLID_ANGLE_UNIT ( ) );
#9166 = PRESENTATION_LAYER_ASSIGNMENT (  '', '', ( #9805 ) ) ;
#9167 = VERTEX_POINT ( 'NONE', #219 ) ;
#9168 =( GEOMETRIC_REPRESENTATION_CONTEXT ( 3 ) GLOBAL_UNCERTAINTY_ASSIGNED_CONTEXT ( ( #4278 ) ) GLOBAL_UNIT_ASSIGNED_CONTEXT ( ( #2640, #8892, #3552 ) ) REPRESENTATION_CONTEXT ( 'NONE', 'WORKASPACE' ) );
#9169 = AXIS2_PLACEMENT_3D ( 'NONE', #3805, #10072, #4708 ) ;
#9170 = CARTESIAN_POINT ( 'NONE',  ( -0.8000000000000000400, 0.1596871942267129900, 0.0000000000000000000 ) ) ;
#9171 = VECTOR ( 'NONE', #10642, 1000.000000000000000 ) ;
#9172 = DIRECTION ( 'NONE',  ( -0.0000000000000000000, -0.0000000000000000000, -1.000000000000000000 ) ) ;
#9173 = ORIENTED_EDGE ( 'NONE', *, *, #7334, .T. ) ;
#9174 =( LENGTH_UNIT ( ) NAMED_UNIT ( * ) SI_UNIT ( .MILLI., .METRE. ) );
#9175 = ORIENTED_EDGE ( 'NONE', *, *, #10302, .T. ) ;
#9176 = VERTEX_POINT ( 'NONE', #1124 ) ;
#9177 = DIRECTION ( 'NONE',  ( -0.0000000000000000000, -1.000000000000000000, 0.0000000000000000000 ) ) ;
#9178 = LINE ( 'NONE', #10122, #8919 ) ;
#9179 = ORIENTED_EDGE ( 'NONE', *, *, #9076, .T. ) ;
#9180 = CARTESIAN_POINT ( 'NONE',  ( 1.568663942549560100, 1.996186259075019700, 0.0000000000000000000 ) ) ;
#9181 = VECTOR ( 'NONE', #564, 1000.000000000000000 ) ;
#9182 = SURFACE_STYLE_USAGE ( .BOTH. , #9147 ) ;
#9183 = LINE ( 'NONE', #7691, #11603 ) ;
#9184 =( LENGTH_UNIT ( ) NAMED_UNIT ( * ) SI_UNIT ( .MILLI., .METRE. ) );
#9185 = EDGE_CURVE ( 'NONE', #1468, #6384, #7682, .T. ) ;
#9186 = VECTOR ( 'NONE', #11419, 1000.000000000000000 ) ;
#9187 = PRESENTATION_LAYER_ASSIGNMENT (  '', '', ( #7993 ) ) ;
#9188 = ORIENTED_EDGE ( 'NONE', *, *, #8431, .T. ) ;
#9189 = CARTESIAN_POINT ( 'NONE',  ( 0.8000000000000000400, 0.3700000000000000000, 0.02000000000000000000 ) ) ;
#9191 =( NAMED_UNIT ( * ) SI_UNIT ( $, .STERADIAN. ) SOLID_ANGLE_UNIT ( ) );
#9190 = AXIS2_PLACEMENT_3D ( 'NONE', #1754, #8008, #2675 ) ;
#9192 = SURFACE_STYLE_FILL_AREA ( #6168 ) ;
#9193 = CARTESIAN_POINT ( 'NONE',  ( 1.582992953759770000, 2.023244605516660000, 0.0000000000000000000 ) ) ;
#9194 = EDGE_LOOP ( 'NONE', ( #11176, #10396, #493, #1733 ) ) ;
#9195 = ORIENTED_EDGE ( 'NONE', *, *, #5446, .T. ) ;
#9196 = LINE ( 'NONE', #9860, #2056 ) ;
#9197 = CLOSED_SHELL ( 'NONE', ( #6007, #3147, #2683, #10539, #10140, #2125, #9599, #8651, #11622, #2254, #2507, #6749, #6995, #4849, #3328, #676, #674, #4515, #8572, #11373, #5939, #6189, #7574, #8515 ) ) ;
#9198 = UNCERTAINTY_MEASURE_WITH_UNIT (LENGTH_MEASURE( 1.000000000000000100E-005 ), #4223, 'distance_accuracy_value', 'NONE');
#9199 = CARTESIAN_POINT ( 'NONE',  ( -0.5250000000000003600, -0.1330726618555938000, 0.1758578643762689900 ) ) ;
#9200 = FILL_AREA_STYLE_COLOUR ( '', #10475 ) ;
#9201 = VERTEX_POINT ( 'NONE', #3828 ) ;
#9202 = EDGE_CURVE ( 'NONE', #7422, #8936, #7406, .T. ) ;
#9203 = CARTESIAN_POINT ( 'NONE',  ( 0.0000000000000000000, 0.1499999999999999900, 0.02000000000000000000 ) ) ;
#9204 =( NAMED_UNIT ( * ) SI_UNIT ( $, .STERADIAN. ) SOLID_ANGLE_UNIT ( ) );
#9205 = EDGE_LOOP ( 'NONE', ( #8235, #1032, #9908, #4468 ) ) ;
#9206 = PRODUCT_DEFINITION_SHAPE ( 'NONE', 'NONE',  #11640 ) ;
#9207 = AXIS2_PLACEMENT_3D ( 'NONE', #10190, #4821, #11074 ) ;
#9208 = DIRECTION ( 'NONE',  ( -1.000000000000000000, 0.0000000000000000000, 0.0000000000000000000 ) ) ;
#9209 = UNCERTAINTY_MEASURE_WITH_UNIT (LENGTH_MEASURE( 1.000000000000000100E-005 ), #11303, 'distance_accuracy_value', 'NONE');
#9210 =( GEOMETRIC_REPRESENTATION_CONTEXT ( 3 ) GLOBAL_UNCERTAINTY_ASSIGNED_CONTEXT ( ( #8751 ) ) GLOBAL_UNIT_ASSIGNED_CONTEXT ( ( #7564, #2222, #8465 ) ) REPRESENTATION_CONTEXT ( 'NONE', 'WORKASPACE' ) );
#9211 =( LENGTH_UNIT ( ) NAMED_UNIT ( * ) SI_UNIT ( .MILLI., .METRE. ) );
#9212 = SURFACE_STYLE_USAGE ( .BOTH. , #2967 ) ;
#9213 = DIRECTION ( 'NONE',  ( 0.0000000000000000000, -1.000000000000000000, 0.0000000000000000000 ) ) ;
#9214 = ORIENTED_EDGE ( 'NONE', *, *, #4466, .T. ) ;
#9215 = CARTESIAN_POINT ( 'NONE',  ( -0.1270000000000000000, -0.07619999999999999000, 0.0000000000000000000 ) ) ;
#9216 = EDGE_CURVE ( 'NONE', #1225, #2096, #2685, .T. ) ;
#9217 = CARTESIAN_POINT ( 'NONE',  ( 0.4870195807110010400, -0.3245170327464610400, 0.6231815624153094200 ) ) ;
#9218 = EDGE_CURVE ( 'NONE', #459, #3302, #9522, .T. ) ;
#9219 = STYLED_ITEM ( 'NONE', ( #5035 ), #3268 ) ;
#9220 = EDGE_CURVE ( 'NONE', #3050, #11355, #2958, .T. ) ;
#9221 = CARTESIAN_POINT ( 'NONE',  ( 1.540103539337589900, 2.001304665244250100, 0.0000000000000000000 ) ) ;
#9222 =( GEOMETRIC_REPRESENTATION_CONTEXT ( 3 ) GLOBAL_UNCERTAINTY_ASSIGNED_CONTEXT ( ( #1763 ) ) GLOBAL_UNIT_ASSIGNED_CONTEXT ( ( #4752, #10989, #5642 ) ) REPRESENTATION_CONTEXT ( 'NONE', 'WORKASPACE' ) );
#9223 = MECHANICAL_DESIGN_GEOMETRIC_PRESENTATION_REPRESENTATION (  '', ( #8026 ), #9854 ) ;
#9224 = LINE ( 'NONE', #1712, #11340 ) ;
#9225 =( LENGTH_UNIT ( ) NAMED_UNIT ( * ) SI_UNIT ( .MILLI., .METRE. ) );
#9226 = CARTESIAN_POINT ( 'NONE',  ( 0.4000000000000000800, 0.1850000000000000000, 0.1599999999999999800 ) ) ;
#9227 = CARTESIAN_POINT ( 'NONE',  ( 1.599976746015110000, 2.001359678760009900, 0.1000000000000000100 ) ) ;
#9228 = CARTESIAN_POINT ( 'NONE',  ( 1.587213375081740100, 2.023244605453760100, 0.1000000000000000100 ) ) ;
#9229 = FACE_OUTER_BOUND ( 'NONE', #5300, .T. ) ;
#9230 = DIRECTION ( 'NONE',  ( 0.1209742911513541400, 0.1209742911513541400, 0.9852565360152932800 ) ) ;
#9231 = CARTESIAN_POINT ( 'NONE',  ( 1.558006294300130000, 2.022050005444920200, 0.0000000000000000000 ) ) ;
#9232 = ORIENTED_EDGE ( 'NONE', *, *, #4437, .F. ) ;
#9233 = EDGE_LOOP ( 'NONE', ( #11320, #2564, #8060, #11103 ) ) ;
#9234 = ORIENTED_EDGE ( 'NONE', *, *, #3151, .F. ) ;
#9235 = DIRECTION ( 'NONE',  ( -0.0000000000000000000, 1.000000000000000000, 0.0000000000000000000 ) ) ;
#9236 = EDGE_CURVE ( 'NONE', #2272, #2774, #170, .T. ) ;
#9237 = ADVANCED_FACE ( 'NONE', ( #9238 ), #1154, .T. ) ;
#9238 = FACE_OUTER_BOUND ( 'NONE', #4666, .T. ) ;
#9239 = MECHANICAL_DESIGN_GEOMETRIC_PRESENTATION_REPRESENTATION (  '', ( #8045 ), #9866 ) ;
#9240 = AXIS2_PLACEMENT_3D ( 'NONE', #7716, #2384, #8638 ) ;
#9241 =( LENGTH_UNIT ( ) NAMED_UNIT ( * ) SI_UNIT ( .MILLI., .METRE. ) );
#9242 = DIRECTION ( 'NONE',  ( 1.000000000000000000, 0.0000000000000000000, 0.0000000000000000000 ) ) ;
#9243 = STYLED_ITEM ( 'NONE', ( #5753 ), #9292 ) ;
#9244 = FILL_AREA_STYLE ('',( #8337 ) ) ;
#9245 = DIRECTION ( 'NONE',  ( -1.000000000000000000, 0.0000000000000000000, -0.0000000000000000000 ) ) ;
#9246 = ORIENTED_EDGE ( 'NONE', *, *, #5982, .F. ) ;
#9247 = VERTEX_POINT ( 'NONE', #10136 ) ;
#9248 = B_SPLINE_CURVE_WITH_KNOTS ( 'NONE', 2,
 ( #1999, #1116, #4729, #10970 ),
 .UNSPECIFIED., .F., .F.,
 ( 3, 1, 3 ),
 ( 0.0000000000000000000, 7.563236802190701200E-006, 1.512647360438140200E-005 ),
 .UNSPECIFIED. ) ;
#9249 = VECTOR ( 'NONE', #9753, 1000.000000000000000 ) ;
#9250 = CARTESIAN_POINT ( 'NONE',  ( 0.7941636171043935400, -0.1645284209415265900, 0.1852800012348752300 ) ) ;
#9251 = SURFACE_STYLE_USAGE ( .BOTH. , #3003 ) ;
#9252 = CARTESIAN_POINT ( 'NONE',  ( -0.1991441109234209900, 0.1499999999999999900, 0.1799999999999999700 ) ) ;
#9253 = DIRECTION ( 'NONE',  ( -0.9980449639169570700, 0.06249999999999946600, 0.0000000000000000000 ) ) ;
#9254 = VERTEX_POINT ( 'NONE', #328 ) ;
#9255 = ORIENTED_EDGE ( 'NONE', *, *, #4056, .F. ) ;
#9256 = PRESENTATION_LAYER_ASSIGNMENT (  '', '', ( #8665 ) ) ;
#9257 = FILL_AREA_STYLE_COLOUR ( '', #223 ) ;
#9258 = FILL_AREA_STYLE ('',( #8357 ) ) ;
#9259 =( LENGTH_UNIT ( ) NAMED_UNIT ( * ) SI_UNIT ( .MILLI., .METRE. ) );
#9260 =( LENGTH_UNIT ( ) NAMED_UNIT ( * ) SI_UNIT ( .MILLI., .METRE. ) );
#9261 = CONTEXT_DEPENDENT_SHAPE_REPRESENTATION ( #7761, #9206 ) ;
#9262 = ORIENTED_EDGE ( 'NONE', *, *, #8614, .F. ) ;
#9263 = FILL_AREA_STYLE_COLOUR ( '', #9567 ) ;
#9264 = CARTESIAN_POINT ( 'NONE',  ( 0.4000000000000000200, -0.3499999999999999800, 0.1600000000000000000 ) ) ;
#9265 = EDGE_CURVE ( 'NONE', #956, #1627, #1527, .T. ) ;
#9266 = CARTESIAN_POINT ( 'NONE',  ( -0.7875735931288072600, 0.4000000000000000800, 0.1700000000000000100 ) ) ;
#9267 = DIRECTION ( 'NONE',  ( -0.0000000000000000000, 1.000000000000000000, 0.0000000000000000000 ) ) ;
#9268 = CARTESIAN_POINT ( 'NONE',  ( -0.4000000000000000200, 0.1749999999999999600, 0.0000000000000000000 ) ) ;
#9269 = UNCERTAINTY_MEASURE_WITH_UNIT (LENGTH_MEASURE( 1.000000000000000100E-005 ), #10266, 'distance_accuracy_value', 'NONE');
#9270 =( GEOMETRIC_REPRESENTATION_CONTEXT ( 3 ) GLOBAL_UNCERTAINTY_ASSIGNED_CONTEXT ( ( #302 ) ) GLOBAL_UNIT_ASSIGNED_CONTEXT ( ( #6758, #1397, #7655 ) ) REPRESENTATION_CONTEXT ( 'NONE', 'WORKASPACE' ) );
#9271 = COLOUR_RGB ( '',0.7921568627450980000, 0.8196078431372548800, 0.9333333333333333500 ) ;
#9272 = ORIENTED_EDGE ( 'NONE', *, *, #5658, .F. ) ;
#9273 = CARTESIAN_POINT ( 'NONE',  ( -0.4000000000000000200, -0.3499999999999999800, 0.02000000000000000000 ) ) ;
#9274 = PRESENTATION_STYLE_ASSIGNMENT (( #8701 ) ) ;
#9275 = CARTESIAN_POINT ( 'NONE',  ( 1.587247410737570000, 2.018411542326989900, 0.05000000000000000300 ) ) ;
#9276 = FILL_AREA_STYLE_COLOUR ( '', #10700 ) ;
#9277 = ORIENTED_EDGE ( 'NONE', *, *, #11330, .F. ) ;
#9278 = VECTOR ( 'NONE', #4342, 1000.000000000000000 ) ;
#9279 = SHAPE_REPRESENTATION_RELATIONSHIP ( 'NONE' , 'NONE' ,  #1579, #11186 ) ;
#9280 = EDGE_CURVE ( 'NONE', #7081, #4068, #6022, .T. ) ;
#9281 = SURFACE_SIDE_STYLE ('',( #5190 ) ) ;
#9282 = PRESENTATION_LAYER_ASSIGNMENT (  '', '', ( #8690 ) ) ;
#9283 = EDGE_CURVE ( 'NONE', #3443, #459, #3673, .T. ) ;
#9284 = SURFACE_STYLE_USAGE ( .BOTH. , #3049 ) ;
#9285 = UNCERTAINTY_MEASURE_WITH_UNIT (LENGTH_MEASURE( 1.000000000000000100E-005 ), #4569, 'distance_accuracy_value', 'NONE');
#9286 = CARTESIAN_POINT ( 'NONE',  ( 0.7989442719099991700, -0.1596871942267129900, 0.005527864045000397000 ) ) ;
#9287 = DIRECTION ( 'NONE',  ( -0.06249999999999743300, -0.9980449639169571800, 0.0000000000000000000 ) ) ;
#9288 = DIRECTION ( 'NONE',  ( 0.0000000000000000000, 0.0000000000000000000, 1.000000000000000000 ) ) ;
#9289 = LINE ( 'NONE', #7003, #11412 ) ;
#9290 = ORIENTED_EDGE ( 'NONE', *, *, #2576, .T. ) ;
#9291 = ORIENTED_EDGE ( 'NONE', *, *, #840, .T. ) ;
#9292 = ADVANCED_FACE ( 'NONE', ( #10513 ), #3053, .T. ) ;
#9293 = CARTESIAN_POINT ( 'NONE',  ( 0.7900000000000000400, 0.3500000000000000300, 0.1799999999999999900 ) ) ;
#9294 =( NAMED_UNIT ( * ) PLANE_ANGLE_UNIT ( ) SI_UNIT ( $, .RADIAN. ) );
#9295 = ORIENTED_EDGE ( 'NONE', *, *, #1194, .F. ) ;
#9296 = PRESENTATION_LAYER_ASSIGNMENT (  '', '', ( #8117 ) ) ;
#9297 =( NAMED_UNIT ( * ) SI_UNIT ( $, .STERADIAN. ) SOLID_ANGLE_UNIT ( ) );
#9298 = EDGE_CURVE ( 'NONE', #10644, #1492, #7263, .T. ) ;
#9299 = DIRECTION ( 'NONE',  ( 0.0000000000000000000, -0.0000000000000000000, -1.000000000000000000 ) ) ;
#9300 = VECTOR ( 'NONE', #7149, 1000.000000000000000 ) ;
#9302 = MECHANICAL_DESIGN_GEOMETRIC_PRESENTATION_REPRESENTATION (  '', ( #8119 ), #9949 ) ;
#9301 = VECTOR ( 'NONE', #8649, 1000.000000000000000 ) ;
#9303 = STYLED_ITEM ( 'NONE', ( #10009 ), #4455 ) ;
#9304 = CARTESIAN_POINT ( 'NONE',  ( -0.8000000000000000400, 0.1749999999999999900, 0.02000000000000000000 ) ) ;
#9305 = CARTESIAN_POINT ( 'NONE',  ( -0.7700000000000000200, 0.3899999999999999000, 0.1800000000000000200 ) ) ;
#9306 = EDGE_LOOP ( 'NONE', ( #8189, #8934, #8972, #11287, #5832 ) ) ;
#9307 = CARTESIAN_POINT ( 'NONE',  ( 0.7900000000000000400, -0.3499999999999999800, 0.1799999999999999900 ) ) ;
#9308 = VERTEX_POINT ( 'NONE', #9286 ) ;
#9309 = CARTESIAN_POINT ( 'NONE',  ( -0.8000000000000000400, 0.4000000000000000200, 0.1700000000000000100 ) ) ;
#9310 = COLOUR_RGB ( '',0.8627450980392157300, 0.6274509803921568500, 0.05882352941176470500 ) ;
#9311 = CARTESIAN_POINT ( 'NONE',  ( -0.8000000000000000400, 0.1850000000000000000, 0.1599999999999999800 ) ) ;
#9312 = FILL_AREA_STYLE_COLOUR ( '', #7436 ) ;
#9313 = SURFACE_STYLE_FILL_AREA ( #8774 ) ;
#9314 = CARTESIAN_POINT ( 'NONE',  ( -0.6400000000000001200, 1.355252715606880500E-017, 0.0000000000000000000 ) ) ;
#9315 = PRESENTATION_LAYER_ASSIGNMENT (  '', '', ( #8136 ) ) ;
#9316 = PRESENTATION_STYLE_ASSIGNMENT (( #7916 ) ) ;
#9317 = EDGE_LOOP ( 'NONE', ( #6122, #658, #1555, #6641 ) ) ;
#9318 = ORIENTED_EDGE ( 'NONE', *, *, #6303, .F. ) ;
#9319 = CIRCLE ( 'NONE', #2651, 0.02999999999999997100 ) ;
#9320 = MECHANICAL_DESIGN_GEOMETRIC_PRESENTATION_REPRESENTATION (  '', ( #7514 ), #9970 ) ;
#9321 = FILL_AREA_STYLE_COLOUR ( '', #9077 ) ;
#9322 = CARTESIAN_POINT ( 'NONE',  ( -0.4000000000000000200, -0.1850000000000000000, 0.02000000000000000000 ) ) ;
#9323 = ORIENTED_EDGE ( 'NONE', *, *, #2335, .F. ) ;
#9324 = LINE ( 'NONE', #6396, #6945 ) ;
#9325 = FILL_AREA_STYLE ('',( #8499 ) ) ;
#9326 = ORIENTED_EDGE ( 'NONE', *, *, #8162, .T. ) ;
#9327 = DIRECTION ( 'NONE',  ( 0.0000000000000000000, -0.0000000000000000000, -1.000000000000000000 ) ) ;
#9329 = CARTESIAN_POINT ( 'NONE',  ( 1.635714184628549900, 1.980359679117640300, 0.0000000000000000000 ) ) ;
#9328 = LINE ( 'NONE', #9309, #2193 ) ;
#9330 = ORIENTED_EDGE ( 'NONE', *, *, #2173, .F. ) ;
#9331 = FILL_AREA_STYLE_COLOUR ( '', #10739 ) ;
#9332 = CIRCLE ( 'NONE', #8640, 0.05080000000000000500 ) ;
#9333 = ORIENTED_EDGE ( 'NONE', *, *, #6370, .F. ) ;
#9334 = ORIENTED_EDGE ( 'NONE', *, *, #10600, .T. ) ;
#9335 =( NAMED_UNIT ( * ) SI_UNIT ( $, .STERADIAN. ) SOLID_ANGLE_UNIT ( ) );
#9336 = CLOSED_SHELL ( 'NONE', ( #4265, #4263, #8514, #10425, #9474, #2563, #11118, #2436, #8061, #11063 ) ) ;
#9337 = SURFACE_STYLE_FILL_AREA ( #5494 ) ;
#9338 = DIRECTION ( 'NONE',  ( 0.0000000000000000000, 0.0000000000000000000, 1.000000000000000000 ) ) ;
#9339 =( BOUNDED_SURFACE ( )  B_SPLINE_SURFACE ( 3, 3, ( 
 ( #455, #10376, #5018, #11262 ),
 ( #5905, #542, #6780, #1424 ),
 ( #7678, #2349, #8582, #3253 ),
 ( #9510, #4147, #10410, #5060 ) ),
 .UNSPECIFIED., .F., .F., .F. ) 
 B_SPLINE_SURFACE_WITH_KNOTS ( ( 4, 4 ),
 ( 4, 4 ),
 ( 0.0000000000000000000, 1.000000000000000000 ),
 ( 0.0000000000000000000, 1.000000000000000000 ),
 .UNSPECIFIED. ) 
 GEOMETRIC_REPRESENTATION_ITEM ( )  RATIONAL_B_SPLINE_SURFACE ( (
 ( 1.000000000000000000, 0.3333333333333388700, 0.3333333333333388700, 1.000000000000000000),
 ( 0.9289825745457278600, 0.3096608581819144100, 0.3096608581819144100, 0.9289825745457278600),
 ( 0.9289825745457278600, 0.3096608581819144100, 0.3096608581819144100, 0.9289825745457278600),
 ( 1.000000000000000000, 0.3333333333333388700, 0.3333333333333388700, 1.000000000000000000) ) ) 
 REPRESENTATION_ITEM ( '' )  SURFACE ( )  );
#9340 = SHAPE_REPRESENTATION ( 'Lite-On Logo Adjustable', ( #3980 ), #1951 ) ;
#9341 =( GEOMETRIC_REPRESENTATION_CONTEXT ( 3 ) GLOBAL_UNCERTAINTY_ASSIGNED_CONTEXT ( ( #950 ) ) GLOBAL_UNIT_ASSIGNED_CONTEXT ( ( #4112, #10387, #5032 ) ) REPRESENTATION_CONTEXT ( 'NONE', 'WORKASPACE' ) );
#9342 =( NAMED_UNIT ( * ) SI_UNIT ( $, .STERADIAN. ) SOLID_ANGLE_UNIT ( ) );
#9344 = CARTESIAN_POINT ( 'NONE',  ( -0.8000000000000000400, 0.4000000000000000200, 0.02000000000000000000 ) ) ;
#9343 =( GEOMETRIC_REPRESENTATION_CONTEXT ( 3 ) GLOBAL_UNCERTAINTY_ASSIGNED_CONTEXT ( ( #7396 ) ) GLOBAL_UNIT_ASSIGNED_CONTEXT ( ( #3913, #10174, #4807 ) ) REPRESENTATION_CONTEXT ( 'NONE', 'WORKASPACE' ) );
#9345 = SURFACE_SIDE_STYLE ('',( #643 ) ) ;
#9346 = VERTEX_POINT ( 'NONE', #6652 ) ;
#9347 = FILL_AREA_STYLE_COLOUR ( '', #11039 ) ;
#9348 = ADVANCED_FACE ( 'NONE', ( #2536 ), #8516, .T. ) ;
#9349 = ADVANCED_FACE ( 'NONE', ( #143 ), #7585, .T. ) ;
#9350 = DIRECTION ( 'NONE',  ( 0.0000000000000000000, 0.0000000000000000000, -1.000000000000000000 ) ) ;
#9351 = FILL_AREA_STYLE ('',( #4222 ) ) ;
#9352 = UNCERTAINTY_MEASURE_WITH_UNIT (LENGTH_MEASURE( 1.000000000000000100E-005 ), #3509, 'distance_accuracy_value', 'NONE');
#9353 = EDGE_CURVE ( 'NONE', #3492, #2004, #7668, .T. ) ;
#9354 = VECTOR ( 'NONE', #10723, 1000.000000000000000 ) ;
#9355 = CARTESIAN_POINT ( 'NONE',  ( -0.7900000000000000400, 0.1596871942267129900, 0.01000000000000000000 ) ) ;
#9356 =( GEOMETRIC_REPRESENTATION_CONTEXT ( 3 ) GLOBAL_UNCERTAINTY_ASSIGNED_CONTEXT ( ( #7551 ) ) GLOBAL_UNIT_ASSIGNED_CONTEXT ( ( #9442, #9495, #9525 ) ) REPRESENTATION_CONTEXT ( 'NONE', 'WORKASPACE' ) );
#9357 = CARTESIAN_POINT ( 'NONE',  ( 0.7908984203179009200, -0.1541962812698344200, -0.001242919917974798300 ) ) ;
#9358 = FILL_AREA_STYLE_COLOUR ( '', #8783 ) ;
#9359 =( GEOMETRIC_REPRESENTATION_CONTEXT ( 3 ) GLOBAL_UNCERTAINTY_ASSIGNED_CONTEXT ( ( #9110 ) ) GLOBAL_UNIT_ASSIGNED_CONTEXT ( ( #2626, #8881, #3540 ) ) REPRESENTATION_CONTEXT ( 'NONE', 'WORKASPACE' ) );
#9360 = CARTESIAN_POINT ( 'NONE',  ( -0.7960104076400855700, 0.1540413993313948200, 0.1756568542494922900 ) ) ;
#9361 = SURFACE_STYLE_FILL_AREA ( #6851 ) ;
#9362 = SURFACE_SIDE_STYLE ('',( #3723 ) ) ;
#9363 = PRESENTATION_STYLE_ASSIGNMENT (( #259 ) ) ;
#9364 = SURFACE_STYLE_USAGE ( .BOTH. , #3123 ) ;
#9365 = SURFACE_SIDE_STYLE ('',( #3678 ) ) ;
#9366 = CARTESIAN_POINT ( 'NONE',  ( 1.635714184628549900, 1.980359679117640300, 0.1000000000000000100 ) ) ;
#9367 = ORIENTED_EDGE ( 'NONE', *, *, #289, .F. ) ;
#9368 = COLOUR_RGB ( '',0.0000000000000000000, 0.7019607843137254400, 0.9803921568627450600 ) ;
#9369 = PRESENTATION_STYLE_ASSIGNMENT (( #9364 ) ) ;
#9370 = EDGE_CURVE ( 'NONE', #7081, #810, #3224, .T. ) ;
#9371 = EDGE_CURVE ( 'NONE', #5638, #9995, #5361, .T. ) ;
#9372 = AXIS2_PLACEMENT_3D ( 'NONE', #11593, #6204, #857 ) ;
#9373 =( GEOMETRIC_REPRESENTATION_CONTEXT ( 3 ) GLOBAL_UNCERTAINTY_ASSIGNED_CONTEXT ( ( #1171 ) ) GLOBAL_UNIT_ASSIGNED_CONTEXT ( ( #8899, #3559, #9817 ) ) REPRESENTATION_CONTEXT ( 'NONE', 'WORKASPACE' ) );
#9374 = LINE ( 'NONE', #8874, #2238 ) ;
#9375 = DIRECTION ( 'NONE',  ( 1.000000000000000000, 0.0000000000000000000, 0.0000000000000000000 ) ) ;
#9376 = ORIENTED_EDGE ( 'NONE', *, *, #4461, .F. ) ;
#9377 = EDGE_LOOP ( 'NONE', ( #3292, #111, #8683, #11133, #3320, #7159, #7199, #11165, #4087, #3490 ) ) ;
#9378 = FILL_AREA_STYLE_COLOUR ( '', #4798 ) ;
#9379 =( LENGTH_UNIT ( ) NAMED_UNIT ( * ) SI_UNIT ( .MILLI., .METRE. ) );
#9380 = LINE ( 'NONE', #1914, #9111 ) ;
#9381 = EDGE_LOOP ( 'NONE', ( #5164, #1790, #9545, #948 ) ) ;
#9382 = CARTESIAN_POINT ( 'NONE',  ( 0.4000000000000000200, 0.3499999999999999800, 0.02000000000000000000 ) ) ;
#9383 = CARTESIAN_POINT ( 'NONE',  ( 0.7906249999999998000, 0.1497067445875435200, 0.004142135623731001700 ) ) ;
#9384 = FILL_AREA_STYLE_COLOUR ( '', #1587 ) ;
#9385 = ORIENTED_EDGE ( 'NONE', *, *, #2461, .T. ) ;
#9386 = FILL_AREA_STYLE_COLOUR ( '', #254 ) ;
#9387 = CARTESIAN_POINT ( 'NONE',  ( 0.7908984203179010300, 0.1541962812698344500, -0.001242919917974926200 ) ) ;
#9388 = ORIENTED_EDGE ( 'NONE', *, *, #9220, .F. ) ;
#9389 = MECHANICAL_DESIGN_GEOMETRIC_PRESENTATION_REPRESENTATION (  '', ( #6987 ), #10024 ) ;
#9390 = CARTESIAN_POINT ( 'NONE',  ( -0.4000000000000000200, -0.1499999999999999900, 0.02000000000000000000 ) ) ;
#9391 = DIRECTION ( 'NONE',  ( -0.6010407640085517800, 0.5645794895318171400, -0.5656854249492460100 ) ) ;
#9392 = ORIENTED_EDGE ( 'NONE', *, *, #9761, .T. ) ;
#9393 = PRESENTATION_LAYER_ASSIGNMENT (  '', '', ( #8201 ) ) ;
#9394 = CARTESIAN_POINT ( 'NONE',  ( 1.543833400629000200, 2.014051626326669900, 0.1000000000000000100 ) ) ;
#9395 = CARTESIAN_POINT ( 'NONE',  ( -0.8000000000000001600, -0.1749999999999999600, 0.03000000000000000200 ) ) ;
#9396 = CARTESIAN_POINT ( 'NONE',  ( 0.4745170327464608400, 0.3245170327464609900, 0.6331590247227176800 ) ) ;
#9397 = PRESENTATION_STYLE_ASSIGNMENT (( #2831 ) ) ;
#9398 = EDGE_LOOP ( 'NONE', ( #4778, #5376, #4838, #1636 ) ) ;
#9399 = SURFACE_SIDE_STYLE ('',( #7310 ) ) ;
#9400 = CIRCLE ( 'NONE', #862, 0.01000000000000000400 ) ;
#9401 = SURFACE_STYLE_USAGE ( .BOTH. , #9365 ) ;
#9402 = SURFACE_STYLE_USAGE ( .BOTH. , #1375 ) ;
#9403 = ADVANCED_FACE ( 'NONE', ( #9821 ), #7024, .F. ) ;
#9404 = PRESENTATION_STYLE_ASSIGNMENT (( #939 ) ) ;
#9405 = ADVANCED_FACE ( 'NONE', ( #2079 ), #3371, .T. ) ;
#9406 = AXIS2_PLACEMENT_3D ( 'NONE', #1002, #1890, #131 ) ;
#9407 = ORIENTED_EDGE ( 'NONE', *, *, #8691, .T. ) ;
#9408 = DIRECTION ( 'NONE',  ( 0.0000000000000000000, 0.0000000000000000000, 1.000000000000000000 ) ) ;
#9409 = AXIS2_PLACEMENT_3D ( 'NONE', #4231, #10494, #5143 ) ;
#9410 = LINE ( 'NONE', #2046, #3428 ) ;
#9411 = CARTESIAN_POINT ( 'NONE',  ( -0.7960104076400855700, -0.1540413993313948200, 0.004343145750507624400 ) ) ;
#9412 = COLOUR_RGB ( '',0.0000000000000000000, 0.7019607843137254400, 0.9803921568627450600 ) ;
#9413 = VECTOR ( 'NONE', #1215, 1000.000000000000000 ) ;
#9414 = FILL_AREA_STYLE_COLOUR ( '', #10025 ) ;
#9415 = PRESENTATION_STYLE_ASSIGNMENT (( #11561 ) ) ;
#9416 =( NAMED_UNIT ( * ) SI_UNIT ( $, .STERADIAN. ) SOLID_ANGLE_UNIT ( ) );
#9417 = UNCERTAINTY_MEASURE_WITH_UNIT (LENGTH_MEASURE( 1.000000000000000100E-005 ), #346, 'distance_accuracy_value', 'NONE');
#9418 =( NAMED_UNIT ( * ) PLANE_ANGLE_UNIT ( ) SI_UNIT ( $, .RADIAN. ) );
#9419 = ORIENTED_EDGE ( 'NONE', *, *, #61, .T. ) ;
#9420 =( NAMED_UNIT ( * ) SI_UNIT ( $, .STERADIAN. ) SOLID_ANGLE_UNIT ( ) );
#9421 = CARTESIAN_POINT ( 'NONE',  ( -0.8000000000000000400, 0.4000000000000000200, 0.01000000000000000000 ) ) ;
#9422 = EDGE_CURVE ( 'NONE', #1873, #7088, #8115, .T. ) ;
#9423 = STYLED_ITEM ( 'NONE', ( #3744 ), #2198 ) ;
#9424 = FACE_OUTER_BOUND ( 'NONE', #3534, .T. ) ;
#9425 = ORIENTED_EDGE ( 'NONE', *, *, #8673, .T. ) ;
#9426 = VECTOR ( 'NONE', #10315, 1000.000000000000000 ) ;
#9427 = CARTESIAN_POINT ( 'NONE',  ( 1.487246165845520100, 2.022050005444920200, 0.1000000000000000100 ) ) ;
#9428 =( GEOMETRIC_REPRESENTATION_CONTEXT ( 3 ) GLOBAL_UNCERTAINTY_ASSIGNED_CONTEXT ( ( #3391 ) ) GLOBAL_UNIT_ASSIGNED_CONTEXT ( ( #9184, #3846, #10116 ) ) REPRESENTATION_CONTEXT ( 'NONE', 'WORKASPACE' ) );
#9429 = UNCERTAINTY_MEASURE_WITH_UNIT (LENGTH_MEASURE( 1.000000000000000100E-005 ), #10426, 'distance_accuracy_value', 'NONE');
#9430 = SURFACE_SIDE_STYLE ('',( #10015 ) ) ;
#9431 = SURFACE_STYLE_FILL_AREA ( #8017 ) ;
#9432 = VERTEX_POINT ( 'NONE', #8011 ) ;
#9433 = FACE_OUTER_BOUND ( 'NONE', #796, .T. ) ;
#9434 = EDGE_CURVE ( 'NONE', #10181, #866, #1229, .T. ) ;
#9435 = FILL_AREA_STYLE ('',( #8528 ) ) ;
#9436 = EDGE_CURVE ( 'NONE', #6407, #182, #5745, .T. ) ;
#9437 = AXIS2_PLACEMENT_3D ( 'NONE', #3577, #9832, #4489 ) ;
#9438 = EDGE_CURVE ( 'NONE', #7839, #9308, #10229, .T. ) ;
#9439 = SURFACE_SIDE_STYLE ('',( #6480 ) ) ;
#9440 = FACE_OUTER_BOUND ( 'NONE', #6537, .T. ) ;
#9441 = MECHANICAL_DESIGN_GEOMETRIC_PRESENTATION_REPRESENTATION (  '', ( #7628 ), #10079 ) ;
#9442 =( LENGTH_UNIT ( ) NAMED_UNIT ( * ) SI_UNIT ( .MILLI., .METRE. ) );
#9443 =( NAMED_UNIT ( * ) SI_UNIT ( $, .STERADIAN. ) SOLID_ANGLE_UNIT ( ) );
#9444 = DIRECTION ( 'NONE',  ( -1.000000000000000000, 0.0000000000000000000, 0.0000000000000000000 ) ) ;
#9445 = VECTOR ( 'NONE', #2150, 1000.000000000000000 ) ;
#9446 = ORIENTED_EDGE ( 'NONE', *, *, #4679, .F. ) ;
#9447 = DIRECTION ( 'NONE',  ( 1.000000000000000000, 0.0000000000000000000, -0.0000000000000000000 ) ) ;
#9448 = VECTOR ( 'NONE', #4512, 1000.000000000000000 ) ;
#9449 = CARTESIAN_POINT ( 'NONE',  ( 1.556610832411420100, 1.998667509894980000, 0.0000000000000000000 ) ) ;
#9450 = ORIENTED_EDGE ( 'NONE', *, *, #4898, .T. ) ;
#9451 = SURFACE_SIDE_STYLE ('',( #5557 ) ) ;
#9452 = CARTESIAN_POINT ( 'NONE',  ( 1.464646490379500000, 2.014732339443119800, 0.0000000000000000000 ) ) ;
#9453 = APPLICATION_CONTEXT ( 'automotive_design' ) ;
#9454 = VERTEX_POINT ( 'NONE', #4494 ) ;
#9455 = PRESENTATION_LAYER_ASSIGNMENT (  '', '', ( #8263 ) ) ;
#9456 =( NAMED_UNIT ( * ) SI_UNIT ( $, .STERADIAN. ) SOLID_ANGLE_UNIT ( ) );
#9457 = EDGE_CURVE ( 'NONE', #3897, #7837, #5493, .T. ) ;
#9458 = CARTESIAN_POINT ( 'NONE',  ( -0.8000000000000001600, 0.1850000000000000000, 0.02000000000000000000 ) ) ;
#9459 = EDGE_LOOP ( 'NONE', ( #8662, #3789, #8524, #303 ) ) ;
#9460 = STYLED_ITEM ( 'NONE', ( #1029 ), #6073 ) ;
#9461 = FACE_OUTER_BOUND ( 'NONE', #5692, .T. ) ;
#9462 = PRESENTATION_LAYER_ASSIGNMENT (  '', '', ( #10095 ) ) ;
#9463 = LINE ( 'NONE', #6458, #2322 ) ;
#9464 =( NAMED_UNIT ( * ) PLANE_ANGLE_UNIT ( ) SI_UNIT ( $, .RADIAN. ) );
#9465 = ORIENTED_EDGE ( 'NONE', *, *, #5854, .T. ) ;
#9466 = VECTOR ( 'NONE', #7372, 1000.000000000000000 ) ;
#9467 = SURFACE_STYLE_FILL_AREA ( #6969 ) ;
#9468 = CARTESIAN_POINT ( 'NONE',  ( -0.7900000000000000400, 0.1596871942267129900, 0.01000000000000000000 ) ) ;
#9469 = AXIS2_PLACEMENT_3D ( 'NONE', #9806, #4442, #10695 ) ;
#9470 = CARTESIAN_POINT ( 'NONE',  ( 1.502323961374810100, 1.980050006160170200, 0.0000000000000000000 ) ) ;
#9471 = VECTOR ( 'NONE', #10586, 1000.000000000000000 ) ;
#9472 = CARTESIAN_POINT ( 'NONE',  ( 0.8000000000000000400, -0.3499999999999999800, 0.1600000000000000000 ) ) ;
#9473 = FILL_AREA_STYLE ('',( #9386 ) ) ;
#9474 = ADVANCED_FACE ( 'NONE', ( #3083 ), #1810, .F. ) ;
#9475 = ADVANCED_FACE ( 'NONE', ( #4641 ), #3583, .T. ) ;
#9476 = LINE ( 'NONE', #7700, #2331 ) ;
#9477 = EDGE_LOOP ( 'NONE', ( #4745, #11211, #7348, #1922 ) ) ;
#9478 = SURFACE_STYLE_USAGE ( .BOTH. , #3225 ) ;
#9479 = DIRECTION ( 'NONE',  ( 0.0000000000000000000, -1.000000000000000000, -0.0000000000000000000 ) ) ;
#9480 = ORIENTED_EDGE ( 'NONE', *, *, #1044, .F. ) ;
#9481 = PRESENTATION_STYLE_ASSIGNMENT (( #8846 ) ) ;
#9482 = ORIENTED_EDGE ( 'NONE', *, *, #4514, .F. ) ;
#9483 = CARTESIAN_POINT ( 'NONE',  ( -0.7960104076400855700, 0.1540413993313948200, 0.1756568542494924600 ) ) ;
#9484 = FILL_AREA_STYLE ('',( #7656 ) ) ;
#9485 = FILL_AREA_STYLE ('',( #1367 ) ) ;
#9486 = ORIENTED_EDGE ( 'NONE', *, *, #3567, .F. ) ;
#9487 = LINE ( 'NONE', #852, #7094 ) ;
#9488 = DIRECTION ( 'NONE',  ( -1.000000000000000000, -0.0000000000000000000, -0.0000000000000000000 ) ) ;
#9489 = ORIENTED_EDGE ( 'NONE', *, *, #927, .T. ) ;
#9490 = AXIS2_PLACEMENT_3D ( 'NONE', #7373, #2020, #8283 ) ;
#9491 = STYLED_ITEM ( 'NONE', ( #506 ), #10312 ) ;
#9492 = FILL_AREA_STYLE ('',( #3201 ) ) ;
#9493 = CARTESIAN_POINT ( 'NONE',  ( 1.443850704672070100, 2.022050005444920200, 0.0000000000000000000 ) ) ;
#9494 = PRESENTATION_STYLE_ASSIGNMENT (( #9551 ) ) ;
#9495 =( NAMED_UNIT ( * ) PLANE_ANGLE_UNIT ( ) SI_UNIT ( $, .RADIAN. ) );
#9496 = FILL_AREA_STYLE ('',( #6768 ) ) ;
#9497 = VERTEX_POINT ( 'NONE', #5507 ) ;
#9498 = LINE ( 'NONE', #9366, #4754 ) ;
#9499 = UNCERTAINTY_MEASURE_WITH_UNIT (LENGTH_MEASURE( 1.000000000000000100E-005 ), #3867, 'distance_accuracy_value', 'NONE');
#9500 = DIRECTION ( 'NONE',  ( 0.0000000000000000000, 0.0000000000000000000, -1.000000000000000000 ) ) ;
#9501 = DIRECTION ( 'NONE',  ( 0.0000000000000000000, 0.0000000000000000000, 1.000000000000000000 ) ) ;
#9502 = FACE_OUTER_BOUND ( 'NONE', #11113, .T. ) ;
#9503 = CARTESIAN_POINT ( 'NONE',  ( -0.7960104076400859000, -0.1540413993313947700, 0.004343145750507735500 ) ) ;
#9504 = EDGE_CURVE ( 'NONE', #5584, #1585, #4707, .T. ) ;
#9505 = DIRECTION ( 'NONE',  ( -0.0000000000000000000, -1.000000000000000000, 0.0000000000000000000 ) ) ;
#9506 =( GEOMETRIC_REPRESENTATION_CONTEXT ( 3 ) GLOBAL_UNCERTAINTY_ASSIGNED_CONTEXT ( ( #10162 ) ) GLOBAL_UNIT_ASSIGNED_CONTEXT ( ( #4689, #4656, #4625 ) ) REPRESENTATION_CONTEXT ( 'NONE', 'WORKASPACE' ) );
#9507 = ORIENTED_EDGE ( 'NONE', *, *, #9569, .T. ) ;
#9508 = MECHANICAL_DESIGN_GEOMETRIC_PRESENTATION_REPRESENTATION (  '', ( #8292 ), #10123 ) ;
#9509 = APPLICATION_PROTOCOL_DEFINITION ( 'draft international standard', 'automotive_design', 1998, #8543 ) ;
#9510 = CARTESIAN_POINT ( 'NONE',  ( 0.7990804081733013900, -0.1621684676773501000, 0.1733748288059404900 ) ) ;
#9511 = UNCERTAINTY_MEASURE_WITH_UNIT (LENGTH_MEASURE( 1.000000000000000100E-005 ), #3595, 'distance_accuracy_value', 'NONE');
#9512 = CARTESIAN_POINT ( 'NONE',  ( 1.574484039804199900, 2.001359678760009900, 0.1000000000000000100 ) ) ;
#9513 = SURFACE_SIDE_STYLE ('',( #7374 ) ) ;
#9514 = DIRECTION ( 'NONE',  ( 0.0000000000000000000, -0.0000000000000000000, 1.000000000000000000 ) ) ;
#9515 =( NAMED_UNIT ( * ) SI_UNIT ( $, .STERADIAN. ) SOLID_ANGLE_UNIT ( ) );
#9516 = EDGE_CURVE ( 'NONE', #8748, #7081, #10645, .T. ) ;
#9517 = STYLED_ITEM ( 'NONE', ( #3387 ), #2683 ) ;
#9518 = SURFACE_SIDE_STYLE ('',( #10264 ) ) ;
#9519 =( NAMED_UNIT ( * ) PLANE_ANGLE_UNIT ( ) SI_UNIT ( $, .RADIAN. ) );
#9520 = EDGE_LOOP ( 'NONE', ( #2260, #10620, #540, #8058 ) ) ;
#9521 = PRODUCT_DEFINITION_FORMATION_WITH_SPECIFIED_SOURCE ( 'ANY', '', #4094, .NOT_KNOWN. ) ;
#9522 = LINE ( 'NONE', #6510, #4776 ) ;
#9523 = DIRECTION ( 'NONE',  ( 0.0000000000000000000, 0.0000000000000000000, 1.000000000000000000 ) ) ;
#9524 = DIRECTION ( 'NONE',  ( 0.06249999999999743300, -0.9980449639169571800, 0.0000000000000000000 ) ) ;
#9525 =( NAMED_UNIT ( * ) SI_UNIT ( $, .STERADIAN. ) SOLID_ANGLE_UNIT ( ) );
#9526 = PRESENTATION_STYLE_ASSIGNMENT (( #4305 ) ) ;
#9527 = CARTESIAN_POINT ( 'NONE',  ( 1.574484039804199900, 2.001359678760009900, 0.1000000000000000100 ) ) ;
#9528 = ORIENTED_EDGE ( 'NONE', *, *, #1209, .T. ) ;
#9529 = ADVANCED_FACE ( 'NONE', ( #8246 ), #151, .T. ) ;
#9530 = ADVANCED_FACE ( 'NONE', ( #7388 ), #1024, .T. ) ;
#9531 = ORIENTED_EDGE ( 'NONE', *, *, #1558, .F. ) ;
#9532 = FILL_AREA_STYLE ('',( #5055 ) ) ;
#9533 = EDGE_CURVE ( 'NONE', #8432, #9944, #1819, .T. ) ;
#9534 = AXIS2_PLACEMENT_3D ( 'NONE', #5417, #24, #6287 ) ;
#9535 = STYLED_ITEM ( 'NONE', ( #1431 ), #4268 ) ;
#9536 = ADVANCED_FACE ( 'NONE', ( #4190 ), #3075, .T. ) ;
#9537 = DIRECTION ( 'NONE',  ( 0.0000000000000000000, 0.0000000000000000000, 1.000000000000000000 ) ) ;
#9538 =( NAMED_UNIT ( * ) SI_UNIT ( $, .STERADIAN. ) SOLID_ANGLE_UNIT ( ) );
#9539 = SURFACE_STYLE_FILL_AREA ( #5385 ) ;
#9540 = FILL_AREA_STYLE ('',( #7713 ) ) ;
#9541 = PRODUCT_CONTEXT ( 'NONE', #4101, 'mechanical' ) ;
#9542 = VERTEX_POINT ( 'NONE', #264 ) ;
#9543 = FILL_AREA_STYLE ('',( #8636 ) ) ;
#9544 = CARTESIAN_POINT ( 'NONE',  ( -0.4000000000000000800, 0.1749999999999999900, 0.1499999999999999900 ) ) ;
#9545 = ORIENTED_EDGE ( 'NONE', *, *, #2134, .F. ) ;
#9546 =( LENGTH_UNIT ( ) NAMED_UNIT ( * ) SI_UNIT ( .MILLI., .METRE. ) );
#9547 = PRESENTATION_STYLE_ASSIGNMENT (( #2262 ) ) ;
#9548 = DIRECTION ( 'NONE',  ( 0.4123105625617680100, 0.3872983346207439800, -0.8246211251235300300 ) ) ;
#9549 = DIRECTION ( 'NONE',  ( 0.0000000000000000000, -1.000000000000000000, 0.0000000000000000000 ) ) ;
#9550 = CARTESIAN_POINT ( 'NONE',  ( 0.8000000000000000400, 0.1749999999999999600, 0.1499999999999999900 ) ) ;
#9551 = SURFACE_STYLE_USAGE ( .BOTH. , #9513 ) ;
#9552 = ORIENTED_EDGE ( 'NONE', *, *, #11499, .T. ) ;
#9553 = STYLED_ITEM ( 'NONE', ( #5124 ), #6875 ) ;
#9554 = ORIENTED_EDGE ( 'NONE', *, *, #9137, .T. ) ;
#9555 = PLANE ( 'NONE',  #3749 ) ;
#9556 =( GEOMETRIC_REPRESENTATION_CONTEXT ( 3 ) GLOBAL_UNCERTAINTY_ASSIGNED_CONTEXT ( ( #3829 ) ) GLOBAL_UNIT_ASSIGNED_CONTEXT ( ( #1261, #7520, #2167 ) ) REPRESENTATION_CONTEXT ( 'NONE', 'WORKASPACE' ) );
#9557 = CARTESIAN_POINT ( 'NONE',  ( 1.617130716549560100, 1.980359679117640300, 0.0000000000000000000 ) ) ;
#9558 = DIRECTION ( 'NONE',  ( -1.000000000000000000, 0.0000000000000000000, -0.0000000000000000000 ) ) ;
#9559 = CARTESIAN_POINT ( 'NONE',  ( 1.599976746015110000, 2.001359678760009900, 0.1000000000000000100 ) ) ;
#9560 =( NAMED_UNIT ( * ) PLANE_ANGLE_UNIT ( ) SI_UNIT ( $, .RADIAN. ) );
#9561 =( NAMED_UNIT ( * ) PLANE_ANGLE_UNIT ( ) SI_UNIT ( $, .RADIAN. ) );
#9562 = ORIENTED_EDGE ( 'NONE', *, *, #4784, .F. ) ;
#9563 = CARTESIAN_POINT ( 'NONE',  ( -0.8000000000000000400, 0.1850000000000000000, 0.03000000000000000200 ) ) ;
#9564 = CARTESIAN_POINT ( 'NONE',  ( 0.7905590169943750300, -0.1507604086910343500, 0.1744721359549994400 ) ) ;
#9565 = PRESENTATION_STYLE_ASSIGNMENT (( #9647 ) ) ;
#9566 = SURFACE_STYLE_USAGE ( .BOTH. , #3325 ) ;
#9567 = COLOUR_RGB ( '',0.0000000000000000000, 0.7019607843137254400, 0.9803921568627450600 ) ;
#9568 = ORIENTED_EDGE ( 'NONE', *, *, #8390, .T. ) ;
#9569 = EDGE_CURVE ( 'NONE', #7557, #9637, #5484, .T. ) ;
#9570 = DIRECTION ( 'NONE',  ( -0.0000000000000000000, 1.000000000000000000, 0.0000000000000000000 ) ) ;
#9571 = CIRCLE ( 'NONE', #5254, 0.01000000000000002600 ) ;
#9572 = AXIS2_PLACEMENT_3D ( 'NONE', #919, #20, #10941 ) ;
#9573 = UNCERTAINTY_MEASURE_WITH_UNIT (LENGTH_MEASURE( 1.000000000000000100E-005 ), #3226, 'distance_accuracy_value', 'NONE');
#9574 = MECHANICAL_DESIGN_GEOMETRIC_PRESENTATION_REPRESENTATION (  '', ( #8367 ), #10191 ) ;
#9575 = FACE_OUTER_BOUND ( 'NONE', #1384, .T. ) ;
#9576 = CARTESIAN_POINT ( 'NONE',  ( 0.7880911030393221700, -0.1504694589883743500, 0.006625171194059642500 ) ) ;
#9577 = CARTESIAN_POINT ( 'NONE',  ( 0.4000000000000000200, 0.3499999999999999800, 0.1799999999999999700 ) ) ;
#9578 = ORIENTED_EDGE ( 'NONE', *, *, #6647, .T. ) ;
#9579 = ORIENTED_EDGE ( 'NONE', *, *, #10224, .T. ) ;
#9580 = VECTOR ( 'NONE', #1313, 1000.000000000000000 ) ;
#9581 = CARTESIAN_POINT ( 'NONE',  ( 0.4000000000000000200, 0.3499999999999999800, 0.1600000000000000000 ) ) ;
#9582 = CARTESIAN_POINT ( 'NONE',  ( 0.7900000000000000400, -0.1596871942267129900, 0.01000000000000000000 ) ) ;
#9583 = PRESENTATION_STYLE_ASSIGNMENT (( #1303 ) ) ;
#9584 = EDGE_CURVE ( 'NONE', #1599, #3363, #10223, .T. ) ;
#9585 =( NAMED_UNIT ( * ) PLANE_ANGLE_UNIT ( ) SI_UNIT ( $, .RADIAN. ) );
#9586 = STYLED_ITEM ( 'NONE', ( #10381 ), #2373 ) ;
#9587 = CARTESIAN_POINT ( 'NONE',  ( 0.7960104076400855700, 0.1540413993313948200, 0.1756568542494923700 ) ) ;
#9588 = FACE_OUTER_BOUND ( 'NONE', #9058, .T. ) ;
#9589 =( LENGTH_UNIT ( ) NAMED_UNIT ( * ) SI_UNIT ( .MILLI., .METRE. ) );
#9590 = ADVANCED_FACE ( 'NONE', ( #7810 ), #6674, .F. ) ;
#9591 = ADVANCED_FACE ( 'NONE', ( #2216 ), #3512, .T. ) ;
#9592 = VERTEX_POINT ( 'NONE', #10221 ) ;
#9593 = CIRCLE ( 'NONE', #9372, 0.1499999999999999700 ) ;
#9594 = FILL_AREA_STYLE_COLOUR ( '', #3324 ) ;
#9595 = DIRECTION ( 'NONE',  ( 0.0000000000000000000, 0.0000000000000000000, -1.000000000000000000 ) ) ;
#9596 = STYLED_ITEM ( 'NONE', ( #5415 ), #11622 ) ;
#9597 = FILL_AREA_STYLE_COLOUR ( '', #9014 ) ;
#9598 = FACE_OUTER_BOUND ( 'NONE', #503, .T. ) ;
#9599 = ADVANCED_FACE ( 'NONE', ( #1106 ), #11098, .F. ) ;
#9600 =( LENGTH_UNIT ( ) NAMED_UNIT ( * ) SI_UNIT ( .MILLI., .METRE. ) );
#9601 =( NAMED_UNIT ( * ) SI_UNIT ( $, .STERADIAN. ) SOLID_ANGLE_UNIT ( ) );
#9602 = SURFACE_STYLE_FILL_AREA ( #1997 ) ;
#9603 = ORIENTED_EDGE ( 'NONE', *, *, #5643, .F. ) ;
#9604 =( NAMED_UNIT ( * ) PLANE_ANGLE_UNIT ( ) SI_UNIT ( $, .RADIAN. ) );
#9605 = ORIENTED_EDGE ( 'NONE', *, *, #10672, .T. ) ;
#9606 = EDGE_CURVE ( 'NONE', #3579, #4121, #10633, .T. ) ;
#9607 = DIRECTION ( 'NONE',  ( -1.000000000000000000, 0.0000000000000000000, -0.0000000000000000000 ) ) ;
#9608 = EDGE_CURVE ( 'NONE', #9346, #672, #2657, .T. ) ;
#9609 =( NAMED_UNIT ( * ) PLANE_ANGLE_UNIT ( ) SI_UNIT ( $, .RADIAN. ) );
#9610 = ORIENTED_EDGE ( 'NONE', *, *, #8953, .F. ) ;
#9611 = FACE_OUTER_BOUND ( 'NONE', #2456, .T. ) ;
#9612 = FACE_OUTER_BOUND ( 'NONE', #8532, .T. ) ;
#9613 = AXIS2_PLACEMENT_3D ( 'NONE', #6747, #1394, #7654 ) ;
#9614 = CARTESIAN_POINT ( 'NONE',  ( 0.0000000000000000000, 0.0000000000000000000, 0.1799999999999999900 ) ) ;
#9615 = ORIENTED_EDGE ( 'NONE', *, *, #229, .F. ) ;
#9616 = UNCERTAINTY_MEASURE_WITH_UNIT (LENGTH_MEASURE( 1.000000000000000100E-005 ), #8142, 'distance_accuracy_value', 'NONE');
#9617 = CARTESIAN_POINT ( 'NONE',  ( -0.7900000000000000400, 0.3499999999999999800, 0.1700000000000000100 ) ) ;
#9618 = ORIENTED_EDGE ( 'NONE', *, *, #1822, .T. ) ;
#9619 = VERTEX_POINT ( 'NONE', #3125 ) ;
#9620 = CARTESIAN_POINT ( 'NONE',  ( 1.605856330198040000, 2.000366784701750300, 0.1000000000000000100 ) ) ;
#9621 = SURFACE_STYLE_FILL_AREA ( #3398 ) ;
#9622 = VERTEX_POINT ( 'NONE', #411 ) ;
#9623 = DIRECTION ( 'NONE',  ( 0.0000000000000000000, 1.000000000000000000, 0.0000000000000000000 ) ) ;
#9624 = ORIENTED_EDGE ( 'NONE', *, *, #9991, .F. ) ;
#9625 = FILL_AREA_STYLE_COLOUR ( '', #6074 ) ;
#9626 = VECTOR ( 'NONE', #6539, 1000.000000000000000 ) ;
#9627 = DIRECTION ( 'NONE',  ( 1.000000000000000000, 0.0000000000000000000, -0.0000000000000000000 ) ) ;
#9628 = EDGE_CURVE ( 'NONE', #956, #6743, #9498, .T. ) ;
#9629 = CARTESIAN_POINT ( 'NONE',  ( 0.7010317298281768500, 0.1541157850349708600, 0.1800000000000000200 ) ) ;
#9630 =( GEOMETRIC_REPRESENTATION_CONTEXT ( 3 ) GLOBAL_UNCERTAINTY_ASSIGNED_CONTEXT ( ( #11379 ) ) GLOBAL_UNIT_ASSIGNED_CONTEXT ( ( #347, #6595, #1237 ) ) REPRESENTATION_CONTEXT ( 'NONE', 'WORKASPACE' ) );
#9631 =( GEOMETRIC_REPRESENTATION_CONTEXT ( 3 ) GLOBAL_UNCERTAINTY_ASSIGNED_CONTEXT ( ( #6621 ) ) GLOBAL_UNIT_ASSIGNED_CONTEXT ( ( #3513, #9754, #4407 ) ) REPRESENTATION_CONTEXT ( 'NONE', 'WORKASPACE' ) );
#9632 = ORIENTED_EDGE ( 'NONE', *, *, #4530, .F. ) ;
#9633 = SURFACE_STYLE_USAGE ( .BOTH. , #9714 ) ;
#9634 = MECHANICAL_DESIGN_GEOMETRIC_PRESENTATION_REPRESENTATION (  '', ( #8414 ), #10242 ) ;
#9635 = CARTESIAN_POINT ( 'NONE',  ( -0.8043509730773290600, 0.1545795646686656500, 0.01522671478241630800 ) ) ;
#9636 = ORIENTED_EDGE ( 'NONE', *, *, #5137, .F. ) ;
#9637 = VERTEX_POINT ( 'NONE', #5817 ) ;
#9638 = ORIENTED_EDGE ( 'NONE', *, *, #7040, .F. ) ;
#9639 = LINE ( 'NONE', #5086, #385 ) ;
#9640 = CARTESIAN_POINT ( 'NONE',  ( 0.8056983668750096200, 0.1559519779327384100, 0.1601389114025245900 ) ) ;
#9641 =( NAMED_UNIT ( * ) PLANE_ANGLE_UNIT ( ) SI_UNIT ( $, .RADIAN. ) );
#9642 = SURFACE_STYLE_USAGE ( .BOTH. , #3392 ) ;
#9643 = DIRECTION ( 'NONE',  ( 0.0000000000000000000, 0.0000000000000000000, -1.000000000000000000 ) ) ;
#9644 = CARTESIAN_POINT ( 'NONE',  ( -0.8000000000000000400, -0.3500000000000000300, 0.1700000000000000100 ) ) ;
#9645 = CARTESIAN_POINT ( 'NONE',  ( -0.7046551217295550200, 0.1484733514913641200, 6.337596113260832100E-017 ) ) ;
#9646 = FILL_AREA_STYLE ('',( #8731 ) ) ;
#9647 = SURFACE_STYLE_USAGE ( .BOTH. , #3399 ) ;
#9648 = ORIENTED_EDGE ( 'NONE', *, *, #3635, .T. ) ;
#9649 = SURFACE_STYLE_FILL_AREA ( #5157 ) ;
#9650 =( LENGTH_UNIT ( ) NAMED_UNIT ( * ) SI_UNIT ( .MILLI., .METRE. ) );
#9651 = ORIENTED_EDGE ( 'NONE', *, *, #9820, .T. ) ;
#9652 =( BOUNDED_SURFACE ( )  B_SPLINE_SURFACE ( 3, 3, ( 
 ( #5435, #11554, #9266, #3935 ),
 ( #10199, #4827, #11080, #5740 ),
 ( #348, #6596, #1240, #7504 ),
 ( #2146, #8401, #3076, #9305 ) ),
 .UNSPECIFIED., .F., .F., .F. ) 
 B_SPLINE_SURFACE_WITH_KNOTS ( ( 4, 4 ),
 ( 4, 4 ),
 ( 0.0000000000000000000, 1.000000000000000000 ),
 ( 0.0000000000000000000, 1.000000000000000000 ),
 .UNSPECIFIED. ) 
 GEOMETRIC_REPRESENTATION_ITEM ( )  RATIONAL_B_SPLINE_SURFACE ( (
 ( 1.000000000000000000, 0.8047378541243649400, 0.8047378541243649400, 1.000000000000000000),
 ( 0.8047378541243623800, 0.6476030138606856400, 0.6476030138606856400, 0.8047378541243623800),
 ( 0.8047378541243623800, 0.6476030138606856400, 0.6476030138606856400, 0.8047378541243623800),
 ( 1.000000000000000000, 0.8047378541243649400, 0.8047378541243649400, 1.000000000000000000) ) ) 
 REPRESENTATION_ITEM ( '' )  SURFACE ( )  );
#9653 = PRESENTATION_LAYER_ASSIGNMENT (  '', '', ( #10255 ) ) ;
#9654 = DIRECTION ( 'NONE',  ( -0.9925461516413219800, 0.0000000000000000000, -0.1218693434051486300 ) ) ;
#9655 = DIRECTION ( 'NONE',  ( 0.0000000000000000000, 0.0000000000000000000, -1.000000000000000000 ) ) ;
#9656 = DIRECTION ( 'NONE',  ( 0.0000000000000000000, 1.000000000000000000, 0.0000000000000000000 ) ) ;
#9657 = VECTOR ( 'NONE', #37, 1000.000000000000000 ) ;
#9658 = DIRECTION ( 'NONE',  ( 0.0000000000000000000, 0.0000000000000000000, -1.000000000000000000 ) ) ;
#9659 = DIRECTION ( 'NONE',  ( 1.000000000000000000, 0.0000000000000000000, 0.0000000000000000000 ) ) ;
#9660 = COLOUR_RGB ( '',0.8627450980392157300, 0.6274509803921568500, 0.05882352941176470500 ) ;
#9661 = ADVANCED_FACE ( 'NONE', ( #2355 ), #10769, .F. ) ;
#9662 =( NAMED_UNIT ( * ) SI_UNIT ( $, .STERADIAN. ) SOLID_ANGLE_UNIT ( ) );
#9663 = CARTESIAN_POINT ( 'NONE',  ( 1.596539144777060000, 2.014054978381730100, 0.05000000000000000300 ) ) ;
#9664 = CARTESIAN_POINT ( 'NONE',  ( -0.8000000000000000400, -0.1749999999999999600, 0.1499999999999999900 ) ) ;
#9665 = LINE ( 'NONE', #5001, #2530 ) ;
#9666 =( LENGTH_UNIT ( ) NAMED_UNIT ( * ) SI_UNIT ( .MILLI., .METRE. ) );
#9667 = EDGE_CURVE ( 'NONE', #11230, #11209, #8648, .T. ) ;
#9668 = LINE ( 'NONE', #1090, #5208 ) ;
#9669 = DIRECTION ( 'NONE',  ( 0.0000000000000000000, 1.000000000000000000, 0.0000000000000000000 ) ) ;
#9670 = AXIS2_PLACEMENT_3D ( 'NONE', #9468, #9548, #10988 ) ;
#9671 = DIRECTION ( 'NONE',  ( 0.0000000000000000000, -0.0000000000000000000, -1.000000000000000000 ) ) ;
#9672 = EDGE_LOOP ( 'NONE', ( #4148, #7930, #8295, #2318, #6542 ) ) ;
#9673 = CARTESIAN_POINT ( 'NONE',  ( 0.4480549931478379800, 0.2980549931478380100, 0.6500000000000000200 ) ) ;
#9675 = CARTESIAN_POINT ( 'NONE',  ( 1.605856330198040000, 1.980359679117640300, 0.1000000000000000100 ) ) ;
#9674 = PRESENTATION_LAYER_ASSIGNMENT (  '', '', ( #8437 ) ) ;
#9676 = SURFACE_SIDE_STYLE ('',( #10926 ) ) ;
#9677 = SURFACE_STYLE_FILL_AREA ( #5778 ) ;
#9678 = SURFACE_SIDE_STYLE ('',( #1761 ) ) ;
#9679 = COLOUR_RGB ( '',0.0000000000000000000, 0.7019607843137254400, 0.9803921568627450600 ) ;
#9680 =( NAMED_UNIT ( * ) SI_UNIT ( $, .STERADIAN. ) SOLID_ANGLE_UNIT ( ) );
#9681 = LINE ( 'NONE', #9221, #6993 ) ;
#9682 =( NAMED_UNIT ( * ) SI_UNIT ( $, .STERADIAN. ) SOLID_ANGLE_UNIT ( ) );
#9683 = ORIENTED_EDGE ( 'NONE', *, *, #4677, .F. ) ;
#9684 = SURFACE_STYLE_USAGE ( .BOTH. , #3433 ) ;
#9685 = SURFACE_STYLE_USAGE ( .BOTH. , #3435 ) ;
#9686 = EDGE_CURVE ( 'NONE', #7425, #5883, #6280, .T. ) ;
#9687 = CARTESIAN_POINT ( 'NONE',  ( -0.4000000000000000200, 0.3499999999999999800, 0.1600000000000000000 ) ) ;
#9688 = AXIS2_PLACEMENT_3D ( 'NONE', #4957, #4889, #7846 ) ;
#9689 = EDGE_CURVE ( 'NONE', #1585, #3625, #1501, .T. ) ;
#9690 = SURFACE_SIDE_STYLE ('',( #9621 ) ) ;
#9691 = CARTESIAN_POINT ( 'NONE',  ( -0.7900000000000000400, -0.1596871942267129900, 0.01000000000000000000 ) ) ;
#9692 = VERTEX_POINT ( 'NONE', #5860 ) ;
#9693 = PRESENTATION_LAYER_ASSIGNMENT (  '', '', ( #8450 ) ) ;
#9694 =( LENGTH_UNIT ( ) NAMED_UNIT ( * ) SI_UNIT ( .MILLI., .METRE. ) );
#9695 = ORIENTED_EDGE ( 'NONE', *, *, #10669, .F. ) ;
#9696 = VERTEX_POINT ( 'NONE', #2286 ) ;
#9697 = CARTESIAN_POINT ( 'NONE',  ( 0.4000000000000000200, -0.3499999999999999800, 0.1600000000000000000 ) ) ;
#9698 = CARTESIAN_POINT ( 'NONE',  ( 0.8000000000000000400, -0.1749999999999999900, 0.1600000000000000000 ) ) ;
#9699 = DIRECTION ( 'NONE',  ( -1.000000000000000000, 0.0000000000000000000, -0.0000000000000000000 ) ) ;
#9700 = CARTESIAN_POINT ( 'NONE',  ( -0.4688251361883970500, -0.3817457901632270200, 0.5620027708954581400 ) ) ;
#9701 =( NAMED_UNIT ( * ) SI_UNIT ( $, .STERADIAN. ) SOLID_ANGLE_UNIT ( ) );
#9702 = ORIENTED_EDGE ( 'NONE', *, *, #9007, .T. ) ;
#9703 = EDGE_CURVE ( 'NONE', #4862, #10542, #8362, .T. ) ;
#9704 =( NAMED_UNIT ( * ) SI_UNIT ( $, .STERADIAN. ) SOLID_ANGLE_UNIT ( ) );
#9705 = AXIS2_PLACEMENT_3D ( 'NONE', #1249, #7510, #2155 ) ;
#9706 = AXIS2_PLACEMENT_3D ( 'NONE', #5617, #240, #6487 ) ;
#9707 = AXIS2_PLACEMENT_3D ( 'NONE', #5870, #2383, #6867 ) ;
#9708 =( LENGTH_UNIT ( ) NAMED_UNIT ( * ) SI_UNIT ( .MILLI., .METRE. ) );
#9709 =( NAMED_UNIT ( * ) PLANE_ANGLE_UNIT ( ) SI_UNIT ( $, .RADIAN. ) );
#9710 = CARTESIAN_POINT ( 'NONE',  ( 1.576253893906949900, 2.011910732064920100, 0.0000000000000000000 ) ) ;
#9711 = PLANE ( 'NONE',  #11446 ) ;
#9712 = DIRECTION ( 'NONE',  ( -0.0000000000000000000, -0.0000000000000000000, -1.000000000000000000 ) ) ;
#9713 = ORIENTED_EDGE ( 'NONE', *, *, #12, .T. ) ;
#9714 = SURFACE_SIDE_STYLE ('',( #6690 ) ) ;
#9715 = DIRECTION ( 'NONE',  ( -0.0000000000000000000, 1.000000000000000000, 0.0000000000000000000 ) ) ;
#9716 = SURFACE_STYLE_FILL_AREA ( #7601 ) ;
#9717 = CARTESIAN_POINT ( 'NONE',  ( -0.4000000000000000200, 0.0000000000000000000, 0.02000000000000000000 ) ) ;
#9718 = LINE ( 'NONE', #5667, #4948 ) ;
#9719 = ADVANCED_FACE ( 'NONE', ( #5986 ), #1156, .T. ) ;
#9720 = UNCERTAINTY_MEASURE_WITH_UNIT (LENGTH_MEASURE( 1.000000000000000100E-005 ), #2086, 'distance_accuracy_value', 'NONE');
#9721 = VECTOR ( 'NONE', #8806, 1000.000000000000000 ) ;
#9722 = CARTESIAN_POINT ( 'NONE',  ( 1.641976745299859900, 2.022359678402379800, 0.1000000000000000100 ) ) ;
#9723 = STYLED_ITEM ( 'NONE', ( #8348 ), #10140 ) ;
#9724 = SURFACE_SIDE_STYLE ('',( #11123 ) ) ;
#9725 = PRESENTATION_LAYER_ASSIGNMENT (  '', '', ( #8494 ) ) ;
#9726 = ORIENTED_EDGE ( 'NONE', *, *, #208, .T. ) ;
#9727 = DIRECTION ( 'NONE',  ( -0.0000000000000000000, -0.0000000000000000000, -1.000000000000000000 ) ) ;
#9728 = CARTESIAN_POINT ( 'NONE',  ( 1.605796843160729900, 2.001359678760009900, 0.1000000000000000100 ) ) ;
#9729 =( NAMED_UNIT ( * ) SI_UNIT ( $, .STERADIAN. ) SOLID_ANGLE_UNIT ( ) );
#9730 = PRESENTATION_STYLE_ASSIGNMENT (( #4058 ) ) ;
#9731 = DIRECTION ( 'NONE',  ( -0.0000000000000000000, -1.000000000000000000, 0.0000000000000000000 ) ) ;
#9732 = LINE ( 'NONE', #3743, #195 ) ;
#9733 = VERTEX_POINT ( 'NONE', #10441 ) ;
#9734 = VECTOR ( 'NONE', #8440, 1000.000000000000000 ) ;
#9735 = CIRCLE ( 'NONE', #10755, 0.009999999999999998500 ) ;
#9736 = CARTESIAN_POINT ( 'NONE',  ( -0.7817157287525384700, -0.3900000000000000100, 0.1800000000000000200 ) ) ;
#9737 = DIRECTION ( 'NONE',  ( 0.0000000000000000000, 1.000000000000000000, 0.0000000000000000000 ) ) ;
#9738 = DIRECTION ( 'NONE',  ( 0.0000000000000000000, 0.0000000000000000000, -1.000000000000000000 ) ) ;
#9739 = DIRECTION ( 'NONE',  ( -1.000000000000000000, -0.0000000000000000000, -0.0000000000000000000 ) ) ;
#9740 = FILL_AREA_STYLE ('',( #8834 ) ) ;
#9741 = ORIENTED_EDGE ( 'NONE', *, *, #13, .F. ) ;
#9742 = SURFACE_STYLE_FILL_AREA ( #1578 ) ;
#9743 =( GEOMETRIC_REPRESENTATION_CONTEXT ( 3 ) GLOBAL_UNCERTAINTY_ASSIGNED_CONTEXT ( ( #6317 ) ) GLOBAL_UNIT_ASSIGNED_CONTEXT ( ( #4338, #10585, #5244 ) ) REPRESENTATION_CONTEXT ( 'NONE', 'WORKASPACE' ) );
#9744 = CARTESIAN_POINT ( 'NONE',  ( 1.636769289959040000, 1.989106842663970000, 0.0000000000000000000 ) ) ;
#9745 = STYLED_ITEM ( 'NONE', ( #8880 ), #7827 ) ;
#9746 =( NAMED_UNIT ( * ) PLANE_ANGLE_UNIT ( ) SI_UNIT ( $, .RADIAN. ) );
#9747 = LINE ( 'NONE', #1648, #4973 ) ;
#9748 = FACE_OUTER_BOUND ( 'NONE', #9459, .T. ) ;
#9749 = CARTESIAN_POINT ( 'NONE',  ( -0.7960104076400856800, -0.1540413993313947100, 0.004343145750507605400 ) ) ;
#9750 =( NAMED_UNIT ( * ) SI_UNIT ( $, .STERADIAN. ) SOLID_ANGLE_UNIT ( ) );
#9751 =( NAMED_UNIT ( * ) PLANE_ANGLE_UNIT ( ) SI_UNIT ( $, .RADIAN. ) );
#9752 = LINE ( 'NONE', #9268, #2889 ) ;
#9753 = DIRECTION ( 'NONE',  ( 1.000000000000000000, 0.0000000000000000000, -0.0000000000000000000 ) ) ;
#9754 =( NAMED_UNIT ( * ) PLANE_ANGLE_UNIT ( ) SI_UNIT ( $, .RADIAN. ) );
#9755 =( LENGTH_UNIT ( ) NAMED_UNIT ( * ) SI_UNIT ( .MILLI., .METRE. ) );
#9756 = ORIENTED_EDGE ( 'NONE', *, *, #9991, .T. ) ;
#9757 = FACE_OUTER_BOUND ( 'NONE', #9973, .T. ) ;
#9758 = CYLINDRICAL_SURFACE ( 'NONE', #8200, 0.05000000000000000300 ) ;
#9759 = PRESENTATION_STYLE_ASSIGNMENT (( #7959 ) ) ;
#9760 = CARTESIAN_POINT ( 'NONE',  ( -0.8000000000000000400, 0.1749999999999999900, 0.1499999999999999900 ) ) ;
#9761 = EDGE_CURVE ( 'NONE', #11333, #2542, #9639, .T. ) ;
#9762 = DIRECTION ( 'NONE',  ( 0.0000000000000000000, 1.000000000000000000, 0.0000000000000000000 ) ) ;
#9763 =( GEOMETRIC_REPRESENTATION_CONTEXT ( 3 ) GLOBAL_UNCERTAINTY_ASSIGNED_CONTEXT ( ( #10884 ) ) GLOBAL_UNIT_ASSIGNED_CONTEXT ( ( #1532, #1499, #1665 ) ) REPRESENTATION_CONTEXT ( 'NONE', 'WORKASPACE' ) );
#9764 = COLOUR_RGB ( '',0.8627450980392157300, 0.6274509803921568500, 0.05882352941176470500 ) ;
#9765 = FILL_AREA_STYLE ('',( #6115 ) ) ;
#9766 = ORIENTED_EDGE ( 'NONE', *, *, #11400, .T. ) ;
#9767 = CARTESIAN_POINT ( 'NONE',  ( 0.7960104076400857900, 0.1540413993313948800, 0.004343145750507634000 ) ) ;
#9768 = VECTOR ( 'NONE', #2695, 1000.000000000000000 ) ;
#9769 = ORIENTED_EDGE ( 'NONE', *, *, #3633, .F. ) ;
#9770 = SURFACE_STYLE_USAGE ( .BOTH. , #3521 ) ;
#9771 = AXIS2_PLACEMENT_3D ( 'NONE', #7206, #1872, #8127 ) ;
#9772 = ORIENTED_EDGE ( 'NONE', *, *, #1482, .T. ) ;
#9773 = CARTESIAN_POINT ( 'NONE',  ( 1.587247410737570000, 1.984307815193020000, 0.0000000000000000000 ) ) ;
#9774 = LINE ( 'NONE', #7269, #7349 ) ;
#9775 = SURFACE_STYLE_USAGE ( .BOTH. , #3526 ) ;
#9776 = ORIENTED_EDGE ( 'NONE', *, *, #11094, .F. ) ;
#9777 = LINE ( 'NONE', #3233, #7353 ) ;
#9778 = CIRCLE ( 'NONE', #7848, 0.009999999999999998500 ) ;
#9779 = VECTOR ( 'NONE', #7832, 1000.000000000000000 ) ;
#9780 = LINE ( 'NONE', #8775, #7356 ) ;
#9781 = CARTESIAN_POINT ( 'NONE',  ( 0.7700000000000000200, 0.3900000000000000700, 0.1700000000000000100 ) ) ;
#9782 = ORIENTED_EDGE ( 'NONE', *, *, #6491, .T. ) ;
#9783 = DIRECTION ( 'NONE',  ( -1.000000000000000000, 0.0000000000000000000, 0.0000000000000000000 ) ) ;
#9784 = AXIS2_PLACEMENT_3D ( 'NONE', #7278, #10204, #4587 ) ;
#9785 =( NAMED_UNIT ( * ) SI_UNIT ( $, .STERADIAN. ) SOLID_ANGLE_UNIT ( ) );
#9786 = EDGE_CURVE ( 'NONE', #11355, #9696, #7234, .T. ) ;
#9787 = ORIENTED_EDGE ( 'NONE', *, *, #3908, .F. ) ;
#9788 = MECHANICAL_DESIGN_GEOMETRIC_PRESENTATION_REPRESENTATION (  '', ( #7966 ), #10369 ) ;
#9789 = LINE ( 'NONE', #10618, #2638 ) ;
#9790 = STYLED_ITEM ( 'NONE', ( #9020 ), #4207 ) ;
#9791 = CARTESIAN_POINT ( 'NONE',  ( -0.8000000000000000400, 0.1749999999999999900, 0.03000000000000000600 ) ) ;
#9792 = DIRECTION ( 'NONE',  ( 1.000000000000000000, 0.0000000000000000000, 0.0000000000000000000 ) ) ;
#9793 = ORIENTED_EDGE ( 'NONE', *, *, #7864, .F. ) ;
#9794 = VECTOR ( 'NONE', #9659, 1000.000000000000000 ) ;
#9795 = COLOUR_RGB ( '',0.0000000000000000000, 0.7019607843137254400, 0.9803921568627450600 ) ;
#9796 = ADVANCED_FACE ( 'NONE', ( #2795 ), #7743, .T. ) ;
#9797 = FILL_AREA_STYLE_COLOUR ( '', #10572 ) ;
#9798 =( LENGTH_UNIT ( ) NAMED_UNIT ( * ) SI_UNIT ( .MILLI., .METRE. ) );
#9799 = CARTESIAN_POINT ( 'NONE',  ( -0.7936914531521421800, -0.1515726837599339900, 0.004343145750507583700 ) ) ;
#9800 = VECTOR ( 'NONE', #8685, 1000.000000000000000 ) ;
#9801 = DIRECTION ( 'NONE',  ( 0.06249999999999743300, -0.9980449639169571800, 0.0000000000000000000 ) ) ;
#9802 = CARTESIAN_POINT ( 'NONE',  ( 1.603142062289180300, 2.014769727209960100, 0.1000000000000000100 ) ) ;
#9803 = ORIENTED_EDGE ( 'NONE', *, *, #11327, .F. ) ;
#9804 = COLOUR_RGB ( '',0.0000000000000000000, 0.6470588235294118000, 0.9568627450980391500 ) ;
#9805 = STYLED_ITEM ( 'NONE', ( #10066 ), #1412 ) ;
#9806 = CARTESIAN_POINT ( 'NONE',  ( 0.4000000000000000200, -0.3499999999999999800, 0.0000000000000000000 ) ) ;
#9807 = PRODUCT_DEFINITION_SHAPE ( 'NONE', 'NONE',  #1728 ) ;
#9808 =( NAMED_UNIT ( * ) PLANE_ANGLE_UNIT ( ) SI_UNIT ( $, .RADIAN. ) );
#9809 =( LENGTH_UNIT ( ) NAMED_UNIT ( * ) SI_UNIT ( .MILLI., .METRE. ) );
#9810 = PRESENTATION_LAYER_ASSIGNMENT (  '', '', ( #10386 ) ) ;
#9811 = PRESENTATION_LAYER_ASSIGNMENT (  '', '', ( #8557 ) ) ;
#9812 = COLOUR_RGB ( '',1.000000000000000000, 0.9921568627450980700, 0.9411764705882352800 ) ;
#9813 = VECTOR ( 'NONE', #1917, 1000.000000000000000 ) ;
#9814 = ORIENTED_EDGE ( 'NONE', *, *, #1064, .F. ) ;
#9815 =( LENGTH_UNIT ( ) NAMED_UNIT ( * ) SI_UNIT ( .MILLI., .METRE. ) );
#9816 = UNCERTAINTY_MEASURE_WITH_UNIT (LENGTH_MEASURE( 1.000000000000000100E-005 ), #6850, 'distance_accuracy_value', 'NONE');
#9817 =( NAMED_UNIT ( * ) SI_UNIT ( $, .STERADIAN. ) SOLID_ANGLE_UNIT ( ) );
#9818 = CARTESIAN_POINT ( 'NONE',  ( 1.487246165845520100, 1.980050006160170200, 0.1000000000000000100 ) ) ;
#9819 = COLOUR_RGB ( '',0.8627450980392157300, 0.6274509803921568500, 0.05882352941176470500 ) ;
#9820 = EDGE_CURVE ( 'NONE', #6817, #9454, #4038, .T. ) ;
#9821 = FACE_OUTER_BOUND ( 'NONE', #5904, .T. ) ;
#9822 = MECHANICAL_DESIGN_GEOMETRIC_PRESENTATION_REPRESENTATION (  '', ( #7993 ), #10403 ) ;
#9823 = DIRECTION ( 'NONE',  ( 1.000000000000000000, 0.0000000000000000000, -0.0000000000000000000 ) ) ;
#9824 =( NAMED_UNIT ( * ) PLANE_ANGLE_UNIT ( ) SI_UNIT ( $, .RADIAN. ) );
#9825 = UNCERTAINTY_MEASURE_WITH_UNIT (LENGTH_MEASURE( 1.000000000000000100E-005 ), #11591, 'distance_accuracy_value', 'NONE');
#9826 = CARTESIAN_POINT ( 'NONE',  ( -0.4000000000000000800, -0.1850000000000000000, 0.1499999999999999900 ) ) ;
#9827 = FACE_OUTER_BOUND ( 'NONE', #4608, .T. ) ;
#9828 = ORIENTED_EDGE ( 'NONE', *, *, #10716, .F. ) ;
#9829 = VECTOR ( 'NONE', #6474, 1000.000000000000000 ) ;
#9830 = SURFACE_STYLE_USAGE ( .BOTH. , #9865 ) ;
#9831 = EDGE_CURVE ( 'NONE', #2325, #9254, #10897, .T. ) ;
#9832 = DIRECTION ( 'NONE',  ( 1.000000000000000000, 0.0000000000000000000, 0.0000000000000000000 ) ) ;
#9833 = STYLED_ITEM ( 'NONE', ( #8695 ), #2308 ) ;
#9834 = FILL_AREA_STYLE_COLOUR ( '', #6597 ) ;
#9835 = EDGE_LOOP ( 'NONE', ( #6265, #2781, #2832, #2555, #7635 ) ) ;
#9836 = CARTESIAN_POINT ( 'NONE',  ( 0.8000000000000000400, -0.1850000000000000000, 0.1600000000000000000 ) ) ;
#9838 =( NAMED_UNIT ( * ) PLANE_ANGLE_UNIT ( ) SI_UNIT ( $, .RADIAN. ) );
#9837 = PRESENTATION_LAYER_ASSIGNMENT (  '', '', ( #8592 ) ) ;
#9839 = VERTEX_POINT ( 'NONE', #3368 ) ;
#9840 = PRESENTATION_LAYER_ASSIGNMENT (  '', '', ( #10424 ) ) ;
#9841 = FILL_AREA_STYLE ('',( #1768 ) ) ;
#9842 = ADVANCED_FACE ( 'NONE', ( #3768 ), #5057, .T. ) ;
#9843 = ORIENTED_EDGE ( 'NONE', *, *, #8446, .F. ) ;
#9844 = VERTEX_POINT ( 'NONE', #7013 ) ;
#9845 =( NAMED_UNIT ( * ) PLANE_ANGLE_UNIT ( ) SI_UNIT ( $, .RADIAN. ) );
#9846 = EDGE_CURVE ( 'NONE', #3302, #799, #1647, .T. ) ;
#9847 = EDGE_CURVE ( 'NONE', #4826, #6698, #522, .T. ) ;
#9848 =( LENGTH_UNIT ( ) NAMED_UNIT ( * ) SI_UNIT ( .MILLI., .METRE. ) );
#9849 = AXIS2_PLACEMENT_3D ( 'NONE', #8202, #2826, #1095 ) ;
#9850 = EDGE_CURVE ( 'NONE', #937, #2272, #2969, .T. ) ;
#9851 = FILL_AREA_STYLE_COLOUR ( '', #1884 ) ;
#9852 = VECTOR ( 'NONE', #6623, 1000.000000000000000 ) ;
#9853 = STYLED_ITEM ( 'NONE', ( #4993 ), #5168 ) ;
#9854 =( GEOMETRIC_REPRESENTATION_CONTEXT ( 3 ) GLOBAL_UNCERTAINTY_ASSIGNED_CONTEXT ( ( #5723 ) ) GLOBAL_UNIT_ASSIGNED_CONTEXT ( ( #9162, #3818, #10091 ) ) REPRESENTATION_CONTEXT ( 'NONE', 'WORKASPACE' ) );
#9855 = CARTESIAN_POINT ( 'NONE',  ( 1.489900946999670000, 2.022050005444920200, 0.0000000000000000000 ) ) ;
#9856 = CARTESIAN_POINT ( 'NONE',  ( 0.4480549931478379800, 0.3476823007299044700, 0.6060934671702570300 ) ) ;
#9857 = PLANE ( 'NONE',  #11311 ) ;
#9858 = ORIENTED_EDGE ( 'NONE', *, *, #2018, .F. ) ;
#9859 = CARTESIAN_POINT ( 'NONE',  ( 0.7899999999999997000, -0.1596871942267131000, 0.01000000000000000000 ) ) ;
#9860 = CARTESIAN_POINT ( 'NONE',  ( -0.4000000000000000200, 0.0000000000000000000, 0.1799999999999999900 ) ) ;
#9861 = PRESENTATION_STYLE_ASSIGNMENT (( #7264 ) ) ;
#9862 = SURFACE_STYLE_FILL_AREA ( #4945 ) ;
#9863 = FACE_OUTER_BOUND ( 'NONE', #4599, .T. ) ;
#9864 = EDGE_CURVE ( 'NONE', #3472, #11389, #2918, .T. ) ;
#9865 = SURFACE_SIDE_STYLE ('',( #5757 ) ) ;
#9866 =( GEOMETRIC_REPRESENTATION_CONTEXT ( 3 ) GLOBAL_UNCERTAINTY_ASSIGNED_CONTEXT ( ( #8360 ) ) GLOBAL_UNIT_ASSIGNED_CONTEXT ( ( #10591, #5247, #11500 ) ) REPRESENTATION_CONTEXT ( 'NONE', 'WORKASPACE' ) );
#9867 = AXIS2_PLACEMENT_3D ( 'NONE', #9582, #4236, #10497 ) ;
#9868 = EDGE_LOOP ( 'NONE', ( #196, #4669, #1005, #1177 ) ) ;
#9869 = VECTOR ( 'NONE', #5995, 1000.000000000000000 ) ;
#9870 = PRESENTATION_LAYER_ASSIGNMENT (  '', '', ( #9243 ) ) ;
#9871 =( NAMED_UNIT ( * ) PLANE_ANGLE_UNIT ( ) SI_UNIT ( $, .RADIAN. ) );
#9872 = CARTESIAN_POINT ( 'NONE',  ( 0.6400000000000000100, -0.08914254706787530500, 0.1800000000000000200 ) ) ;
#9873 =( NAMED_UNIT ( * ) PLANE_ANGLE_UNIT ( ) SI_UNIT ( $, .RADIAN. ) );
#9874 = SURFACE_STYLE_FILL_AREA ( #11075 ) ;
#9875 = VERTEX_POINT ( 'NONE', #1703 ) ;
#9876 =( BOUNDED_SURFACE ( )  B_SPLINE_SURFACE ( 3, 3, ( 
 ( #4987, #8558, #3229, #9483 ),
 ( #4116, #10391, #5036, #11279 ),
 ( #5914, #557, #6800, #1440 ),
 ( #7693, #2362, #8599, #3267 ) ),
 .UNSPECIFIED., .F., .F., .F. ) 
 B_SPLINE_SURFACE_WITH_KNOTS ( ( 4, 4 ),
 ( 4, 4 ),
 ( 0.0000000000000000000, 1.000000000000000000 ),
 ( 0.0000000000000000000, 1.000000000000000000 ),
 .UNSPECIFIED. ) 
 GEOMETRIC_REPRESENTATION_ITEM ( )  RATIONAL_B_SPLINE_SURFACE ( (
 ( 1.000000000000000000, 0.3333333333333267100, 0.3333333333333267100, 1.000000000000000000),
 ( 0.9222832275901217100, 0.3074277425300344600, 0.3074277425300344600, 0.9222832275901217100),
 ( 0.9222832275901217100, 0.3074277425300344600, 0.3074277425300344600, 0.9222832275901217100),
 ( 1.000000000000000000, 0.3333333333333267100, 0.3333333333333267100, 1.000000000000000000) ) ) 
 REPRESENTATION_ITEM ( '' )  SURFACE ( )  );
#9877 = DIRECTION ( 'NONE',  ( 1.000000000000000000, 0.0000000000000000000, 0.0000000000000000000 ) ) ;
#9878 = FILL_AREA_STYLE_COLOUR ( '', #9092 ) ;
#9879 = CIRCLE ( 'NONE', #5822, 0.009999999999999998500 ) ;
#9880 = FILL_AREA_STYLE_COLOUR ( '', #10745 ) ;
#9881 =( NAMED_UNIT ( * ) PLANE_ANGLE_UNIT ( ) SI_UNIT ( $, .RADIAN. ) );
#9882 = DIRECTION ( 'NONE',  ( 0.0000000000000000000, -0.0000000000000000000, 1.000000000000000000 ) ) ;
#9883 = PRESENTATION_STYLE_ASSIGNMENT (( #5520 ) ) ;
#9884 = EDGE_LOOP ( 'NONE', ( #10582, #2777, #8533, #4460 ) ) ;
#9885 = PRESENTATION_STYLE_ASSIGNMENT (( #10733 ) ) ;
#9886 = MECHANICAL_DESIGN_GEOMETRIC_PRESENTATION_REPRESENTATION (  '', ( #8665 ), #10476 ) ;
#9887 = CARTESIAN_POINT ( 'NONE',  ( 1.470670801460050000, 2.014732339443119800, 0.1000000000000000100 ) ) ;
#9888 =( LENGTH_UNIT ( ) NAMED_UNIT ( * ) SI_UNIT ( .MILLI., .METRE. ) );
#9889 = UNCERTAINTY_MEASURE_WITH_UNIT (LENGTH_MEASURE( 1.000000000000000100E-005 ), #1207, 'distance_accuracy_value', 'NONE');
#9890 = CARTESIAN_POINT ( 'NONE',  ( 1.568663942428350200, 2.006635205518609900, 0.1000000000000000100 ) ) ;
#9891 = CIRCLE ( 'NONE', #5634, 0.01000000000000000000 ) ;
#9892 = FILL_AREA_STYLE_COLOUR ( '', #2057 ) ;
#9893 = LINE ( 'NONE', #4978, #7467 ) ;
#9894 = ORIENTED_EDGE ( 'NONE', *, *, #3254, .F. ) ;
#9895 = DIRECTION ( 'NONE',  ( 1.000000000000000000, 0.0000000000000000000, -0.0000000000000000000 ) ) ;
#9896 = VECTOR ( 'NONE', #10442, 1000.000000000000000 ) ;
#9897 = FACE_OUTER_BOUND ( 'NONE', #6119, .T. ) ;
#9898 =( NAMED_UNIT ( * ) PLANE_ANGLE_UNIT ( ) SI_UNIT ( $, .RADIAN. ) );
#9899 =( LENGTH_UNIT ( ) NAMED_UNIT ( * ) SI_UNIT ( .MILLI., .METRE. ) );
#9901 = CARTESIAN_POINT ( 'NONE',  ( 1.582958918189149900, 1.979474752204710300, 0.1000000000000000300 ) ) ;
#9900 = COLOUR_RGB ( '',0.8627450980392157300, 0.6274509803921568500, 0.05882352941176470500 ) ;
#9902 = EDGE_CURVE ( 'NONE', #1873, #1796, #2642, .T. ) ;
#9903 = STYLED_ITEM ( 'NONE', ( #660 ), #1724 ) ;
#9904 = CARTESIAN_POINT ( 'NONE',  ( -0.8000000000000000400, 0.0000000000000000000, 0.1700000000000000100 ) ) ;
#9905 = VECTOR ( 'NONE', #1079, 1000.000000000000000 ) ;
#9906 = ORIENTED_EDGE ( 'NONE', *, *, #9686, .F. ) ;
#9907 = AXIS2_PLACEMENT_3D ( 'NONE', #10471, #5114, #11372 ) ;
#9908 = ORIENTED_EDGE ( 'NONE', *, *, #9216, .T. ) ;
#9909 = LINE ( 'NONE', #4035, #641 ) ;
#9910 = CYLINDRICAL_SURFACE ( 'NONE', #11445, 0.01000000000000000200 ) ;
#9911 = CARTESIAN_POINT ( 'NONE',  ( -0.7955363292937881500, -0.1591337124127564200, -0.001242919917974899800 ) ) ;
#9912 = ORIENTED_EDGE ( 'NONE', *, *, #7408, .F. ) ;
#9913 = SURFACE_STYLE_FILL_AREA ( #145 ) ;
#9914 = CIRCLE ( 'NONE', #4786, 0.02999999999999997100 ) ;
#9915 = DIRECTION ( 'NONE',  ( 1.000000000000000000, 0.0000000000000000000, 0.0000000000000000000 ) ) ;
#9916 = CARTESIAN_POINT ( 'NONE',  ( 0.6500000000000001300, 0.0000000000000000000, 0.1700000000000000100 ) ) ;
#9917 = PRESENTATION_STYLE_ASSIGNMENT (( #10097 ) ) ;
#9918 = CARTESIAN_POINT ( 'NONE',  ( 0.7958578643762690400, 0.3851471862576141300, 0.1799999999999999400 ) ) ;
#9919 = CARTESIAN_POINT ( 'NONE',  ( -0.4591302947157672200, -0.2462096407409374300, 0.6779020853097212900 ) ) ;
#9920 = SURFACE_STYLE_USAGE ( .BOTH. , #3664 ) ;
#9921 = CARTESIAN_POINT ( 'NONE',  ( 1.507599488027270100, 2.006507609743080100, 0.0000000000000000000 ) ) ;
#9922 = ORIENTED_EDGE ( 'NONE', *, *, #3716, .F. ) ;
#9923 = DIRECTION ( 'NONE',  ( -0.6010407640085607700, -0.5645794895318126900, 0.5656854249492410100 ) ) ;
#9924 = ORIENTED_EDGE ( 'NONE', *, *, #2410, .T. ) ;
#9925 = ORIENTED_EDGE ( 'NONE', *, *, #5785, .F. ) ;
#9926 = EDGE_CURVE ( 'NONE', #419, #11085, #5013, .T. ) ;
#9927 =( LENGTH_UNIT ( ) NAMED_UNIT ( * ) SI_UNIT ( .MILLI., .METRE. ) );
#9928 = MECHANICAL_DESIGN_GEOMETRIC_PRESENTATION_REPRESENTATION (  '', ( #8690 ), #10506 ) ;
#9929 = EDGE_CURVE ( 'NONE', #9069, #8062, #5328, .T. ) ;
#9930 = ORIENTED_EDGE ( 'NONE', *, *, #2932, .F. ) ;
#9931 = CIRCLE ( 'NONE', #1103, 0.05000000000000001000 ) ;
#9932 = FILL_AREA_STYLE ('',( #9000 ) ) ;
#9933 = LINE ( 'NONE', #992, #3052 ) ;
#9934 = MECHANICAL_DESIGN_GEOMETRIC_PRESENTATION_REPRESENTATION (  '', ( #6886 ), #10510 ) ;
#9935 = ORIENTED_EDGE ( 'NONE', *, *, #597, .F. ) ;
#9936 = CARTESIAN_POINT ( 'NONE',  ( -0.1991441109234209900, -0.1499999999999999900, 0.02000000000000000000 ) ) ;
#9937 = DIRECTION ( 'NONE',  ( -0.0000000000000000000, -0.0000000000000000000, -1.000000000000000000 ) ) ;
#9938 = EDGE_LOOP ( 'NONE', ( #6470, #5010, #9578, #3059, #5373 ) ) ;
#9939 = CARTESIAN_POINT ( 'NONE',  ( -0.4000000000000000200, -0.3499999999999999800, 0.0000000000000000000 ) ) ;
#9940 = PRESENTATION_STYLE_ASSIGNMENT (( #9947 ) ) ;
#9941 = SURFACE_STYLE_USAGE ( .BOTH. , #3677 ) ;
#9942 = VERTEX_POINT ( 'NONE', #7092 ) ;
#9943 = ORIENTED_EDGE ( 'NONE', *, *, #5511, .T. ) ;
#9944 = VERTEX_POINT ( 'NONE', #3570 ) ;
#9945 = CARTESIAN_POINT ( 'NONE',  ( 1.443065452288000000, 1.980050006160170200, 0.1000000000000000100 ) ) ;
#9946 = MECHANICAL_DESIGN_GEOMETRIC_PRESENTATION_REPRESENTATION (  '', ( #8117 ), #10524 ) ;
#9947 = SURFACE_STYLE_USAGE ( .BOTH. , #9984 ) ;
#9948 = EDGE_CURVE ( 'NONE', #9942, #7990, #7368, .T. ) ;
#9949 =( GEOMETRIC_REPRESENTATION_CONTEXT ( 3 ) GLOBAL_UNCERTAINTY_ASSIGNED_CONTEXT ( ( #11023 ) ) GLOBAL_UNIT_ASSIGNED_CONTEXT ( ( #6437, #1088, #7311 ) ) REPRESENTATION_CONTEXT ( 'NONE', 'WORKASPACE' ) );
#9950 = AXIS2_PLACEMENT_3D ( 'NONE', #10630, #5289, #11541 ) ;
#9951 = CARTESIAN_POINT ( 'NONE',  ( 0.7989442719099990600, 0.1596871942267129600, 0.1744721359549997500 ) ) ;
#9952 = DIRECTION ( 'NONE',  ( 0.0000000000000000000, 0.0000000000000000000, 1.000000000000000000 ) ) ;
#9953 = ORIENTED_EDGE ( 'NONE', *, *, #5913, .F. ) ;
#9954 = CIRCLE ( 'NONE', #8405, 0.1499999999999999700 ) ;
#9955 = DIRECTION ( 'NONE',  ( 0.0000000000000000000, -0.0000000000000000000, 1.000000000000000000 ) ) ;
#9956 = ORIENTED_EDGE ( 'NONE', *, *, #2881, .F. ) ;
#9957 = PRESENTATION_STYLE_ASSIGNMENT (( #7439 ) ) ;
#9958 = FILL_AREA_STYLE ('',( #10145 ) ) ;
#9959 = CARTESIAN_POINT ( 'NONE',  ( -0.7983293621280289600, -0.1565101149028555700, 0.004343145750507768400 ) ) ;
#9960 = CARTESIAN_POINT ( 'NONE',  ( 0.0000000000000000000, 0.0000000000000000000, 0.6500000000000001300 ) ) ;
#9961 = SURFACE_SIDE_STYLE ('',( #9002 ) ) ;
#9962 = LINE ( 'NONE', #5598, #2814 ) ;
#9963 = CARTESIAN_POINT ( 'NONE',  ( 1.573701219720280000, 2.017560650931430100, 0.1000000000000000100 ) ) ;
#9964 = CARTESIAN_POINT ( 'NONE',  ( 0.8000000000000000400, -0.4000000000000000200, 0.0000000000000000000 ) ) ;
#9965 = PRESENTATION_STYLE_ASSIGNMENT (( #1849 ) ) ;
#9966 = MECHANICAL_DESIGN_GEOMETRIC_PRESENTATION_REPRESENTATION (  '', ( #8136 ), #10541 ) ;
#9967 = DIRECTION ( 'NONE',  ( 0.4123105625617684600, 0.3872983346207470300, 0.8246211251235283600 ) ) ;
#9968 = UNCERTAINTY_MEASURE_WITH_UNIT (LENGTH_MEASURE( 1.000000000000000100E-005 ), #5033, 'distance_accuracy_value', 'NONE');
#9969 = CARTESIAN_POINT ( 'NONE',  ( 0.7906250000000000200, 0.1497067445875435200, 0.1799999999999999900 ) ) ;
#9970 =( GEOMETRIC_REPRESENTATION_CONTEXT ( 3 ) GLOBAL_UNCERTAINTY_ASSIGNED_CONTEXT ( ( #9198 ) ) GLOBAL_UNIT_ASSIGNED_CONTEXT ( ( #4223, #10480, #5130 ) ) REPRESENTATION_CONTEXT ( 'NONE', 'WORKASPACE' ) );
#9971 = CARTESIAN_POINT ( 'NONE',  ( 1.577921641042250100, 2.014054978381730100, 0.1000000000000000100 ) ) ;
#9972 = CARTESIAN_POINT ( 'NONE',  ( -0.7906889315499393600, -0.1502877917503757900, 0.005240933610754020000 ) ) ;
#9973 = EDGE_LOOP ( 'NONE', ( #1239, #10210, #10292, #3903 ) ) ;
#9974 = CARTESIAN_POINT ( 'NONE',  ( -0.7960104076400855700, 0.1540413993313948800, 0.004343145750507580200 ) ) ;
#9975 = FILL_AREA_STYLE_COLOUR ( '', #4269 ) ;
#9976 = CARTESIAN_POINT ( 'NONE',  ( 1.543833400629000200, 2.006665889013230100, 0.0000000000000000000 ) ) ;
#9977 =( LENGTH_UNIT ( ) NAMED_UNIT ( * ) SI_UNIT ( .MILLI., .METRE. ) );
#9978 = UNCERTAINTY_MEASURE_WITH_UNIT (LENGTH_MEASURE( 1.000000000000000100E-005 ), #11221, 'distance_accuracy_value', 'NONE');
#9979 = ORIENTED_EDGE ( 'NONE', *, *, #456, .T. ) ;
#9980 = CARTESIAN_POINT ( 'NONE',  ( -0.4000000000000000200, -0.3711456281878179900, 0.4149999999999999800 ) ) ;
#9981 = ORIENTED_EDGE ( 'NONE', *, *, #5513, .F. ) ;
#9982 = ORIENTED_EDGE ( 'NONE', *, *, #7252, .T. ) ;
#9983 = CARTESIAN_POINT ( 'NONE',  ( 1.525298029054880100, 2.022050005444920200, 0.0000000000000000000 ) ) ;
#9984 = SURFACE_SIDE_STYLE ('',( #5472 ) ) ;
#9985 = FILL_AREA_STYLE ('',( #8156 ) ) ;
#9986 = DIRECTION ( 'NONE',  ( 0.0000000000000000000, -0.0000000000000000000, -1.000000000000000000 ) ) ;
#9987 = ORIENTED_EDGE ( 'NONE', *, *, #8791, .F. ) ;
#9988 = ORIENTED_EDGE ( 'NONE', *, *, #3820, .T. ) ;
#9989 = CARTESIAN_POINT ( 'NONE',  ( -0.7854284641271246400, -0.1552291404743188500, -0.005280001234875350400 ) ) ;
#9990 = SURFACE_STYLE_FILL_AREA ( #9543 ) ;
#9991 = EDGE_CURVE ( 'NONE', #10738, #10181, #9487, .T. ) ;
#9992 = SURFACE_SIDE_STYLE ('',( #2521 ) ) ;
#9993 = CARTESIAN_POINT ( 'NONE',  ( 0.4000000000000000800, -0.1850000000000000000, 0.1600000000000000000 ) ) ;
#9994 = DIRECTION ( 'NONE',  ( -0.1209742911513545000, 0.1209742911513541200, 0.9852565360152931700 ) ) ;
#9995 = VERTEX_POINT ( 'NONE', #1789 ) ;
#9996 = CARTESIAN_POINT ( 'NONE',  ( -0.7900000000000001500, 0.1596871942267131000, 0.1699999999999999600 ) ) ;
#9997 = UNCERTAINTY_MEASURE_WITH_UNIT (LENGTH_MEASURE( 1.000000000000000100E-005 ), #1583, 'distance_accuracy_value', 'NONE');
#9998 =( GEOMETRIC_REPRESENTATION_CONTEXT ( 3 ) GLOBAL_UNCERTAINTY_ASSIGNED_CONTEXT ( ( #7016 ) ) GLOBAL_UNIT_ASSIGNED_CONTEXT ( ( #10567, #11600, #6208 ) ) REPRESENTATION_CONTEXT ( 'NONE', 'WORKASPACE' ) );
#10000 =( NAMED_UNIT ( * ) SI_UNIT ( $, .STERADIAN. ) SOLID_ANGLE_UNIT ( ) );
#9999 = LINE ( 'NONE', #10997, #7567 ) ;
#10001 = CARTESIAN_POINT ( 'NONE',  ( -0.7941636171043940900, -0.1645284209415267800, -0.005280001234875153500 ) ) ;
#10002 = CARTESIAN_POINT ( 'NONE',  ( -0.7808758610888691900, 0.1568991654936679500, -0.006826851410475226800 ) ) ;
#10003 = DIRECTION ( 'NONE',  ( -0.0000000000000000000, -0.0000000000000000000, 1.000000000000000000 ) ) ;
#10004 = ORIENTED_EDGE ( 'NONE', *, *, #7379, .F. ) ;
#10005 = EDGE_CURVE ( 'NONE', #5591, #6351, #4748, .T. ) ;
#10006 = CARTESIAN_POINT ( 'NONE',  ( 0.4745170327464611200, -0.3245170327464607100, 0.6331590247227181200 ) ) ;
#10007 = EDGE_CURVE ( 'NONE', #9733, #1184, #11619, .T. ) ;
#10008 = STYLED_ITEM ( 'NONE', ( #4840 ), #5679 ) ;
#10009 = PRESENTATION_STYLE_ASSIGNMENT (( #9775 ) ) ;
#10010 = FILL_AREA_STYLE_COLOUR ( '', #9368 ) ;
#10011 =( NAMED_UNIT ( * ) PLANE_ANGLE_UNIT ( ) SI_UNIT ( $, .RADIAN. ) );
#10012 = CARTESIAN_POINT ( 'NONE',  ( 0.6400000000000002400, -0.08914254706787534700, 0.1800000000000000200 ) ) ;
#10013 =( LENGTH_UNIT ( ) NAMED_UNIT ( * ) SI_UNIT ( .MILLI., .METRE. ) );
#10014 = ORIENTED_EDGE ( 'NONE', *, *, #905, .F. ) ;
#10015 = SURFACE_STYLE_FILL_AREA ( #6718 ) ;
#10016 = FILL_AREA_STYLE_COLOUR ( '', #9015 ) ;
#10017 = LINE ( 'NONE', #4651, #4958 ) ;
#10018 = ORIENTED_EDGE ( 'NONE', *, *, #1403, .T. ) ;
#10019 = VECTOR ( 'NONE', #8415, 1000.000000000000000 ) ;
#10020 = STYLED_ITEM ( 'NONE', ( #2928 ), #1302 ) ;
#10021 = UNCERTAINTY_MEASURE_WITH_UNIT (LENGTH_MEASURE( 1.000000000000000100E-005 ), #5397, 'distance_accuracy_value', 'NONE');
#10022 = CARTESIAN_POINT ( 'NONE',  ( 0.4000000000000000200, -0.3499999999999999800, 0.1799999999999999700 ) ) ;
#10024 =( GEOMETRIC_REPRESENTATION_CONTEXT ( 3 ) GLOBAL_UNCERTAINTY_ASSIGNED_CONTEXT ( ( #982 ) ) GLOBAL_UNIT_ASSIGNED_CONTEXT ( ( #3349, #9585, #4242 ) ) REPRESENTATION_CONTEXT ( 'NONE', 'WORKASPACE' ) );
#10023 = PRESENTATION_STYLE_ASSIGNMENT (( #2830 ) ) ;
#10025 = COLOUR_RGB ( '',0.8627450980392157300, 0.6274509803921568500, 0.05882352941176470500 ) ;
#10026 = MECHANICAL_DESIGN_GEOMETRIC_PRESENTATION_REPRESENTATION (  '', ( #8201 ), #10621 ) ;
#10027 = SURFACE_SIDE_STYLE ('',( #5865 ) ) ;
#10028 = SURFACE_STYLE_USAGE ( .BOTH. , #3766 ) ;
#10029 = FACE_OUTER_BOUND ( 'NONE', #792, .T. ) ;
#10030 = DIRECTION ( 'NONE',  ( 0.0000000000000000000, 0.0000000000000000000, 1.000000000000000000 ) ) ;
#10031 = ORIENTED_EDGE ( 'NONE', *, *, #1537, .F. ) ;
#10032 = VECTOR ( 'NONE', #906, 1000.000000000000000 ) ;
#10033 = CARTESIAN_POINT ( 'NONE',  ( -0.8000000000000000400, -0.1596871942267129600, 0.009999999999999998500 ) ) ;
#10034 = DIRECTION ( 'NONE',  ( 0.4123105625617680700, 0.3872983346207392600, 0.8246211251235322500 ) ) ;
#10035 = VECTOR ( 'NONE', #10680, 1000.000000000000000 ) ;
#10036 = UNCERTAINTY_MEASURE_WITH_UNIT (LENGTH_MEASURE( 1.000000000000000100E-005 ), #4418, 'distance_accuracy_value', 'NONE');
#10037 = CARTESIAN_POINT ( 'NONE',  ( 0.2000000000000000100, 0.2980549931478380100, 0.6500000000000000200 ) ) ;
#10038 = SURFACE_STYLE_USAGE ( .BOTH. , #3779 ) ;
#10039 = ORIENTED_EDGE ( 'NONE', *, *, #11571, .F. ) ;
#10040 = VECTOR ( 'NONE', #5895, 1000.000000000000000 ) ;
#10041 = MECHANICAL_DESIGN_GEOMETRIC_PRESENTATION_REPRESENTATION (  '', ( #8823 ), #10636 ) ;
#10042 = CARTESIAN_POINT ( 'NONE',  ( 0.4327635161968226800, -0.3139777154520822500, 0.6448624302404415400 ) ) ;
#10044 =( LENGTH_UNIT ( ) NAMED_UNIT ( * ) SI_UNIT ( .MILLI., .METRE. ) );
#10043 = AXIS2_PLACEMENT_3D ( 'NONE', #6823, #10374, #6864 ) ;
#10045 = SURFACE_STYLE_FILL_AREA ( #7042 ) ;
#10046 = FILL_AREA_STYLE_COLOUR ( '', #3528 ) ;
#10047 = DIRECTION ( 'NONE',  ( 0.9925461516413219800, -2.168404344971008500E-015, -0.1218693434051486300 ) ) ;
#10048 = ORIENTED_EDGE ( 'NONE', *, *, #5713, .F. ) ;
#10049 = VECTOR ( 'NONE', #4425, 1000.000000000000000 ) ;
#10050 = ORIENTED_EDGE ( 'NONE', *, *, #3502, .T. ) ;
#10051 = CARTESIAN_POINT ( 'NONE',  ( -0.7899999999999998100, 0.1596871942267129900, 0.1800000000000000200 ) ) ;
#10052 = ORIENTED_EDGE ( 'NONE', *, *, #249, .T. ) ;
#10053 = ORIENTED_EDGE ( 'NONE', *, *, #2406, .T. ) ;
#10054 = VECTOR ( 'NONE', #10822, 1000.000000000000000 ) ;
#10055 =( NAMED_UNIT ( * ) SI_UNIT ( $, .STERADIAN. ) SOLID_ANGLE_UNIT ( ) );
#10056 = CARTESIAN_POINT ( 'NONE',  ( 1.568663942549560100, 1.996186259075019700, 0.09999999999999997800 ) ) ;
#10057 = FILL_AREA_STYLE ('',( #5568 ) ) ;
#10058 = ORIENTED_EDGE ( 'NONE', *, *, #908, .T. ) ;
#10059 = LINE ( 'NONE', #11238, #7626 ) ;
#10060 = LINE ( 'NONE', #6339, #7354 ) ;
#10061 = EDGE_CURVE ( 'NONE', #4810, #1771, #9196, .T. ) ;
#10062 = VECTOR ( 'NONE', #6998, 1000.000000000000000 ) ;
#10063 = PRESENTATION_LAYER_ASSIGNMENT (  '', '', ( #9423 ) ) ;
#10064 = CARTESIAN_POINT ( 'NONE',  ( 1.598172856298110100, 1.982265675680380000, 0.1000000000000000100 ) ) ;
#10065 = ORIENTED_EDGE ( 'NONE', *, *, #95, .T. ) ;
#10066 = PRESENTATION_STYLE_ASSIGNMENT (( #6929 ) ) ;
#10067 = SURFACE_STYLE_USAGE ( .BOTH. , #3801 ) ;
#10068 = SURFACE_STYLE_USAGE ( .BOTH. , #3802 ) ;
#10069 = ORIENTED_EDGE ( 'NONE', *, *, #6582, .F. ) ;
#10070 = LINE ( 'NONE', #3747, #523 ) ;
#10071 = CARTESIAN_POINT ( 'NONE',  ( 1.512875014679730300, 2.006507609743080100, 0.0000000000000000000 ) ) ;
#10072 = DIRECTION ( 'NONE',  ( 1.000000000000000000, 0.0000000000000000000, 0.0000000000000000000 ) ) ;
#10073 = DIRECTION ( 'NONE',  ( 0.0000000000000000000, 0.0000000000000000000, -1.000000000000000000 ) ) ;
#10074 = EDGE_CURVE ( 'NONE', #11250, #7784, #4482, .T. ) ;
#10075 = FACE_OUTER_BOUND ( 'NONE', #7750, .T. ) ;
#10076 = EDGE_CURVE ( 'NONE', #5758, #7660, #889, .T. ) ;
#10077 = PRESENTATION_LAYER_ASSIGNMENT (  '', '', ( #8862 ) ) ;
#10078 = EDGE_CURVE ( 'NONE', #4819, #7618, #8937, .T. ) ;
#10079 =( GEOMETRIC_REPRESENTATION_CONTEXT ( 3 ) GLOBAL_UNCERTAINTY_ASSIGNED_CONTEXT ( ( #9008 ) ) GLOBAL_UNIT_ASSIGNED_CONTEXT ( ( #2575, #8824, #3491 ) ) REPRESENTATION_CONTEXT ( 'NONE', 'WORKASPACE' ) );
#10080 = VECTOR ( 'NONE', #8435, 1000.000000000000000 ) ;
#10081 = CARTESIAN_POINT ( 'NONE',  ( -0.7994240845272083700, -0.1595870722175832500, 0.005240933610754241200 ) ) ;
#10082 = VERTEX_POINT ( 'NONE', #8122 ) ;
#10083 = FILL_AREA_STYLE_COLOUR ( '', #2303 ) ;
#10084 = CARTESIAN_POINT ( 'NONE',  ( 1.593067507883180000, 1.984307815193020000, 0.1000000000000000300 ) ) ;
#10085 = DIRECTION ( 'NONE',  ( 0.0000000000000000000, -1.000000000000000000, 0.0000000000000000000 ) ) ;
#10086 = FACE_OUTER_BOUND ( 'NONE', #3628, .T. ) ;
#10087 = CARTESIAN_POINT ( 'NONE',  ( 0.8000000000000000400, -0.3499999999999999800, 0.01000000000000000000 ) ) ;
#10088 = UNCERTAINTY_MEASURE_WITH_UNIT (LENGTH_MEASURE( 1.000000000000000100E-005 ), #9174, 'distance_accuracy_value', 'NONE');
#10089 = ORIENTED_EDGE ( 'NONE', *, *, #6370, .T. ) ;
#10090 = CARTESIAN_POINT ( 'NONE',  ( -0.7900000000000000400, 0.1596871942267129900, -1.064841419405406100E-017 ) ) ;
#10091 =( NAMED_UNIT ( * ) SI_UNIT ( $, .STERADIAN. ) SOLID_ANGLE_UNIT ( ) );
#10092 = MECHANICAL_DESIGN_GEOMETRIC_PRESENTATION_REPRESENTATION (  '', ( #8263 ), #10686 ) ;
#10093 = EDGE_CURVE ( 'NONE', #6941, #8628, #4171, .T. ) ;
#10094 = AXIS2_PLACEMENT_3D ( 'NONE', #1398, #5882, #6801 ) ;
#10095 = STYLED_ITEM ( 'NONE', ( #450 ), #4911 ) ;
#10096 = CARTESIAN_POINT ( 'NONE',  ( 0.8000000000000000400, -0.1850000000000000000, 0.1599999999999999800 ) ) ;
#10097 = SURFACE_STYLE_USAGE ( .BOTH. , #10240 ) ;
#10098 = PRESENTATION_LAYER_ASSIGNMENT (  '', '', ( #8879 ) ) ;
#10099 = FACE_OUTER_BOUND ( 'NONE', #1263, .T. ) ;
#10100 = DIRECTION ( 'NONE',  ( -1.000000000000000000, 0.0000000000000000000, 0.0000000000000000000 ) ) ;
#10101 = CARTESIAN_POINT ( 'NONE',  ( -0.6008558890765790500, -0.1499999999999999900, 0.0000000000000000000 ) ) ;
#10102 = SURFACE_STYLE_FILL_AREA ( #2596 ) ;
#10103 =( BOUNDED_SURFACE ( )  B_SPLINE_SURFACE ( 3, 3, ( 
 ( #5633, #4966, #4855, #4839 ),
 ( #4815, #4780, #4738, #4702 ),
 ( #4635, #4591, #4553, #4486 ),
 ( #4436, #4313, #4228, #4184 ) ),
 .UNSPECIFIED., .F., .F., .F. ) 
 B_SPLINE_SURFACE_WITH_KNOTS ( ( 4, 4 ),
 ( 4, 4 ),
 ( 0.0000000000000000000, 1.000000000000000000 ),
 ( 0.0000000000000000000, 1.000000000000000000 ),
 .UNSPECIFIED. ) 
 GEOMETRIC_REPRESENTATION_ITEM ( )  RATIONAL_B_SPLINE_SURFACE ( (
 ( 1.000000000000000000, 0.3333333333333394800, 0.3333333333333394800, 1.000000000000000000),
 ( 0.9222832275901238200, 0.3074277425300469500, 0.3074277425300469500, 0.9222832275901238200),
 ( 0.9222832275901238200, 0.3074277425300469500, 0.3074277425300469500, 0.9222832275901238200),
 ( 1.000000000000000000, 0.3333333333333394800, 0.3333333333333394800, 1.000000000000000000) ) ) 
 REPRESENTATION_ITEM ( '' )  SURFACE ( )  );
#10104 = CARTESIAN_POINT ( 'NONE',  ( -0.4000000000000000200, 0.1850000000000000000, 0.01999999999999999700 ) ) ;
#10105 = SURFACE_STYLE_FILL_AREA ( #1374 ) ;
#10106 = CARTESIAN_POINT ( 'NONE',  ( 1.587213375081740100, 1.979474752066250100, 0.1000000000000000100 ) ) ;
#10107 = VECTOR ( 'NONE', #5864, 1000.000000000000000 ) ;
#10108 = CARTESIAN_POINT ( 'NONE',  ( 1.543833400629000200, 2.006665889013230100, 0.1000000000000000100 ) ) ;
#10109 =( NAMED_UNIT ( * ) SI_UNIT ( $, .STERADIAN. ) SOLID_ANGLE_UNIT ( ) );
#10110 = VERTEX_POINT ( 'NONE', #4588 ) ;
#10111 = VECTOR ( 'NONE', #2897, 1000.000000000000000 ) ;
#10112 = SURFACE_STYLE_USAGE ( .BOTH. , #3695 ) ;
#10113 = CARTESIAN_POINT ( 'NONE',  ( -0.8000000000000000400, 0.1850000000000000000, 0.1599999999999999800 ) ) ;
#10114 = CARTESIAN_POINT ( 'NONE',  ( -0.7877028816975197900, -0.1504862962823545500, 0.006827189806825525700 ) ) ;
#10115 = ORIENTED_EDGE ( 'NONE', *, *, #1081, .F. ) ;
#10116 =( NAMED_UNIT ( * ) SI_UNIT ( $, .STERADIAN. ) SOLID_ANGLE_UNIT ( ) );
#10117 = VERTEX_POINT ( 'NONE', #60 ) ;
#10118 = CARTESIAN_POINT ( 'NONE',  ( -0.4000000000000000200, 0.1499999999999999900, 0.02000000000000000000 ) ) ;
#10119 = CARTESIAN_POINT ( 'NONE',  ( 0.8000000000000000400, -0.4000000000000000200, 0.0000000000000000000 ) ) ;
#10120 = PRESENTATION_STYLE_ASSIGNMENT (( #5231 ) ) ;
#10121 = EDGE_CURVE ( 'NONE', #9254, #2500, #11307, .T. ) ;
#10122 = CARTESIAN_POINT ( 'NONE',  ( 1.605856330198040000, 2.022359678402379800, 0.1000000000000000100 ) ) ;
#10123 =( GEOMETRIC_REPRESENTATION_CONTEXT ( 3 ) GLOBAL_UNCERTAINTY_ASSIGNED_CONTEXT ( ( #73 ) ) GLOBAL_UNIT_ASSIGNED_CONTEXT ( ( #8109, #2758, #9003 ) ) REPRESENTATION_CONTEXT ( 'NONE', 'WORKASPACE' ) );
#10124 = ORIENTED_EDGE ( 'NONE', *, *, #6954, .T. ) ;
#10125 = CARTESIAN_POINT ( 'NONE',  ( -0.7906249999999998000, 0.1497067445875435200, 0.1700000000000000100 ) ) ;
#10126 = STYLED_ITEM ( 'NONE', ( #5539 ), #8000 ) ;
#10127 = DIRECTION ( 'NONE',  ( -0.4123105625617679000, 0.3872983346207338800, -0.8246211251235348000 ) ) ;
#10128 = DIRECTION ( 'NONE',  ( 0.0000000000000000000, 0.0000000000000000000, -1.000000000000000000 ) ) ;
#10129 = ITEM_DEFINED_TRANSFORMATION ( 'NONE', 'NONE', #8526,  #3980 ) ;
#10130 = ORIENTED_EDGE ( 'NONE', *, *, #10093, .F. ) ;
#10131 = UNCERTAINTY_MEASURE_WITH_UNIT (LENGTH_MEASURE( 1.000000000000000100E-005 ), #3315, 'distance_accuracy_value', 'NONE');
#10132 = EDGE_CURVE ( 'NONE', #2739, #4850, #11025, .T. ) ;
#10133 =( NAMED_UNIT ( * ) SI_UNIT ( $, .STERADIAN. ) SOLID_ANGLE_UNIT ( ) );
#10134 = AXIS2_PLACEMENT_3D ( 'NONE', #10368, #10337, #10297 ) ;
#10135 =( NAMED_UNIT ( * ) PLANE_ANGLE_UNIT ( ) SI_UNIT ( $, .RADIAN. ) );
#10136 = CARTESIAN_POINT ( 'NONE',  ( 0.4000000000000000200, 0.3499999999999999800, 0.02000000000000000000 ) ) ;
#10137 = CIRCLE ( 'NONE', #9190, 0.05080000000000000500 ) ;
#10138 = SURFACE_STYLE_FILL_AREA ( #7101 ) ;
#10139 = PRODUCT_RELATED_PRODUCT_CATEGORY ( 'part', '', ( #4094 ) ) ;
#10140 = ADVANCED_FACE ( 'NONE', ( #1489, #6267, #6804 ), #9057, .F. ) ;
#10141 = CARTESIAN_POINT ( 'NONE',  ( -0.7960104076400857900, -0.1540413993313948200, 0.004343145750507388500 ) ) ;
#10142 = ORIENTED_EDGE ( 'NONE', *, *, #7672, .F. ) ;
#10143 = CARTESIAN_POINT ( 'NONE',  ( 0.4270360317781709500, -0.3721743422346436300, 0.6222548626645929600 ) ) ;
#10144 = CARTESIAN_POINT ( 'NONE',  ( 1.529620557344310000, 1.980050006160170200, 0.0000000000000000000 ) ) ;
#10145 = FILL_AREA_STYLE_COLOUR ( '', #8131 ) ;
#10146 = FACE_OUTER_BOUND ( 'NONE', #11204, .T. ) ;
#10147 = EDGE_LOOP ( 'NONE', ( #7852, #1078, #5341, #8985, #10048, #606, #6365, #5072, #6096, #2481, #6454, #11594 ) ) ;
#10148 = VECTOR ( 'NONE', #6841, 1000.000000000000000 ) ;
#10149 = VECTOR ( 'NONE', #5536, 1000.000000000000000 ) ;
#10150 =( NAMED_UNIT ( * ) SI_UNIT ( $, .STERADIAN. ) SOLID_ANGLE_UNIT ( ) );
#10151 = PRESENTATION_LAYER_ASSIGNMENT (  '', '', ( #8316 ) ) ;
#10152 = CARTESIAN_POINT ( 'NONE',  ( 1.464646490379500000, 1.987367672161970000, 0.1000000000000000100 ) ) ;
#10153 = EDGE_CURVE ( 'NONE', #4544, #4162, #8326, .T. ) ;
#10154 = VECTOR ( 'NONE', #8714, 1000.000000000000000 ) ;
#10155 = AXIS2_PLACEMENT_3D ( 'NONE', #1795, #8039, #2701 ) ;
#10156 = AXIS2_PLACEMENT_3D ( 'NONE', #6802, #1441, #7696 ) ;
#10157 = CARTESIAN_POINT ( 'NONE',  ( -0.7900000000000000400, -0.1596871942267129600, 0.01000000000000000000 ) ) ;
#10158 = CARTESIAN_POINT ( 'NONE',  ( 1.487246165845520100, 1.987367672161970000, 0.1000000000000000100 ) ) ;
#10159 = DIRECTION ( 'NONE',  ( -0.0000000000000000000, 0.0000000000000000000, -1.000000000000000000 ) ) ;
#10160 = ORIENTED_EDGE ( 'NONE', *, *, #8791, .T. ) ;
#10161 = SURFACE_STYLE_FILL_AREA ( #4431 ) ;
#10162 = UNCERTAINTY_MEASURE_WITH_UNIT (LENGTH_MEASURE( 1.000000000000000100E-005 ), #4689, 'distance_accuracy_value', 'NONE');
#10163 = SURFACE_STYLE_FILL_AREA ( #9841 ) ;
#10164 =( NAMED_UNIT ( * ) SI_UNIT ( $, .STERADIAN. ) SOLID_ANGLE_UNIT ( ) );
#10165 = SURFACE_STYLE_USAGE ( .BOTH. , #3904 ) ;
#10166 = CARTESIAN_POINT ( 'NONE',  ( 1.600759566099030100, 1.985192742244400200, 0.0000000000000000000 ) ) ;
#10167 = VERTEX_POINT ( 'NONE', #175 ) ;
#10168 = PLANE ( 'NONE',  #2719 ) ;
#10169 = AXIS2_PLACEMENT_3D ( 'NONE', #4004, #10267, #4907 ) ;
#10170 = LINE ( 'NONE', #3455, #5431 ) ;
#10171 = PRESENTATION_STYLE_ASSIGNMENT (( #7978 ) ) ;
#10172 = COLOUR_RGB ( '',0.0000000000000000000, 0.7019607843137254400, 0.9803921568627450600 ) ;
#10173 = CARTESIAN_POINT ( 'NONE',  ( 0.7877028816975200100, -0.1504862962823544400, 0.1731728101931742600 ) ) ;
#10174 =( NAMED_UNIT ( * ) PLANE_ANGLE_UNIT ( ) SI_UNIT ( $, .RADIAN. ) );
#10175 =( BOUNDED_SURFACE ( )  B_SPLINE_SURFACE ( 3, 3, ( 
 ( #11055, #1283, #7543, #2207 ),
 ( #8441, #3115, #9357, #4018 ),
 ( #10277, #4914, #11164, #5808 ),
 ( #434, #6679, #1324, #7578 ) ),
 .UNSPECIFIED., .F., .F., .F. ) 
 B_SPLINE_SURFACE_WITH_KNOTS ( ( 4, 4 ),
 ( 4, 4 ),
 ( 0.0000000000000000000, 1.000000000000000000 ),
 ( 0.0000000000000000000, 1.000000000000000000 ),
 .UNSPECIFIED. ) 
 GEOMETRIC_REPRESENTATION_ITEM ( )  RATIONAL_B_SPLINE_SURFACE ( (
 ( 1.000000000000000000, 0.3333333333333296500, 0.3333333333333296500, 1.000000000000000000),
 ( 0.9222832275901182700, 0.3074277425300360200, 0.3074277425300360200, 0.9222832275901182700),
 ( 0.9222832275901182700, 0.3074277425300360200, 0.3074277425300360200, 0.9222832275901182700),
 ( 1.000000000000000000, 0.3333333333333296500, 0.3333333333333296500, 1.000000000000000000) ) ) 
 REPRESENTATION_ITEM ( '' )  SURFACE ( )  );
#10176 = CARTESIAN_POINT ( 'NONE',  ( 1.507599488027270100, 2.014051626326669900, 0.1000000000000000100 ) ) ;
#10177 = DIRECTION ( 'NONE',  ( 0.0000000000000000000, 1.000000000000000000, 0.0000000000000000000 ) ) ;
#10178 = CARTESIAN_POINT ( 'NONE',  ( -0.7900000000000000400, 0.2000000000000000100, 0.1700000000000000100 ) ) ;
#10179 = ORIENTED_EDGE ( 'NONE', *, *, #7495, .F. ) ;
#10180 = ORIENTED_EDGE ( 'NONE', *, *, #4692, .F. ) ;
#10181 = VERTEX_POINT ( 'NONE', #1010 ) ;
#10182 = SURFACE_STYLE_USAGE ( .BOTH. , #3922 ) ;
#10183 = VECTOR ( 'NONE', #7390, 1000.000000000000000 ) ;
#10184 = CARTESIAN_POINT ( 'NONE',  ( 0.8000000000000000400, -0.3499999999999999800, 0.1700000000000000100 ) ) ;
#10185 = SURFACE_STYLE_FILL_AREA ( #8726 ) ;
#10186 =( NAMED_UNIT ( * ) SI_UNIT ( $, .STERADIAN. ) SOLID_ANGLE_UNIT ( ) );
#10187 = EDGE_CURVE ( 'NONE', #2749, #8351, #9931, .T. ) ;
#10188 = STYLED_ITEM ( 'NONE', ( #8087 ), #10821 ) ;
#10189 = ORIENTED_EDGE ( 'NONE', *, *, #6226, .T. ) ;
#10190 = CARTESIAN_POINT ( 'NONE',  ( 1.641976745299859900, 1.980359679117640300, 0.0000000000000000000 ) ) ;
#10192 = PLANE ( 'NONE',  #6465 ) ;
#10191 =( GEOMETRIC_REPRESENTATION_CONTEXT ( 3 ) GLOBAL_UNCERTAINTY_ASSIGNED_CONTEXT ( ( #4110 ) ) GLOBAL_UNIT_ASSIGNED_CONTEXT ( ( #4671, #10913, #5576 ) ) REPRESENTATION_CONTEXT ( 'NONE', 'WORKASPACE' ) );
#10193 = VERTEX_POINT ( 'NONE', #6434 ) ;
#10194 = ORIENTED_EDGE ( 'NONE', *, *, #10078, .T. ) ;
#10195 = SURFACE_STYLE_FILL_AREA ( #8009 ) ;
#10196 = ORIENTED_EDGE ( 'NONE', *, *, #2487, .F. ) ;
#10197 = CARTESIAN_POINT ( 'NONE',  ( 0.7900000000000001500, -0.1596871942267129900, 0.009999999999999972500 ) ) ;
#10198 = ORIENTED_EDGE ( 'NONE', *, *, #8102, .T. ) ;
#10199 = CARTESIAN_POINT ( 'NONE',  ( -0.8000000000000000400, 0.3700000000000000500, 0.1758578643762691300 ) ) ;
#10200 = CARTESIAN_POINT ( 'NONE',  ( 0.8000000000000000400, 0.1749999999999999900, 0.1600000000000000000 ) ) ;
#10201 = CARTESIAN_POINT ( 'NONE',  ( 0.7900000000000000400, 0.0000000000000000000, 0.0000000000000000000 ) ) ;
#10202 = ADVANCED_FACE ( 'NONE', ( #3051 ), #1084, .T. ) ;
#10203 = CARTESIAN_POINT ( 'NONE',  ( 0.6400000000000001200, 1.355252715606880500E-017, 0.1799999999999999900 ) ) ;
#10204 = DIRECTION ( 'NONE',  ( 1.000000000000000000, 0.0000000000000000000, 0.0000000000000000000 ) ) ;
#10205 = ORIENTED_EDGE ( 'NONE', *, *, #3070, .T. ) ;
#10206 = COLOUR_RGB ( '',0.8627450980392157300, 0.6274509803921568500, 0.05882352941176470500 ) ;
#10207 = EDGE_CURVE ( 'NONE', #7052, #11230, #6649, .T. ) ;
#10208 = VECTOR ( 'NONE', #10679, 1000.000000000000000 ) ;
#10209 = DIRECTION ( 'NONE',  ( -0.0000000000000000000, -0.0000000000000000000, -1.000000000000000000 ) ) ;
#10210 = ORIENTED_EDGE ( 'NONE', *, *, #5784, .F. ) ;
#10211 = SURFACE_SIDE_STYLE ('',( #7031 ) ) ;
#10212 = ORIENTED_EDGE ( 'NONE', *, *, #9137, .F. ) ;
#10213 = CARTESIAN_POINT ( 'NONE',  ( -0.2000000000000000100, -0.2980549931478380100, 0.6500000000000000200 ) ) ;
#10214 =( LENGTH_UNIT ( ) NAMED_UNIT ( * ) SI_UNIT ( .MILLI., .METRE. ) );
#10215 =( NAMED_UNIT ( * ) PLANE_ANGLE_UNIT ( ) SI_UNIT ( $, .RADIAN. ) );
#10216 = ORIENTED_EDGE ( 'NONE', *, *, #4813, .F. ) ;
#10217 = COLOUR_RGB ( '',0.8627450980392157300, 0.6274509803921568500, 0.05882352941176470500 ) ;
#10218 = FILL_AREA_STYLE_COLOUR ( '', #8125 ) ;
#10219 = FILL_AREA_STYLE_COLOUR ( '', #8828 ) ;
#10220 =( LENGTH_UNIT ( ) NAMED_UNIT ( * ) SI_UNIT ( .MILLI., .METRE. ) );
#10221 = CARTESIAN_POINT ( 'NONE',  ( -0.7900000000000000400, 0.3499999999999999800, 0.1799999999999999900 ) ) ;
#10222 = ORIENTED_EDGE ( 'NONE', *, *, #8248, .T. ) ;
#10223 = CIRCLE ( 'NONE', #11614, 0.02999999999999997100 ) ;
#10224 = EDGE_CURVE ( 'NONE', #8351, #4333, #9059, .T. ) ;
#10225 = EDGE_CURVE ( 'NONE', #6384, #8986, #4188, .T. ) ;
#10226 = AXIS2_PLACEMENT_3D ( 'NONE', #6729, #1378, #7636 ) ;
#10227 = DIRECTION ( 'NONE',  ( 0.0000000000000000000, 1.000000000000000000, 0.0000000000000000000 ) ) ;
#10228 = UNCERTAINTY_MEASURE_WITH_UNIT (LENGTH_MEASURE( 1.000000000000000100E-005 ), #2913, 'distance_accuracy_value', 'NONE');
#10229 = CIRCLE ( 'NONE', #2825, 0.01000000000000000000 ) ;
#10230 = CARTESIAN_POINT ( 'NONE',  ( -0.4000000000000000200, 0.1499999999999999900, 0.02000000000000000000 ) ) ;
#10231 = CARTESIAN_POINT ( 'NONE',  ( -0.07619999999999999000, 0.1270000000000000000, 0.0000000000000000000 ) ) ;
#10232 = CARTESIAN_POINT ( 'NONE',  ( 1.587213375081740100, 2.023244605453760100, 0.0000000000000000000 ) ) ;
#10233 = ORIENTED_EDGE ( 'NONE', *, *, #229, .T. ) ;
#10234 = DIRECTION ( 'NONE',  ( 0.0000000000000000000, -0.0000000000000000000, 1.000000000000000000 ) ) ;
#10235 = SURFACE_SIDE_STYLE ('',( #2306 ) ) ;
#10236 = STYLED_ITEM ( 'NONE', ( #7241 ), #1189 ) ;
#10237 = EDGE_CURVE ( 'NONE', #1796, #11154, #1923, .T. ) ;
#10238 = STYLED_ITEM ( 'NONE', ( #2762 ), #6580 ) ;
#10239 = DIRECTION ( 'NONE',  ( 0.0000000000000000000, 1.000000000000000000, -0.0000000000000000000 ) ) ;
#10240 = SURFACE_SIDE_STYLE ('',( #651 ) ) ;
#10241 = UNCERTAINTY_MEASURE_WITH_UNIT (LENGTH_MEASURE( 1.000000000000000100E-005 ), #10214, 'distance_accuracy_value', 'NONE');
#10242 =( GEOMETRIC_REPRESENTATION_CONTEXT ( 3 ) GLOBAL_UNCERTAINTY_ASSIGNED_CONTEXT ( ( #1369 ) ) GLOBAL_UNIT_ASSIGNED_CONTEXT ( ( #9755, #4408, #10656 ) ) REPRESENTATION_CONTEXT ( 'NONE', 'WORKASPACE' ) );
#10243 = DIRECTION ( 'NONE',  ( -0.3301180510536019200, -0.8484716754920967900, 0.4136639798873059100 ) ) ;
#10244 = SURFACE_SIDE_STYLE ('',( #1419 ) ) ;
#10245 = ORIENTED_EDGE ( 'NONE', *, *, #5593, .T. ) ;
#10246 = DIRECTION ( 'NONE',  ( 0.0000000000000000000, -1.000000000000000000, -0.0000000000000000000 ) ) ;
#10247 = ORIENTED_EDGE ( 'NONE', *, *, #2576, .F. ) ;
#10248 = DIRECTION ( 'NONE',  ( -1.000000000000000000, -0.0000000000000000000, -0.0000000000000000000 ) ) ;
#10249 = DIRECTION ( 'NONE',  ( 0.0000000000000000000, -1.000000000000000000, 0.0000000000000000000 ) ) ;
#10250 = FILL_AREA_STYLE ('',( #8529 ) ) ;
#10251 = DIRECTION ( 'NONE',  ( 0.0000000000000000000, -0.0000000000000000000, -1.000000000000000000 ) ) ;
#10252 = VERTEX_POINT ( 'NONE', #10279 ) ;
#10253 = ADVANCED_FACE ( 'NONE', ( #4026 ), #25, .T. ) ;
#10254 = EDGE_LOOP ( 'NONE', ( #6845, #8708, #6762, #10335 ) ) ;
#10255 = STYLED_ITEM ( 'NONE', ( #5688 ), #10425 ) ;
#10256 = FILL_AREA_STYLE ('',( #9331 ) ) ;
#10257 = CARTESIAN_POINT ( 'NONE',  ( 1.617130716549560100, 2.016573616912579900, 0.0000000000000000000 ) ) ;
#10258 = CARTESIAN_POINT ( 'NONE',  ( -0.7808758610888689700, -0.1568991654936685600, -0.006826851410475710800 ) ) ;
#10259 = CARTESIAN_POINT ( 'NONE',  ( -0.07619999999999999000, 0.07619999999999999000, 0.0000000000000000000 ) ) ;
#10260 = ORIENTED_EDGE ( 'NONE', *, *, #9703, .T. ) ;
#10261 = CARTESIAN_POINT ( 'NONE',  ( -0.4000000000000000200, 0.3499999999999999800, 0.0000000000000000000 ) ) ;
#10262 = DIRECTION ( 'NONE',  ( 0.0000000000000000000, 1.000000000000000000, 0.0000000000000000000 ) ) ;
#10263 = VECTOR ( 'NONE', #271, 1000.000000000000000 ) ;
#10264 = SURFACE_STYLE_FILL_AREA ( #3269 ) ;
#10265 = EDGE_CURVE ( 'NONE', #8736, #6254, #800, .T. ) ;
#10266 =( LENGTH_UNIT ( ) NAMED_UNIT ( * ) SI_UNIT ( .MILLI., .METRE. ) );
#10267 = DIRECTION ( 'NONE',  ( -1.000000000000000000, 0.0000000000000000000, 0.0000000000000000000 ) ) ;
#10268 = DIRECTION ( 'NONE',  ( 1.000000000000000000, 0.0000000000000000000, -0.0000000000000000000 ) ) ;
#10269 = FILL_AREA_STYLE ('',( #7505 ) ) ;
#10270 = MECHANICAL_DESIGN_GEOMETRIC_PRESENTATION_REPRESENTATION (  '', ( #8437 ), #10865 ) ;
#10271 = SHAPE_REPRESENTATION_RELATIONSHIP ( 'NONE' , 'NONE' ,  #9340, #10343 ) ;
#10272 = EDGE_LOOP ( 'NONE', ( #6086, #5980, #7983, #7069 ) ) ;
#10273 = SURFACE_SIDE_STYLE ('',( #6656 ) ) ;
#10274 = VECTOR ( 'NONE', #5248, 1000.000000000000000 ) ;
#10275 = VECTOR ( 'NONE', #9656, 1000.000000000000000 ) ;
#10276 = DIRECTION ( 'NONE',  ( 1.084202172485504400E-014, 0.0000000000000000000, -1.000000000000000000 ) ) ;
#10277 = CARTESIAN_POINT ( 'NONE',  ( 0.7994240845272082600, -0.1595870722175835000, 0.005240933610754042500 ) ) ;
#10278 = VERTEX_POINT ( 'NONE', #524 ) ;
#10279 = CARTESIAN_POINT ( 'NONE',  ( 0.4925819434078036500, -0.3193175798994706300, 0.6080779394139741400 ) ) ;
#10280 = EDGE_CURVE ( 'NONE', #8971, #11335, #10059, .T. ) ;
#10281 = ORIENTED_EDGE ( 'NONE', *, *, #3013, .T. ) ;
#10282 = CARTESIAN_POINT ( 'NONE',  ( -0.8008747832827531900, 0.1538940194805949200, 0.1703413634112846100 ) ) ;
#10283 = PRESENTATION_LAYER_ASSIGNMENT (  '', '', ( #9078 ) ) ;
#10284 = EDGE_CURVE ( 'NONE', #5622, #3880, #3182, .T. ) ;
#10285 =( LENGTH_UNIT ( ) NAMED_UNIT ( * ) SI_UNIT ( .MILLI., .METRE. ) );
#10286 = CIRCLE ( 'NONE', #1140, 0.01000000000000000400 ) ;
#10287 = MECHANICAL_DESIGN_GEOMETRIC_PRESENTATION_REPRESENTATION (  '', ( #8450 ), #10888 ) ;
#10288 =( NAMED_UNIT ( * ) PLANE_ANGLE_UNIT ( ) SI_UNIT ( $, .RADIAN. ) );
#10289 = SURFACE_SIDE_STYLE ('',( #417 ) ) ;
#10290 = DIRECTION ( 'NONE',  ( 1.000000000000000000, 0.0000000000000000000, 0.0000000000000000000 ) ) ;
#10291 = CIRCLE ( 'NONE', #4902, 0.009999999999999998500 ) ;
#10292 = ORIENTED_EDGE ( 'NONE', *, *, #6560, .F. ) ;
#10293 = LINE ( 'NONE', #1173, #3442 ) ;
#10294 = SURFACE_STYLE_FILL_AREA ( #123 ) ;
#10295 = DIRECTION ( 'NONE',  ( -0.0000000000000000000, -0.0000000000000000000, -1.000000000000000000 ) ) ;
#10296 = FACE_OUTER_BOUND ( 'NONE', #8012, .T. ) ;
#10297 = DIRECTION ( 'NONE',  ( -0.5292407919724607700, 0.5292407919724575500, 0.6631804944543592300 ) ) ;
#10298 = SURFACE_STYLE_FILL_AREA ( #4416 ) ;
#10299 = VERTEX_POINT ( 'NONE', #11283 ) ;
#10300 = FACE_OUTER_BOUND ( 'NONE', #8077, .T. ) ;
#10301 = DIRECTION ( 'NONE',  ( -0.9980449639169571800, -0.06250000000000038900, -0.0000000000000000000 ) ) ;
#10302 = EDGE_CURVE ( 'NONE', #567, #11115, #9777, .T. ) ;
#10303 = UNCERTAINTY_MEASURE_WITH_UNIT (LENGTH_MEASURE( 1.000000000000000100E-005 ), #4933, 'distance_accuracy_value', 'NONE');
#10304 =( NAMED_UNIT ( * ) SI_UNIT ( $, .STERADIAN. ) SOLID_ANGLE_UNIT ( ) );
#10305 = PRESENTATION_LAYER_ASSIGNMENT (  '', '', ( #9097 ) ) ;
#10306 = STYLED_ITEM ( 'NONE', ( #10709 ), #4795 ) ;
#10307 = PRESENTATION_STYLE_ASSIGNMENT (( #2945 ) ) ;
#10308 = MECHANICAL_DESIGN_GEOMETRIC_PRESENTATION_REPRESENTATION (  '', ( #9101 ), #10907 ) ;
#10309 = CARTESIAN_POINT ( 'NONE',  ( 0.5250000000000003600, -0.1330726618555938000, 0.004142135623731000800 ) ) ;
#10310 = PLANE ( 'NONE',  #2117 ) ;
#10311 = CARTESIAN_POINT ( 'NONE',  ( 0.7983293621280291900, 0.1565101149028557700, 0.004343145750507660000 ) ) ;
#10312 = ADVANCED_FACE ( 'NONE', ( #5312 ), #5040, .F. ) ;
#10313 = ADVANCED_FACE ( 'NONE', ( #11293 ), #6805, .T. ) ;
#10314 = ORIENTED_EDGE ( 'NONE', *, *, #3308, .T. ) ;
#10315 = DIRECTION ( 'NONE',  ( 1.000000000000000000, 0.0000000000000000000, -0.0000000000000000000 ) ) ;
#10316 = PRESENTATION_STYLE_ASSIGNMENT (( #555 ) ) ;
#10317 = CARTESIAN_POINT ( 'NONE',  ( 0.8000000000000000400, -0.4000000000000000200, 0.1700000000000000100 ) ) ;
#10318 = MANIFOLD_SOLID_BREP ( 'Imported2', #8627 ) ;
#10319 = ORIENTED_EDGE ( 'NONE', *, *, #10992, .T. ) ;
#10320 = CARTESIAN_POINT ( 'NONE',  ( 0.4764586206041045400, 0.3516608847354836800, 0.6099478456424555200 ) ) ;
#10321 = AXIS2_PLACEMENT_3D ( 'NONE', #10699, #5366, #11620 ) ;
#10322 = SURFACE_STYLE_FILL_AREA ( #8076 ) ;
#10323 = VERTEX_POINT ( 'NONE', #636 ) ;
#10324 = ORIENTED_EDGE ( 'NONE', *, *, #7559, .T. ) ;
#10325 = PRESENTATION_LAYER_ASSIGNMENT (  '', '', ( #9723 ) ) ;
#10326 = MECHANICAL_DESIGN_GEOMETRIC_PRESENTATION_REPRESENTATION (  '', ( #8494 ), #10921 ) ;
#10327 =( LENGTH_UNIT ( ) NAMED_UNIT ( * ) SI_UNIT ( .MILLI., .METRE. ) );
#10328 = VERTEX_POINT ( 'NONE', #6887 ) ;
#10329 = SURFACE_STYLE_USAGE ( .BOTH. , #10289 ) ;
#10330 = LINE ( 'NONE', #10665, #1336 ) ;
#10331 = CARTESIAN_POINT ( 'NONE',  ( -0.7900000000000000400, 0.3499999999999999800, 0.1700000000000000100 ) ) ;
#10332 = VECTOR ( 'NONE', #2202, 1000.000000000000000 ) ;
#10333 = SURFACE_STYLE_FILL_AREA ( #9492 ) ;
#10334 = VERTEX_POINT ( 'NONE', #11411 ) ;
#10335 = ORIENTED_EDGE ( 'NONE', *, *, #7252, .F. ) ;
#10336 = ORIENTED_EDGE ( 'NONE', *, *, #7095, .T. ) ;
#10337 = DIRECTION ( 'NONE',  ( 0.3301180510536021500, 0.8484716754920967900, -0.4136639798873058000 ) ) ;
#10338 = VECTOR ( 'NONE', #7964, 1000.000000000000000 ) ;
#10339 = ORIENTED_EDGE ( 'NONE', *, *, #1824, .T. ) ;
#10340 = PLANE ( 'NONE',  #8237 ) ;
#10341 = ORIENTED_EDGE ( 'NONE', *, *, #10796, .T. ) ;
#10342 = AXIS2_PLACEMENT_3D ( 'NONE', #598, #562, #136 ) ;
#10343 = ADVANCED_BREP_SHAPE_REPRESENTATION ( '', ( #10821, #6991, #6159, #5788, #7133, #11319, #3980 ), #1951 ) ;
#10344 = CARTESIAN_POINT ( 'NONE',  ( 1.558006294300130000, 1.988048385278420300, 0.0000000000000000000 ) ) ;
#10345 = AXIS2_PLACEMENT_3D ( 'NONE', #481, #6723, #1372 ) ;
#10346 = LINE ( 'NONE', #1371, #7956 ) ;
#10347 = FILL_AREA_STYLE ('',( #10010 ) ) ;
#10348 = DIRECTION ( 'NONE',  ( -0.0000000000000000000, -0.0000000000000000000, -1.000000000000000000 ) ) ;
#10349 = CARTESIAN_POINT ( 'NONE',  ( -0.7900000000000000400, 0.0000000000000000000, 0.0000000000000000000 ) ) ;
#10350 = ORIENTED_EDGE ( 'NONE', *, *, #2370, .T. ) ;
#10351 = DIRECTION ( 'NONE',  ( -1.000000000000000000, 0.0000000000000000000, -0.0000000000000000000 ) ) ;
#10352 = CARTESIAN_POINT ( 'NONE',  ( -0.4976823007299042700, 0.2980549931478377900, 0.6060934671702569200 ) ) ;
#10353 = PRODUCT_DEFINITION_CONTEXT ( 'detailed design', #10409, 'design' ) ;
#10354 = CARTESIAN_POINT ( 'NONE',  ( 0.5295324038633935100, 0.4000000000000003600, 0.1799999999999999900 ) ) ;
#10355 = EDGE_CURVE ( 'NONE', #2094, #7422, #7202, .T. ) ;
#10356 = DIRECTION ( 'NONE',  ( 0.0000000000000000000, 0.0000000000000000000, 1.000000000000000000 ) ) ;
#10357 =( LENGTH_UNIT ( ) NAMED_UNIT ( * ) SI_UNIT ( .MILLI., .METRE. ) );
#10358 = ORIENTED_EDGE ( 'NONE', *, *, #10007, .F. ) ;
#10359 = AXIS2_PLACEMENT_3D ( 'NONE', #2789, #9031, #3693 ) ;
#10360 = SURFACE_STYLE_USAGE ( .BOTH. , #4090 ) ;
#10361 =( LENGTH_UNIT ( ) NAMED_UNIT ( * ) SI_UNIT ( .MILLI., .METRE. ) );
#10362 =( LENGTH_UNIT ( ) NAMED_UNIT ( * ) SI_UNIT ( .MILLI., .METRE. ) );
#10363 = ADVANCED_FACE ( 'NONE', ( #5702 ), #7829, .F. ) ;
#10364 = UNCERTAINTY_MEASURE_WITH_UNIT (LENGTH_MEASURE( 1.000000000000000100E-005 ), #3617, 'distance_accuracy_value', 'NONE');
#10365 = ADVANCED_FACE ( 'NONE', ( #6392 ), #7611, .T. ) ;
#10366 = MECHANICAL_DESIGN_GEOMETRIC_PRESENTATION_REPRESENTATION (  '', ( #9152 ), #10960 ) ;
#10367 = EDGE_CURVE ( 'NONE', #6654, #3690, #5572, .T. ) ;
#10368 = CARTESIAN_POINT ( 'NONE',  ( -0.4480549931478379200, 0.2980549931478381200, 0.5999999999999999800 ) ) ;
#10369 =( GEOMETRIC_REPRESENTATION_CONTEXT ( 3 ) GLOBAL_UNCERTAINTY_ASSIGNED_CONTEXT ( ( #2342 ) ) GLOBAL_UNIT_ASSIGNED_CONTEXT ( ( #8799, #3452, #9701 ) ) REPRESENTATION_CONTEXT ( 'NONE', 'WORKASPACE' ) );
#10370 = AXIS2_PLACEMENT_3D ( 'NONE', #1929, #8180, #2837 ) ;
#10371 = LINE ( 'NONE', #602, #850 ) ;
#10372 = CARTESIAN_POINT ( 'NONE',  ( -0.7922123193543259000, -0.1689677469128614300, -0.006826851410475511300 ) ) ;
#10373 =( LENGTH_UNIT ( ) NAMED_UNIT ( * ) SI_UNIT ( .MILLI., .METRE. ) );
#10374 = DIRECTION ( 'NONE',  ( 0.0000000000000000000, 0.0000000000000000000, 1.000000000000000000 ) ) ;
#10375 = ORIENTED_EDGE ( 'NONE', *, *, #3404, .F. ) ;
#10376 = CARTESIAN_POINT ( 'NONE',  ( 0.7960104076400855700, -0.1540413993313949300, 0.1756568542494923400 ) ) ;
#10377 = SURFACE_SIDE_STYLE ('',( #6473 ) ) ;
#10378 = CARTESIAN_POINT ( 'NONE',  ( 1.464646490379500000, 2.014732339443119800, 0.1000000000000000100 ) ) ;
#10379 = B_SPLINE_CURVE_WITH_KNOTS ( 'NONE', 2,
 ( #634, #5118, #1522, #7783 ),
 .UNSPECIFIED., .F., .F.,
 ( 3, 1, 3 ),
 ( 0.0000000000000000000, 7.590794854212200800E-006, 1.518158970842440200E-005 ),
 .UNSPECIFIED. ) ;
#10380 = FILL_AREA_STYLE_COLOUR ( '', #1318 ) ;
#10381 = PRESENTATION_STYLE_ASSIGNMENT (( #10990 ) ) ;
#10382 = EDGE_LOOP ( 'NONE', ( #2184, #8996, #7493, #7548 ) ) ;
#10383 = FILL_AREA_STYLE ('',( #9347 ) ) ;
#10384 = AXIS2_PLACEMENT_3D ( 'NONE', #9563, #10435, #8741 ) ;
#10385 = VERTEX_POINT ( 'NONE', #1661 ) ;
#10386 = STYLED_ITEM ( 'NONE', ( #2877 ), #6818 ) ;
#10387 =( NAMED_UNIT ( * ) PLANE_ANGLE_UNIT ( ) SI_UNIT ( $, .RADIAN. ) );
#10388 =( NAMED_UNIT ( * ) PLANE_ANGLE_UNIT ( ) SI_UNIT ( $, .RADIAN. ) );
#10389 = CIRCLE ( 'NONE', #461, 0.009999999999999998500 ) ;
#10390 = MECHANICAL_DESIGN_GEOMETRIC_PRESENTATION_REPRESENTATION (  '', ( #8557 ), #10980 ) ;
#10391 = CARTESIAN_POINT ( 'NONE',  ( -0.7908984203179009200, 0.1541962812698342600, 0.1812429199179747300 ) ) ;
#10392 = SURFACE_STYLE_USAGE ( .BOTH. , #4118 ) ;
#10393 = SURFACE_STYLE_USAGE ( .BOTH. , #4119 ) ;
#10394 = FILL_AREA_STYLE_COLOUR ( '', #4998 ) ;
#10395 = FACE_OUTER_BOUND ( 'NONE', #1935, .T. ) ;
#10396 = ORIENTED_EDGE ( 'NONE', *, *, #5768, .F. ) ;
#10397 = SURFACE_STYLE_USAGE ( .BOTH. , #4124 ) ;
#10398 = FILL_AREA_STYLE ('',( #10515 ) ) ;
#10399 =( NAMED_UNIT ( * ) PLANE_ANGLE_UNIT ( ) SI_UNIT ( $, .RADIAN. ) );
#10400 = SURFACE_STYLE_USAGE ( .BOTH. , #4129 ) ;
#10401 = EDGE_CURVE ( 'NONE', #2973, #4727, #2893, .T. ) ;
#10402 = SHAPE_DEFINITION_REPRESENTATION ( #9807, #1598 ) ;
#10403 =( GEOMETRIC_REPRESENTATION_CONTEXT ( 3 ) GLOBAL_UNCERTAINTY_ASSIGNED_CONTEXT ( ( #5945 ) ) GLOBAL_UNIT_ASSIGNED_CONTEXT ( ( #2535, #8787, #3444 ) ) REPRESENTATION_CONTEXT ( 'NONE', 'WORKASPACE' ) );
#10404 = VERTEX_POINT ( 'NONE', #3485 ) ;
#10405 = AXIS2_PLACEMENT_3D ( 'NONE', #897, #7132, #1805 ) ;
#10406 = CARTESIAN_POINT ( 'NONE',  ( 1.573701219720280000, 2.017560650931430100, 0.05000000000000000300 ) ) ;
#10407 = FILL_AREA_STYLE_COLOUR ( '', #357 ) ;
#10408 = DIRECTION ( 'NONE',  ( -0.0000000000000000000, -0.0000000000000000000, -1.000000000000000000 ) ) ;
#10409 = APPLICATION_CONTEXT ( 'automotive_design' ) ;
#10410 = CARTESIAN_POINT ( 'NONE',  ( 0.7947090617410307300, -0.1442529692437633000, 0.1601389114025248400 ) ) ;
#10411 = FILL_AREA_STYLE ('',( #3217 ) ) ;
#10412 = ORIENTED_EDGE ( 'NONE', *, *, #11242, .T. ) ;
#10413 = CIRCLE ( 'NONE', #1708, 0.01000000000000000400 ) ;
#10414 = EDGE_CURVE ( 'NONE', #115, #9733, #5297, .T. ) ;
#10415 = DIRECTION ( 'NONE',  ( -0.9925461516413220900, 0.0000000000000000000, -0.1218693434051475500 ) ) ;
#10416 = AXIS2_PLACEMENT_3D ( 'NONE', #5614, #5682, #5755 ) ;
#10417 = EDGE_LOOP ( 'NONE', ( #6382, #10341, #5104, #238 ) ) ;
#10419 = CARTESIAN_POINT ( 'NONE',  ( 1.574484039488309900, 1.993089013936030200, 0.1000000000000000100 ) ) ;
#10418 = CIRCLE ( 'NONE', #9907, 0.01000000000000000200 ) ;
#10420 = SURFACE_SIDE_STYLE ('',( #1800 ) ) ;
#10421 = ADVANCED_FACE ( 'NONE', ( #3169 ), #5291, .T. ) ;
#10422 = MECHANICAL_DESIGN_GEOMETRIC_PRESENTATION_REPRESENTATION (  '', ( #8592 ), #11016 ) ;
#10423 = ADVANCED_FACE ( 'NONE', ( #11278 ), #928, .F. ) ;
#10424 = STYLED_ITEM ( 'NONE', ( #11121 ), #11429 ) ;
#10425 = ADVANCED_FACE ( 'NONE', ( #8054 ), #11627, .T. ) ;
#10426 =( LENGTH_UNIT ( ) NAMED_UNIT ( * ) SI_UNIT ( .MILLI., .METRE. ) );
#10427 = SURFACE_STYLE_USAGE ( .BOTH. , #4169 ) ;
#10428 = FACE_OUTER_BOUND ( 'NONE', #1886, .T. ) ;
#10429 = UNCERTAINTY_MEASURE_WITH_UNIT (LENGTH_MEASURE( 1.000000000000000100E-005 ), #5533, 'distance_accuracy_value', 'NONE');
#10430 = VERTEX_POINT ( 'NONE', #10708 ) ;
#10431 = FACE_OUTER_BOUND ( 'NONE', #5577, .T. ) ;
#10432 = EDGE_CURVE ( 'NONE', #2821, #3265, #2457, .T. ) ;
#10433 = CARTESIAN_POINT ( 'NONE',  ( 0.8000000000000000400, 0.3499999999999999800, 0.1600000000000000000 ) ) ;
#10434 = EDGE_CURVE ( 'NONE', #8078, #7652, #4841, .T. ) ;
#10435 = DIRECTION ( 'NONE',  ( 1.000000000000000000, 0.0000000000000000000, 0.0000000000000000000 ) ) ;
#10436 = MECHANICAL_DESIGN_GEOMETRIC_PRESENTATION_REPRESENTATION (  '', ( #9219 ), #11035 ) ;
#10437 = EDGE_CURVE ( 'NONE', #11397, #5584, #6920, .T. ) ;
#10438 = SURFACE_SIDE_STYLE ('',( #8027 ) ) ;
#10439 = STYLED_ITEM ( 'NONE', ( #10595 ), #3968 ) ;
#10440 =( NAMED_UNIT ( * ) SI_UNIT ( $, .STERADIAN. ) SOLID_ANGLE_UNIT ( ) );
#10441 = CARTESIAN_POINT ( 'NONE',  ( 0.8000000000000000400, 0.1596871942267129600, 0.1700000000000000100 ) ) ;
#10442 = DIRECTION ( 'NONE',  ( 1.000000000000000000, 0.0000000000000000000, -0.0000000000000000000 ) ) ;
#10443 = ORIENTED_EDGE ( 'NONE', *, *, #6584, .T. ) ;
#10444 = LINE ( 'NONE', #4399, #7469 ) ;
#10445 = SURFACE_STYLE_USAGE ( .BOTH. , #4183 ) ;
#10446 = COLOUR_RGB ( '',0.0000000000000000000, 0.7019607843137254400, 0.9803921568627450600 ) ;
#10447 = CYLINDRICAL_SURFACE ( 'NONE', #1504, 0.01000000000000000000 ) ;
#10448 = CARTESIAN_POINT ( 'NONE',  ( -0.7990393399629760500, -0.1625548777015468300, 0.006827189806825740800 ) ) ;
#10449 = ORIENTED_EDGE ( 'NONE', *, *, #6570, .F. ) ;
#10450 = CARTESIAN_POINT ( 'NONE',  ( 0.7960104076400855700, -0.1540413993313948500, 0.004343145750507601900 ) ) ;
#10451 = SURFACE_STYLE_USAGE ( .BOTH. , #4187 ) ;
#10452 = APPLICATION_PROTOCOL_DEFINITION ( 'draft international standard', 'automotive_design', 1998, #4191 ) ;
#10453 = VERTEX_POINT ( 'NONE', #18 ) ;
#10454 = SURFACE_STYLE_USAGE ( .BOTH. , #4192 ) ;
#10455 = EDGE_CURVE ( 'NONE', #3812, #2500, #11433, .T. ) ;
#10456 = PLANE ( 'NONE',  #2424 ) ;
#10457 = VERTEX_POINT ( 'NONE', #6310 ) ;
#10458 = AXIS2_PLACEMENT_3D ( 'NONE', #5492, #89, #6352 ) ;
#10459 = STYLED_ITEM ( 'NONE', ( #2204 ), #5029 ) ;
#10460 = ORIENTED_EDGE ( 'NONE', *, *, #11181, .T. ) ;
#10461 = COLOUR_RGB ( '',0.8627450980392157300, 0.6274509803921568500, 0.05882352941176470500 ) ;
#10462 = MECHANICAL_DESIGN_GEOMETRIC_PRESENTATION_REPRESENTATION (  '', ( #9243 ), #11053 ) ;
#10463 = LINE ( 'NONE', #2042, #9049 ) ;
#10464 = CARTESIAN_POINT ( 'NONE',  ( 1.600759566099034100, 2.017560650931434100, 0.0000000000000000000 ) ) ;
#10465 = SURFACE_STYLE_USAGE ( .BOTH. , #10420 ) ;
#10466 = VECTOR ( 'NONE', #4257, 1000.000000000000000 ) ;
#10467 = ORIENTED_EDGE ( 'NONE', *, *, #9504, .T. ) ;
#10468 = SURFACE_STYLE_USAGE ( .BOTH. , #4203 ) ;
#10469 = ORIENTED_EDGE ( 'NONE', *, *, #7408, .T. ) ;
#10470 = PRESENTATION_STYLE_ASSIGNMENT (( #10546 ) ) ;
#10471 = CARTESIAN_POINT ( 'NONE',  ( 0.4000000000000000200, -0.1850000000000000000, 0.03000000000000000200 ) ) ;
#10472 = ORIENTED_EDGE ( 'NONE', *, *, #10455, .T. ) ;
#10473 = COLOUR_RGB ( '',0.0000000000000000000, 0.3725490196078431500, 0.5490196078431373000 ) ;
#10474 = VERTEX_POINT ( 'NONE', #7187 ) ;
#10475 = COLOUR_RGB ( '',0.0000000000000000000, 0.7019607843137254400, 0.9803921568627450600 ) ;
#10476 =( GEOMETRIC_REPRESENTATION_CONTEXT ( 3 ) GLOBAL_UNCERTAINTY_ASSIGNED_CONTEXT ( ( #3548 ) ) GLOBAL_UNIT_ASSIGNED_CONTEXT ( ( #9650, #4298, #10549 ) ) REPRESENTATION_CONTEXT ( 'NONE', 'WORKASPACE' ) );
#10477 = CARTESIAN_POINT ( 'NONE',  ( 1.556610832411420100, 2.006665889013230100, 0.0000000000000000000 ) ) ;
#10478 = CARTESIAN_POINT ( 'NONE',  ( 0.4480549931478379800, 0.2980549931478380100, 0.5999999999999999800 ) ) ;
#10479 = ORIENTED_EDGE ( 'NONE', *, *, #3654, .T. ) ;
#10480 =( NAMED_UNIT ( * ) PLANE_ANGLE_UNIT ( ) SI_UNIT ( $, .RADIAN. ) );
#10481 = ORIENTED_EDGE ( 'NONE', *, *, #841, .T. ) ;
#10482 = PRESENTATION_STYLE_ASSIGNMENT (( #10400 ) ) ;
#10483 = FACE_OUTER_BOUND ( 'NONE', #1535, .T. ) ;
#10484 = ADVANCED_FACE ( 'NONE', ( #74 ), #4173, .T. ) ;
#10485 = PLANE ( 'NONE',  #4967 ) ;
#10486 = ADVANCED_FACE ( 'NONE', ( #11308 ), #958, .T. ) ;
#10487 = UNCERTAINTY_MEASURE_WITH_UNIT (LENGTH_MEASURE( 1.000000000000000100E-005 ), #5111, 'distance_accuracy_value', 'NONE');
#10488 = ADVANCED_FACE ( 'NONE', ( #8082 ), #7267, .T. ) ;
#10489 = ORIENTED_EDGE ( 'NONE', *, *, #2083, .F. ) ;
#10490 = EDGE_CURVE ( 'NONE', #9036, #3472, #2490, .T. ) ;
#10491 = LINE ( 'NONE', #2108, #8106 ) ;
#10492 = CARTESIAN_POINT ( 'NONE',  ( 0.8056983668750090600, -0.1559519779327384300, 0.01986108859747548800 ) ) ;
#10493 = AXIS2_PLACEMENT_3D ( 'NONE', #509, #546, #745 ) ;
#10494 = DIRECTION ( 'NONE',  ( -0.0000000000000000000, -0.0000000000000000000, -1.000000000000000000 ) ) ;
#10495 = VERTEX_POINT ( 'NONE', #1934 ) ;
#10496 = FILL_AREA_STYLE_COLOUR ( '', #11213 ) ;
#10497 = DIRECTION ( 'NONE',  ( 1.084202172485504400E-014, 0.0000000000000000000, 1.000000000000000000 ) ) ;
#10498 = PRESENTATION_STYLE_ASSIGNMENT (( #7130 ) ) ;
#10499 = CARTESIAN_POINT ( 'NONE',  ( 0.7960104076400857900, 0.1540413993313948200, 0.1756568542494924000 ) ) ;
#10500 =( LENGTH_UNIT ( ) NAMED_UNIT ( * ) SI_UNIT ( .MILLI., .METRE. ) );
#10501 = VECTOR ( 'NONE', #6218, 1000.000000000000000 ) ;
#10502 = DIRECTION ( 'NONE',  ( 1.000000000000000000, 0.0000000000000000000, -0.0000000000000000000 ) ) ;
#10503 = EDGE_CURVE ( 'NONE', #2051, #8696, #9324, .T. ) ;
#10504 = COLOUR_RGB ( '',0.0000000000000000000, 0.7019607843137254400, 0.9803921568627450600 ) ;
#10505 = SURFACE_SIDE_STYLE ('',( #5407 ) ) ;
#10506 =( GEOMETRIC_REPRESENTATION_CONTEXT ( 3 ) GLOBAL_UNCERTAINTY_ASSIGNED_CONTEXT ( ( #7995 ) ) GLOBAL_UNIT_ASSIGNED_CONTEXT ( ( #5226, #5138, #5093 ) ) REPRESENTATION_CONTEXT ( 'NONE', 'WORKASPACE' ) );
#10507 = EDGE_CURVE ( 'NONE', #9637, #10430, #7220, .T. ) ;
#10508 =( NAMED_UNIT ( * ) SI_UNIT ( $, .STERADIAN. ) SOLID_ANGLE_UNIT ( ) );
#10509 = DIRECTION ( 'NONE',  ( -1.000000000000000000, 0.0000000000000000000, 0.0000000000000000000 ) ) ;
#10510 =( GEOMETRIC_REPRESENTATION_CONTEXT ( 3 ) GLOBAL_UNCERTAINTY_ASSIGNED_CONTEXT ( ( #10241 ) ) GLOBAL_UNIT_ASSIGNED_CONTEXT ( ( #10214, #4842, #11092 ) ) REPRESENTATION_CONTEXT ( 'NONE', 'WORKASPACE' ) );
#10511 = EDGE_LOOP ( 'NONE', ( #7015, #2429, #3977, #8259, #755 ) ) ;
#10512 =( BOUNDED_SURFACE ( )  B_SPLINE_SURFACE ( 3, 3, ( 
 ( #6872, #11401, #6028, #670 ),
 ( #6914, #1559, #7817, #2473 ),
 ( #8720, #3383, #9635, #4283 ),
 ( #10537, #5199, #11449, #6067 ) ),
 .UNSPECIFIED., .F., .F., .F. ) 
 B_SPLINE_SURFACE_WITH_KNOTS ( ( 4, 4 ),
 ( 4, 4 ),
 ( 0.0000000000000000000, 1.000000000000000000 ),
 ( 0.0000000000000000000, 1.000000000000000000 ),
 .UNSPECIFIED. ) 
 GEOMETRIC_REPRESENTATION_ITEM ( )  RATIONAL_B_SPLINE_SURFACE ( (
 ( 1.000000000000000000, 0.3333333333333327600, 0.3333333333333327600, 1.000000000000000000),
 ( 0.9289825745457278600, 0.3096608581819087500, 0.3096608581819087500, 0.9289825745457278600),
 ( 0.9289825745457278600, 0.3096608581819087500, 0.3096608581819087500, 0.9289825745457278600),
 ( 1.000000000000000000, 0.3333333333333327600, 0.3333333333333327600, 1.000000000000000000) ) ) 
 REPRESENTATION_ITEM ( '' )  SURFACE ( )  );
#10513 = FACE_OUTER_BOUND ( 'NONE', #7154, .T. ) ;
#10514 = PLANE ( 'NONE',  #8250 ) ;
#10515 = FILL_AREA_STYLE_COLOUR ( '', #3060 ) ;
#10516 = CARTESIAN_POINT ( 'NONE',  ( 1.502323961374810100, 1.980050006160170200, 0.0000000000000000000 ) ) ;
#10517 = PRESENTATION_STYLE_ASSIGNMENT (( #9401 ) ) ;
#10518 = FILL_AREA_STYLE_COLOUR ( '', #6136 ) ;
#10519 = VERTEX_POINT ( 'NONE', #8230 ) ;
#10520 = FACE_OUTER_BOUND ( 'NONE', #6775, .T. ) ;
#10521 = CARTESIAN_POINT ( 'NONE',  ( 1.565038991714900100, 2.025958925018020100, 0.0000000000000000000 ) ) ;
#10522 = EDGE_LOOP ( 'NONE', ( #10838, #6172, #5260, #2601, #4167, #11108, #3316, #2622, #8402, #11004, #1216, #4398, #9632, #5789, #4211, #10130, #2015, #8777, #10196, #8698 ) ) ;
#10523 = DIRECTION ( 'NONE',  ( 0.0000000000000000000, 0.0000000000000000000, 1.000000000000000000 ) ) ;
#10524 =( GEOMETRIC_REPRESENTATION_CONTEXT ( 3 ) GLOBAL_UNCERTAINTY_ASSIGNED_CONTEXT ( ( #9968 ) ) GLOBAL_UNIT_ASSIGNED_CONTEXT ( ( #5033, #11369, #1337 ) ) REPRESENTATION_CONTEXT ( 'NONE', 'WORKASPACE' ) );
#10525 = EDGE_CURVE ( 'NONE', #6017, #6337, #4607, .T. ) ;
#10526 = PRESENTATION_STYLE_ASSIGNMENT (( #8050 ) ) ;
#10527 = DIRECTION ( 'NONE',  ( -0.0000000000000000000, -0.0000000000000000000, 1.000000000000000000 ) ) ;
#10528 = STYLED_ITEM ( 'NONE', ( #2132 ), #5940 ) ;
#10529 = PRESENTATION_LAYER_ASSIGNMENT (  '', '', ( #9303 ) ) ;
#10530 =( BOUNDED_CURVE ( )  B_SPLINE_CURVE ( 3, ( #8359, #8463, #8756, #8878 ),
 .UNSPECIFIED., .F., .F. ) 
 B_SPLINE_CURVE_WITH_KNOTS ( ( 4, 4 ),
 ( 0.0000000000000000000, 1.000000000000000000 ),
 .UNSPECIFIED. ) 
 CURVE ( )  GEOMETRIC_REPRESENTATION_ITEM ( )  RATIONAL_B_SPLINE_CURVE ( ( 1.000000000000000000, 0.8047378541243674900, 0.8047378541243674900, 1.000000000000000000 ) ) 
 REPRESENTATION_ITEM ( '' )  );
#10531 = FILL_AREA_STYLE_COLOUR ( '', #3285 ) ;
#10532 = DIRECTION ( 'NONE',  ( -0.9980449639169571800, -0.06250000000000038900, -0.0000000000000000000 ) ) ;
#10533 = ORIENTED_EDGE ( 'NONE', *, *, #9686, .T. ) ;
#10534 = DIRECTION ( 'NONE',  ( -1.000000000000000000, -0.0000000000000000000, 0.0000000000000000000 ) ) ;
#10535 = VERTEX_POINT ( 'NONE', #1992 ) ;
#10536 = DIRECTION ( 'NONE',  ( 0.0000000000000000000, 0.0000000000000000000, -1.000000000000000000 ) ) ;
#10537 = CARTESIAN_POINT ( 'NONE',  ( -0.7880911030393221700, 0.1504694589883744100, 0.006625171194059596500 ) ) ;
#10538 =( NAMED_UNIT ( * ) PLANE_ANGLE_UNIT ( ) SI_UNIT ( $, .RADIAN. ) );
#10539 = ADVANCED_FACE ( 'NONE', ( #102 ), #1494, .T. ) ;
#10540 = ADVANCED_FACE ( 'NONE', ( #1334 ), #5176, .T. ) ;
#10541 =( GEOMETRIC_REPRESENTATION_CONTEXT ( 3 ) GLOBAL_UNCERTAINTY_ASSIGNED_CONTEXT ( ( #8788 ) ) GLOBAL_UNIT_ASSIGNED_CONTEXT ( ( #1515, #7773, #2433 ) ) REPRESENTATION_CONTEXT ( 'NONE', 'WORKASPACE' ) );
#10542 = VERTEX_POINT ( 'NONE', #639 ) ;
#10543 =( NAMED_UNIT ( * ) PLANE_ANGLE_UNIT ( ) SI_UNIT ( $, .RADIAN. ) );
#10544 = CARTESIAN_POINT ( 'NONE',  ( -0.8000000000000000400, 0.1596871942267129900, 0.009999999999999998500 ) ) ;
#10545 = CARTESIAN_POINT ( 'NONE',  ( -0.6500000000000000200, 0.0000000000000000000, 0.004142135623731000800 ) ) ;
#10546 = SURFACE_STYLE_USAGE ( .BOTH. , #4294 ) ;
#10547 =( NAMED_UNIT ( * ) PLANE_ANGLE_UNIT ( ) SI_UNIT ( $, .RADIAN. ) );
#10548 = VECTOR ( 'NONE', #3848, 1000.000000000000000 ) ;
#10549 =( NAMED_UNIT ( * ) SI_UNIT ( $, .STERADIAN. ) SOLID_ANGLE_UNIT ( ) );
#10550 = CARTESIAN_POINT ( 'NONE',  ( 0.07619999999999999000, 0.1270000000000000000, 0.0000000000000000000 ) ) ;
#10551 = ORIENTED_EDGE ( 'NONE', *, *, #6785, .F. ) ;
#10552 = SURFACE_SIDE_STYLE ('',( #8074 ) ) ;
#10553 = SURFACE_STYLE_FILL_AREA ( #8742 ) ;
#10554 = DIRECTION ( 'NONE',  ( 0.0000000000000000000, -1.000000000000000000, 0.0000000000000000000 ) ) ;
#10555 = CARTESIAN_POINT ( 'NONE',  ( -0.4745170327464609000, -0.3245170327464608200, 0.6331590247227181200 ) ) ;
#10556 = PRESENTATION_STYLE_ASSIGNMENT (( #3136 ) ) ;
#10557 = ORIENTED_EDGE ( 'NONE', *, *, #10437, .F. ) ;
#10558 = COLOUR_RGB ( '',0.8627450980392157300, 0.6274509803921568500, 0.05882352941176470500 ) ;
#10559 = CARTESIAN_POINT ( 'NONE',  ( 1.540103539337589900, 1.988048385278420300, 0.0000000000000000000 ) ) ;
#10560 = AXIS2_PLACEMENT_3D ( 'NONE', #11325, #5944, #585 ) ;
#10561 = DIRECTION ( 'NONE',  ( -0.0000000000000000000, -0.0000000000000000000, -1.000000000000000000 ) ) ;
#10562 = STYLED_ITEM ( 'NONE', ( #7175 ), #7758 ) ;
#10563 = DIRECTION ( 'NONE',  ( 1.000000000000000000, 0.0000000000000000000, 0.0000000000000000000 ) ) ;
#10564 = ORIENTED_EDGE ( 'NONE', *, *, #1408, .T. ) ;
#10565 = LINE ( 'NONE', #4684, #7888 ) ;
#10566 = VECTOR ( 'NONE', #3088, 1000.000000000000000 ) ;
#10567 =( LENGTH_UNIT ( ) NAMED_UNIT ( * ) SI_UNIT ( .MILLI., .METRE. ) );
#10568 = DIRECTION ( 'NONE',  ( 0.0000000000000000000, -1.000000000000000000, -0.0000000000000000000 ) ) ;
#10569 = CARTESIAN_POINT ( 'NONE',  ( 0.7989442719099991700, -0.1596871942267129900, 0.1744721359549996100 ) ) ;
#10570 = EDGE_LOOP ( 'NONE', ( #4244, #3759, #10089, #8956, #5594 ) ) ;
#10571 = CIRCLE ( 'NONE', #5102, 0.05000000000000003700 ) ;
#10572 = COLOUR_RGB ( '',0.0000000000000000000, 0.7019607843137254400, 0.9803921568627450600 ) ;
#10573 = ORIENTED_EDGE ( 'NONE', *, *, #5116, .T. ) ;
#10574 = SURFACE_SIDE_STYLE ('',( #870 ) ) ;
#10575 =( LENGTH_UNIT ( ) NAMED_UNIT ( * ) SI_UNIT ( .MILLI., .METRE. ) );
#10576 = EDGE_CURVE ( 'NONE', #10704, #11250, #7355, .T. ) ;
#10577 =( LENGTH_UNIT ( ) NAMED_UNIT ( * ) SI_UNIT ( .MILLI., .METRE. ) );
#10578 = STYLED_ITEM ( 'NONE', ( #2827 ), #2436 ) ;
#10579 = CARTESIAN_POINT ( 'NONE',  ( 1.540103539337589900, 2.014051626326669900, 0.0000000000000000000 ) ) ;
#10580 =( NAMED_UNIT ( * ) SI_UNIT ( $, .STERADIAN. ) SOLID_ANGLE_UNIT ( ) );
#10581 = UNCERTAINTY_MEASURE_WITH_UNIT (LENGTH_MEASURE( 1.000000000000000100E-005 ), #7975, 'distance_accuracy_value', 'NONE');
#10582 = ORIENTED_EDGE ( 'NONE', *, *, #11630, .F. ) ;
#10583 = VECTOR ( 'NONE', #9570, 1000.000000000000000 ) ;
#10584 = LINE ( 'NONE', #871, #1060 ) ;
#10585 =( NAMED_UNIT ( * ) PLANE_ANGLE_UNIT ( ) SI_UNIT ( $, .RADIAN. ) );
#10586 = DIRECTION ( 'NONE',  ( 0.0000000000000000000, 0.0000000000000000000, 1.000000000000000000 ) ) ;
#10587 = STYLED_ITEM ( 'NONE', ( #7717 ), #4951 ) ;
#10588 = COLOUR_RGB ( '',0.0000000000000000000, 0.7019607843137254400, 0.9803921568627450600 ) ;
#10589 =( NAMED_UNIT ( * ) PLANE_ANGLE_UNIT ( ) SI_UNIT ( $, .RADIAN. ) );
#10590 = CARTESIAN_POINT ( 'NONE',  ( -0.7900000000000000400, 0.2000000000000000100, 0.1800000000000000200 ) ) ;
#10591 =( LENGTH_UNIT ( ) NAMED_UNIT ( * ) SI_UNIT ( .MILLI., .METRE. ) );
#10592 = DIRECTION ( 'NONE',  ( -0.6010407640085611000, 0.5645794895318131400, -0.5656854249492401200 ) ) ;
#10593 = SURFACE_STYLE_FILL_AREA ( #2023 ) ;
#10594 =( NAMED_UNIT ( * ) SI_UNIT ( $, .STERADIAN. ) SOLID_ANGLE_UNIT ( ) );
#10595 = PRESENTATION_STYLE_ASSIGNMENT (( #6569 ) ) ;
#10596 = CARTESIAN_POINT ( 'NONE',  ( -0.8000000000000003800, -0.3875735931288068500, 0.1700000000000000100 ) ) ;
#10597 = ORIENTED_EDGE ( 'NONE', *, *, #10076, .T. ) ;
#10598 = PRESENTATION_STYLE_ASSIGNMENT (( #7683 ) ) ;
#10599 = EDGE_CURVE ( 'NONE', #465, #6532, #508, .T. ) ;
#10600 = EDGE_CURVE ( 'NONE', #5562, #10519, #5000, .T. ) ;
#10601 = UNCERTAINTY_MEASURE_WITH_UNIT (LENGTH_MEASURE( 1.000000000000000100E-005 ), #1753, 'distance_accuracy_value', 'NONE');
#10602 = PRESENTATION_LAYER_ASSIGNMENT (  '', '', ( #10008 ) ) ;
#10603 = STYLED_ITEM ( 'NONE', ( #1056 ), #4131 ) ;
#10604 = DIRECTION ( 'NONE',  ( 0.0000000000000000000, -0.0000000000000000000, -1.000000000000000000 ) ) ;
#10605 = CARTESIAN_POINT ( 'NONE',  ( -0.4327635161968227400, -0.3139777154520821400, 0.6448624302404415400 ) ) ;
#10606 = ADVANCED_FACE ( 'NONE', ( #2327 ), #3887, .T. ) ;
#10607 = CARTESIAN_POINT ( 'NONE',  ( 1.464646490379500000, 2.022050005444920200, 0.0000000000000000000 ) ) ;
#10608 = LINE ( 'NONE', #1700, #8207 ) ;
#10609 = ORIENTED_EDGE ( 'NONE', *, *, #2788, .F. ) ;
#10610 = CARTESIAN_POINT ( 'NONE',  ( 0.7899999999999999200, 0.1596871942267129900, 0.01000000000000008000 ) ) ;
#10611 = ORIENTED_EDGE ( 'NONE', *, *, #3477, .F. ) ;
#10612 = ORIENTED_EDGE ( 'NONE', *, *, #5645, .F. ) ;
#10613 = PRESENTATION_STYLE_ASSIGNMENT (( #8697 ) ) ;
#10614 =( NAMED_UNIT ( * ) SI_UNIT ( $, .STERADIAN. ) SOLID_ANGLE_UNIT ( ) );
#10615 = VECTOR ( 'NONE', #3522, 1000.000000000000000 ) ;
#10616 = SURFACE_SIDE_STYLE ('',( #2584 ) ) ;
#10617 = AXIS2_PLACEMENT_3D ( 'NONE', #10200, #10234, #10268 ) ;
#10618 = CARTESIAN_POINT ( 'NONE',  ( 0.4000000000000000200, 0.1749999999999999900, 0.02999999999999999900 ) ) ;
#10619 = STYLED_ITEM ( 'NONE', ( #4134 ), #6692 ) ;
#10620 = ORIENTED_EDGE ( 'NONE', *, *, #4311, .T. ) ;
#10621 =( GEOMETRIC_REPRESENTATION_CONTEXT ( 3 ) GLOBAL_UNCERTAINTY_ASSIGNED_CONTEXT ( ( #6738 ) ) GLOBAL_UNIT_ASSIGNED_CONTEXT ( ( #8134, #2798, #9035 ) ) REPRESENTATION_CONTEXT ( 'NONE', 'WORKASPACE' ) );
#10622 = LINE ( 'NONE', #8564, #1347 ) ;
#10623 = VERTEX_POINT ( 'NONE', #805 ) ;
#10624 = DIRECTION ( 'NONE',  ( 0.0000000000000000000, -1.000000000000000000, -0.0000000000000000000 ) ) ;
#10625 = CARTESIAN_POINT ( 'NONE',  ( -0.7989442719099990600, -0.1596871942267129600, 0.1744721359549996600 ) ) ;
#10626 = DIRECTION ( 'NONE',  ( 1.000000000000000000, 0.0000000000000000000, -0.0000000000000000000 ) ) ;
#10627 =( LENGTH_UNIT ( ) NAMED_UNIT ( * ) SI_UNIT ( .MILLI., .METRE. ) );
#10628 = FILL_AREA_STYLE ('',( #9597 ) ) ;
#10629 = CARTESIAN_POINT ( 'NONE',  ( -0.4000000000000000200, 0.0000000000000000000, 0.1799999999999999900 ) ) ;
#10630 = CARTESIAN_POINT ( 'NONE',  ( 0.0000000000000000000, 0.0000000000000000000, 0.6500000000000001300 ) ) ;
#10631 = DIRECTION ( 'NONE',  ( 1.000000000000000000, 0.0000000000000000000, 0.0000000000000000000 ) ) ;
#10632 = ORIENTED_EDGE ( 'NONE', *, *, #5389, .T. ) ;
#10633 = CIRCLE ( 'NONE', #10775, 0.009999999999999991500 ) ;
#10634 = PRESENTATION_STYLE_ASSIGNMENT (( #2659 ) ) ;
#10635 = CARTESIAN_POINT ( 'NONE',  ( -0.7900000000000001500, -0.3699999999999996600, 0.1800000000000000200 ) ) ;
#10636 =( GEOMETRIC_REPRESENTATION_CONTEXT ( 3 ) GLOBAL_UNCERTAINTY_ASSIGNED_CONTEXT ( ( #569 ) ) GLOBAL_UNIT_ASSIGNED_CONTEXT ( ( #3745, #10011, #4653 ) ) REPRESENTATION_CONTEXT ( 'NONE', 'WORKASPACE' ) );
#10637 = DIRECTION ( 'NONE',  ( 1.000000000000000000, 0.0000000000000000000, 0.0000000000000000000 ) ) ;
#10638 = FILL_AREA_STYLE_COLOUR ( '', #9071 ) ;
#10639 = AXIS2_PLACEMENT_3D ( 'NONE', #4273, #10532, #5194 ) ;
#10640 = FACE_OUTER_BOUND ( 'NONE', #10272, .T. ) ;
#10641 = CARTESIAN_POINT ( 'NONE',  ( 0.7900000000000000400, -0.2000000000000000100, 0.01000000000000000000 ) ) ;
#10642 = DIRECTION ( 'NONE',  ( -0.0000000000000000000, 0.0000000000000000000, 1.000000000000000000 ) ) ;
#10643 = SURFACE_STYLE_USAGE ( .BOTH. , #4397 ) ;
#10644 = VERTEX_POINT ( 'NONE', #7046 ) ;
#10645 = LINE ( 'NONE', #119, #5868 ) ;
#10646 = CARTESIAN_POINT ( 'NONE',  ( 1.565038991714900100, 2.025958925018020100, 0.1000000000000000100 ) ) ;
#10647 = DIRECTION ( 'NONE',  ( -0.0000000000000000000, 0.0000000000000000000, -1.000000000000000000 ) ) ;
#10648 = EDGE_CURVE ( 'NONE', #3265, #1162, #1474, .T. ) ;
#10649 = COLOUR_RGB ( '',0.0000000000000000000, 0.7019607843137254400, 0.9803921568627450600 ) ;
#10650 =( LENGTH_UNIT ( ) NAMED_UNIT ( * ) SI_UNIT ( .MILLI., .METRE. ) );
#10651 = MECHANICAL_DESIGN_GEOMETRIC_PRESENTATION_REPRESENTATION (  '', ( #9423 ), #11224 ) ;
#10652 = FILL_AREA_STYLE ('',( #4361 ) ) ;
#10653 = FACE_OUTER_BOUND ( 'NONE', #574, .T. ) ;
#10654 = CARTESIAN_POINT ( 'NONE',  ( 1.603142062289180300, 2.014769727209960100, 0.0000000000000000000 ) ) ;
#10655 = PRESENTATION_LAYER_ASSIGNMENT (  '', '', ( #8845 ) ) ;
#10656 =( NAMED_UNIT ( * ) SI_UNIT ( $, .STERADIAN. ) SOLID_ANGLE_UNIT ( ) );
#10657 =( NAMED_UNIT ( * ) SI_UNIT ( $, .STERADIAN. ) SOLID_ANGLE_UNIT ( ) );
#10658 = STYLED_ITEM ( 'NONE', ( #7062 ), #11365 ) ;
#10659 = DIRECTION ( 'NONE',  ( 0.0000000000000000000, 1.000000000000000000, 0.0000000000000000000 ) ) ;
#10660 = SURFACE_STYLE_USAGE ( .BOTH. , #4413 ) ;
#10661 = CARTESIAN_POINT ( 'NONE',  ( 0.7960104076400859000, 0.1540413993313948500, 0.004343145750507634000 ) ) ;
#10662 = ADVANCED_FACE ( 'NONE', ( #3883 ), #7961, .T. ) ;
#10663 = ORIENTED_EDGE ( 'NONE', *, *, #6627, .F. ) ;
#10664 =( NAMED_UNIT ( * ) PLANE_ANGLE_UNIT ( ) SI_UNIT ( $, .RADIAN. ) );
#10665 = CARTESIAN_POINT ( 'NONE',  ( 0.8000000000000000400, -0.4000000000000000200, 0.1600000000000000000 ) ) ;
#10666 = UNCERTAINTY_MEASURE_WITH_UNIT (LENGTH_MEASURE( 1.000000000000000100E-005 ), #9589, 'distance_accuracy_value', 'NONE');
#10667 = FILL_AREA_STYLE_COLOUR ( '', #5560 ) ;
#10668 = EDGE_CURVE ( 'NONE', #978, #7619, #9914, .T. ) ;
#10669 = EDGE_CURVE ( 'NONE', #11154, #5457, #7489, .T. ) ;
#10670 = FILL_AREA_STYLE ('',( #6126 ) ) ;
#10671 = MECHANICAL_DESIGN_GEOMETRIC_PRESENTATION_REPRESENTATION (  '', ( #8862 ), #11243 ) ;
#10672 = EDGE_CURVE ( 'NONE', #7282, #8833, #3041, .T. ) ;
#10673 =( NAMED_UNIT ( * ) PLANE_ANGLE_UNIT ( ) SI_UNIT ( $, .RADIAN. ) );
#10674 = DIRECTION ( 'NONE',  ( 1.000000000000000000, 0.0000000000000000000, 0.0000000000000000000 ) ) ;
#10675 = ORIENTED_EDGE ( 'NONE', *, *, #10507, .F. ) ;
#10676 = DIRECTION ( 'NONE',  ( 0.0000000000000000000, 0.0000000000000000000, 1.000000000000000000 ) ) ;
#10677 = ORIENTED_EDGE ( 'NONE', *, *, #6714, .T. ) ;
#10678 = DIRECTION ( 'NONE',  ( -1.000000000000000000, -0.0000000000000000000, -0.0000000000000000000 ) ) ;
#10679 = DIRECTION ( 'NONE',  ( 1.000000000000000000, 0.0000000000000000000, -0.0000000000000000000 ) ) ;
#10680 = DIRECTION ( 'NONE',  ( -0.0000000000000000000, -1.000000000000000000, -0.0000000000000000000 ) ) ;
#10681 = UNCERTAINTY_MEASURE_WITH_UNIT (LENGTH_MEASURE( 1.000000000000000100E-005 ), #5092, 'distance_accuracy_value', 'NONE');
#10682 = CARTESIAN_POINT ( 'NONE',  ( -0.8000000000000000400, -0.1749999999999999900, 0.1499999999999999900 ) ) ;
#10683 = VECTOR ( 'NONE', #4065, 1000.000000000000000 ) ;
#10684 = SURFACE_SIDE_STYLE ('',( #10161 ) ) ;
#10685 = ORIENTED_EDGE ( 'NONE', *, *, #2650, .T. ) ;
#10686 =( GEOMETRIC_REPRESENTATION_CONTEXT ( 3 ) GLOBAL_UNCERTAINTY_ASSIGNED_CONTEXT ( ( #4918 ) ) GLOBAL_UNIT_ASSIGNED_CONTEXT ( ( #7815, #7719, #7647 ) ) REPRESENTATION_CONTEXT ( 'NONE', 'WORKASPACE' ) );
#10687 = EDGE_CURVE ( 'NONE', #2417, #6622, #649, .T. ) ;
#10688 = DIRECTION ( 'NONE',  ( 0.0000000000000000000, 0.0000000000000000000, 1.000000000000000000 ) ) ;
#10689 = MECHANICAL_DESIGN_GEOMETRIC_PRESENTATION_REPRESENTATION (  '', ( #9460 ), #11265 ) ;
#10690 = AXIS2_PLACEMENT_3D ( 'NONE', #6667, #1309, #11187 ) ;
#10691 = FACE_OUTER_BOUND ( 'NONE', #10975, .T. ) ;
#10692 = MECHANICAL_DESIGN_GEOMETRIC_PRESENTATION_REPRESENTATION (  '', ( #8879 ), #11270 ) ;
#10693 = CARTESIAN_POINT ( 'NONE',  ( 1.502323961374810100, 1.980050006160170200, 0.1000000000000000100 ) ) ;
#10694 = CARTESIAN_POINT ( 'NONE',  ( 1.600759566099030100, 2.017560650931430100, 0.1000000000000000100 ) ) ;
#10695 = DIRECTION ( 'NONE',  ( 0.0000000000000000000, -0.0000000000000000000, -1.000000000000000000 ) ) ;
#10696 =( NAMED_UNIT ( * ) SI_UNIT ( $, .STERADIAN. ) SOLID_ANGLE_UNIT ( ) );
#10697 = ORIENTED_EDGE ( 'NONE', *, *, #208, .F. ) ;
#10698 = CARTESIAN_POINT ( 'NONE',  ( 0.8000000000000000400, 0.1749999999999999900, 0.1499999999999999900 ) ) ;
#10699 = CARTESIAN_POINT ( 'NONE',  ( 0.4480549931478379800, -0.2980549931478380100, 0.5999999999999999800 ) ) ;
#10700 = COLOUR_RGB ( '',0.8627450980392157300, 0.6274509803921568500, 0.05882352941176470500 ) ;
#10701 =( NAMED_UNIT ( * ) SI_UNIT ( $, .STERADIAN. ) SOLID_ANGLE_UNIT ( ) );
#10702 = CARTESIAN_POINT ( 'NONE',  ( 0.7900000000000000400, 0.3500000000000000300, 0.1700000000000000100 ) ) ;
#10703 = CARTESIAN_POINT ( 'NONE',  ( 1.599976746015110000, 2.001359678760009900, 0.0000000000000000000 ) ) ;
#10704 = VERTEX_POINT ( 'NONE', #4507 ) ;
#10705 = CARTESIAN_POINT ( 'NONE',  ( 0.8000000000000000400, -0.1749999999999999900, 0.03000000000000000200 ) ) ;
#10706 = DIRECTION ( 'NONE',  ( 1.000000000000000000, 0.0000000000000000000, -0.0000000000000000000 ) ) ;
#10707 = SURFACE_STYLE_FILL_AREA ( #3231 ) ;
#10708 = CARTESIAN_POINT ( 'NONE',  ( 0.7900000000000000400, -0.3499999999999999800, 0.1799999999999999900 ) ) ;
#10709 = PRESENTATION_STYLE_ASSIGNMENT (( #2027 ) ) ;
#10710 = EDGE_LOOP ( 'NONE', ( #7556, #1466, #3351, #1982 ) ) ;
#10711 = SURFACE_STYLE_FILL_AREA ( #9258 ) ;
#10712 = CARTESIAN_POINT ( 'NONE',  ( 1.475946328112510300, 2.022050005444920200, 0.1000000000000000100 ) ) ;
#10713 = CARTESIAN_POINT ( 'NONE',  ( 1.577921641042250100, 2.014054978381730100, 0.1000000000000000100 ) ) ;
#10714 = DIRECTION ( 'NONE',  ( 0.0000000000000000000, 0.0000000000000000000, 1.000000000000000000 ) ) ;
#10715 = COLOUR_RGB ( '',0.0000000000000000000, 0.3725490196078431500, 0.5490196078431373000 ) ;
#10716 = EDGE_CURVE ( 'NONE', #3495, #3690, #2471, .T. ) ;
#10717 = ADVANCED_FACE ( 'NONE', ( #9612 ), #6272, .F. ) ;
#10718 = STYLED_ITEM ( 'NONE', ( #10898 ), #1547 ) ;
#10719 = SURFACE_SIDE_STYLE ('',( #1298 ) ) ;
#10720 = ORIENTED_EDGE ( 'NONE', *, *, #7182, .F. ) ;
#10721 = AXIS2_PLACEMENT_3D ( 'NONE', #5179, #11423, #6048 ) ;
#10722 = CARTESIAN_POINT ( 'NONE',  ( 0.0000000000000000000, 0.0000000000000000000, 0.0000000000000000000 ) ) ;
#10723 = DIRECTION ( 'NONE',  ( 0.0000000000000000000, 0.0000000000000000000, 1.000000000000000000 ) ) ;
#10724 = FILL_AREA_STYLE_COLOUR ( '', #1009 ) ;
#10725 = UNCERTAINTY_MEASURE_WITH_UNIT (LENGTH_MEASURE( 1.000000000000000100E-005 ), #10361, 'distance_accuracy_value', 'NONE');
#10726 = CARTESIAN_POINT ( 'NONE',  ( -0.4000000000000000200, -0.1850000000000000000, 0.1499999999999999900 ) ) ;
#10727 = ORIENTED_EDGE ( 'NONE', *, *, #1959, .F. ) ;
#10728 = LINE ( 'NONE', #8752, #5943 ) ;
#10729 =( NAMED_UNIT ( * ) PLANE_ANGLE_UNIT ( ) SI_UNIT ( $, .RADIAN. ) );
#10730 = EDGE_CURVE ( 'NONE', #4077, #6866, #11029, .T. ) ;
#10731 = AXIS2_PLACEMENT_3D ( 'NONE', #11517, #11254, #11182 ) ;
#10732 = PRESENTATION_STYLE_ASSIGNMENT (( #1854 ) ) ;
#10733 = SURFACE_STYLE_USAGE ( .BOTH. , #4498 ) ;
#10734 = ORIENTED_EDGE ( 'NONE', *, *, #2036, .F. ) ;
#10735 = VECTOR ( 'NONE', #3713, 1000.000000000000000 ) ;
#10736 = ORIENTED_EDGE ( 'NONE', *, *, #4485, .T. ) ;
#10737 = PRODUCT_DEFINITION_FORMATION_WITH_SPECIFIED_SOURCE ( 'ANY', '', #3127, .NOT_KNOWN. ) ;
#10738 = VERTEX_POINT ( 'NONE', #6466 ) ;
#10739 = COLOUR_RGB ( '',0.8627450980392157300, 0.6274509803921568500, 0.05882352941176470500 ) ;
#10740 = PRESENTATION_STYLE_ASSIGNMENT (( #5738 ) ) ;
#10741 =( NAMED_UNIT ( * ) SI_UNIT ( $, .STERADIAN. ) SOLID_ANGLE_UNIT ( ) );
#10742 = B_SPLINE_CURVE_WITH_KNOTS ( 'NONE', 2,
 ( #9773, #5336, #11578, #6192 ),
 .UNSPECIFIED., .F., .F.,
 ( 3, 1, 3 ),
 ( 0.0000000000000000000, 1.196894349013779100E-005, 2.393788698027558200E-005 ),
 .UNSPECIFIED. ) ;
#10743 = FILL_AREA_STYLE ('',( #9851 ) ) ;
#10744 = ORIENTED_EDGE ( 'NONE', *, *, #6899, .F. ) ;
#10745 = COLOUR_RGB ( '',0.0000000000000000000, 0.7019607843137254400, 0.9803921568627450600 ) ;
#10746 = SURFACE_STYLE_FILL_AREA ( #5343 ) ;
#10747 = DIRECTION ( 'NONE',  ( 0.0000000000000000000, 0.0000000000000000000, 1.000000000000000000 ) ) ;
#10748 = DIRECTION ( 'NONE',  ( 0.0000000000000000000, 0.0000000000000000000, 1.000000000000000000 ) ) ;
#10749 = LINE ( 'NONE', #2450, #10466 ) ;
#10750 = ORIENTED_EDGE ( 'NONE', *, *, #8608, .T. ) ;
#10751 = DIRECTION ( 'NONE',  ( -0.06249999999999743300, -0.9980449639169571800, -3.557538378468059800E-015 ) ) ;
#10752 = MECHANICAL_DESIGN_GEOMETRIC_PRESENTATION_REPRESENTATION (  '', ( #8316 ), #11346 ) ;
#10753 = EDGE_CURVE ( 'NONE', #8986, #937, #9248, .T. ) ;
#10754 = ORIENTED_EDGE ( 'NONE', *, *, #5137, .T. ) ;
#10755 = AXIS2_PLACEMENT_3D ( 'NONE', #1834, #8086, #2737 ) ;
#10756 = PRESENTATION_LAYER_ASSIGNMENT (  '', '', ( #9535 ) ) ;
#10757 = VECTOR ( 'NONE', #6314, 1000.000000000000000 ) ;
#10758 = DIRECTION ( 'NONE',  ( 0.0000000000000000000, 0.0000000000000000000, 1.000000000000000000 ) ) ;
#10759 = ORIENTED_EDGE ( 'NONE', *, *, #5710, .T. ) ;
#10760 = SURFACE_STYLE_FILL_AREA ( #9985 ) ;
#10761 = PRESENTATION_STYLE_ASSIGNMENT (( #224 ) ) ;
#10762 = ORIENTED_EDGE ( 'NONE', *, *, #8838, .T. ) ;
#10763 = VERTEX_POINT ( 'NONE', #5624 ) ;
#10764 = CIRCLE ( 'NONE', #8365, 0.009999999999999995000 ) ;
#10765 = CARTESIAN_POINT ( 'NONE',  ( 1.565038991714900100, 1.974774644385469700, 0.0000000000000000000 ) ) ;
#10766 = EDGE_LOOP ( 'NONE', ( #5551, #6278, #10806, #1758 ) ) ;
#10767 = CARTESIAN_POINT ( 'NONE',  ( 0.7903661165235169600, -0.1538407821866691900, 0.1799999999999999700 ) ) ;
#10768 = ORIENTED_EDGE ( 'NONE', *, *, #1837, .F. ) ;
#10769 = CYLINDRICAL_SURFACE ( 'NONE', #3945, 0.009999999999999998500 ) ;
#10770 = CARTESIAN_POINT ( 'NONE',  ( -0.4745170327464612900, -0.3245170327464609300, 0.6331590247227175700 ) ) ;
#10771 = DIRECTION ( 'NONE',  ( -1.000000000000000000, -0.0000000000000000000, -0.0000000000000000000 ) ) ;
#10772 = FILL_AREA_STYLE_COLOUR ( '', #700 ) ;
#10773 = PRESENTATION_LAYER_ASSIGNMENT (  '', '', ( #9553 ) ) ;
#10774 =( LENGTH_UNIT ( ) NAMED_UNIT ( * ) SI_UNIT ( .MILLI., .METRE. ) );
#10775 = AXIS2_PLACEMENT_3D ( 'NONE', #1296, #7555, #2214 ) ;
#10776 = COLOUR_RGB ( '',0.8627450980392157300, 0.6274509803921568500, 0.05882352941176470500 ) ;
#10777 = ORIENTED_EDGE ( 'NONE', *, *, #1257, .F. ) ;
#10778 = CARTESIAN_POINT ( 'NONE',  ( 0.8000000000000000400, 0.1749999999999999900, 0.1499999999999999900 ) ) ;
#10779 = VECTOR ( 'NONE', #1393, 1000.000000000000000 ) ;
#10780 = ORIENTED_EDGE ( 'NONE', *, *, #11263, .F. ) ;
#10781 = CARTESIAN_POINT ( 'NONE',  ( 0.4000000000000000800, -0.1850000000000000000, 0.03000000000000000200 ) ) ;
#10782 = CARTESIAN_POINT ( 'NONE',  ( 0.4480549931478379800, -0.2980549931478379000, 0.5999999999999996400 ) ) ;
#10783 =( NAMED_UNIT ( * ) SI_UNIT ( $, .STERADIAN. ) SOLID_ANGLE_UNIT ( ) );
#10784 = CARTESIAN_POINT ( 'NONE',  ( 1.568663942658580000, 2.001359678760009900, 0.1000000000000000100 ) ) ;
#10785 = CARTESIAN_POINT ( 'NONE',  ( -0.7899999999999997000, -0.1596871942267131000, 0.1700000000000000100 ) ) ;
#10786 = EDGE_CURVE ( 'NONE', #39, #6351, #1797, .T. ) ;
#10787 = PRESENTATION_LAYER_ASSIGNMENT (  '', '', ( #10188 ) ) ;
#10788 = CARTESIAN_POINT ( 'NONE',  ( 1.574484039804199900, 2.001359678760009900, 0.1000000000000000100 ) ) ;
#10789 = VECTOR ( 'NONE', #3409, 1000.000000000000000 ) ;
#10790 = CARTESIAN_POINT ( 'NONE',  ( -0.7900000000000000400, 0.2000000000000000100, 0.01000000000000000000 ) ) ;
#10791 = DIRECTION ( 'NONE',  ( -1.000000000000000000, -0.0000000000000000000, -0.0000000000000000000 ) ) ;
#10792 = FACE_OUTER_BOUND ( 'NONE', #9835, .T. ) ;
#10793 = DIRECTION ( 'NONE',  ( -1.000000000000000000, 0.0000000000000000000, 0.0000000000000000000 ) ) ;
#10794 = VERTEX_POINT ( 'NONE', #3819 ) ;
#10795 = SURFACE_STYLE_FILL_AREA ( #6610 ) ;
#10796 = EDGE_CURVE ( 'NONE', #10082, #8245, #10764, .T. ) ;
#10797 = DIRECTION ( 'NONE',  ( 0.0000000000000000000, 0.0000000000000000000, 1.000000000000000000 ) ) ;
#10798 = CIRCLE ( 'NONE', #6372, 0.009999999999999998500 ) ;
#10799 = PRESENTATION_LAYER_ASSIGNMENT (  '', '', ( #9586 ) ) ;
#10800 = CARTESIAN_POINT ( 'NONE',  ( 0.7700000000000000200, 0.3900000000000000700, 0.1800000000000000200 ) ) ;
#10801 = ORIENTED_EDGE ( 'NONE', *, *, #10414, .F. ) ;
#10802 = VECTOR ( 'NONE', #10647, 1000.000000000000000 ) ;
#10803 = CARTESIAN_POINT ( 'NONE',  ( -0.4951919147073418600, -0.3139777154520822500, 0.5950424259647375500 ) ) ;
#10804 =( NAMED_UNIT ( * ) PLANE_ANGLE_UNIT ( ) SI_UNIT ( $, .RADIAN. ) );
#10805 = DIRECTION ( 'NONE',  ( 1.000000000000000000, 0.0000000000000000000, -0.0000000000000000000 ) ) ;
#10806 = ORIENTED_EDGE ( 'NONE', *, *, #10730, .T. ) ;
#10807 = SURFACE_STYLE_USAGE ( .BOTH. , #10841 ) ;
#10808 = UNCERTAINTY_MEASURE_WITH_UNIT (LENGTH_MEASURE( 1.000000000000000100E-005 ), #883, 'distance_accuracy_value', 'NONE');
#10809 =( NAMED_UNIT ( * ) SI_UNIT ( $, .STERADIAN. ) SOLID_ANGLE_UNIT ( ) );
#10810 = SURFACE_STYLE_USAGE ( .BOTH. , #4568 ) ;
#10811 = VERTEX_POINT ( 'NONE', #2041 ) ;
#10812 = DIRECTION ( 'NONE',  ( -1.000000000000000000, 8.636657276777269600E-017, 0.0000000000000000000 ) ) ;
#10813 = ORIENTED_EDGE ( 'NONE', *, *, #11180, .F. ) ;
#10814 = FILL_AREA_STYLE ('',( #8974 ) ) ;
#10815 = EDGE_CURVE ( 'NONE', #10933, #5707, #8353, .T. ) ;
#10816 = DIRECTION ( 'NONE',  ( -0.0000000000000000000, 1.000000000000000000, 0.0000000000000000000 ) ) ;
#10817 = EDGE_CURVE ( 'NONE', #10167, #5562, #8634, .T. ) ;
#10818 = AXIS2_PLACEMENT_3D ( 'NONE', #3166, #9408, #4064 ) ;
#10819 = AXIS2_PLACEMENT_3D ( 'NONE', #1603, #7860, #2529 ) ;
#10820 =( NAMED_UNIT ( * ) PLANE_ANGLE_UNIT ( ) SI_UNIT ( $, .RADIAN. ) );
#10821 = MANIFOLD_SOLID_BREP ( 'Imported1', #3246 ) ;
#10822 = DIRECTION ( 'NONE',  ( -1.000000000000000000, -0.0000000000000000000, -0.0000000000000000000 ) ) ;
#10823 =( NAMED_UNIT ( * ) SI_UNIT ( $, .STERADIAN. ) SOLID_ANGLE_UNIT ( ) );
#10824 = ORIENTED_EDGE ( 'NONE', *, *, #28, .F. ) ;
#10825 = CARTESIAN_POINT ( 'NONE',  ( 1.507599488027270100, 2.014051626326669900, 0.0000000000000000000 ) ) ;
#10826 = CARTESIAN_POINT ( 'NONE',  ( 1.573667184064460000, 1.985192742244400200, 0.1000000000000000100 ) ) ;
#10827 = DIRECTION ( 'NONE',  ( -1.000000000000000000, -0.0000000000000000000, 0.0000000000000000000 ) ) ;
#10828 = PRESENTATION_LAYER_ASSIGNMENT (  '', '', ( #10236 ) ) ;
#10829 = EDGE_CURVE ( 'NONE', #10453, #3401, #2784, .T. ) ;
#10830 = AXIS2_PLACEMENT_3D ( 'NONE', #1275, #7532, #2191 ) ;
#10831 = STYLED_ITEM ( 'NONE', ( #1786 ), #5090 ) ;
#10832 = VERTEX_POINT ( 'NONE', #7428 ) ;
#10833 = PLANE ( 'NONE',  #3384 ) ;
#10834 = DIRECTION ( 'NONE',  ( 1.000000000000000000, 0.0000000000000000000, 0.0000000000000000000 ) ) ;
#10835 = CARTESIAN_POINT ( 'NONE',  ( -0.07619999999999999000, -0.1270000000000000000, 0.002000000000000000900 ) ) ;
#10836 =( LENGTH_UNIT ( ) NAMED_UNIT ( * ) SI_UNIT ( .MILLI., .METRE. ) );
#10837 = LINE ( 'NONE', #3102, #3708 ) ;
#10838 = ORIENTED_EDGE ( 'NONE', *, *, #9820, .F. ) ;
#10839 = DIRECTION ( 'NONE',  ( 0.0000000000000000000, 0.0000000000000000000, -1.000000000000000000 ) ) ;
#10840 = CIRCLE ( 'NONE', #9409, 0.1499999999999999700 ) ;
#10841 = SURFACE_SIDE_STYLE ('',( #5501 ) ) ;
#10842 = UNCERTAINTY_MEASURE_WITH_UNIT (LENGTH_MEASURE( 1.000000000000000100E-005 ), #9260, 'distance_accuracy_value', 'NONE');
#10843 = ORIENTED_EDGE ( 'NONE', *, *, #6078, .F. ) ;
#10844 = CARTESIAN_POINT ( 'NONE',  ( 1.596539144777060000, 2.014054978381730100, 0.1000000000000000100 ) ) ;
#10845 = VECTOR ( 'NONE', #409, 1000.000000000000000 ) ;
#10846 = ORIENTED_EDGE ( 'NONE', *, *, #599, .T. ) ;
#10847 = ORIENTED_EDGE ( 'NONE', *, *, #8043, .T. ) ;
#10848 = CARTESIAN_POINT ( 'NONE',  ( -0.7960104076400857900, 0.1540413993313949300, 0.004343145750507660000 ) ) ;
#10849 = AXIS2_PLACEMENT_3D ( 'NONE', #11580, #10631, #4472 ) ;
#10850 = SURFACE_SIDE_STYLE ('',( #7452 ) ) ;
#10851 = DIRECTION ( 'NONE',  ( -1.000000000000000000, -0.0000000000000000000, 0.0000000000000000000 ) ) ;
#10852 =( NAMED_UNIT ( * ) SI_UNIT ( $, .STERADIAN. ) SOLID_ANGLE_UNIT ( ) );
#10853 = SURFACE_STYLE_FILL_AREA ( #9104 ) ;
#10854 = DIRECTION ( 'NONE',  ( 0.0000000000000000000, -0.1218693434051470200, -0.9925461516413220900 ) ) ;
#10855 = ORIENTED_EDGE ( 'NONE', *, *, #4883, .T. ) ;
#10856 =( NAMED_UNIT ( * ) PLANE_ANGLE_UNIT ( ) SI_UNIT ( $, .RADIAN. ) );
#10857 = VECTOR ( 'NONE', #609, 1000.000000000000000 ) ;
#10858 = DIRECTION ( 'NONE',  ( -1.000000000000000000, -0.0000000000000000000, -0.0000000000000000000 ) ) ;
#10859 = PLANE ( 'NONE',  #6748 ) ;
#10860 = SURFACE_STYLE_USAGE ( .BOTH. , #4630 ) ;
#10861 = EDGE_CURVE ( 'NONE', #10866, #5954, #1205, .T. ) ;
#10862 = SURFACE_STYLE_FILL_AREA ( #5696 ) ;
#10863 = ORIENTED_EDGE ( 'NONE', *, *, #4592, .F. ) ;
#10864 = B_SPLINE_CURVE_WITH_KNOTS ( 'NONE', 2,
 ( #3301, #7724, #4197, #10464 ),
 .UNSPECIFIED., .F., .F.,
 ( 3, 1, 3 ),
 ( 0.0000000000000000000, 7.553122386682391200E-006, 1.510624477336478200E-005 ),
 .UNSPECIFIED. ) ;
#10865 =( GEOMETRIC_REPRESENTATION_CONTEXT ( 3 ) GLOBAL_UNCERTAINTY_ASSIGNED_CONTEXT ( ( #11071 ) ) GLOBAL_UNIT_ASSIGNED_CONTEXT ( ( #6193, #842, #7079 ) ) REPRESENTATION_CONTEXT ( 'NONE', 'WORKASPACE' ) );
#10866 = VERTEX_POINT ( 'NONE', #3038 ) ;
#10867 = DIRECTION ( 'NONE',  ( -1.000000000000000000, -0.0000000000000000000, 0.0000000000000000000 ) ) ;
#10868 = VECTOR ( 'NONE', #4095, 1000.000000000000000 ) ;
#10869 = VECTOR ( 'NONE', #3184, 1000.000000000000000 ) ;
#10870 = FILL_AREA_STYLE_COLOUR ( '', #4781 ) ;
#10871 = COLOUR_RGB ( '',1.000000000000000000, 0.9921568627450980700, 0.9411764705882352800 ) ;
#10872 = VECTOR ( 'NONE', #1348, 1000.000000000000000 ) ;
#10873 =( LENGTH_UNIT ( ) NAMED_UNIT ( * ) SI_UNIT ( .MILLI., .METRE. ) );
#10874 = DIRECTION ( 'NONE',  ( -0.0000000000000000000, -0.0000000000000000000, -1.000000000000000000 ) ) ;
#10875 = VECTOR ( 'NONE', #3473, 1000.000000000000000 ) ;
#10876 = DIRECTION ( 'NONE',  ( -1.000000000000000000, -0.0000000000000000000, -0.0000000000000000000 ) ) ;
#10877 = ORIENTED_EDGE ( 'NONE', *, *, #10224, .F. ) ;
#10878 = FILL_AREA_STYLE ('',( #8439 ) ) ;
#10879 = VERTEX_POINT ( 'NONE', #9273 ) ;
#10880 = EDGE_CURVE ( 'NONE', #3058, #8472, #374, .T. ) ;
#10881 = VECTOR ( 'NONE', #9016, 1000.000000000000000 ) ;
#10882 = MECHANICAL_DESIGN_GEOMETRIC_PRESENTATION_REPRESENTATION (  '', ( #9078 ), #11498 ) ;
#10883 = EDGE_CURVE ( 'NONE', #1279, #4077, #4870, .T. ) ;
#10884 = UNCERTAINTY_MEASURE_WITH_UNIT (LENGTH_MEASURE( 1.000000000000000100E-005 ), #1532, 'distance_accuracy_value', 'NONE');
#10885 = VERTEX_POINT ( 'NONE', #10203 ) ;
#10886 = PRESENTATION_STYLE_ASSIGNMENT (( #5809 ) ) ;
#10887 = DIRECTION ( 'NONE',  ( -0.0000000000000000000, 1.000000000000000000, 0.0000000000000000000 ) ) ;
#10888 =( GEOMETRIC_REPRESENTATION_CONTEXT ( 3 ) GLOBAL_UNCERTAINTY_ASSIGNED_CONTEXT ( ( #694 ) ) GLOBAL_UNIT_ASSIGNED_CONTEXT ( ( #5044, #11290, #5919 ) ) REPRESENTATION_CONTEXT ( 'NONE', 'WORKASPACE' ) );
#10889 = VERTEX_POINT ( 'NONE', #7507 ) ;
#10890 = FILL_AREA_STYLE ('',( #8577 ) ) ;
#10891 = SURFACE_SIDE_STYLE ('',( #6609 ) ) ;
#10892 = ORIENTED_EDGE ( 'NONE', *, *, #3927, .F. ) ;
#10893 = CARTESIAN_POINT ( 'NONE',  ( 0.4870195807110011500, -0.3245170327464611000, 0.6231815624153094200 ) ) ;
#10894 = FILL_AREA_STYLE_COLOUR ( '', #7312 ) ;
#10895 = ORIENTED_EDGE ( 'NONE', *, *, #5641, .T. ) ;
#10896 = ORIENTED_EDGE ( 'NONE', *, *, #5854, .F. ) ;
#10897 = CIRCLE ( 'NONE', #11128, 0.01000000000000002600 ) ;
#10898 = PRESENTATION_STYLE_ASSIGNMENT (( #3601 ) ) ;
#10899 = CARTESIAN_POINT ( 'NONE',  ( 0.7989442719099990600, 0.1596871942267129600, 0.005527864045000450800 ) ) ;
#10900 =( LENGTH_UNIT ( ) NAMED_UNIT ( * ) SI_UNIT ( .MILLI., .METRE. ) );
#10901 =( NAMED_UNIT ( * ) SI_UNIT ( $, .STERADIAN. ) SOLID_ANGLE_UNIT ( ) );
#10902 = MECHANICAL_DESIGN_GEOMETRIC_PRESENTATION_REPRESENTATION (  '', ( #7883 ), #11514 ) ;
#10903 = EDGE_CURVE ( 'NONE', #6185, #8789, #3631, .T. ) ;
#10904 = MECHANICAL_DESIGN_GEOMETRIC_PRESENTATION_REPRESENTATION (  '', ( #9097 ), #11518 ) ;
#10905 = PRESENTATION_LAYER_ASSIGNMENT (  '', '', ( #10306 ) ) ;
#10906 = CARTESIAN_POINT ( 'NONE',  ( 1.596539144777060000, 2.014054978381730100, 0.0000000000000000000 ) ) ;
#10907 =( GEOMETRIC_REPRESENTATION_CONTEXT ( 3 ) GLOBAL_UNCERTAINTY_ASSIGNED_CONTEXT ( ( #5223 ) ) GLOBAL_UNIT_ASSIGNED_CONTEXT ( ( #6911, #1553, #7812 ) ) REPRESENTATION_CONTEXT ( 'NONE', 'WORKASPACE' ) );
#10908 = FACE_OUTER_BOUND ( 'NONE', #6270, .T. ) ;
#10909 = FILL_AREA_STYLE ('',( #8197 ) ) ;
#10910 = EDGE_LOOP ( 'NONE', ( #2144, #10205, #1003, #3165 ) ) ;
#10911 = FACE_OUTER_BOUND ( 'NONE', #2065, .T. ) ;
#10912 =( LENGTH_UNIT ( ) NAMED_UNIT ( * ) SI_UNIT ( .MILLI., .METRE. ) );
#10913 =( NAMED_UNIT ( * ) PLANE_ANGLE_UNIT ( ) SI_UNIT ( $, .RADIAN. ) );
#10914 = COLOUR_RGB ( '',0.0000000000000000000, 0.6470588235294118000, 0.9568627450980391500 ) ;
#10915 = SURFACE_SIDE_STYLE ('',( #8837 ) ) ;
#10916 = CARTESIAN_POINT ( 'NONE',  ( -0.7900000000000000400, 0.2000000000000000100, 0.1700000000000000100 ) ) ;
#10917 = ORIENTED_EDGE ( 'NONE', *, *, #8688, .T. ) ;
#10918 = AXIS2_PLACEMENT_3D ( 'NONE', #7072, #1723, #7979 ) ;
#10919 = DIRECTION ( 'NONE',  ( 0.0000000000000000000, -1.000000000000000000, 0.0000000000000000000 ) ) ;
#10920 = MECHANICAL_DESIGN_GEOMETRIC_PRESENTATION_REPRESENTATION (  '', ( #9723 ), #11538 ) ;
#10921 =( GEOMETRIC_REPRESENTATION_CONTEXT ( 3 ) GLOBAL_UNCERTAINTY_ASSIGNED_CONTEXT ( ( #8943 ) ) GLOBAL_UNIT_ASSIGNED_CONTEXT ( ( #1496, #1446, #1406 ) ) REPRESENTATION_CONTEXT ( 'NONE', 'WORKASPACE' ) );
#10922 = DIRECTION ( 'NONE',  ( 1.000000000000000000, 0.0000000000000000000, 0.0000000000000000000 ) ) ;
#10923 = PRESENTATION_STYLE_ASSIGNMENT (( #8805 ) ) ;
#10924 = SURFACE_SIDE_STYLE ('',( #7989 ) ) ;
#10925 =( NAMED_UNIT ( * ) PLANE_ANGLE_UNIT ( ) SI_UNIT ( $, .RADIAN. ) );
#10926 = SURFACE_STYLE_FILL_AREA ( #8498 ) ;
#10927 = CARTESIAN_POINT ( 'NONE',  ( 1.617130716549560100, 2.016573616912579900, 0.0000000000000000000 ) ) ;
#10928 =( NAMED_UNIT ( * ) SI_UNIT ( $, .STERADIAN. ) SOLID_ANGLE_UNIT ( ) );
#10929 = CARTESIAN_POINT ( 'NONE',  ( 0.7900000000000000400, -0.2000000000000000100, 0.1700000000000000100 ) ) ;
#10930 = DIRECTION ( 'NONE',  ( -0.0000000000000000000, 0.0000000000000000000, -1.000000000000000000 ) ) ;
#10931 = CARTESIAN_POINT ( 'NONE',  ( 0.1270000000000000000, -0.07619999999999999000, 0.0000000000000000000 ) ) ;
#10932 = AXIS2_PLACEMENT_3D ( 'NONE', #1008, #974, #926 ) ;
#10933 = VERTEX_POINT ( 'NONE', #3970 ) ;
#10934 = UNCERTAINTY_MEASURE_WITH_UNIT (LENGTH_MEASURE( 1.000000000000000100E-005 ), #9809, 'distance_accuracy_value', 'NONE');
#10935 = ORIENTED_EDGE ( 'NONE', *, *, #984, .F. ) ;
#10936 = SURFACE_STYLE_USAGE ( .BOTH. , #58 ) ;
#10937 = STYLED_ITEM ( 'NONE', ( #8204 ), #11227 ) ;
#10938 = DIRECTION ( 'NONE',  ( 0.0000000000000000000, -0.0000000000000000000, -1.000000000000000000 ) ) ;
#10939 = PRESENTATION_LAYER_ASSIGNMENT (  '', '', ( #9745 ) ) ;
#10940 = LINE ( 'NONE', #10071, #5370 ) ;
#10941 = DIRECTION ( 'NONE',  ( 0.0000000000000000000, 0.0000000000000000000, -1.000000000000000000 ) ) ;
#10942 = CARTESIAN_POINT ( 'NONE',  ( -0.4745170327464609500, 0.3245170327464608800, 0.6331590247227180100 ) ) ;
#10943 = SURFACE_STYLE_USAGE ( .BOTH. , #4695 ) ;
#10944 = CARTESIAN_POINT ( 'NONE',  ( 1.600759566099030100, 1.985192742244400200, 0.1000000000000000100 ) ) ;
#10945 = ORIENTED_EDGE ( 'NONE', *, *, #5348, .T. ) ;
#10946 = ORIENTED_EDGE ( 'NONE', *, *, #1881, .T. ) ;
#10947 = CARTESIAN_POINT ( 'NONE',  ( 1.443850704672070100, 2.022050005444920200, 0.0000000000000000000 ) ) ;
#10948 = EDGE_CURVE ( 'NONE', #9254, #4069, #9328, .T. ) ;
#10949 =( NAMED_UNIT ( * ) PLANE_ANGLE_UNIT ( ) SI_UNIT ( $, .RADIAN. ) );
#10950 = STYLED_ITEM ( 'NONE', ( #7671 ), #2507 ) ;
#10951 =( NAMED_UNIT ( * ) PLANE_ANGLE_UNIT ( ) SI_UNIT ( $, .RADIAN. ) );
#10952 = LINE ( 'NONE', #3776, #10683 ) ;
#10953 = CARTESIAN_POINT ( 'NONE',  ( 0.8000000000000000400, 0.3499999999999999800, 0.1600000000000000000 ) ) ;
#10954 = ORIENTED_EDGE ( 'NONE', *, *, #10599, .F. ) ;
#10955 = AXIS2_PLACEMENT_3D ( 'NONE', #9960, #4593, #10834 ) ;
#10956 = FILL_AREA_STYLE ('',( #9880 ) ) ;
#10957 = DIRECTION ( 'NONE',  ( -0.0000000000000000000, -0.0000000000000000000, -1.000000000000000000 ) ) ;
#10958 = CARTESIAN_POINT ( 'NONE',  ( 1.540103539337589900, 2.006665889013230100, 0.1000000000000000100 ) ) ;
#10959 = ORIENTED_EDGE ( 'NONE', *, *, #859, .F. ) ;
#10960 =( GEOMETRIC_REPRESENTATION_CONTEXT ( 3 ) GLOBAL_UNCERTAINTY_ASSIGNED_CONTEXT ( ( #10808 ) ) GLOBAL_UNIT_ASSIGNED_CONTEXT ( ( #883, #7478, #9515 ) ) REPRESENTATION_CONTEXT ( 'NONE', 'WORKASPACE' ) );
#10961 = CARTESIAN_POINT ( 'NONE',  ( 1.568663942549560100, 1.996186259075019700, 0.0000000000000000000 ) ) ;
#10962 = EDGE_CURVE ( 'NONE', #937, #5801, #4610, .T. ) ;
#10963 = DIRECTION ( 'NONE',  ( -0.0000000000000000000, 1.000000000000000000, 0.0000000000000000000 ) ) ;
#10964 = PRESENTATION_LAYER_ASSIGNMENT (  '', '', ( #9790 ) ) ;
#10965 = SURFACE_STYLE_FILL_AREA ( #2724 ) ;
#10966 = CARTESIAN_POINT ( 'NONE',  ( 0.4000000000000000200, 0.1850000000000000000, 0.1600000000000000000 ) ) ;
#10967 = SURFACE_STYLE_FILL_AREA ( #10652 ) ;
#10968 = CARTESIAN_POINT ( 'NONE',  ( -0.5066666666666674900, 0.1419441726459666800, 0.1799999999999999900 ) ) ;
#10969 = ORIENTED_EDGE ( 'NONE', *, *, #6157, .T. ) ;
#10970 = CARTESIAN_POINT ( 'NONE',  ( 1.587213375081740100, 2.023244605453760100, 0.1000000000000000100 ) ) ;
#10971 = CARTESIAN_POINT ( 'NONE',  ( 0.8000000000000000400, -0.4000000000000000200, 0.02000000000000000000 ) ) ;
#10972 = DIRECTION ( 'NONE',  ( 1.000000000000000000, 0.0000000000000000000, -0.0000000000000000000 ) ) ;
#10973 = DIRECTION ( 'NONE',  ( 0.0000000000000000000, -0.0000000000000000000, -1.000000000000000000 ) ) ;
#10974 = CIRCLE ( 'NONE', #9098, 0.009999999999999998500 ) ;
#10975 = EDGE_LOOP ( 'NONE', ( #7521, #3721, #7232, #2590, #9392 ) ) ;
#10976 = MECHANICAL_DESIGN_GEOMETRIC_PRESENTATION_REPRESENTATION (  '', ( #9805 ), #11604 ) ;
#10978 = AXIS2_PLACEMENT_3D ( 'NONE', #11572, #9762, #4450 ) ;
#10977 = LINE ( 'NONE', #6555, #5925 ) ;
#10979 = UNCERTAINTY_MEASURE_WITH_UNIT (LENGTH_MEASURE( 1.000000000000000100E-005 ), #2608, 'distance_accuracy_value', 'NONE');
#10980 =( GEOMETRIC_REPRESENTATION_CONTEXT ( 3 ) GLOBAL_UNCERTAINTY_ASSIGNED_CONTEXT ( ( #10088 ) ) GLOBAL_UNIT_ASSIGNED_CONTEXT ( ( #9174, #3830, #10109 ) ) REPRESENTATION_CONTEXT ( 'NONE', 'WORKASPACE' ) );
#10981 = DIRECTION ( 'NONE',  ( -1.000000000000000000, -0.0000000000000000000, 0.0000000000000000000 ) ) ;
#10982 = CARTESIAN_POINT ( 'NONE',  ( 0.8000000000000000400, -0.1850000000000000000, 0.1599999999999999800 ) ) ;
#10983 = FACE_OUTER_BOUND ( 'NONE', #11463, .T. ) ;
#10984 = CARTESIAN_POINT ( 'NONE',  ( 1.507599488027270100, 2.014051626326669900, 0.0000000000000000000 ) ) ;
#10985 = DIRECTION ( 'NONE',  ( 0.0000000000000000000, 0.0000000000000000000, 1.000000000000000000 ) ) ;
#10986 = ORIENTED_EDGE ( 'NONE', *, *, #4057, .F. ) ;
#10987 = SURFACE_STYLE_FILL_AREA ( #9765 ) ;
#10988 = DIRECTION ( 'NONE',  ( -0.6010407640085625400, -0.5645794895318090300, -0.5656854249492427900 ) ) ;
#10989 =( NAMED_UNIT ( * ) PLANE_ANGLE_UNIT ( ) SI_UNIT ( $, .RADIAN. ) );
#10990 = SURFACE_STYLE_USAGE ( .BOTH. , #10924 ) ;
#10991 = CARTESIAN_POINT ( 'NONE',  ( -0.8000000000000000400, -0.5250000000000000200, 0.02000000000000000000 ) ) ;
#10992 = EDGE_CURVE ( 'NONE', #10385, #6185, #11464, .T. ) ;
#10993 = EDGE_LOOP ( 'NONE', ( #1317, #5153, #10142, #2168 ) ) ;
#10994 = VECTOR ( 'NONE', #5135, 1000.000000000000000 ) ;
#10995 = AXIS2_PLACEMENT_3D ( 'NONE', #9781, #4422, #10676 ) ;
#10996 = COLOUR_RGB ( '',0.0000000000000000000, 0.6470588235294118000, 0.9568627450980391500 ) ;
#10997 = CARTESIAN_POINT ( 'NONE',  ( -0.5097131297115001800, 0.3100858221294337000, 0.5081102281284224400 ) ) ;
#10999 = DIRECTION ( 'NONE',  ( 0.0000000000000000000, 0.0000000000000000000, -1.000000000000000000 ) ) ;
#10998 = STYLED_ITEM ( 'NONE', ( #7440 ), #7633 ) ;
#11000 = CIRCLE ( 'NONE', #7676, 0.01000000000000000200 ) ;
#11001 = ORIENTED_EDGE ( 'NONE', *, *, #841, .F. ) ;
#11002 = DIRECTION ( 'NONE',  ( 1.000000000000000000, 0.0000000000000000000, -0.0000000000000000000 ) ) ;
#11003 = VECTOR ( 'NONE', #6356, 1000.000000000000000 ) ;
#11004 = ORIENTED_EDGE ( 'NONE', *, *, #5409, .F. ) ;
#11005 = CARTESIAN_POINT ( 'NONE',  ( -0.5250000000000004700, -0.1330726618555938000, 0.1699999999999999800 ) ) ;
#11006 = UNCERTAINTY_MEASURE_WITH_UNIT (LENGTH_MEASURE( 1.000000000000000100E-005 ), #2538, 'distance_accuracy_value', 'NONE');
#11007 = ADVANCED_FACE ( 'NONE', ( #106 ), #1280, .T. ) ;
#11008 = ORIENTED_EDGE ( 'NONE', *, *, #9353, .T. ) ;
#11009 = PRESENTATION_STYLE_ASSIGNMENT (( #11136 ) ) ;
#11010 = VECTOR ( 'NONE', #3896, 1000.000000000000000 ) ;
#11011 = VERTEX_POINT ( 'NONE', #4874 ) ;
#11012 = SURFACE_STYLE_FILL_AREA ( #10956 ) ;
#11013 = EDGE_CURVE ( 'NONE', #8394, #11171, #5838, .T. ) ;
#11014 = CARTESIAN_POINT ( 'NONE',  ( -0.1991441109234209900, 0.1499999999999999900, 0.0000000000000000000 ) ) ;
#11015 = FACE_OUTER_BOUND ( 'NONE', #8428, .T. ) ;
#11016 =( GEOMETRIC_REPRESENTATION_CONTEXT ( 3 ) GLOBAL_UNCERTAINTY_ASSIGNED_CONTEXT ( ( #6052 ) ) GLOBAL_UNIT_ASSIGNED_CONTEXT ( ( #8398, #3064, #9297 ) ) REPRESENTATION_CONTEXT ( 'NONE', 'WORKASPACE' ) );
#11017 = ORIENTED_EDGE ( 'NONE', *, *, #9504, .F. ) ;
#11018 = ORIENTED_EDGE ( 'NONE', *, *, #5212, .T. ) ;
#11019 = AXIS2_PLACEMENT_3D ( 'NONE', #10259, #1265, #9375 ) ;
#11020 = SURFACE_STYLE_FILL_AREA ( #7976 ) ;
#11021 = CARTESIAN_POINT ( 'NONE',  ( 0.7960104076400857900, -0.1540413993313949600, 0.1756568542494923700 ) ) ;
#11022 = ORIENTED_EDGE ( 'NONE', *, *, #4809, .T. ) ;
#11023 = UNCERTAINTY_MEASURE_WITH_UNIT (LENGTH_MEASURE( 1.000000000000000100E-005 ), #6437, 'distance_accuracy_value', 'NONE');
#11024 = ORIENTED_EDGE ( 'NONE', *, *, #6970, .T. ) ;
#11025 = LINE ( 'NONE', #6361, #6533 ) ;
#11026 = FACE_OUTER_BOUND ( 'NONE', #10522, .T. ) ;
#11027 = CARTESIAN_POINT ( 'NONE',  ( 1.605796843160729900, 2.001359678760009900, 0.1000000000000000100 ) ) ;
#11028 = ORIENTED_EDGE ( 'NONE', *, *, #3168, .F. ) ;
#11030 = CARTESIAN_POINT ( 'NONE',  ( 0.7700000000000000200, -0.3700000000000000000, 0.1700000000000000100 ) ) ;
#11029 = CIRCLE ( 'NONE', #8980, 0.01000000000000002600 ) ;
#11031 = CARTESIAN_POINT ( 'NONE',  ( -0.5003726924179342500, -0.4000000000000002400, 0.1799999999999999900 ) ) ;
#11032 = EDGE_CURVE ( 'NONE', #4924, #9839, #3487, .T. ) ;
#11033 = CARTESIAN_POINT ( 'NONE',  ( 0.4944304232934477700, -0.3207392495628431700, 0.6095187945355145000 ) ) ;
#11034 = EDGE_CURVE ( 'NONE', #2618, #9346, #1089, .T. ) ;
#11035 =( GEOMETRIC_REPRESENTATION_CONTEXT ( 3 ) GLOBAL_UNCERTAINTY_ASSIGNED_CONTEXT ( ( #3994 ) ) GLOBAL_UNIT_ASSIGNED_CONTEXT ( ( #4704, #10949, #5609 ) ) REPRESENTATION_CONTEXT ( 'NONE', 'WORKASPACE' ) );
#11036 = EDGE_CURVE ( 'NONE', #8971, #5145, #5588, .T. ) ;
#11037 = ORIENTED_EDGE ( 'NONE', *, *, #4194, .T. ) ;
#11038 = PRESENTATION_LAYER_ASSIGNMENT (  '', '', ( #9853 ) ) ;
#11039 = COLOUR_RGB ( '',0.8627450980392157300, 0.6274509803921568500, 0.05882352941176470500 ) ;
#11040 = ORIENTED_EDGE ( 'NONE', *, *, #5380, .T. ) ;
#11041 = CARTESIAN_POINT ( 'NONE',  ( 0.8000000000000000400, 0.1749999999999999900, 0.1600000000000000000 ) ) ;
#11042 = FILL_AREA_STYLE_COLOUR ( '', #4400 ) ;
#11043 = DIRECTION ( 'NONE',  ( 1.000000000000000000, 0.0000000000000000000, 0.0000000000000000000 ) ) ;
#11044 = VECTOR ( 'NONE', #6506, 1000.000000000000000 ) ;
#11045 = VECTOR ( 'NONE', #2561, 1000.000000000000000 ) ;
#11046 = ORIENTED_EDGE ( 'NONE', *, *, #8587, .F. ) ;
#11047 = SURFACE_STYLE_FILL_AREA ( #2014 ) ;
#11048 = CARTESIAN_POINT ( 'NONE',  ( 0.7960104076400856800, 0.1540413993313946300, 0.004343145750507738900 ) ) ;
#11049 = DIRECTION ( 'NONE',  ( 0.0000000000000000000, 0.0000000000000000000, 1.000000000000000000 ) ) ;
#11050 = PRESENTATION_LAYER_ASSIGNMENT (  '', '', ( #8042 ) ) ;
#11051 = EDGE_CURVE ( 'NONE', #3690, #11142, #3024, .T. ) ;
#11052 = PRESENTATION_LAYER_ASSIGNMENT (  '', '', ( #10459 ) ) ;
#11053 =( GEOMETRIC_REPRESENTATION_CONTEXT ( 3 ) GLOBAL_UNCERTAINTY_ASSIGNED_CONTEXT ( ( #7597 ) ) GLOBAL_UNIT_ASSIGNED_CONTEXT ( ( #2165, #8418, #3090 ) ) REPRESENTATION_CONTEXT ( 'NONE', 'WORKASPACE' ) );
#11054 =( NAMED_UNIT ( * ) PLANE_ANGLE_UNIT ( ) SI_UNIT ( $, .RADIAN. ) );
#11055 = CARTESIAN_POINT ( 'NONE',  ( 0.7960104076400856800, -0.1540413993313948800, 0.004343145750507609700 ) ) ;
#11056 = COLOUR_RGB ( '',0.0000000000000000000, 0.6470588235294118000, 0.9568627450980391500 ) ;
#11057 = CARTESIAN_POINT ( 'NONE',  ( 1.443065452288000000, 1.988048385278420300, 0.1000000000000000100 ) ) ;
#11058 = CARTESIAN_POINT ( 'NONE',  ( 0.7922123193543253400, -0.1689677469128609300, 0.1868268514104755000 ) ) ;
#11059 = LINE ( 'NONE', #2963, #8384 ) ;
#11060 = CARTESIAN_POINT ( 'NONE',  ( -0.4000000000000000200, -0.3476823007299044700, 0.6060934671702570300 ) ) ;
#11061 = DIRECTION ( 'NONE',  ( 0.0000000000000000000, 1.000000000000000000, 0.0000000000000000000 ) ) ;
#11062 = ORIENTED_EDGE ( 'NONE', *, *, #3477, .T. ) ;
#11063 = ADVANCED_FACE ( 'NONE', ( #5319 ), #2311, .T. ) ;
#11064 = SURFACE_STYLE_USAGE ( .BOTH. , #4811 ) ;
#11065 =( NAMED_UNIT ( * ) PLANE_ANGLE_UNIT ( ) SI_UNIT ( $, .RADIAN. ) );
#11066 = LINE ( 'NONE', #7629, #8682 ) ;
#11067 =( LENGTH_UNIT ( ) NAMED_UNIT ( * ) SI_UNIT ( .MILLI., .METRE. ) );
#11068 = ORIENTED_EDGE ( 'NONE', *, *, #6157, .F. ) ;
#11069 = VECTOR ( 'NONE', #10867, 1000.000000000000000 ) ;
#11070 = CARTESIAN_POINT ( 'NONE',  ( 1.573667184064460000, 1.985192742244400200, 0.1000000000000000100 ) ) ;
#11071 = UNCERTAINTY_MEASURE_WITH_UNIT (LENGTH_MEASURE( 1.000000000000000100E-005 ), #6193, 'distance_accuracy_value', 'NONE');
#11072 = EDGE_LOOP ( 'NONE', ( #5799, #1220, #4783, #4446 ) ) ;
#11073 = ORIENTED_EDGE ( 'NONE', *, *, #4390, .F. ) ;
#11074 = DIRECTION ( 'NONE',  ( 0.0000000000000000000, 0.0000000000000000000, -1.000000000000000000 ) ) ;
#11075 = FILL_AREA_STYLE ('',( #9263 ) ) ;
#11076 = EDGE_CURVE ( 'NONE', #4859, #10167, #9183, .T. ) ;
#11077 = SURFACE_SIDE_STYLE ('',( #8609 ) ) ;
#11078 = SURFACE_STYLE_FILL_AREA ( #6452 ) ;
#11079 = PRESENTATION_LAYER_ASSIGNMENT (  '', '', ( #9903 ) ) ;
#11080 = CARTESIAN_POINT ( 'NONE',  ( -0.7875735931288072600, 0.3999999999999998600, 0.1758578643762691300 ) ) ;
#11081 = EDGE_LOOP ( 'NONE', ( #3725, #8103, #9528, #4717 ) ) ;
#11082 = CARTESIAN_POINT ( 'NONE',  ( 0.7960104076400857900, 0.1540413993313948200, 0.004343145750507551600 ) ) ;
#11083 = CARTESIAN_POINT ( 'NONE',  ( 0.4000000000000000800, 0.1749999999999999900, 0.03000000000000000600 ) ) ;
#11084 = STYLED_ITEM ( 'NONE', ( #5669 ), #8408 ) ;
#11085 = VERTEX_POINT ( 'NONE', #2359 ) ;
#11086 = DIRECTION ( 'NONE',  ( 0.0000000000000000000, -0.0000000000000000000, -1.000000000000000000 ) ) ;
#11087 = UNCERTAINTY_MEASURE_WITH_UNIT (LENGTH_MEASURE( 1.000000000000000100E-005 ), #3645, 'distance_accuracy_value', 'NONE');
#11088 =( LENGTH_UNIT ( ) NAMED_UNIT ( * ) SI_UNIT ( .MILLI., .METRE. ) );
#11089 = CARTESIAN_POINT ( 'NONE',  ( -0.7906249999999999100, -0.1497067445875434900, 0.1700000000000000100 ) ) ;
#11090 = ORIENTED_EDGE ( 'NONE', *, *, #9606, .F. ) ;
#11091 = EDGE_CURVE ( 'NONE', #4025, #3110, #6789, .T. ) ;
#11092 =( NAMED_UNIT ( * ) SI_UNIT ( $, .STERADIAN. ) SOLID_ANGLE_UNIT ( ) );
#11093 = AXIS2_PLACEMENT_3D ( 'NONE', #2823, #2741, #2669 ) ;
#11094 = EDGE_CURVE ( 'NONE', #6631, #7992, #11297, .T. ) ;
#11095 = PRESENTATION_STYLE_ASSIGNMENT (( #10392 ) ) ;
#11096 = CARTESIAN_POINT ( 'NONE',  ( -0.8000000000000000400, 0.1850000000000000000, 0.03000000000000000200 ) ) ;
#11097 = CARTESIAN_POINT ( 'NONE',  ( 1.584218237369390000, 2.018411542326989900, 0.0000000000000000000 ) ) ;
#11098 = PLANE ( 'NONE',  #11371 ) ;
#11099 = ORIENTED_EDGE ( 'NONE', *, *, #6099, .T. ) ;
#11100 = CARTESIAN_POINT ( 'NONE',  ( 1.525298029054880100, 2.014051626326669900, 0.0000000000000000000 ) ) ;
#11101 = COLOUR_RGB ( '',0.0000000000000000000, 0.6470588235294118000, 0.9568627450980391500 ) ;
#11102 = FACE_OUTER_BOUND ( 'NONE', #4402, .T. ) ;
#11103 = ORIENTED_EDGE ( 'NONE', *, *, #1408, .F. ) ;
#11104 = DIRECTION ( 'NONE',  ( 1.000000000000000000, 8.636657276777269600E-017, 0.0000000000000000000 ) ) ;
#11105 = EDGE_CURVE ( 'NONE', #6631, #5638, #2049, .T. ) ;
#11106 = DIRECTION ( 'NONE',  ( 0.0000000000000000000, 1.000000000000000000, -0.0000000000000000000 ) ) ;
#11107 = MECHANICAL_DESIGN_GEOMETRIC_PRESENTATION_REPRESENTATION (  '', ( #9303 ), #100 ) ;
#11108 = ORIENTED_EDGE ( 'NONE', *, *, #10455, .F. ) ;
#11109 = PLANE ( 'NONE',  #4046 ) ;
#11110 = MECHANICAL_DESIGN_GEOMETRIC_PRESENTATION_REPRESENTATION (  '', ( #5428 ), #103 ) ;
#11111 = CARTESIAN_POINT ( 'NONE',  ( -0.5500000000000003800, 0.3503726924179341200, 0.1800000000000000200 ) ) ;
#11112 = FACE_OUTER_BOUND ( 'NONE', #5668, .T. ) ;
#11113 = EDGE_LOOP ( 'NONE', ( #9988, #5581, #9803, #4232 ) ) ;
#11114 = CARTESIAN_POINT ( 'NONE',  ( -0.4480549931478379800, 0.2980549931478380100, 0.6500000000000000200 ) ) ;
#11115 = VERTEX_POINT ( 'NONE', #2396 ) ;
#11116 = CARTESIAN_POINT ( 'NONE',  ( 0.7982170378636493900, 0.1563905365920398300, 0.004343145750507637500 ) ) ;
#11117 =( LENGTH_UNIT ( ) NAMED_UNIT ( * ) SI_UNIT ( .MILLI., .METRE. ) );
#11118 = ADVANCED_FACE ( 'NONE', ( #11015 ), #9555, .T. ) ;
#11119 = VECTOR ( 'NONE', #957, 1000.000000000000000 ) ;
#11120 = SURFACE_SIDE_STYLE ('',( #6499 ) ) ;
#11121 = PRESENTATION_STYLE_ASSIGNMENT (( #6696 ) ) ;
#11122 =( LENGTH_UNIT ( ) NAMED_UNIT ( * ) SI_UNIT ( .MILLI., .METRE. ) );
#11123 = SURFACE_STYLE_FILL_AREA ( #3476 ) ;
#11124 = CARTESIAN_POINT ( 'NONE',  ( 0.4976823007299043800, 0.3693372604249999800, 0.6060934671702570300 ) ) ;
#11125 = ORIENTED_EDGE ( 'NONE', *, *, #9061, .F. ) ;
#11126 = STYLED_ITEM ( 'NONE', ( #3735 ), #6936 ) ;
#11127 = SURFACE_STYLE_FILL_AREA ( #5132 ) ;
#11128 = AXIS2_PLACEMENT_3D ( 'NONE', #5183, #11426, #6050 ) ;
#11129 = FILL_AREA_STYLE ('',( #9321 ) ) ;
#11130 = CARTESIAN_POINT ( 'NONE',  ( 1.525298029054880100, 2.022050005444920200, 0.0000000000000000000 ) ) ;
#11131 = DIRECTION ( 'NONE',  ( 0.0000000000000000000, -0.0000000000000000000, 1.000000000000000000 ) ) ;
#11132 = VERTEX_POINT ( 'NONE', #6879 ) ;
#11133 = ORIENTED_EDGE ( 'NONE', *, *, #5768, .T. ) ;
#11134 = LINE ( 'NONE', #5863, #4010 ) ;
#11135 = LINE ( 'NONE', #10349, #6387 ) ;
#11136 = SURFACE_STYLE_USAGE ( .BOTH. , #4892 ) ;
#11137 = LINE ( 'NONE', #1052, #1911 ) ;
#11138 = LINE ( 'NONE', #8375, #8768 ) ;
#11139 =( NAMED_UNIT ( * ) PLANE_ANGLE_UNIT ( ) SI_UNIT ( $, .RADIAN. ) );
#11140 = DIRECTION ( 'NONE',  ( 1.000000000000000000, 0.0000000000000000000, 0.0000000000000000000 ) ) ;
#11141 = AXIS2_PLACEMENT_3D ( 'NONE', #5911, #554, #6795 ) ;
#11142 = VERTEX_POINT ( 'NONE', #4246 ) ;
#11143 = DIRECTION ( 'NONE',  ( 0.0000000000000000000, -0.0000000000000000000, 1.000000000000000000 ) ) ;
#11144 = UNCERTAINTY_MEASURE_WITH_UNIT (LENGTH_MEASURE( 1.000000000000000100E-005 ), #9546, 'distance_accuracy_value', 'NONE');
#11146 = FILL_AREA_STYLE_COLOUR ( '', #1284 ) ;
#11145 = AXIS2_PLACEMENT_3D ( 'NONE', #5714, #326, #6576 ) ;
#11147 = ORIENTED_EDGE ( 'NONE', *, *, #3331, .F. ) ;
#11148 = LINE ( 'NONE', #10629, #1921 ) ;
#11149 = ORIENTED_EDGE ( 'NONE', *, *, #7453, .T. ) ;
#11150 = VECTOR ( 'NONE', #10246, 1000.000000000000000 ) ;
#11151 = SURFACE_STYLE_FILL_AREA ( #3698 ) ;
#11152 = SURFACE_SIDE_STYLE ('',( #11012 ) ) ;
#11153 =( NAMED_UNIT ( * ) SI_UNIT ( $, .STERADIAN. ) SOLID_ANGLE_UNIT ( ) );
#11154 = VERTEX_POINT ( 'NONE', #3354 ) ;
#11155 = CARTESIAN_POINT ( 'NONE',  ( 0.4000000000000000800, -0.1749999999999999600, 0.03000000000000000200 ) ) ;
#11156 = CARTESIAN_POINT ( 'NONE',  ( 0.8008747832827535200, 0.1538940194805949700, 0.009658636588715753200 ) ) ;
#11157 = SURFACE_STYLE_USAGE ( .BOTH. , #4909 ) ;
#11158 = ORIENTED_EDGE ( 'NONE', *, *, #8688, .F. ) ;
#11159 =( LENGTH_UNIT ( ) NAMED_UNIT ( * ) SI_UNIT ( .MILLI., .METRE. ) );
#11160 = EDGE_CURVE ( 'NONE', #2821, #7619, #943, .T. ) ;
#11161 = VERTEX_POINT ( 'NONE', #8653 ) ;
#11162 = CARTESIAN_POINT ( 'NONE',  ( 0.8000000000000000400, 0.3499999999999999800, 0.0000000000000000000 ) ) ;
#11163 = AXIS2_PLACEMENT_3D ( 'NONE', #9614, #9658, #9699 ) ;
#11164 = CARTESIAN_POINT ( 'NONE',  ( 0.7854284641271247500, -0.1552291404743184100, -0.005280001234875093600 ) ) ;
#11165 = ORIENTED_EDGE ( 'NONE', *, *, #2948, .T. ) ;
#11166 = SURFACE_SIDE_STYLE ('',( #1632 ) ) ;
#11167 = PRESENTATION_LAYER_ASSIGNMENT (  '', '', ( #10587 ) ) ;
#11168 = PRESENTATION_STYLE_ASSIGNMENT (( #407 ) ) ;
#11169 = CARTESIAN_POINT ( 'NONE',  ( -0.7938037774165218600, 0.1516922620707500100, 0.1756568542494923200 ) ) ;
#11170 =( NAMED_UNIT ( * ) SI_UNIT ( $, .STERADIAN. ) SOLID_ANGLE_UNIT ( ) );
#11171 = VERTEX_POINT ( 'NONE', #8687 ) ;
#11172 = LINE ( 'NONE', #5840, #687 ) ;
#11173 = FILL_AREA_STYLE ('',( #10219 ) ) ;
#11174 =( NAMED_UNIT ( * ) SI_UNIT ( $, .STERADIAN. ) SOLID_ANGLE_UNIT ( ) );
#11175 = FILL_AREA_STYLE_COLOUR ( '', #7104 ) ;
#11176 = ORIENTED_EDGE ( 'NONE', *, *, #11013, .T. ) ;
#11177 = ADVANCED_FACE ( 'NONE', ( #6523 ), #6035, .T. ) ;
#11178 = ADVANCED_FACE ( 'NONE', ( #2474 ), #7824, .F. ) ;
#11179 = PLANE ( 'NONE',  #10818 ) ;
#11180 = EDGE_CURVE ( 'NONE', #1037, #4329, #6114, .T. ) ;
#11181 = EDGE_CURVE ( 'NONE', #2502, #9497, #8464, .T. ) ;
#11182 = DIRECTION ( 'NONE',  ( 0.0000000000000000000, 0.0000000000000000000, 1.000000000000000000 ) ) ;
#11183 = MECHANICAL_DESIGN_GEOMETRIC_PRESENTATION_REPRESENTATION (  '', ( #10008 ), #164 ) ;
#11184 = AXIS2_PLACEMENT_3D ( 'NONE', #5371, #11624, #6225 ) ;
#11185 =( NAMED_UNIT ( * ) SI_UNIT ( $, .STERADIAN. ) SOLID_ANGLE_UNIT ( ) );
#11186 = ADVANCED_BREP_SHAPE_REPRESENTATION ( '', ( #9090, #3980 ), #6962 ) ;
#11187 = DIRECTION ( 'NONE',  ( 0.0000000000000000000, 0.0000000000000000000, -1.000000000000000000 ) ) ;
#11188 = SURFACE_STYLE_USAGE ( .BOTH. , #11152 ) ;
#11189 = CARTESIAN_POINT ( 'NONE',  ( 0.7906249999999998000, 0.1497067445875435200, 0.009999999999999998500 ) ) ;
#11190 = VERTEX_POINT ( 'NONE', #7906 ) ;
#11191 = SURFACE_SIDE_STYLE ('',( #7178 ) ) ;
#11192 = CARTESIAN_POINT ( 'NONE',  ( 0.7964615228356261000, 0.1491957449593048500, 0.009658636588715770500 ) ) ;
#11193 = CARTESIAN_POINT ( 'NONE',  ( 0.7854284641271250800, 0.1552291404743185400, -0.005280001234875039000 ) ) ;
#11194 = PRESENTATION_LAYER_ASSIGNMENT (  '', '', ( #10020 ) ) ;
#11195 = DIRECTION ( 'NONE',  ( 0.0000000000000000000, 0.0000000000000000000, 1.000000000000000000 ) ) ;
#11196 = CARTESIAN_POINT ( 'NONE',  ( 1.464646490379500000, 1.980050006160170200, 0.0000000000000000000 ) ) ;
#11197 = SURFACE_STYLE_FILL_AREA ( #11173 ) ;
#11198 = FILL_AREA_STYLE_COLOUR ( '', #4421 ) ;
#11199 = SURFACE_SIDE_STYLE ('',( #9862 ) ) ;
#11200 = CARTESIAN_POINT ( 'NONE',  ( 0.4000000000000000800, 0.1850000000000000000, 0.1499999999999999900 ) ) ;
#11201 = SURFACE_STYLE_FILL_AREA ( #7018 ) ;
#11202 = CARTESIAN_POINT ( 'NONE',  ( 0.4620144847819205900, 0.3245170327464609300, 0.6431364870301262700 ) ) ;
#11203 = ORIENTED_EDGE ( 'NONE', *, *, #4592, .T. ) ;
#11204 = EDGE_LOOP ( 'NONE', ( #595, #6779, #11040, #5527, #667 ) ) ;
#11205 = LINE ( 'NONE', #2855, #11516 ) ;
#11206 =( NAMED_UNIT ( * ) SI_UNIT ( $, .STERADIAN. ) SOLID_ANGLE_UNIT ( ) );
#11207 = SURFACE_SIDE_STYLE ('',( #11197 ) ) ;
#11208 = VECTOR ( 'NONE', #8107, 1000.000000000000000 ) ;
#11209 = VERTEX_POINT ( 'NONE', #9722 ) ;
#11210 = B_SPLINE_CURVE_WITH_KNOTS ( 'NONE', 2,
 ( #6479, #1130, #9180, #3838 ),
 .UNSPECIFIED., .F., .F.,
 ( 3, 1, 3 ),
 ( 0.0000000000000000000, 8.638968827018452100E-006, 1.727793765403690400E-005 ),
 .UNSPECIFIED. ) ;
#11211 = ORIENTED_EDGE ( 'NONE', *, *, #1064, .T. ) ;
#11212 = STYLED_ITEM ( 'NONE', ( #1287 ), #7522 ) ;
#11213 = COLOUR_RGB ( '',0.0000000000000000000, 0.7019607843137254400, 0.9803921568627450600 ) ;
#11214 = CARTESIAN_POINT ( 'NONE',  ( 1.464646490379500000, 2.022050005444920200, 0.0000000000000000000 ) ) ;
#11215 = VERTEX_POINT ( 'NONE', #10625 ) ;
#11216 = DIRECTION ( 'NONE',  ( 0.0000000000000000000, -0.0000000000000000000, 1.000000000000000000 ) ) ;
#11217 = DIRECTION ( 'NONE',  ( -1.000000000000000000, 0.0000000000000000000, 0.0000000000000000000 ) ) ;
#11218 = CARTESIAN_POINT ( 'NONE',  ( -0.4951919147073419700, 0.3139777154520821400, 0.5950424259647376600 ) ) ;
#11219 = UNCERTAINTY_MEASURE_WITH_UNIT (LENGTH_MEASURE( 1.000000000000000100E-005 ), #8820, 'distance_accuracy_value', 'NONE');
#11220 = VERTEX_POINT ( 'NONE', #1652 ) ;
#11221 =( LENGTH_UNIT ( ) NAMED_UNIT ( * ) SI_UNIT ( .MILLI., .METRE. ) );
#11222 = EDGE_CURVE ( 'NONE', #789, #3781, #5823, .T. ) ;
#11223 = DIRECTION ( 'NONE',  ( 0.0000000000000000000, -1.000000000000000000, -0.0000000000000000000 ) ) ;
#11224 =( GEOMETRIC_REPRESENTATION_CONTEXT ( 3 ) GLOBAL_UNCERTAINTY_ASSIGNED_CONTEXT ( ( #1851 ) ) GLOBAL_UNIT_ASSIGNED_CONTEXT ( ( #2294, #2341, #2377 ) ) REPRESENTATION_CONTEXT ( 'NONE', 'WORKASPACE' ) );
#11225 = SURFACE_SIDE_STYLE ('',( #3989 ) ) ;
#11226 = CARTESIAN_POINT ( 'NONE',  ( 0.7938037774165220800, 0.1516922620707499000, 0.004343145750507496900 ) ) ;
#11227 = ADVANCED_FACE ( 'NONE', ( #3746 ), #217, .T. ) ;
#11228 = MECHANICAL_DESIGN_GEOMETRIC_PRESENTATION_REPRESENTATION (  '', ( #8845 ), #213 ) ;
#11229 = ADVANCED_FACE ( 'NONE', ( #7341 ), #1726, .F. ) ;
#11230 = VERTEX_POINT ( 'NONE', #837 ) ;
#11231 = CARTESIAN_POINT ( 'NONE',  ( 0.5500000000000003800, 0.3795324038633934300, 0.1799999999999999900 ) ) ;
#11232 = SURFACE_SIDE_STYLE ('',( #6774 ) ) ;
#11233 = AXIS2_PLACEMENT_3D ( 'NONE', #10991, #5649, #270 ) ;
#11234 = FILL_AREA_STYLE ('',( #11198 ) ) ;
#11235 = DIRECTION ( 'NONE',  ( 0.0000000000000000000, -1.000000000000000000, -0.0000000000000000000 ) ) ;
#11236 =( NAMED_UNIT ( * ) SI_UNIT ( $, .STERADIAN. ) SOLID_ANGLE_UNIT ( ) );
#11237 = LINE ( 'NONE', #1386, #4096 ) ;
#11238 = CARTESIAN_POINT ( 'NONE',  ( 0.0000000000000000000, -0.1499999999999999900, 0.1799999999999999900 ) ) ;
#11239 = EDGE_CURVE ( 'NONE', #182, #2297, #1767, .T. ) ;
#11240 = VERTEX_POINT ( 'NONE', #1772 ) ;
#11241 =( NAMED_UNIT ( * ) PLANE_ANGLE_UNIT ( ) SI_UNIT ( $, .RADIAN. ) );
#11242 = EDGE_CURVE ( 'NONE', #4333, #10763, #6508, .T. ) ;
#11243 =( GEOMETRIC_REPRESENTATION_CONTEXT ( 3 ) GLOBAL_UNCERTAINTY_ASSIGNED_CONTEXT ( ( #1053 ) ) GLOBAL_UNIT_ASSIGNED_CONTEXT ( ( #1802, #8049, #2709 ) ) REPRESENTATION_CONTEXT ( 'NONE', 'WORKASPACE' ) );
#11244 = EDGE_CURVE ( 'NONE', #11629, #11190, #6240, .T. ) ;
#11245 =( NAMED_UNIT ( * ) SI_UNIT ( $, .STERADIAN. ) SOLID_ANGLE_UNIT ( ) );
#11246 = AXIS2_PLACEMENT_3D ( 'NONE', #8867, #3530, #9783 ) ;
#11247 = FACE_OUTER_BOUND ( 'NONE', #807, .T. ) ;
#11248 = SURFACE_STYLE_USAGE ( .BOTH. , #11207 ) ;
#11249 = DIRECTION ( 'NONE',  ( 0.9980449639169569600, -0.06250000000000091600, 0.0000000000000000000 ) ) ;
#11250 = VERTEX_POINT ( 'NONE', #3594 ) ;
#11251 = LINE ( 'NONE', #5646, #6219 ) ;
#11252 = FILL_AREA_STYLE_COLOUR ( '', #8458 ) ;
#11253 = SURFACE_STYLE_FILL_AREA ( #1461 ) ;
#11254 = DIRECTION ( 'NONE',  ( 0.0000000000000000000, 1.000000000000000000, 0.0000000000000000000 ) ) ;
#11255 = CARTESIAN_POINT ( 'NONE',  ( 0.1270000000000000000, -0.07619999999999999000, 0.0000000000000000000 ) ) ;
#11256 = PRESENTATION_STYLE_ASSIGNMENT (( #9212 ) ) ;
#11257 =( NAMED_UNIT ( * ) SI_UNIT ( $, .STERADIAN. ) SOLID_ANGLE_UNIT ( ) );
#11258 = CARTESIAN_POINT ( 'NONE',  ( 0.8000000000000000400, -0.3499999999999999800, 0.1600000000000000000 ) ) ;
#11259 = ORIENTED_EDGE ( 'NONE', *, *, #10265, .T. ) ;
#11260 = APPLICATION_PROTOCOL_DEFINITION ( 'draft international standard', 'automotive_design', 1998, #5017 ) ;
#11261 = PRESENTATION_LAYER_ASSIGNMENT (  '', '', ( #248 ) ) ;
#11262 = CARTESIAN_POINT ( 'NONE',  ( 0.7960104076400859000, -0.1540413993313948200, 0.1756568542494922900 ) ) ;
#11263 = EDGE_CURVE ( 'NONE', #8789, #6854, #11000, .T. ) ;
#11264 =( LENGTH_UNIT ( ) NAMED_UNIT ( * ) SI_UNIT ( .MILLI., .METRE. ) );
#11265 =( GEOMETRIC_REPRESENTATION_CONTEXT ( 3 ) GLOBAL_UNCERTAINTY_ASSIGNED_CONTEXT ( ( #9429 ) ) GLOBAL_UNIT_ASSIGNED_CONTEXT ( ( #10426, #5076, #11331 ) ) REPRESENTATION_CONTEXT ( 'NONE', 'WORKASPACE' ) );
#11266 = MECHANICAL_DESIGN_GEOMETRIC_PRESENTATION_REPRESENTATION (  '', ( #10095 ), #251 ) ;
#11267 = CARTESIAN_POINT ( 'NONE',  ( -0.4688251361883972700, 0.3817457901632269600, 0.5620027708954583600 ) ) ;
#11268 = FACE_OUTER_BOUND ( 'NONE', #10382, .T. ) ;
#11269 =( NAMED_UNIT ( * ) PLANE_ANGLE_UNIT ( ) SI_UNIT ( $, .RADIAN. ) );
#11270 =( GEOMETRIC_REPRESENTATION_CONTEXT ( 3 ) GLOBAL_UNCERTAINTY_ASSIGNED_CONTEXT ( ( #6418 ) ) GLOBAL_UNIT_ASSIGNED_CONTEXT ( ( #2711, #8964, #3618 ) ) REPRESENTATION_CONTEXT ( 'NONE', 'WORKASPACE' ) );
#11271 = DIRECTION ( 'NONE',  ( -0.1209742911513541400, -0.1209742911513541400, 0.9852565360152932800 ) ) ;
#11272 = FILL_AREA_STYLE_COLOUR ( '', #10172 ) ;
#11273 = CARTESIAN_POINT ( 'NONE',  ( 0.7993186015948875500, 0.1593066545647690800, 0.005161971817533279400 ) ) ;
#11274 = PRODUCT_DEFINITION_SHAPE ( 'NONE', 'NONE',  #2940 ) ;
#11275 = ORIENTED_EDGE ( 'NONE', *, *, #8932, .F. ) ;
#11276 = CIRCLE ( 'NONE', #6394, 0.01000000000000000000 ) ;
#11277 = CARTESIAN_POINT ( 'NONE',  ( -0.6500000000000000200, -0.08357113787613317000, 0.004142135623730989500 ) ) ;
#11278 = FACE_OUTER_BOUND ( 'NONE', #7093, .T. ) ;
#11279 = CARTESIAN_POINT ( 'NONE',  ( -0.7983293621280291900, 0.1565101149028555700, 0.1756568542494925900 ) ) ;
#11280 =( NAMED_UNIT ( * ) PLANE_ANGLE_UNIT ( ) SI_UNIT ( $, .RADIAN. ) );
#11281 =( NAMED_UNIT ( * ) PLANE_ANGLE_UNIT ( ) SI_UNIT ( $, .RADIAN. ) );
#11282 = ORIENTED_EDGE ( 'NONE', *, *, #3716, .T. ) ;
#11283 = CARTESIAN_POINT ( 'NONE',  ( -0.8000000000000000400, -0.3500000000000000300, 0.01000000000000000000 ) ) ;
#11284 = UNCERTAINTY_MEASURE_WITH_UNIT (LENGTH_MEASURE( 1.000000000000000100E-005 ), #5053, 'distance_accuracy_value', 'NONE');
#11285 = CIRCLE ( 'NONE', #3841, 0.009999999999999998500 ) ;
#11286 = VERTEX_POINT ( 'NONE', #7144 ) ;
#11287 = ORIENTED_EDGE ( 'NONE', *, *, #4137, .T. ) ;
#11288 = PRESENTATION_LAYER_ASSIGNMENT (  '', '', ( #9491 ) ) ;
#11289 = FACE_OUTER_BOUND ( 'NONE', #9868, .T. ) ;
#11290 =( NAMED_UNIT ( * ) PLANE_ANGLE_UNIT ( ) SI_UNIT ( $, .RADIAN. ) );
#11291 = DIRECTION ( 'NONE',  ( 0.9980449639169570700, 0.06249999999999946600, 0.0000000000000000000 ) ) ;
#11292 = EDGE_LOOP ( 'NONE', ( #6109, #7486, #2574, #4589 ) ) ;
#11293 = FACE_OUTER_BOUND ( 'NONE', #7497, .T. ) ;
#11294 = LINE ( 'NONE', #3832, #1779 ) ;
#11295 =( LENGTH_UNIT ( ) NAMED_UNIT ( * ) SI_UNIT ( .MILLI., .METRE. ) );
#11296 = VECTOR ( 'NONE', #7539, 1000.000000000000000 ) ;
#11298 =( NAMED_UNIT ( * ) PLANE_ANGLE_UNIT ( ) SI_UNIT ( $, .RADIAN. ) );
#11297 = LINE ( 'NONE', #8596, #8926 ) ;
#11299 = ADVANCED_FACE ( 'NONE', ( #1458 ), #4538, .T. ) ;
#11300 = ADVANCED_FACE ( 'NONE', ( #5436 ), #7513, .T. ) ;
#11301 = ORIENTED_EDGE ( 'NONE', *, *, #3993, .T. ) ;
#11302 = UNCERTAINTY_MEASURE_WITH_UNIT (LENGTH_MEASURE( 1.000000000000000100E-005 ), #2453, 'distance_accuracy_value', 'NONE');
#11303 =( LENGTH_UNIT ( ) NAMED_UNIT ( * ) SI_UNIT ( .MILLI., .METRE. ) );
#11304 = ORIENTED_EDGE ( 'NONE', *, *, #11400, .F. ) ;
#11305 = DIRECTION ( 'NONE',  ( 1.000000000000000000, 0.0000000000000000000, 0.0000000000000000000 ) ) ;
#11306 = ORIENTED_EDGE ( 'NONE', *, *, #8910, .T. ) ;
#11307 = LINE ( 'NONE', #1863, #8629 ) ;
#11308 = FACE_OUTER_BOUND ( 'NONE', #298, .T. ) ;
#11309 = EDGE_CURVE ( 'NONE', #8341, #1631, #11436, .T. ) ;
#11310 = ORIENTED_EDGE ( 'NONE', *, *, #7150, .F. ) ;
#11311 = AXIS2_PLACEMENT_3D ( 'NONE', #4543, #4509, #3816 ) ;
#11312 = DIRECTION ( 'NONE',  ( -1.224646799147353200E-016, 1.000000000000000000, -0.0000000000000000000 ) ) ;
#11313 = STYLED_ITEM ( 'NONE', ( #3027 ), #11300 ) ;
#11314 = APPLICATION_PROTOCOL_DEFINITION ( 'draft international standard', 'automotive_design', 1998, #3215 ) ;
#11316 = SURFACE_STYLE_USAGE ( .BOTH. , #5062 ) ;
#11315 = PRESENTATION_LAYER_ASSIGNMENT (  '', '', ( #10126 ) ) ;
#11317 = CARTESIAN_POINT ( 'NONE',  ( -0.4063967376778782600, 0.3817457901632270200, 0.6118227751711619000 ) ) ;
#11318 = DIRECTION ( 'NONE',  ( -0.0000000000000000000, 1.000000000000000000, 0.0000000000000000000 ) ) ;
#11319 = MANIFOLD_SOLID_BREP ( 'Imported6', #9197 ) ;
#11320 = ORIENTED_EDGE ( 'NONE', *, *, #11330, .T. ) ;
#11321 = CARTESIAN_POINT ( 'NONE',  ( 1.581427313591950100, 1.984307814983659700, 0.1000000000000000100 ) ) ;
#11322 = CIRCLE ( 'NONE', #10342, 0.01000000000000000000 ) ;
#11323 = CARTESIAN_POINT ( 'NONE',  ( 0.8043509730773290600, 0.1545795646686655400, 0.01522671478241641900 ) ) ;
#11324 = DIRECTION ( 'NONE',  ( 0.0000000000000000000, 0.0000000000000000000, -1.000000000000000000 ) ) ;
#11325 = CARTESIAN_POINT ( 'NONE',  ( 0.4000000000000000800, 0.1850000000000000000, 0.03000000000000000200 ) ) ;
#11326 = CARTESIAN_POINT ( 'NONE',  ( -0.7906250000000001300, -0.1497067445875435400, 0.004142135623730989500 ) ) ;
#11327 = EDGE_CURVE ( 'NONE', #1299, #10474, #5814, .T. ) ;
#11328 = CARTESIAN_POINT ( 'NONE',  ( 1.540103539337589900, 2.014051626326669900, 0.0000000000000000000 ) ) ;
#11329 = PRESENTATION_LAYER_ASSIGNMENT (  '', '', ( #9517 ) ) ;
#11330 = EDGE_CURVE ( 'NONE', #5500, #11161, #8195, .T. ) ;
#11331 =( NAMED_UNIT ( * ) SI_UNIT ( $, .STERADIAN. ) SOLID_ANGLE_UNIT ( ) );
#11332 =( NAMED_UNIT ( * ) PLANE_ANGLE_UNIT ( ) SI_UNIT ( $, .RADIAN. ) );
#11333 = VERTEX_POINT ( 'NONE', #1954 ) ;
#11334 = DIRECTION ( 'NONE',  ( 0.0000000000000000000, -1.000000000000000000, 0.0000000000000000000 ) ) ;
#11335 = VERTEX_POINT ( 'NONE', #9150 ) ;
#11336 = PRODUCT_RELATED_PRODUCT_CATEGORY ( 'part', '', ( #3127 ) ) ;
#11337 = FILL_AREA_STYLE ('',( #8610 ) ) ;
#11338 = CARTESIAN_POINT ( 'NONE',  ( 1.574484039804209900, 2.005443957458690600, 0.1000000000000000100 ) ) ;
#11339 =( LENGTH_UNIT ( ) NAMED_UNIT ( * ) SI_UNIT ( .MILLI., .METRE. ) );
#11340 = VECTOR ( 'NONE', #2627, 1000.000000000000000 ) ;
#11341 =( NAMED_UNIT ( * ) PLANE_ANGLE_UNIT ( ) SI_UNIT ( $, .RADIAN. ) );
#11342 = LINE ( 'NONE', #7300, #6558 ) ;
#11343 = PRESENTATION_STYLE_ASSIGNMENT (( #3545 ) ) ;
#11344 = UNCERTAINTY_MEASURE_WITH_UNIT (LENGTH_MEASURE( 1.000000000000000100E-005 ), #9129, 'distance_accuracy_value', 'NONE');
#11345 =( NAMED_UNIT ( * ) PLANE_ANGLE_UNIT ( ) SI_UNIT ( $, .RADIAN. ) );
#11346 =( GEOMETRIC_REPRESENTATION_CONTEXT ( 3 ) GLOBAL_UNCERTAINTY_ASSIGNED_CONTEXT ( ( #4583 ) ) GLOBAL_UNIT_ASSIGNED_CONTEXT ( ( #10220, #1831, #7124 ) ) REPRESENTATION_CONTEXT ( 'NONE', 'WORKASPACE' ) );
#11347 = EDGE_CURVE ( 'NONE', #1941, #11154, #5567, .T. ) ;
#11348 = SURFACE_STYLE_USAGE ( .BOTH. , #7433 ) ;
#11349 = AXIS2_PLACEMENT_3D ( 'NONE', #9904, #4552, #10793 ) ;
#11350 = MECHANICAL_DESIGN_GEOMETRIC_PRESENTATION_REPRESENTATION (  '', ( #9535 ), #309 ) ;
#11351 = LINE ( 'NONE', #3574, #4209 ) ;
#11352 = CARTESIAN_POINT ( 'NONE',  ( 0.7960104076400856800, -0.1540413993313948200, 0.004343145750507605400 ) ) ;
#11353 = ORIENTED_EDGE ( 'NONE', *, *, #8004, .T. ) ;
#11354 =( NAMED_UNIT ( * ) PLANE_ANGLE_UNIT ( ) SI_UNIT ( $, .RADIAN. ) );
#11355 = VERTEX_POINT ( 'NONE', #10958 ) ;
#11356 = VERTEX_POINT ( 'NONE', #6484 ) ;
#11357 =( NAMED_UNIT ( * ) PLANE_ANGLE_UNIT ( ) SI_UNIT ( $, .RADIAN. ) );
#11358 = CARTESIAN_POINT ( 'NONE',  ( -0.07619999999999999000, 0.07619999999999999000, 0.002000000000000000900 ) ) ;
#11359 = CARTESIAN_POINT ( 'NONE',  ( -0.4327635161968224600, 0.3139777154520824200, 0.6448624302404415400 ) ) ;
#11360 = FILL_AREA_STYLE ('',( #5107 ) ) ;
#11361 = FILL_AREA_STYLE_COLOUR ( '', #6921 ) ;
#11362 = ORIENTED_EDGE ( 'NONE', *, *, #9298, .F. ) ;
#11363 = CARTESIAN_POINT ( 'NONE',  ( 0.7959945797752959700, 0.1456835046669548700, 0.01522671478241651900 ) ) ;
#11364 = ADVANCED_FACE ( 'NONE', ( #775 ), #236, .T. ) ;
#11365 = ADVANCED_FACE ( 'NONE', ( #9440 ), #1132, .T. ) ;
#11366 = EDGE_LOOP ( 'NONE', ( #356, #11544, #1904, #3498, #2860, #5006 ) ) ;
#11367 = MECHANICAL_DESIGN_GEOMETRIC_PRESENTATION_REPRESENTATION (  '', ( #9553 ), #324 ) ;
#11368 =( NAMED_UNIT ( * ) PLANE_ANGLE_UNIT ( ) SI_UNIT ( $, .RADIAN. ) );
#11369 =( NAMED_UNIT ( * ) PLANE_ANGLE_UNIT ( ) SI_UNIT ( $, .RADIAN. ) );
#11370 = PRESENTATION_STYLE_ASSIGNMENT (( #1713 ) ) ;
#11371 = AXIS2_PLACEMENT_3D ( 'NONE', #9329, #3986, #10251 ) ;
#11372 = DIRECTION ( 'NONE',  ( 0.0000000000000000000, 0.0000000000000000000, 1.000000000000000000 ) ) ;
#11373 = ADVANCED_FACE ( 'NONE', ( #8586 ), #1316, .F. ) ;
#11374 = FILL_AREA_STYLE ('',( #5117 ) ) ;
#11375 = CARTESIAN_POINT ( 'NONE',  ( 0.8000000000000000400, -0.4000000000000000200, 0.1700000000000000100 ) ) ;
#11376 = DIRECTION ( 'NONE',  ( 1.000000000000000000, 0.0000000000000000000, 0.0000000000000000000 ) ) ;
#11377 = EDGE_LOOP ( 'NONE', ( #2791, #7313, #433, #152 ) ) ;
#11378 = DIRECTION ( 'NONE',  ( 1.000000000000000000, 0.0000000000000000000, 0.0000000000000000000 ) ) ;
#11379 = UNCERTAINTY_MEASURE_WITH_UNIT (LENGTH_MEASURE( 1.000000000000000100E-005 ), #347, 'distance_accuracy_value', 'NONE');
#11380 = ORIENTED_EDGE ( 'NONE', *, *, #1739, .T. ) ;
#11381 = DIRECTION ( 'NONE',  ( 0.0000000000000000000, -0.0000000000000000000, 1.000000000000000000 ) ) ;
#11382 = CARTESIAN_POINT ( 'NONE',  ( 1.576253893906949900, 2.011910732064920100, 0.1000000000000000100 ) ) ;
#11383 = DIRECTION ( 'NONE',  ( 0.0000000000000000000, 0.0000000000000000000, -1.000000000000000000 ) ) ;
#11384 =( NAMED_UNIT ( * ) SI_UNIT ( $, .STERADIAN. ) SOLID_ANGLE_UNIT ( ) );
#11385 = EDGE_CURVE ( 'NONE', #3592, #2252, #624, .T. ) ;
#11386 = SURFACE_SIDE_STYLE ('',( #11127 ) ) ;
#11387 = CONTEXT_DEPENDENT_SHAPE_REPRESENTATION ( #8678, #4160 ) ;
#11388 = MECHANICAL_DESIGN_GEOMETRIC_PRESENTATION_REPRESENTATION (  '', ( #10188 ), #341 ) ;
#11389 = VERTEX_POINT ( 'NONE', #3063 ) ;
#11390 = STYLED_ITEM ( 'NONE', ( #7595 ), #7689 ) ;
#11391 = UNCERTAINTY_MEASURE_WITH_UNIT (LENGTH_MEASURE( 1.000000000000000100E-005 ), #2863, 'distance_accuracy_value', 'NONE');
#11392 = PRESENTATION_STYLE_ASSIGNMENT (( #8254 ) ) ;
#11393 = CIRCLE ( 'NONE', #5309, 0.02999999999999997100 ) ;
#11394 = PRESENTATION_STYLE_ASSIGNMENT (( #4596 ) ) ;
#11395 = FILL_AREA_STYLE ('',( #10496 ) ) ;
#11396 = SURFACE_SIDE_STYLE ('',( #6952 ) ) ;
#11397 = VERTEX_POINT ( 'NONE', #3957 ) ;
#11398 = CARTESIAN_POINT ( 'NONE',  ( -0.4944304232934480500, 0.3207392495628430000, 0.6095187945355145000 ) ) ;
#11399 = VECTOR ( 'NONE', #4219, 1000.000000000000000 ) ;
#11400 = EDGE_CURVE ( 'NONE', #3109, #3252, #5128, .T. ) ;
#11401 = CARTESIAN_POINT ( 'NONE',  ( -0.7960104076400860200, 0.1540413993313951300, 0.004343145750507623600 ) ) ;
#11402 = ORIENTED_EDGE ( 'NONE', *, *, #1425, .T. ) ;
#11404 = CARTESIAN_POINT ( 'NONE',  ( 0.7964615228356259900, 0.1491957449593051000, 0.1703413634112842500 ) ) ;
#11403 = FACE_OUTER_BOUND ( 'NONE', #7948, .T. ) ;
#11405 = SURFACE_STYLE_FILL_AREA ( #1117 ) ;
#11406 = CARTESIAN_POINT ( 'NONE',  ( 0.7909622082928543500, 0.1504105945630585300, 0.005161971817533292400 ) ) ;
#11407 = PRESENTATION_LAYER_ASSIGNMENT (  '', '', ( #9596 ) ) ;
#11408 =( LENGTH_UNIT ( ) NAMED_UNIT ( * ) SI_UNIT ( .MILLI., .METRE. ) );
#11409 = CARTESIAN_POINT ( 'NONE',  ( 0.4000000000000000200, -0.3499999999999999800, 0.02000000000000000000 ) ) ;
#11410 = FACE_OUTER_BOUND ( 'NONE', #7803, .T. ) ;
#11411 = CARTESIAN_POINT ( 'NONE',  ( -0.4000000000000000200, 0.3499999999999999800, 0.0000000000000000000 ) ) ;
#11412 = VECTOR ( 'NONE', #10706, 1000.000000000000000 ) ;
#11413 = ORIENTED_EDGE ( 'NONE', *, *, #3598, .F. ) ;
#11414 = SURFACE_STYLE_FILL_AREA ( #9244 ) ;
#11415 = FACE_OUTER_BOUND ( 'NONE', #6398, .T. ) ;
#11416 = ORIENTED_EDGE ( 'NONE', *, *, #4662, .T. ) ;
#11417 = CARTESIAN_POINT ( 'NONE',  ( 0.8000000000000000400, 0.4000000000000000200, 0.0000000000000000000 ) ) ;
#11418 = FACE_OUTER_BOUND ( 'NONE', #6514, .T. ) ;
#11419 = DIRECTION ( 'NONE',  ( -1.000000000000000000, -0.0000000000000000000, 0.0000000000000000000 ) ) ;
#11420 = EDGE_CURVE ( 'NONE', #6327, #4021, #9891, .T. ) ;
#11421 = DIRECTION ( 'NONE',  ( -0.0000000000000000000, -0.0000000000000000000, -1.000000000000000000 ) ) ;
#11422 = EDGE_CURVE ( 'NONE', #11389, #6824, #7741, .T. ) ;
#11423 = DIRECTION ( 'NONE',  ( 0.0000000000000000000, 0.0000000000000000000, 1.000000000000000000 ) ) ;
#11424 = STYLED_ITEM ( 'NONE', ( #1611 ), #5350 ) ;
#11425 = CARTESIAN_POINT ( 'NONE',  ( -0.6500000000000000200, -0.08357113787613314200, 0.01000000000000000000 ) ) ;
#11426 = DIRECTION ( 'NONE',  ( -0.0000000000000000000, -1.000000000000000000, -0.0000000000000000000 ) ) ;
#11427 = ADVANCED_FACE ( 'NONE', ( #335 ), #6369, .T. ) ;
#11428 = PLANE ( 'NONE',  #534 ) ;
#11429 = ADVANCED_FACE ( 'NONE', ( #1889 ), #3150, .T. ) ;
#11430 = ORIENTED_EDGE ( 'NONE', *, *, #11222, .F. ) ;
#11431 = SURFACE_STYLE_FILL_AREA ( #7070 ) ;
#11432 = CARTESIAN_POINT ( 'NONE',  ( 1.502323961374810100, 1.980050006160170200, 0.0000000000000000000 ) ) ;
#11433 = LINE ( 'NONE', #3640, #9039 ) ;
#11434 =( NAMED_UNIT ( * ) PLANE_ANGLE_UNIT ( ) SI_UNIT ( $, .RADIAN. ) );
#11435 = PRESENTATION_STYLE_ASSIGNMENT (( #6873 ) ) ;
#11436 = LINE ( 'NONE', #1067, #2164 ) ;
#11437 = CARTESIAN_POINT ( 'NONE',  ( -0.8000000000000000400, 0.1596871942267129900, 0.1700000000000000100 ) ) ;
#11438 = FILL_AREA_STYLE ('',( #9625 ) ) ;
#11439 = ORIENTED_EDGE ( 'NONE', *, *, #3927, .T. ) ;
#11440 = MECHANICAL_DESIGN_GEOMETRIC_PRESENTATION_REPRESENTATION (  '', ( #10236 ), #397 ) ;
#11441 = CARTESIAN_POINT ( 'NONE',  ( 0.4000000000000000800, -0.1850000000000000000, 0.02000000000000000000 ) ) ;
#11442 = EDGE_CURVE ( 'NONE', #39, #2850, #7899, .T. ) ;
#11443 = SURFACE_SIDE_STYLE ('',( #3760 ) ) ;
#11444 = ORIENTED_EDGE ( 'NONE', *, *, #2422, .F. ) ;
#11445 = AXIS2_PLACEMENT_3D ( 'NONE', #2142, #4824, #8400 ) ;
#11446 = AXIS2_PLACEMENT_3D ( 'NONE', #5322, #11565, #6183 ) ;
#11447 = CARTESIAN_POINT ( 'NONE',  ( -0.4744183792393808500, 0.3721743422346438000, 0.5844421234396296500 ) ) ;
#11448 = STYLED_ITEM ( 'NONE', ( #11343 ), #9405 ) ;
#11449 = CARTESIAN_POINT ( 'NONE',  ( -0.8056983668750095100, 0.1559519779327383500, 0.01986108859747536300 ) ) ;
#11450 = LINE ( 'NONE', #11196, #4306 ) ;
#11451 = CARTESIAN_POINT ( 'NONE',  ( 0.7700000000000000200, -0.4000000000000000200, 0.0000000000000000000 ) ) ;
#11452 = UNCERTAINTY_MEASURE_WITH_UNIT (LENGTH_MEASURE( 1.000000000000000100E-005 ), #8545, 'distance_accuracy_value', 'NONE');
#11453 = ORIENTED_EDGE ( 'NONE', *, *, #2848, .T. ) ;
#11454 = EDGE_LOOP ( 'NONE', ( #8798, #8544, #7941, #2664, #1716, #8227 ) ) ;
#11455 = ORIENTED_EDGE ( 'NONE', *, *, #7182, .T. ) ;
#11456 = VECTOR ( 'NONE', #10771, 1000.000000000000000 ) ;
#11457 = CARTESIAN_POINT ( 'NONE',  ( -0.7072172467139158400, 0.1444835484702852700, 0.004142135623730999900 ) ) ;
#11458 =( NAMED_UNIT ( * ) PLANE_ANGLE_UNIT ( ) SI_UNIT ( $, .RADIAN. ) );
#11459 = ORIENTED_EDGE ( 'NONE', *, *, #4883, .F. ) ;
#11460 = VECTOR ( 'NONE', #3795, 1000.000000000000000 ) ;
#11461 = PRESENTATION_STYLE_ASSIGNMENT (( #8664 ) ) ;
#11462 = CARTESIAN_POINT ( 'NONE',  ( -0.8000000000000000400, 0.1749999999999999900, 0.1600000000000000000 ) ) ;
#11463 = EDGE_LOOP ( 'NONE', ( #8299, #3727, #3943, #4581 ) ) ;
#11464 = CIRCLE ( 'NONE', #1543, 0.01000000000000000200 ) ;
#11465 = DIRECTION ( 'NONE',  ( -0.0000000000000000000, 0.0000000000000000000, -1.000000000000000000 ) ) ;
#11466 = MECHANICAL_DESIGN_GEOMETRIC_PRESENTATION_REPRESENTATION (  '', ( #10255 ), #414 ) ;
#11467 = ORIENTED_EDGE ( 'NONE', *, *, #5834, .F. ) ;
#11468 =( LENGTH_UNIT ( ) NAMED_UNIT ( * ) SI_UNIT ( .MILLI., .METRE. ) );
#11469 = SURFACE_SIDE_STYLE ('',( #10553 ) ) ;
#11470 = UNCERTAINTY_MEASURE_WITH_UNIT (LENGTH_MEASURE( 1.000000000000000100E-005 ), #9211, 'distance_accuracy_value', 'NONE');
#11471 = AXIS2_PLACEMENT_3D ( 'NONE', #268, #6520, #1160 ) ;
#11472 = ORIENTED_EDGE ( 'NONE', *, *, #10005, .T. ) ;
#11473 = SURFACE_STYLE_FILL_AREA ( #9054 ) ;
#11474 = ORIENTED_EDGE ( 'NONE', *, *, #437, .T. ) ;
#11475 = CARTESIAN_POINT ( 'NONE',  ( -0.6458578643762694600, -1.084202172485504400E-016, 4.776747495901163400E-017 ) ) ;
#11476 = CARTESIAN_POINT ( 'NONE',  ( -0.4870195807110011500, -0.3245170327464610400, 0.6231815624153096400 ) ) ;
#11477 = EDGE_LOOP ( 'NONE', ( #3652, #3672, #966, #1048 ) ) ;
#11478 = DIRECTION ( 'NONE',  ( 0.0000000000000000000, 0.0000000000000000000, -1.000000000000000000 ) ) ;
#11479 = CARTESIAN_POINT ( 'NONE',  ( 0.4000000000000000200, 0.1749999999999999900, 0.02999999999999999900 ) ) ;
#11480 = DIRECTION ( 'NONE',  ( 0.0000000000000000000, 0.0000000000000000000, -1.000000000000000000 ) ) ;
#11481 = EDGE_CURVE ( 'NONE', #3773, #2783, #1054, .T. ) ;
#11482 = DIRECTION ( 'NONE',  ( -0.0000000000000000000, -0.0000000000000000000, -1.000000000000000000 ) ) ;
#11483 = CARTESIAN_POINT ( 'NONE',  ( 0.4000000000000000200, 0.3499999999999999800, 0.1600000000000000000 ) ) ;
#11484 = AXIS2_PLACEMENT_3D ( 'NONE', #10197, #10034, #5640 ) ;
#11485 = ORIENTED_EDGE ( 'NONE', *, *, #6284, .F. ) ;
#11486 = PRESENTATION_STYLE_ASSIGNMENT (( #1224 ) ) ;
#11487 =( LENGTH_UNIT ( ) NAMED_UNIT ( * ) SI_UNIT ( .MILLI., .METRE. ) );
#11488 = DIRECTION ( 'NONE',  ( -1.000000000000000000, 0.0000000000000000000, 0.0000000000000000000 ) ) ;
#11489 =( NAMED_UNIT ( * ) SI_UNIT ( $, .STERADIAN. ) SOLID_ANGLE_UNIT ( ) );
#11490 = CARTESIAN_POINT ( 'NONE',  ( -0.4270360317781711800, 0.3721743422346441300, 0.6222548626645926200 ) ) ;
#11491 = PRESENTATION_STYLE_ASSIGNMENT (( #4639 ) ) ;
#11492 =( NAMED_UNIT ( * ) SI_UNIT ( $, .STERADIAN. ) SOLID_ANGLE_UNIT ( ) );
#11493 = DIRECTION ( 'NONE',  ( 0.0000000000000000000, -0.0000000000000000000, -1.000000000000000000 ) ) ;
#11494 = CARTESIAN_POINT ( 'NONE',  ( 0.7990804081733013900, 0.1621684676773501300, 0.006625171194059534100 ) ) ;
#11495 = ADVANCED_FACE ( 'NONE', ( #10296 ), #8541, .F. ) ;
#11496 = SURFACE_STYLE_FILL_AREA ( #988 ) ;
#11497 = EDGE_CURVE ( 'NONE', #3453, #5243, #6756, .T. ) ;
#11498 =( GEOMETRIC_REPRESENTATION_CONTEXT ( 3 ) GLOBAL_UNCERTAINTY_ASSIGNED_CONTEXT ( ( #6426 ) ) GLOBAL_UNIT_ASSIGNED_CONTEXT ( ( #3461, #9709, #4360 ) ) REPRESENTATION_CONTEXT ( 'NONE', 'WORKASPACE' ) );
#11499 = EDGE_CURVE ( 'NONE', #5651, #5764, #9155, .T. ) ;
#11500 =( NAMED_UNIT ( * ) SI_UNIT ( $, .STERADIAN. ) SOLID_ANGLE_UNIT ( ) );
#11501 = CARTESIAN_POINT ( 'NONE',  ( 1.571284688095939900, 2.014667620237459800, 0.0000000000000000000 ) ) ;
#11502 = PRESENTATION_LAYER_ASSIGNMENT (  '', '', ( #442 ) ) ;
#11503 = DIRECTION ( 'NONE',  ( 1.000000000000000000, 0.0000000000000000000, 0.0000000000000000000 ) ) ;
#11504 = ORIENTED_EDGE ( 'NONE', *, *, #2625, .F. ) ;
#11505 = CYLINDRICAL_SURFACE ( 'NONE', #1672, 0.009999999999999998500 ) ;
#11506 = CARTESIAN_POINT ( 'NONE',  ( -0.7700000000000003500, -0.4000000000000000800, 0.1758578643762690700 ) ) ;
#11507 = PLANE ( 'NONE',  #234 ) ;
#11508 = DIRECTION ( 'NONE',  ( 0.0000000000000000000, 0.0000000000000000000, 1.000000000000000000 ) ) ;
#11509 = VECTOR ( 'NONE', #6250, 1000.000000000000000 ) ;
#11510 = ORIENTED_EDGE ( 'NONE', *, *, #6169, .F. ) ;
#11511 = DIRECTION ( 'NONE',  ( 0.0000000000000000000, 0.0000000000000000000, 1.000000000000000000 ) ) ;
#11512 = ORIENTED_EDGE ( 'NONE', *, *, #1321, .F. ) ;
#11513 = DIRECTION ( 'NONE',  ( 0.6010407640085732000, -0.5645794895318061400, -0.5656854249492343500 ) ) ;
#11514 =( GEOMETRIC_REPRESENTATION_CONTEXT ( 3 ) GLOBAL_UNCERTAINTY_ASSIGNED_CONTEXT ( ( #1602 ) ) GLOBAL_UNIT_ASSIGNED_CONTEXT ( ( #10774, #10729, #10657 ) ) REPRESENTATION_CONTEXT ( 'NONE', 'WORKASPACE' ) );
#11515 = EDGE_CURVE ( 'NONE', #4323, #339, #2293, .T. ) ;
#11516 = VECTOR ( 'NONE', #3769, 1000.000000000000000 ) ;
#11517 = CARTESIAN_POINT ( 'NONE',  ( -0.7900000000000000400, 0.2000000000000000100, 0.1700000000000000100 ) ) ;
#11518 =( GEOMETRIC_REPRESENTATION_CONTEXT ( 3 ) GLOBAL_UNCERTAINTY_ASSIGNED_CONTEXT ( ( #612 ) ) GLOBAL_UNIT_ASSIGNED_CONTEXT ( ( #11122, #5770, #404 ) ) REPRESENTATION_CONTEXT ( 'NONE', 'WORKASPACE' ) );
#11519 = MECHANICAL_DESIGN_GEOMETRIC_PRESENTATION_REPRESENTATION (  '', ( #10306 ), #458 ) ;
#11520 = CARTESIAN_POINT ( 'NONE',  ( 0.0000000000000000000, 0.0000000000000000000, 0.0000000000000000000 ) ) ;
#11521 = DIRECTION ( 'NONE',  ( 1.000000000000000000, 0.0000000000000000000, 0.0000000000000000000 ) ) ;
#11522 = LINE ( 'NONE', #8046, #4663 ) ;
#11523 =( LENGTH_UNIT ( ) NAMED_UNIT ( * ) SI_UNIT ( .MILLI., .METRE. ) );
#11524 = ORIENTED_EDGE ( 'NONE', *, *, #7020, .F. ) ;
#11525 = DIRECTION ( 'NONE',  ( 0.0000000000000000000, 1.000000000000000000, 0.0000000000000000000 ) ) ;
#11526 = CARTESIAN_POINT ( 'NONE',  ( 0.4480549931478379800, -0.2980549931478380100, 0.5999999999999999800 ) ) ;
#11527 = ORIENTED_EDGE ( 'NONE', *, *, #6447, .T. ) ;
#11528 = SURFACE_STYLE_FILL_AREA ( #11395 ) ;
#11529 = EDGE_LOOP ( 'NONE', ( #3890, #7638, #5537, #6794, #11046, #6568, #7270, #10846, #3637, #3536 ) ) ;
#11530 = FILL_AREA_STYLE_COLOUR ( '', #9037 ) ;
#11531 = FILL_AREA_STYLE ('',( #4374 ) ) ;
#11532 = CARTESIAN_POINT ( 'NONE',  ( 0.8056983668750094000, 0.1559519779327384100, 0.01986108859747567200 ) ) ;
#11533 = AXIS2_PLACEMENT_3D ( 'NONE', #2682, #8938, #3591 ) ;
#11534 = ORIENTED_EDGE ( 'NONE', *, *, #9371, .F. ) ;
#11535 = CARTESIAN_POINT ( 'NONE',  ( 1.558006294300130000, 2.014051626326669900, 0.0000000000000000000 ) ) ;
#11536 = DIRECTION ( 'NONE',  ( 0.0000000000000000000, -1.000000000000000000, -0.0000000000000000000 ) ) ;
#11537 = UNCERTAINTY_MEASURE_WITH_UNIT (LENGTH_MEASURE( 1.000000000000000100E-005 ), #903, 'distance_accuracy_value', 'NONE');
#11538 =( GEOMETRIC_REPRESENTATION_CONTEXT ( 3 ) GLOBAL_UNCERTAINTY_ASSIGNED_CONTEXT ( ( #10429 ) ) GLOBAL_UNIT_ASSIGNED_CONTEXT ( ( #5533, #139, #6403 ) ) REPRESENTATION_CONTEXT ( 'NONE', 'WORKASPACE' ) );
#11539 =( NAMED_UNIT ( * ) SI_UNIT ( $, .STERADIAN. ) SOLID_ANGLE_UNIT ( ) );
#11540 = SURFACE_STYLE_USAGE ( .BOTH. , #5285 ) ;
#11541 = DIRECTION ( 'NONE',  ( 1.000000000000000000, 0.0000000000000000000, -0.0000000000000000000 ) ) ;
#11542 = COLOUR_RGB ( '',0.8627450980392157300, 0.6274509803921568500, 0.05882352941176470500 ) ;
#11543 = DIRECTION ( 'NONE',  ( 0.0000000000000000000, -1.000000000000000000, -0.0000000000000000000 ) ) ;
#11544 = ORIENTED_EDGE ( 'NONE', *, *, #4466, .F. ) ;
#11545 = CARTESIAN_POINT ( 'NONE',  ( 1.464646490379500000, 1.980050006160170200, 0.1000000000000000100 ) ) ;
#11546 = LINE ( 'NONE', #9203, #4411 ) ;
#11547 = FILL_AREA_STYLE_COLOUR ( '', #11588 ) ;
#11548 = FACE_OUTER_BOUND ( 'NONE', #10910, .T. ) ;
#11549 = ORIENTED_EDGE ( 'NONE', *, *, #8318, .F. ) ;
#11550 = ADVANCED_FACE ( 'NONE', ( #6488 ), #420, .T. ) ;
#11551 = STYLED_ITEM ( 'NONE', ( #6543 ), #1484 ) ;
#11552 =( NAMED_UNIT ( * ) PLANE_ANGLE_UNIT ( ) SI_UNIT ( $, .RADIAN. ) );
#11553 = AXIS2_PLACEMENT_3D ( 'NONE', #6120, #750, #6997 ) ;
#11554 = CARTESIAN_POINT ( 'NONE',  ( -0.8000000000000001600, 0.3875735931288071300, 0.1700000000000000100 ) ) ;
#11555 = MECHANICAL_DESIGN_GEOMETRIC_PRESENTATION_REPRESENTATION (  '', ( #9745 ), #501 ) ;
#11556 = SURFACE_STYLE_FILL_AREA ( #7064 ) ;
#11557 = ORIENTED_EDGE ( 'NONE', *, *, #10883, .F. ) ;
#11558 = SURFACE_STYLE_FILL_AREA ( #9485 ) ;
#11559 =( NAMED_UNIT ( * ) SI_UNIT ( $, .STERADIAN. ) SOLID_ANGLE_UNIT ( ) );
#11560 = DIRECTION ( 'NONE',  ( -1.000000000000000000, 0.0000000000000000000, 0.0000000000000000000 ) ) ;
#11561 = SURFACE_STYLE_USAGE ( .BOTH. , #5318 ) ;
#11562 = ORIENTED_EDGE ( 'NONE', *, *, #456, .F. ) ;
#11563 = LINE ( 'NONE', #6715, #6744 ) ;
#11564 = PLANE ( 'NONE',  #9469 ) ;
#11565 = DIRECTION ( 'NONE',  ( 0.0000000000000000000, -1.000000000000000000, 0.0000000000000000000 ) ) ;
#11566 = CARTESIAN_POINT ( 'NONE',  ( 0.0000000000000000000, 0.0000000000000000000, 0.0000000000000000000 ) ) ;
#11567 = LINE ( 'NONE', #10037, #4423 ) ;
#11568 = CARTESIAN_POINT ( 'NONE',  ( -0.4470480758322382100, 0.3207392495628433300, 0.6473315337604777000 ) ) ;
#11569 = VECTOR ( 'NONE', #9505, 1000.000000000000000 ) ;
#11570 = CARTESIAN_POINT ( 'NONE',  ( 1.481221854764970000, 1.987367672161970000, 0.0000000000000000000 ) ) ;
#11571 = EDGE_CURVE ( 'NONE', #11629, #3033, #5671, .T. ) ;
#11572 = CARTESIAN_POINT ( 'NONE',  ( -0.4480549931478379800, -0.1846686302124999900, 0.5999999999999999800 ) ) ;
#11573 = AXIS2_PLACEMENT_3D ( 'NONE', #2087, #2212, #2166 ) ;
#11574 =( NAMED_UNIT ( * ) PLANE_ANGLE_UNIT ( ) SI_UNIT ( $, .RADIAN. ) );
#11575 = ORIENTED_EDGE ( 'NONE', *, *, #2387, .T. ) ;
#11576 = UNCERTAINTY_MEASURE_WITH_UNIT (LENGTH_MEASURE( 1.000000000000000100E-005 ), #7339, 'distance_accuracy_value', 'NONE');
#11577 =( GEOMETRIC_REPRESENTATION_CONTEXT ( 3 ) GLOBAL_UNCERTAINTY_ASSIGNED_CONTEXT ( ( #11576 ) ) GLOBAL_UNIT_ASSIGNED_CONTEXT ( ( #7339, #498, #6739 ) ) REPRESENTATION_CONTEXT ( 'NONE', 'WORKASPACE' ) );
#11578 = CARTESIAN_POINT ( 'NONE',  ( 1.599976746015110000, 1.993089014395179800, 0.0000000000000000000 ) ) ;
#11579 = SURFACE_STYLE_USAGE ( .BOTH. , #5337 ) ;
#11580 = CARTESIAN_POINT ( 'NONE',  ( -0.8000000000000000400, -0.1850000000000000000, 0.1499999999999999900 ) ) ;
#11581 = PRESENTATION_STYLE_ASSIGNMENT (( #4872 ) ) ;
#11582 = SURFACE_SIDE_STYLE ('',( #10746 ) ) ;
#11583 = ORIENTED_EDGE ( 'NONE', *, *, #2859, .F. ) ;
#11584 = CARTESIAN_POINT ( 'NONE',  ( -0.7905590169943748100, 0.1507604086910344900, 0.1744721359549995000 ) ) ;
#11585 = EDGE_CURVE ( 'NONE', #9875, #8647, #904, .T. ) ;
#11586 = STYLED_ITEM ( 'NONE', ( #616 ), #5788 ) ;
#11587 = MECHANICAL_DESIGN_GEOMETRIC_PRESENTATION_REPRESENTATION (  '', ( #9790 ), #535 ) ;
#11588 = COLOUR_RGB ( '',0.8627450980392157300, 0.6274509803921568500, 0.05882352941176470500 ) ;
#11589 =( NAMED_UNIT ( * ) SI_UNIT ( $, .STERADIAN. ) SOLID_ANGLE_UNIT ( ) );
#11590 = EDGE_LOOP ( 'NONE', ( #2170, #8334, #9407, #3028 ) ) ;
#11591 =( LENGTH_UNIT ( ) NAMED_UNIT ( * ) SI_UNIT ( .MILLI., .METRE. ) );
#11592 = ORIENTED_EDGE ( 'NONE', *, *, #1537, .T. ) ;
#11593 = CARTESIAN_POINT ( 'NONE',  ( 0.8000000000000000400, 0.0000000000000000000, 0.009999999999999998500 ) ) ;
#11594 = ORIENTED_EDGE ( 'NONE', *, *, #9436, .F. ) ;
#11595 =( NAMED_UNIT ( * ) SI_UNIT ( $, .STERADIAN. ) SOLID_ANGLE_UNIT ( ) );
#11596 = LINE ( 'NONE', #2031, #4462 ) ;
#11597 = CARTESIAN_POINT ( 'NONE',  ( -0.7908984203179008100, -0.1541962812698345600, -0.001242919917975214800 ) ) ;
#11598 = ORIENTED_EDGE ( 'NONE', *, *, #4115, .F. ) ;
#11599 = LINE ( 'NONE', #7421, #2908 ) ;
#11600 =( NAMED_UNIT ( * ) PLANE_ANGLE_UNIT ( ) SI_UNIT ( $, .RADIAN. ) );
#11601 = CARTESIAN_POINT ( 'NONE',  ( 0.7900000000000001500, -0.1596871942267130100, 0.1800000000000000200 ) ) ;
#11602 = SURFACE_STYLE_FILL_AREA ( #2818 ) ;
#11603 = VECTOR ( 'NONE', #1439, 1000.000000000000000 ) ;
#11604 =( GEOMETRIC_REPRESENTATION_CONTEXT ( 3 ) GLOBAL_UNCERTAINTY_ASSIGNED_CONTEXT ( ( #9816 ) ) GLOBAL_UNIT_ASSIGNED_CONTEXT ( ( #6850, #6810, #6765 ) ) REPRESENTATION_CONTEXT ( 'NONE', 'WORKASPACE' ) );
#11605 = CARTESIAN_POINT ( 'NONE',  ( -0.4480549931478379800, -0.3199665622654158700, 0.6449431100259606100 ) ) ;
#11606 = B_SPLINE_CURVE_WITH_KNOTS ( 'NONE', 2,
 ( #1979, #8274, #3826, #10106 ),
 .UNSPECIFIED., .F., .F.,
 ( 3, 1, 3 ),
 ( 0.0000000000000000000, 7.590794854212232100E-006, 1.518158970842446400E-005 ),
 .UNSPECIFIED. ) ;
#11607 = DIRECTION ( 'NONE',  ( 0.0000000000000000000, 1.000000000000000000, 0.0000000000000000000 ) ) ;
#11608 = DIRECTION ( 'NONE',  ( 0.0000000000000000000, 0.0000000000000000000, 1.000000000000000000 ) ) ;
#11609 = MECHANICAL_DESIGN_GEOMETRIC_PRESENTATION_REPRESENTATION (  '', ( #10386 ), #553 ) ;
#11610 = COLOUR_RGB ( '',0.0000000000000000000, 0.7019607843137254400, 0.9803921568627450600 ) ;
#11611 = ORIENTED_EDGE ( 'NONE', *, *, #2862, .T. ) ;
#11612 = ORIENTED_EDGE ( 'NONE', *, *, #4290, .F. ) ;
#11613 = DIRECTION ( 'NONE',  ( 1.000000000000000000, 0.0000000000000000000, 0.0000000000000000000 ) ) ;
#11614 = AXIS2_PLACEMENT_3D ( 'NONE', #11030, #5676, #295 ) ;
#11615 = PRESENTATION_STYLE_ASSIGNMENT (( #6091 ) ) ;
#11616 = CARTESIAN_POINT ( 'NONE',  ( 0.7900000000000000400, 0.1596871942267129900, 0.1800000000000000200 ) ) ;
#11617 = ORIENTED_EDGE ( 'NONE', *, *, #4799, .F. ) ;
#11618 = ORIENTED_EDGE ( 'NONE', *, *, #4614, .F. ) ;
#11619 = CIRCLE ( 'NONE', #7908, 0.01000000000000002600 ) ;
#11620 = DIRECTION ( 'NONE',  ( 0.5292407919724593200, -0.5292407919724571000, 0.6631804944543608900 ) ) ;
#11622 = ADVANCED_FACE ( 'NONE', ( #7730 ), #6905, .F. ) ;
#11621 = ORIENTED_EDGE ( 'NONE', *, *, #11160, .T. ) ;
#11623 = CARTESIAN_POINT ( 'NONE',  ( -0.8000000000000000400, 0.1749999999999999900, 0.1600000000000000000 ) ) ;
#11624 = DIRECTION ( 'NONE',  ( 0.0000000000000000000, -0.0000000000000000000, 1.000000000000000000 ) ) ;
#11625 = CARTESIAN_POINT ( 'NONE',  ( -0.07619999999999999000, -0.07619999999999999000, 0.002000000000000000900 ) ) ;
#11626 = UNCERTAINTY_MEASURE_WITH_UNIT (LENGTH_MEASURE( 1.000000000000000100E-005 ), #10357, 'distance_accuracy_value', 'NONE');
#11627 = PLANE ( 'NONE',  #2217 ) ;
#11628 = ORIENTED_EDGE ( 'NONE', *, *, #999, .T. ) ;
#11629 = VERTEX_POINT ( 'NONE', #11437 ) ;
#11630 = EDGE_CURVE ( 'NONE', #10933, #3880, #59, .T. ) ;
#11631 = CARTESIAN_POINT ( 'NONE',  ( 0.4000000000000000200, 0.3499999999999999800, 0.0000000000000000000 ) ) ;
#11632 = CARTESIAN_POINT ( 'NONE',  ( 0.7880911030393222800, 0.1504694589883744100, 0.006625171194059536700 ) ) ;
#11633 = PRESENTATION_LAYER_ASSIGNMENT (  '', '', ( #10998 ) ) ;
#11634 = CARTESIAN_POINT ( 'NONE',  ( 1.605856330198040000, 1.980359679117640300, 0.0000000000000000000 ) ) ;
#11635 =( LENGTH_UNIT ( ) NAMED_UNIT ( * ) SI_UNIT ( .MILLI., .METRE. ) );
#11636 = FILL_AREA_STYLE_COLOUR ( '', #7714 ) ;
#11637 = NEXT_ASSEMBLY_USAGE_OCCURRENCE ( 'NAUO1', ' ', ' ', #5369, #4123, $ ) ;
#11638 = NEXT_ASSEMBLY_USAGE_OCCURRENCE ( 'NAUO2', ' ', ' ', #5369, #3558, $ ) ;
#11639 = NEXT_ASSEMBLY_USAGE_OCCURRENCE ( 'NAUO3', ' ', ' ', #5369, #2940, $ ) ;
#11640 = NEXT_ASSEMBLY_USAGE_OCCURRENCE ( 'NAUO4', ' ', ' ', #5369, #2320, $ ) ;
#11641 = NEXT_ASSEMBLY_USAGE_OCCURRENCE ( 'NAUO5', ' ', ' ', #5369, #1728, $ ) ;
ENDSEC;
END-ISO-10303-21;
