ISO-10303-21;
HEADER;
FILE_DESCRIPTION (( 'STEP AP214' ),
    '1' );
FILE_NAME ('SMBJ22A.STEP',
    '2024-09-08T14:12:36',
    ( '' ),
    ( '' ),
    'SwSTEP 2.0',
    'SolidWorks 2023',
    '' );
FILE_SCHEMA (( 'AUTOMOTIVE_DESIGN' ));
ENDSEC;

DATA;
#1 = DIRECTION ( 'NONE',  ( -1.000000000000000000, 0.000000000000000000, 0.000000000000000000 ) ) ;
#2 = VERTEX_POINT ( 'NONE', #2404 ) ;
#3 = AXIS2_PLACEMENT_3D ( 'NONE', #2920, #1424, #2344 ) ;
#4 = COLOUR_RGB ( '',0.2862745098039215508, 0.2862745098039215508, 0.2862745098039215508 ) ;
#5 = EDGE_CURVE ( 'NONE', #359, #3252, #602, .T. ) ;
#6 = VERTEX_POINT ( 'NONE', #301 ) ;
#7 = AXIS2_PLACEMENT_3D ( 'NONE', #642, #3078, #1282 ) ;
#8 = FACE_OUTER_BOUND ( 'NONE', #323, .T. ) ;
#9 =( BOUNDED_CURVE ( )  B_SPLINE_CURVE ( 3, ( #2781, #1195, #3040, #3411 ),
 .UNSPECIFIED., .F., .T. ) 
 B_SPLINE_CURVE_WITH_KNOTS ( ( 4, 4 ),
 ( 5.503257793452760005, 7.063112820906419564 ),
 .UNSPECIFIED. ) 
 CURVE ( )  GEOMETRIC_REPRESENTATION_ITEM ( )  RATIONAL_B_SPLINE_CURVE ( ( 1.000000000000000000, 0.8073096761657769793, 0.8073096761657769793, 1.000000000000000000 ) ) 
 REPRESENTATION_ITEM ( '' )  );
#10 = CARTESIAN_POINT ( 'NONE',  ( -1.495571375384064705, 1.668503090407926104, -1.173499999999999543 ) ) ;
#11 = SURFACE_STYLE_USAGE ( .BOTH. , #1892 ) ;
#12 = DIRECTION ( 'NONE',  ( -0.000000000000000000, -1.000000000000000000, -0.000000000000000000 ) ) ;
#13 = DIRECTION ( 'NONE',  ( -0.000000000000000000, -1.000000000000000000, -0.000000000000000000 ) ) ;
#14 = DIRECTION ( 'NONE',  ( -1.000000000000000000, -3.958838170426965825E-17, 3.766582916872981431E-16 ) ) ;
#15 = AXIS2_PLACEMENT_3D ( 'NONE', #141, #2880, #1100 ) ;
#16 = VERTEX_POINT ( 'NONE', #2387 ) ;
#17 = DIRECTION ( 'NONE',  ( 0.000000000000000000, 0.000000000000000000, -1.000000000000000000 ) ) ;
#18 =( LENGTH_UNIT ( ) NAMED_UNIT ( * ) SI_UNIT ( .MILLI., .METRE. ) );
#19 = AXIS2_PLACEMENT_3D ( 'NONE', #3644, #1147, #847 ) ;
#20 = SURFACE_SIDE_STYLE ('',( #425 ) ) ;
#21 = VERTEX_POINT ( 'NONE', #3592 ) ;
#22 = ORIENTED_EDGE ( 'NONE', *, *, #519, .T. ) ;
#23 = ADVANCED_FACE ( 'NONE', ( #856 ), #2094, .T. ) ;
#24 = CARTESIAN_POINT ( 'NONE',  ( -2.172500000000000320, -1.780000000000000249, 0.1142500000000000043 ) ) ;
#25 = ORIENTED_EDGE ( 'NONE', *, *, #3002, .T. ) ;
#26 = LINE ( 'NONE', #73, #3182 ) ;
#27 = EDGE_CURVE ( 'NONE', #1052, #3248, #2856, .T. ) ;
#28 = FILL_AREA_STYLE ('',( #1199 ) ) ;
#29 = FACE_OUTER_BOUND ( 'NONE', #3654, .T. ) ;
#30 = LINE ( 'NONE', #1545, #62 ) ;
#31 = CARTESIAN_POINT ( 'NONE',  ( -2.202500000000001013, 1.671183248407200894, -1.147999999999998799 ) ) ;
#32 =( GEOMETRIC_REPRESENTATION_CONTEXT ( 3 ) GLOBAL_UNCERTAINTY_ASSIGNED_CONTEXT ( ( #3887 ) ) GLOBAL_UNIT_ASSIGNED_CONTEXT ( ( #3304, #1507, #3651 ) ) REPRESENTATION_CONTEXT ( 'NONE', 'WORKASPACE' ) );
#33 = DIRECTION ( 'NONE',  ( -0.000000000000000000, -1.000000000000000000, -0.000000000000000000 ) ) ;
#34 = ORIENTED_EDGE ( 'NONE', *, *, #1997, .F. ) ;
#35 = ORIENTED_EDGE ( 'NONE', *, *, #204, .F. ) ;
#36 = LINE ( 'NONE', #625, #2696 ) ;
#37 = FILL_AREA_STYLE_COLOUR ( '', #365 ) ;
#38 = ORIENTED_EDGE ( 'NONE', *, *, #1675, .F. ) ;
#39 = ORIENTED_EDGE ( 'NONE', *, *, #1887, .T. ) ;
#40 = DIRECTION ( 'NONE',  ( -0.1039620511844979306, -0.1039620511844979306, 0.9891328443778538704 ) ) ;
#41 = DIRECTION ( 'NONE',  ( 1.000000000000000000, 0.000000000000000000, 0.000000000000000000 ) ) ;
#42 = EDGE_LOOP ( 'NONE', ( #2364, #2805, #3867, #2794 ) ) ;
#43 = CARTESIAN_POINT ( 'NONE',  ( 1.534692872391097973, 1.671183248407201338, -1.177999999999999936 ) ) ;
#44 = FILL_AREA_STYLE_COLOUR ( '', #1509 ) ;
#45 = SURFACE_SIDE_STYLE ('',( #1239 ) ) ;
#46 = UNCERTAINTY_MEASURE_WITH_UNIT (LENGTH_MEASURE( 1.000000000000000082E-05 ), #1827, 'distance_accuracy_value', 'NONE');
#47 = LINE ( 'NONE', #1564, #1948 ) ;
#48 = VECTOR ( 'NONE', #2098, 1000.000000000000000 ) ;
#49 = EDGE_CURVE ( 'NONE', #430, #3343, #815, .T. ) ;
#50 = AXIS2_PLACEMENT_3D ( 'NONE', #2141, #1829, #3062 ) ;
#51 = EDGE_LOOP ( 'NONE', ( #2623, #2149, #239, #2946 ) ) ;
#52 = FILL_AREA_STYLE_COLOUR ( '', #2630 ) ;
#53 = MECHANICAL_DESIGN_GEOMETRIC_PRESENTATION_REPRESENTATION (  '', ( #1321 ), #2866 ) ;
#54 = DIRECTION ( 'NONE',  ( 0.000000000000000000, -0.000000000000000000, 1.000000000000000000 ) ) ;
#55 = SURFACE_STYLE_USAGE ( .BOTH. , #332 ) ;
#56 = DIRECTION ( 'NONE',  ( -1.000000000000000000, -0.000000000000000000, -0.000000000000000000 ) ) ;
#57 = VECTOR ( 'NONE', #1203, 1000.000000000000000 ) ;
#58 = FACE_OUTER_BOUND ( 'NONE', #3387, .T. ) ;
#59 = CARTESIAN_POINT ( 'NONE',  ( 2.202499999999999680, 1.780164343138951555, 0.1142500000000000043 ) ) ;
#60 = STYLED_ITEM ( 'NONE', ( #3375 ), #1579 ) ;
#61 =( NAMED_UNIT ( * ) SI_UNIT ( $, .STERADIAN. ) SOLID_ANGLE_UNIT ( ) );
#62 = VECTOR ( 'NONE', #3479, 1000.000000000000000 ) ;
#63 = CIRCLE ( 'NONE', #2231, 0.03000000000000007869 ) ;
#64 = ORIENTED_EDGE ( 'NONE', *, *, #1573, .T. ) ;
#65 = AXIS2_PLACEMENT_3D ( 'NONE', #1935, #3128, #1018 ) ;
#66 = COLOUR_RGB ( '',0.2862745098039215508, 0.2862745098039215508, 0.2862745098039215508 ) ;
#67 = AXIS2_PLACEMENT_3D ( 'NONE', #1903, #401, #3384 ) ;
#68 = DIRECTION ( 'NONE',  ( -0.1039620511844979306, 0.1039620511844979306, -0.9891328443778538704 ) ) ;
#69 = COLOUR_RGB ( '',0.2862745098039215508, 0.2862745098039215508, 0.2862745098039215508 ) ;
#70 = STYLED_ITEM ( 'NONE', ( #3901 ), #153 ) ;
#71 = MECHANICAL_DESIGN_GEOMETRIC_PRESENTATION_REPRESENTATION (  '', ( #3706 ), #1206 ) ;
#72 = ORIENTED_EDGE ( 'NONE', *, *, #916, .F. ) ;
#73 = CARTESIAN_POINT ( 'NONE',  ( -2.449999999999998845, 1.032499999999999973, 0.1142500000000005872 ) ) ;
#74 = DIRECTION ( 'NONE',  ( 1.000000000000000000, 0.000000000000000000, 0.000000000000000000 ) ) ;
#75 = CARTESIAN_POINT ( 'NONE',  ( 2.125377094022156577, -1.762712750883205670, 0.5641581221347997666 ) ) ;
#76 = DIRECTION ( 'NONE',  ( 1.000000000000000000, 3.958838170426965825E-17, -3.766582916872981431E-16 ) ) ;
#77 = FILL_AREA_STYLE_COLOUR ( '', #2166 ) ;
#78 = EDGE_CURVE ( 'NONE', #159, #3206, #1534, .T. ) ;
#79 = CARTESIAN_POINT ( 'NONE',  ( -2.061003090407926841, -1.668503090407926992, 1.173499999999999543 ) ) ;
#80 = CARTESIAN_POINT ( 'NONE',  ( -1.761003090407925242, -1.668503090407926992, 1.203499999999999792 ) ) ;
#81 = EDGE_CURVE ( 'NONE', #1296, #1165, #113, .T. ) ;
#82 = FILL_AREA_STYLE_COLOUR ( '', #1957 ) ;
#83 = EDGE_LOOP ( 'NONE', ( #2910, #34, #2460, #1911 ) ) ;
#84 = FACE_OUTER_BOUND ( 'NONE', #3390, .T. ) ;
#85 = CIRCLE ( 'NONE', #469, 0.2500000000000001110 ) ;
#86 = ORIENTED_EDGE ( 'NONE', *, *, #3217, .T. ) ;
#87 = ORIENTED_EDGE ( 'NONE', *, *, #3455, .T. ) ;
#88 = LINE ( 'NONE', #410, #3674 ) ;
#89 = FACE_OUTER_BOUND ( 'NONE', #1701, .T. ) ;
#90 = UNCERTAINTY_MEASURE_WITH_UNIT (LENGTH_MEASURE( 1.000000000000000082E-05 ), #2278, 'distance_accuracy_value', 'NONE');
#91 = CARTESIAN_POINT ( 'NONE',  ( 1.495571375384066481, 1.668503090407926104, -1.173499999999999543 ) ) ;
#92 = SPHERICAL_SURFACE ( 'NONE', #1060, 0.02999999999999999889 ) ;
#93 = CARTESIAN_POINT ( 'NONE',  ( 1.544660579899926889, 1.701018905268249615, -1.151135853898029859 ) ) ;
#94 = CARTESIAN_POINT ( 'NONE',  ( -2.699999999999999289, 1.032499999999999973, -0.1357499999999991769 ) ) ;
#95 = CARTESIAN_POINT ( 'NONE',  ( -1.544660579899926889, 1.671183248407200672, -1.178000000000000158 ) ) ;
#96 = EDGE_CURVE ( 'NONE', #1439, #3671, #743, .T. ) ;
#97 = SURFACE_STYLE_FILL_AREA ( #2843 ) ;
#98 = VECTOR ( 'NONE', #2852, 1000.000000000000114 ) ;
#99 = CARTESIAN_POINT ( 'NONE',  ( -2.202499999999999680, 1.032499999999999973, 0.1142500000000005456 ) ) ;
#100 = APPLICATION_CONTEXT ( 'automotive_design' ) ;
#101 = ORIENTED_EDGE ( 'NONE', *, *, #3047, .T. ) ;
#102 = ADVANCED_FACE ( 'NONE', ( #140 ), #528, .T. ) ;
#103 =( NAMED_UNIT ( * ) SI_UNIT ( $, .STERADIAN. ) SOLID_ANGLE_UNIT ( ) );
#104 = CARTESIAN_POINT ( 'NONE',  ( 2.088015211736861332, -1.668503090407926992, 1.203499999999999792 ) ) ;
#105 = DIRECTION ( 'NONE',  ( 0.000000000000000000, 0.000000000000000000, 1.000000000000000000 ) ) ;
#106 = DIRECTION ( 'NONE',  ( 1.000000000000000000, 0.000000000000000000, 0.000000000000000000 ) ) ;
#107 = DIRECTION ( 'NONE',  ( -0.000000000000000000, -0.000000000000000000, 1.000000000000000000 ) ) ;
#108 =( NAMED_UNIT ( * ) SI_UNIT ( $, .STERADIAN. ) SOLID_ANGLE_UNIT ( ) );
#109 = ORIENTED_EDGE ( 'NONE', *, *, #2940, .T. ) ;
#110 = FILL_AREA_STYLE_COLOUR ( '', #3780 ) ;
#111 = CARTESIAN_POINT ( 'NONE',  ( -1.525847409459573312, -1.670217364422442952, -1.182594886125746925 ) ) ;
#112 = SURFACE_SIDE_STYLE ('',( #3460 ) ) ;
#113 =( BOUNDED_CURVE ( )  B_SPLINE_CURVE ( 3, ( #2567, #111, #1370, #2610 ),
 .UNSPECIFIED., .F., .T. ) 
 B_SPLINE_CURVE_WITH_KNOTS ( ( 4, 4 ),
 ( 2.183400474843530059, 3.141592653589793116 ),
 .UNSPECIFIED. ) 
 CURVE ( )  GEOMETRIC_REPRESENTATION_ITEM ( )  RATIONAL_B_SPLINE_CURVE ( ( 1.000000000000000000, 0.9249413116432966264, 0.9249413116432966264, 1.000000000000000000 ) ) 
 REPRESENTATION_ITEM ( '' )  );
#114 = SURFACE_STYLE_FILL_AREA ( #2899 ) ;
#115 = FILL_AREA_STYLE ('',( #685 ) ) ;
#116 = DIRECTION ( 'NONE',  ( 7.267828407699465351E-15, 1.000000000000000000, 0.000000000000000000 ) ) ;
#117 = VECTOR ( 'NONE', #2258, 1000.000000000000000 ) ;
#118 = CARTESIAN_POINT ( 'NONE',  ( -2.061003090407926841, -1.668503090407926992, 1.173499999999999543 ) ) ;
#119 = UNCERTAINTY_MEASURE_WITH_UNIT (LENGTH_MEASURE( 1.000000000000000082E-05 ), #453, 'distance_accuracy_value', 'NONE');
#120 = ADVANCED_FACE ( 'NONE', ( #2236 ), #1327, .F. ) ;
#121 = ORIENTED_EDGE ( 'NONE', *, *, #3407, .T. ) ;
#122 = VECTOR ( 'NONE', #491, 1000.000000000000000 ) ;
#123 = EDGE_LOOP ( 'NONE', ( #1689, #2638, #1531, #632 ) ) ;
#124 = PRESENTATION_LAYER_ASSIGNMENT (  '', '', ( #3560 ) ) ;
#125 =( NAMED_UNIT ( * ) SI_UNIT ( $, .STERADIAN. ) SOLID_ANGLE_UNIT ( ) );
#126 = ADVANCED_FACE ( 'NONE', ( #2321 ), #200, .F. ) ;
#127 = VECTOR ( 'NONE', #878, 1000.000000000000000 ) ;
#128 = AXIS2_PLACEMENT_3D ( 'NONE', #3487, #2280, #524 ) ;
#129 = LINE ( 'NONE', #3453, #1201 ) ;
#130 = STYLED_ITEM ( 'NONE', ( #1183 ), #2200 ) ;
#131 = ORIENTED_EDGE ( 'NONE', *, *, #3923, .F. ) ;
#132 = PRESENTATION_LAYER_ASSIGNMENT (  '', '', ( #1142 ) ) ;
#133 = PRESENTATION_LAYER_ASSIGNMENT (  '', '', ( #3373 ) ) ;
#134 = DIRECTION ( 'NONE',  ( 0.000000000000000000, -0.9945218953682735119, -0.1045284632676525272 ) ) ;
#135 = CYLINDRICAL_SURFACE ( 'NONE', #2666, 0.03000000000000007869 ) ;
#136 = AXIS2_PLACEMENT_3D ( 'NONE', #982, #1026, #2242 ) ;
#137 = EDGE_LOOP ( 'NONE', ( #149, #3409, #2445 ) ) ;
#138 = CARTESIAN_POINT ( 'NONE',  ( -2.063683248407201631, -1.810000000000000497, -1.178000000000000380 ) ) ;
#139 = CARTESIAN_POINT ( 'NONE',  ( -1.524725164882269057, -1.701018905268249837, -1.151135853898029859 ) ) ;
#140 = FACE_OUTER_BOUND ( 'NONE', #1461, .T. ) ;
#141 = CARTESIAN_POINT ( 'NONE',  ( 2.202499999999999680, -1.810000000000000497, 0.1142500000000000043 ) ) ;
#142 = DIRECTION ( 'NONE',  ( 0.000000000000000000, -0.000000000000000000, -1.000000000000000000 ) ) ;
#143 = DIRECTION ( 'NONE',  ( 1.000000000000000000, -0.000000000000000000, 0.000000000000000000 ) ) ;
#144 =( BOUNDED_CURVE ( )  B_SPLINE_CURVE ( 3, ( #571, #307, #2742, #600 ),
 .UNSPECIFIED., .F., .T. ) 
 B_SPLINE_CURVE_WITH_KNOTS ( ( 4, 4 ),
 ( 2.361665139862974439, 3.921520167316626004 ),
 .UNSPECIFIED. ) 
 CURVE ( )  GEOMETRIC_REPRESENTATION_ITEM ( )  RATIONAL_B_SPLINE_CURVE ( ( 1.000000000000000000, 0.8073096761657789777, 0.8073096761657789777, 1.000000000000000000 ) ) 
 REPRESENTATION_ITEM ( '' )  );
#145 = CARTESIAN_POINT ( 'NONE',  ( -1.520115977641996796, -1.668503090407926992, -1.190749999999999975 ) ) ;
#146 = PRESENTATION_STYLE_ASSIGNMENT (( #2708 ) ) ;
#147 = VERTEX_POINT ( 'NONE', #3879 ) ;
#148 = CARTESIAN_POINT ( 'NONE',  ( -2.202500000000000568, -1.810000000000000497, 0.1142500000000000043 ) ) ;
#149 = ORIENTED_EDGE ( 'NONE', *, *, #2660, .F. ) ;
#150 = CARTESIAN_POINT ( 'NONE',  ( -1.534974973379571894, 1.671183246051052729, -1.178000000000000380 ) ) ;
#151 = DIRECTION ( 'NONE',  ( -0.000000000000000000, -1.000000000000000000, -0.000000000000000000 ) ) ;
#152 = COLOUR_RGB ( '',0.2862745098039215508, 0.2862745098039215508, 0.2862745098039215508 ) ;
#153 = ADVANCED_FACE ( 'NONE', ( #2066 ), #2469, .T. ) ;
#154 = CARTESIAN_POINT ( 'NONE',  ( -1.544660579899926889, -1.671183248407201560, -1.148000000000000131 ) ) ;
#155 =( NAMED_UNIT ( * ) SI_UNIT ( $, .STERADIAN. ) SOLID_ANGLE_UNIT ( ) );
#156 = COLOUR_RGB ( '',0.8039215686274510109, 0.8039215686274510109, 0.8039215686274510109 ) ;
#157 = PRODUCT ( 'SMBJ22A', 'SMBJ22A', '', ( #1117 ) ) ;
#158 = CARTESIAN_POINT ( 'NONE',  ( 1.544660579899926889, 1.671183248407200672, -1.148000000000000131 ) ) ;
#159 = VERTEX_POINT ( 'NONE', #913 ) ;
#160 = ADVANCED_FACE ( 'NONE', ( #3329 ), #637, .T. ) ;
#161 = CARTESIAN_POINT ( 'NONE',  ( 2.471499999999999808, 1.032499999999999973, -0.2392499999999992411 ) ) ;
#162 = FILL_AREA_STYLE_COLOUR ( '', #2612 ) ;
#163 = DIRECTION ( 'NONE',  ( -0.000000000000000000, -1.000000000000000000, 0.000000000000000000 ) ) ;
#164 =( NAMED_UNIT ( * ) SI_UNIT ( $, .STERADIAN. ) SOLID_ANGLE_UNIT ( ) );
#165 = PLANE ( 'NONE',  #673 ) ;
#166 = VERTEX_POINT ( 'NONE', #2437 ) ;
#167 = FACE_OUTER_BOUND ( 'NONE', #924, .T. ) ;
#168 = EDGE_LOOP ( 'NONE', ( #101, #668, #1510, #3013 ) ) ;
#169 = VECTOR ( 'NONE', #356, 1000.000000000000000 ) ;
#170 = COLOUR_RGB ( '',0.2862745098039215508, 0.2862745098039215508, 0.2862745098039215508 ) ;
#171 =( NAMED_UNIT ( * ) SI_UNIT ( $, .STERADIAN. ) SOLID_ANGLE_UNIT ( ) );
#172 = FILL_AREA_STYLE_COLOUR ( '', #1839 ) ;
#173 =( LENGTH_UNIT ( ) NAMED_UNIT ( * ) SI_UNIT ( .MILLI., .METRE. ) );
#174 = CARTESIAN_POINT ( 'NONE',  ( 2.061003090407925953, -1.668503090407926992, 1.173499999999999543 ) ) ;
#175 = ORIENTED_EDGE ( 'NONE', *, *, #2113, .F. ) ;
#176 = LINE ( 'NONE', #3840, #195 ) ;
#177 = LINE ( 'NONE', #201, #1220 ) ;
#178 = EDGE_CURVE ( 'NONE', #3914, #1940, #2984, .T. ) ;
#179 = CARTESIAN_POINT ( 'NONE',  ( 2.471499999999999808, 1.032499999999999973, -0.2392499999999992411 ) ) ;
#180 = CARTESIAN_POINT ( 'NONE',  ( 2.190085373081352760, -1.809904244550523789, 0.1151598120378973800 ) ) ;
#181 =( LENGTH_UNIT ( ) NAMED_UNIT ( * ) SI_UNIT ( .MILLI., .METRE. ) );
#182 = LINE ( 'NONE', #749, #3306 ) ;
#183 = AXIS2_PLACEMENT_3D ( 'NONE', #2045, #1374, #1046 ) ;
#184 = MECHANICAL_DESIGN_GEOMETRIC_PRESENTATION_REPRESENTATION (  '', ( #1908 ), #2479 ) ;
#185 = ORIENTED_EDGE ( 'NONE', *, *, #3742, .T. ) ;
#186 = CARTESIAN_POINT ( 'NONE',  ( -2.190085373081353204, 1.809904244550522900, 0.1151598120378973522 ) ) ;
#187 = ORIENTED_EDGE ( 'NONE', *, *, #399, .F. ) ;
#188 = MECHANICAL_DESIGN_GEOMETRIC_PRESENTATION_REPRESENTATION (  '', ( #1974 ), #3827 ) ;
#189 = CARTESIAN_POINT ( 'NONE',  ( 2.699999999999999289, 1.032499999999999973, -1.156500000000000083 ) ) ;
#190 = MECHANICAL_DESIGN_GEOMETRIC_PRESENTATION_REPRESENTATION (  '', ( #2228 ), #3962 ) ;
#191 =( NAMED_UNIT ( * ) PLANE_ANGLE_UNIT ( ) SI_UNIT ( $, .RADIAN. ) );
#192 = COLOUR_RGB ( '',0.2862745098039215508, 0.2862745098039215508, 0.2862745098039215508 ) ;
#193 = SURFACE_SIDE_STYLE ('',( #3313 ) ) ;
#194 = PRESENTATION_STYLE_ASSIGNMENT (( #3230 ) ) ;
#195 = VECTOR ( 'NONE', #1081, 1000.000000000000000 ) ;
#196 = VERTEX_POINT ( 'NONE', #2800 ) ;
#197 = CARTESIAN_POINT ( 'NONE',  ( 1.495571375384066037, -1.698338747268975046, -1.176635853898030160 ) ) ;
#198 = STYLED_ITEM ( 'NONE', ( #607 ), #3406 ) ;
#199 = AXIS2_PLACEMENT_3D ( 'NONE', #2418, #2159, #2747 ) ;
#200 = PLANE ( 'NONE',  #2436 ) ;
#201 = CARTESIAN_POINT ( 'NONE',  ( -2.699999999999999289, 1.032499999999999973, -0.1357499999999991491 ) ) ;
#202 = AXIS2_PLACEMENT_3D ( 'NONE', #1546, #2539, #1618 ) ;
#203 = DIRECTION ( 'NONE',  ( -1.000000000000000000, 0.000000000000000000, 0.000000000000000000 ) ) ;
#204 = EDGE_CURVE ( 'NONE', #1296, #527, #1772, .T. ) ;
#205 = DIRECTION ( 'NONE',  ( -0.000000000000000000, -1.000000000000000000, -0.000000000000000000 ) ) ;
#206 = ORIENTED_EDGE ( 'NONE', *, *, #493, .F. ) ;
#207 = ORIENTED_EDGE ( 'NONE', *, *, #3382, .T. ) ;
#208 = ADVANCED_FACE ( 'NONE', ( #1541 ), #1677, .T. ) ;
#209 = DIRECTION ( 'NONE',  ( -0.000000000000000000, -0.000000000000000000, -1.000000000000000000 ) ) ;
#210 = FILL_AREA_STYLE_COLOUR ( '', #2377 ) ;
#211 = CARTESIAN_POINT ( 'NONE',  ( 1.544660579899926889, -1.698195369736136939, -1.178000000000000380 ) ) ;
#212 = ORIENTED_EDGE ( 'NONE', *, *, #3231, .T. ) ;
#213 = CARTESIAN_POINT ( 'NONE',  ( -2.202500000000000568, -1.780164343138952221, 0.1142500000000000043 ) ) ;
#214 = COLOUR_RGB ( '',0.2862745098039215508, 0.2862745098039215508, 0.2862745098039215508 ) ;
#215 = CYLINDRICAL_SURFACE ( 'NONE', #2936, 0.03000000000000018277 ) ;
#216 = SURFACE_STYLE_FILL_AREA ( #2885 ) ;
#217 =( NAMED_UNIT ( * ) SI_UNIT ( $, .STERADIAN. ) SOLID_ANGLE_UNIT ( ) );
#218 = FACE_OUTER_BOUND ( 'NONE', #335, .T. ) ;
#219 = SURFACE_SIDE_STYLE ('',( #1027 ) ) ;
#220 = FILL_AREA_STYLE ('',( #2958 ) ) ;
#221 = EDGE_CURVE ( 'NONE', #816, #375, #1520, .T. ) ;
#222 = ORIENTED_EDGE ( 'NONE', *, *, #1560, .F. ) ;
#223 = DIRECTION ( 'NONE',  ( 0.000000000000000000, 0.000000000000000000, 1.000000000000000000 ) ) ;
#224 = ORIENTED_EDGE ( 'NONE', *, *, #1658, .F. ) ;
#225 = ORIENTED_EDGE ( 'NONE', *, *, #1761, .T. ) ;
#226 = EDGE_CURVE ( 'NONE', #1214, #2960, #3745, .T. ) ;
#227 =( GEOMETRIC_REPRESENTATION_CONTEXT ( 3 ) GLOBAL_UNCERTAINTY_ASSIGNED_CONTEXT ( ( #405 ) ) GLOBAL_UNIT_ASSIGNED_CONTEXT ( ( #1599, #915, #2177 ) ) REPRESENTATION_CONTEXT ( 'NONE', 'WORKASPACE' ) );
#228 = DIRECTION ( 'NONE',  ( 0.000000000000000000, 0.9945218953682735119, 0.1045284632676525272 ) ) ;
#229 = SURFACE_SIDE_STYLE ('',( #2966 ) ) ;
#230 = MECHANICAL_DESIGN_GEOMETRIC_PRESENTATION_REPRESENTATION (  '', ( #1376 ), #2970 ) ;
#231 = PRESENTATION_STYLE_ASSIGNMENT (( #3543 ) ) ;
#232 = LINE ( 'NONE', #551, #3246 ) ;
#233 = SURFACE_STYLE_FILL_AREA ( #1099 ) ;
#234 = FILL_AREA_STYLE_COLOUR ( '', #3762 ) ;
#235 = DIRECTION ( 'NONE',  ( -1.000000000000000000, 0.000000000000000000, 0.000000000000000000 ) ) ;
#236 = COLOUR_RGB ( '',0.2862745098039215508, 0.2862745098039215508, 0.2862745098039215508 ) ;
#237 = FACE_OUTER_BOUND ( 'NONE', #1339, .T. ) ;
#238 = UNCERTAINTY_MEASURE_WITH_UNIT (LENGTH_MEASURE( 1.000000000000000082E-05 ), #2396, 'distance_accuracy_value', 'NONE');
#239 = ORIENTED_EDGE ( 'NONE', *, *, #2961, .F. ) ;
#240 = CARTESIAN_POINT ( 'NONE',  ( 2.699999999999999289, -1.032499999999999973, -0.1357499999999997875 ) ) ;
#241 =( NAMED_UNIT ( * ) PLANE_ANGLE_UNIT ( ) SI_UNIT ( $, .RADIAN. ) );
#242 = VERTEX_POINT ( 'NONE', #994 ) ;
#243 = AXIS2_PLACEMENT_3D ( 'NONE', #1770, #1123, #1818 ) ;
#244 = FACE_OUTER_BOUND ( 'NONE', #1080, .T. ) ;
#245 = UNCERTAINTY_MEASURE_WITH_UNIT (LENGTH_MEASURE( 1.000000000000000082E-05 ), #2787, 'distance_accuracy_value', 'NONE');
#246 = EDGE_CURVE ( 'NONE', #489, #1342, #88, .T. ) ;
#247 = STYLED_ITEM ( 'NONE', ( #3900 ), #3967 ) ;
#248 = CARTESIAN_POINT ( 'NONE',  ( -2.063683248407201187, -1.671183248407201560, -1.148000000000000576 ) ) ;
#249 =( GEOMETRIC_REPRESENTATION_CONTEXT ( 3 ) GLOBAL_UNCERTAINTY_ASSIGNED_CONTEXT ( ( #961 ) ) GLOBAL_UNIT_ASSIGNED_CONTEXT ( ( #3317, #1813, #3643 ) ) REPRESENTATION_CONTEXT ( 'NONE', 'WORKASPACE' ) );
#250 = ADVANCED_FACE ( 'NONE', ( #472 ), #2850, .T. ) ;
#251 = CIRCLE ( 'NONE', #3431, 0.03000000000000007869 ) ;
#252 = SURFACE_STYLE_USAGE ( .BOTH. , #2395 ) ;
#253 =( NAMED_UNIT ( * ) SI_UNIT ( $, .STERADIAN. ) SOLID_ANGLE_UNIT ( ) );
#254 = AXIS2_PLACEMENT_3D ( 'NONE', #1357, #1274, #1906 ) ;
#255 = MECHANICAL_DESIGN_GEOMETRIC_PRESENTATION_REPRESENTATION (  '', ( #3187 ), #1718 ) ;
#256 = CARTESIAN_POINT ( 'NONE',  ( -2.471499999999999808, 1.032499999999999973, -1.052999999999999936 ) ) ;
#257 = LINE ( 'NONE', #3910, #560 ) ;
#258 = CIRCLE ( 'NONE', #2496, 0.03000000000000007869 ) ;
#259 = CIRCLE ( 'NONE', #761, 0.03000000000000007869 ) ;
#260 =( GEOMETRIC_REPRESENTATION_CONTEXT ( 3 ) GLOBAL_UNCERTAINTY_ASSIGNED_CONTEXT ( ( #1065 ) ) GLOBAL_UNIT_ASSIGNED_CONTEXT ( ( #2890, #3107, #389 ) ) REPRESENTATION_CONTEXT ( 'NONE', 'WORKASPACE' ) );
#261 = SURFACE_STYLE_USAGE ( .BOTH. , #3964 ) ;
#262 = AXIS2_PLACEMENT_3D ( 'NONE', #1685, #143, #3204 ) ;
#263 = ORIENTED_EDGE ( 'NONE', *, *, #3111, .T. ) ;
#264 = CARTESIAN_POINT ( 'NONE',  ( 2.449999999999998845, 1.032499999999999973, -1.156500000000000083 ) ) ;
#265 = PRESENTATION_STYLE_ASSIGNMENT (( #1778 ) ) ;
#266 = CARTESIAN_POINT ( 'NONE',  ( -1.761003090407919025, 0.2224670787210411560, 1.203499999999999792 ) ) ;
#267 =( BOUNDED_CURVE ( )  B_SPLINE_CURVE ( 3, ( #499, #180, #1668, #3260 ),
 .UNSPECIFIED., .F., .T. ) 
 B_SPLINE_CURVE_WITH_KNOTS ( ( 4, 4 ),
 ( 2.361665139862974439, 3.921520167316611793 ),
 .UNSPECIFIED. ) 
 CURVE ( )  GEOMETRIC_REPRESENTATION_ITEM ( )  RATIONAL_B_SPLINE_CURVE ( ( 1.000000000000000000, 0.8073096761657823084, 0.8073096761657823084, 1.000000000000000000 ) ) 
 REPRESENTATION_ITEM ( '' )  );
#268 =( NAMED_UNIT ( * ) PLANE_ANGLE_UNIT ( ) SI_UNIT ( $, .RADIAN. ) );
#269 = FILL_AREA_STYLE_COLOUR ( '', #936 ) ;
#270 = ADVANCED_FACE ( 'NONE', ( #3772 ), #1955, .F. ) ;
#271 = DIRECTION ( 'NONE',  ( -1.000000000000000000, -0.000000000000000000, 0.000000000000000000 ) ) ;
#272 = ORIENTED_EDGE ( 'NONE', *, *, #1732, .T. ) ;
#273 = FACE_OUTER_BOUND ( 'NONE', #2410, .T. ) ;
#274 = ADVANCED_FACE ( 'NONE', ( #563 ), #859, .T. ) ;
#275 = PRESENTATION_LAYER_ASSIGNMENT (  '', '', ( #3526 ) ) ;
#276 = CYLINDRICAL_SURFACE ( 'NONE', #1850, 0.2499999999999997780 ) ;
#277 = DIRECTION ( 'NONE',  ( 0.000000000000000000, 0.1045284632676537068, -0.9945218953682734009 ) ) ;
#278 = SURFACE_STYLE_FILL_AREA ( #1179 ) ;
#279 = VERTEX_POINT ( 'NONE', #3932 ) ;
#280 = PLANE ( 'NONE',  #67 ) ;
#281 = DIRECTION ( 'NONE',  ( 6.505213034913008934E-14, -1.000000000000000000, 0.000000000000000000 ) ) ;
#282 = EDGE_LOOP ( 'NONE', ( #284, #2675, #755 ) ) ;
#283 = CARTESIAN_POINT ( 'NONE',  ( 2.471499999999999808, -1.032499999999999973, -1.053000000000000602 ) ) ;
#284 = ORIENTED_EDGE ( 'NONE', *, *, #423, .T. ) ;
#285 = ORIENTED_EDGE ( 'NONE', *, *, #1573, .F. ) ;
#286 =( NAMED_UNIT ( * ) PLANE_ANGLE_UNIT ( ) SI_UNIT ( $, .RADIAN. ) );
#287 = SURFACE_STYLE_FILL_AREA ( #3596 ) ;
#288 = CARTESIAN_POINT ( 'NONE',  ( -1.559999999999999609, -1.032499999999999973, -1.406499999999999861 ) ) ;
#289 = ORIENTED_EDGE ( 'NONE', *, *, #3653, .T. ) ;
#290 = STYLED_ITEM ( 'NONE', ( #1229 ), #1371 ) ;
#291 = DIRECTION ( 'NONE',  ( -0.000000000000000000, -1.000000000000000000, -0.000000000000000000 ) ) ;
#292 = EDGE_CURVE ( 'NONE', #3793, #1834, #3289, .T. ) ;
#293 = CYLINDRICAL_SURFACE ( 'NONE', #19, 0.1249999999999998890 ) ;
#294 = CARTESIAN_POINT ( 'NONE',  ( -2.172500000000000320, -1.810000000000000497, 0.1142500000000000043 ) ) ;
#295 = SURFACE_STYLE_FILL_AREA ( #3333 ) ;
#296 = ADVANCED_FACE ( 'NONE', ( #3537 ), #2980, .T. ) ;
#297 = ORIENTED_EDGE ( 'NONE', *, *, #2820, .F. ) ;
#298 = DIRECTION ( 'NONE',  ( 0.000000000000000000, -0.1045284632676537068, 0.9945218953682734009 ) ) ;
#299 =( LENGTH_UNIT ( ) NAMED_UNIT ( * ) SI_UNIT ( .MILLI., .METRE. ) );
#300 = SURFACE_SIDE_STYLE ('',( #594 ) ) ;
#301 = CARTESIAN_POINT ( 'NONE',  ( 1.520115977641996796, 1.668503090407926104, -1.190749999999999975 ) ) ;
#302 = EDGE_LOOP ( 'NONE', ( #919, #2810, #3366, #1012 ) ) ;
#303 = PLANE ( 'NONE',  #308 ) ;
#304 = PRESENTATION_LAYER_ASSIGNMENT (  '', '', ( #996 ) ) ;
#305 = DIRECTION ( 'NONE',  ( 0.000000000000000000, -1.000000000000000000, -0.000000000000000000 ) ) ;
#306 = CARTESIAN_POINT ( 'NONE',  ( 2.202499999999999680, -1.780164343138952221, 0.1142500000000000043 ) ) ;
#307 = CARTESIAN_POINT ( 'NONE',  ( -2.202404244550523416, -1.797585373081353577, 0.1151598120378973661 ) ) ;
#308 = AXIS2_PLACEMENT_3D ( 'NONE', #1234, #2392, #3039 ) ;
#309 = ORIENTED_EDGE ( 'NONE', *, *, #3217, .F. ) ;
#310 = STYLED_ITEM ( 'NONE', ( #3080 ), #2552 ) ;
#311 = AXIS2_PLACEMENT_3D ( 'NONE', #248, #1472, #800 ) ;
#312 = MECHANICAL_DESIGN_GEOMETRIC_PRESENTATION_REPRESENTATION (  '', ( #820 ), #3907 ) ;
#313 = ORIENTED_EDGE ( 'NONE', *, *, #1418, .F. ) ;
#314 = EDGE_CURVE ( 'NONE', #3433, #1632, #3229, .T. ) ;
#315 = CARTESIAN_POINT ( 'NONE',  ( 1.559999999999999165, 1.032499999999999973, -1.406500000000000306 ) ) ;
#316 = FACE_OUTER_BOUND ( 'NONE', #3590, .T. ) ;
#317 = COLOUR_RGB ( '',0.2862745098039215508, 0.2862745098039215508, 0.2862745098039215508 ) ;
#318 = DIRECTION ( 'NONE',  ( 0.000000000000000000, -0.000000000000000000, 1.000000000000000000 ) ) ;
#319 = DIRECTION ( 'NONE',  ( 0.000000000000000000, 0.000000000000000000, 1.000000000000000000 ) ) ;
#320 = AXIS2_PLACEMENT_3D ( 'NONE', #777, #1613, #105 ) ;
#321 =( GEOMETRIC_REPRESENTATION_CONTEXT ( 3 ) GLOBAL_UNCERTAINTY_ASSIGNED_CONTEXT ( ( #329 ) ) GLOBAL_UNIT_ASSIGNED_CONTEXT ( ( #529, #505, #1693 ) ) REPRESENTATION_CONTEXT ( 'NONE', 'WORKASPACE' ) );
#322 = UNCERTAINTY_MEASURE_WITH_UNIT (LENGTH_MEASURE( 1.000000000000000082E-05 ), #2224, 'distance_accuracy_value', 'NONE');
#323 = EDGE_LOOP ( 'NONE', ( #1087, #3667, #2596, #1377, #3165, #596, #442, #2028 ) ) ;
#324 = ORIENTED_EDGE ( 'NONE', *, *, #2611, .F. ) ;
#325 = FILL_AREA_STYLE ('',( #1215 ) ) ;
#326 =( NAMED_UNIT ( * ) SI_UNIT ( $, .STERADIAN. ) SOLID_ANGLE_UNIT ( ) );
#327 =( LENGTH_UNIT ( ) NAMED_UNIT ( * ) SI_UNIT ( .MILLI., .METRE. ) );
#328 = DIRECTION ( 'NONE',  ( -1.000000000000000000, -6.541045566929566463E-14, -0.000000000000000000 ) ) ;
#329 = UNCERTAINTY_MEASURE_WITH_UNIT (LENGTH_MEASURE( 1.000000000000000082E-05 ), #529, 'distance_accuracy_value', 'NONE');
#330 = DIRECTION ( 'NONE',  ( 0.000000000000000000, -0.9945218953682734009, 0.1045284632676537068 ) ) ;
#331 = DIRECTION ( 'NONE',  ( -0.1045284632676537068, 0.000000000000000000, -0.9945218953682734009 ) ) ;
#332 = SURFACE_SIDE_STYLE ('',( #3065 ) ) ;
#333 = CARTESIAN_POINT ( 'NONE',  ( -2.346499999999999808, -1.032499999999999973, -1.177999999999999492 ) ) ;
#334 = COLOUR_RGB ( '',0.2862745098039215508, 0.2862745098039215508, 0.2862745098039215508 ) ;
#335 = EDGE_LOOP ( 'NONE', ( #340, #595, #72, #2769 ) ) ;
#336 = ORIENTED_EDGE ( 'NONE', *, *, #973, .T. ) ;
#337 = CARTESIAN_POINT ( 'NONE',  ( 2.063683248407200743, -1.671183248407201560, -1.148000000000000353 ) ) ;
#338 = VECTOR ( 'NONE', #76, 1000.000000000000000 ) ;
#339 = EDGE_CURVE ( 'NONE', #1056, #480, #3595, .T. ) ;
#340 = ORIENTED_EDGE ( 'NONE', *, *, #561, .T. ) ;
#341 = ORIENTED_EDGE ( 'NONE', *, *, #1508, .F. ) ;
#342 = ADVANCED_FACE ( 'NONE', ( #3286 ), #1787, .T. ) ;
#343 = ORIENTED_EDGE ( 'NONE', *, *, #78, .T. ) ;
#344 = FILL_AREA_STYLE ('',( #1575 ) ) ;
#345 =( NAMED_UNIT ( * ) SI_UNIT ( $, .STERADIAN. ) SOLID_ANGLE_UNIT ( ) );
#346 = CARTESIAN_POINT ( 'NONE',  ( 1.495571375384066704, 1.668503090407926104, -1.173499999999999543 ) ) ;
#347 = SURFACE_STYLE_FILL_AREA ( #1895 ) ;
#348 = CIRCLE ( 'NONE', #2605, 0.2499999999999997780 ) ;
#349 = FILL_AREA_STYLE ('',( #52 ) ) ;
#350 = FACE_OUTER_BOUND ( 'NONE', #3067, .T. ) ;
#351 = CYLINDRICAL_SURFACE ( 'NONE', #1706, 0.03000000000000007869 ) ;
#352 = CIRCLE ( 'NONE', #3601, 0.03000000000000007869 ) ;
#353 = VERTEX_POINT ( 'NONE', #597 ) ;
#354 = SURFACE_STYLE_FILL_AREA ( #3397 ) ;
#355 = SURFACE_SIDE_STYLE ('',( #971 ) ) ;
#356 = DIRECTION ( 'NONE',  ( 1.000000000000000000, -0.000000000000000000, -5.475768547906600084E-17 ) ) ;
#357 = PRESENTATION_LAYER_ASSIGNMENT (  '', '', ( #1380 ) ) ;
#358 = UNCERTAINTY_MEASURE_WITH_UNIT (LENGTH_MEASURE( 1.000000000000000082E-05 ), #18, 'distance_accuracy_value', 'NONE');
#359 = VERTEX_POINT ( 'NONE', #1871 ) ;
#360 = PLANE ( 'NONE',  #1517 ) ;
#361 = PRESENTATION_STYLE_ASSIGNMENT (( #633 ) ) ;
#362 = ADVANCED_FACE ( 'NONE', ( #8 ), #3672, .T. ) ;
#363 = DIRECTION ( 'NONE',  ( 0.000000000000000000, 0.000000000000000000, 1.000000000000000000 ) ) ;
#364 = PRESENTATION_STYLE_ASSIGNMENT (( #2851 ) ) ;
#365 = COLOUR_RGB ( '',0.2862745098039215508, 0.2862745098039215508, 0.2862745098039215508 ) ;
#366 = DIRECTION ( 'NONE',  ( 0.000000000000000000, 0.000000000000000000, -1.000000000000000000 ) ) ;
#367 = MECHANICAL_DESIGN_GEOMETRIC_PRESENTATION_REPRESENTATION (  '', ( #3894 ), #3681 ) ;
#368 = EDGE_CURVE ( 'NONE', #3529, #889, #2171, .T. ) ;
#369 = SURFACE_STYLE_USAGE ( .BOTH. , #2538 ) ;
#370 = VECTOR ( 'NONE', #979, 1000.000000000000000 ) ;
#371 =( NAMED_UNIT ( * ) PLANE_ANGLE_UNIT ( ) SI_UNIT ( $, .RADIAN. ) );
#372 = CARTESIAN_POINT ( 'NONE',  ( -2.449999999999998845, -1.032499999999999973, -1.156499999999999639 ) ) ;
#373 = DIRECTION ( 'NONE',  ( 0.1039620511844874251, 0.1039620511844968898, 0.9891328443778552026 ) ) ;
#374 = COLOUR_RGB ( '',0.8039215686274510109, 0.8039215686274510109, 0.8039215686274510109 ) ;
#375 = VERTEX_POINT ( 'NONE', #1252 ) ;
#376 = STYLED_ITEM ( 'NONE', ( #1240 ), #2757 ) ;
#377 = DIRECTION ( 'NONE',  ( 1.000000000000000000, 0.000000000000000000, 0.000000000000000000 ) ) ;
#378 = SURFACE_SIDE_STYLE ('',( #3449 ) ) ;
#379 = CARTESIAN_POINT ( 'NONE',  ( 2.346500000000000696, 1.032499999999999973, -0.2392499999999992411 ) ) ;
#380 = VECTOR ( 'NONE', #3131, 1000.000000000000114 ) ;
#381 = FILL_AREA_STYLE_COLOUR ( '', #858 ) ;
#382 = APPLICATION_CONTEXT ( 'automotive_design' ) ;
#383 = MECHANICAL_DESIGN_GEOMETRIC_PRESENTATION_REPRESENTATION (  '', ( #388 ), #2238 ) ;
#384 = EDGE_LOOP ( 'NONE', ( #2328, #87, #798, #2873, #3066, #2107, #3531, #464, #2289, #1995 ) ) ;
#385 = PRESENTATION_LAYER_ASSIGNMENT (  '', '', ( #3631 ) ) ;
#386 = CARTESIAN_POINT ( 'NONE',  ( -1.514999999999999236, -1.810000000000000497, -1.178000000000000158 ) ) ;
#387 = PRESENTATION_LAYER_ASSIGNMENT (  '', '', ( #820 ) ) ;
#388 = STYLED_ITEM ( 'NONE', ( #3824 ), #2139 ) ;
#389 =( NAMED_UNIT ( * ) SI_UNIT ( $, .STERADIAN. ) SOLID_ANGLE_UNIT ( ) );
#390 = SURFACE_STYLE_FILL_AREA ( #3741 ) ;
#391 = ORIENTED_EDGE ( 'NONE', *, *, #1393, .T. ) ;
#392 = FILL_AREA_STYLE ('',( #2016 ) ) ;
#393 = CARTESIAN_POINT ( 'NONE',  ( -1.559999999999999609, -1.032499999999999973, -1.177999999999999714 ) ) ;
#394 = EDGE_CURVE ( 'NONE', #889, #1359, #2485, .T. ) ;
#395 = CARTESIAN_POINT ( 'NONE',  ( 2.449999999999998845, 1.032499999999999973, -1.406500000000000306 ) ) ;
#396 = DIRECTION ( 'NONE',  ( 0.000000000000000000, 0.000000000000000000, -1.000000000000000000 ) ) ;
#397 =( BOUNDED_CURVE ( )  B_SPLINE_CURVE ( 3, ( #197, #3218, #2232, #1369 ),
 .UNSPECIFIED., .F., .T. ) 
 B_SPLINE_CURVE_WITH_KNOTS ( ( 4, 4 ),
 ( 5.324993128433308520, 6.283185307179586232 ),
 .UNSPECIFIED. ) 
 CURVE ( )  GEOMETRIC_REPRESENTATION_ITEM ( )  RATIONAL_B_SPLINE_CURVE ( ( 1.000000000000000000, 0.9249413116432944060, 0.9249413116432944060, 1.000000000000000000 ) ) 
 REPRESENTATION_ITEM ( '' )  );
#398 = DIRECTION ( 'NONE',  ( 1.000000000000000000, 0.000000000000000000, 0.000000000000000000 ) ) ;
#399 = EDGE_CURVE ( 'NONE', #3343, #2306, #3726, .T. ) ;
#400 = DIRECTION ( 'NONE',  ( 0.000000000000000000, 0.000000000000000000, -1.000000000000000000 ) ) ;
#401 = DIRECTION ( 'NONE',  ( -1.000000000000000000, 0.000000000000000000, 0.000000000000000000 ) ) ;
#402 = ORIENTED_EDGE ( 'NONE', *, *, #2036, .F. ) ;
#403 = VECTOR ( 'NONE', #2906, 1000.000000000000000 ) ;
#404 = CIRCLE ( 'NONE', #1603, 0.02999999999999996073 ) ;
#405 = UNCERTAINTY_MEASURE_WITH_UNIT (LENGTH_MEASURE( 1.000000000000000082E-05 ), #1599, 'distance_accuracy_value', 'NONE');
#406 = ORIENTED_EDGE ( 'NONE', *, *, #3196, .F. ) ;
#407 = CARTESIAN_POINT ( 'NONE',  ( -1.514999999999999458, 1.671183248407200672, -1.178000000000000158 ) ) ;
#408 = CARTESIAN_POINT ( 'NONE',  ( -1.520115977641996574, 1.668503090407926770, -1.190750000000000419 ) ) ;
#409 = EDGE_LOOP ( 'NONE', ( #3341, #1567, #664, #2189 ) ) ;
#410 = CARTESIAN_POINT ( 'NONE',  ( -2.449999999999998845, -1.032499999999999973, -1.406499999999999639 ) ) ;
#411 = CARTESIAN_POINT ( 'NONE',  ( 2.172664343138950738, 1.809999999999999609, -0.1142500000000000043 ) ) ;
#412 = UNCERTAINTY_MEASURE_WITH_UNIT (LENGTH_MEASURE( 1.000000000000000082E-05 ), #1484, 'distance_accuracy_value', 'NONE');
#413 = DIRECTION ( 'NONE',  ( -1.000000000000000000, 0.000000000000000000, -0.000000000000000000 ) ) ;
#414 = ORIENTED_EDGE ( 'NONE', *, *, #793, .F. ) ;
#415 =( NAMED_UNIT ( * ) PLANE_ANGLE_UNIT ( ) SI_UNIT ( $, .RADIAN. ) );
#416 = CARTESIAN_POINT ( 'NONE',  ( 1.525685624019015751, 1.670168972979325872, -1.182825086664275327 ) ) ;
#417 = DIRECTION ( 'NONE',  ( -1.000000000000000000, -0.000000000000000000, -0.000000000000000000 ) ) ;
#418 = ADVANCED_FACE ( 'NONE', ( #1885 ), #956, .T. ) ;
#419 = PRESENTATION_STYLE_ASSIGNMENT (( #1946 ) ) ;
#420 = DIRECTION ( 'NONE',  ( 0.000000000000000000, 1.000000000000000000, 0.000000000000000000 ) ) ;
#421 =( LENGTH_UNIT ( ) NAMED_UNIT ( * ) SI_UNIT ( .MILLI., .METRE. ) );
#422 = PRESENTATION_STYLE_ASSIGNMENT (( #1007 ) ) ;
#423 = EDGE_CURVE ( 'NONE', #2011, #3865, #629, .T. ) ;
#424 = COLOUR_RGB ( '',0.2862745098039215508, 0.2862745098039215508, 0.2862745098039215508 ) ;
#425 = SURFACE_STYLE_FILL_AREA ( #3401 ) ;
#426 = ORIENTED_EDGE ( 'NONE', *, *, #3002, .F. ) ;
#427 = DIRECTION ( 'NONE',  ( 0.000000000000000000, 1.000000000000000000, 0.000000000000000000 ) ) ;
#428 = VERTEX_POINT ( 'NONE', #3787 ) ;
#429 = DIRECTION ( 'NONE',  ( 0.000000000000000000, 0.000000000000000000, -1.000000000000000000 ) ) ;
#430 = VERTEX_POINT ( 'NONE', #3828 ) ;
#431 = FILL_AREA_STYLE ('',( #3777 ) ) ;
#432 = CIRCLE ( 'NONE', #183, 0.03000000000000007869 ) ;
#433 = MECHANICAL_DESIGN_GEOMETRIC_PRESENTATION_REPRESENTATION (  '', ( #3228 ), #501 ) ;
#434 = CARTESIAN_POINT ( 'NONE',  ( -2.061003090407926841, -1.695515211736862149, 1.203499999999999792 ) ) ;
#435 = VECTOR ( 'NONE', #3034, 1000.000000000000000 ) ;
#436 = CARTESIAN_POINT ( 'NONE',  ( -1.495571375384066704, -1.668503090407926992, -1.173499999999999543 ) ) ;
#437 =( GEOMETRIC_REPRESENTATION_CONTEXT ( 3 ) GLOBAL_UNCERTAINTY_ASSIGNED_CONTEXT ( ( #2774 ) ) GLOBAL_UNIT_ASSIGNED_CONTEXT ( ( #2683, #3860, #891 ) ) REPRESENTATION_CONTEXT ( 'NONE', 'WORKASPACE' ) );
#438 = CARTESIAN_POINT ( 'NONE',  ( -2.172500000000000320, 1.809999999999999609, -0.1142500000000000043 ) ) ;
#439 = PRESENTATION_LAYER_ASSIGNMENT (  '', '', ( #2930 ) ) ;
#440 = UNCERTAINTY_MEASURE_WITH_UNIT (LENGTH_MEASURE( 1.000000000000000082E-05 ), #1683, 'distance_accuracy_value', 'NONE');
#441 = EDGE_CURVE ( 'NONE', #1313, #2074, #3764, .T. ) ;
#442 = ORIENTED_EDGE ( 'NONE', *, *, #3166, .T. ) ;
#443 = AXIS2_PLACEMENT_3D ( 'NONE', #1634, #3746, #134 ) ;
#444 = CARTESIAN_POINT ( 'NONE',  ( 2.202822467004184936, -1.780486810143137921, 0.1111819313977170653 ) ) ;
#445 = ORIENTED_EDGE ( 'NONE', *, *, #1791, .F. ) ;
#446 = AXIS2_PLACEMENT_3D ( 'NONE', #3352, #3064, #331 ) ;
#447 = CARTESIAN_POINT ( 'NONE',  ( 1.534692872391097973, -1.671183248407201560, -1.177999999999999936 ) ) ;
#448 =( GEOMETRIC_REPRESENTATION_CONTEXT ( 3 ) GLOBAL_UNCERTAINTY_ASSIGNED_CONTEXT ( ( #1233 ) ) GLOBAL_UNIT_ASSIGNED_CONTEXT ( ( #2162, #1925, #947 ) ) REPRESENTATION_CONTEXT ( 'NONE', 'WORKASPACE' ) );
#449 = VECTOR ( 'NONE', #3075, 1000.000000000000000 ) ;
#450 = DIRECTION ( 'NONE',  ( -0.000000000000000000, -1.000000000000000000, 0.000000000000000000 ) ) ;
#451 = AXIS2_PLACEMENT_3D ( 'NONE', #2164, #3946, #1800 ) ;
#452 = AXIS2_PLACEMENT_3D ( 'NONE', #905, #3917, #318 ) ;
#453 =( LENGTH_UNIT ( ) NAMED_UNIT ( * ) SI_UNIT ( .MILLI., .METRE. ) );
#454 = PRODUCT_DEFINITION_SHAPE ( 'NONE', 'NONE',  #2633 ) ;
#455 =( LENGTH_UNIT ( ) NAMED_UNIT ( * ) SI_UNIT ( .MILLI., .METRE. ) );
#456 = STYLED_ITEM ( 'NONE', ( #1769 ), #2346 ) ;
#457 = ORIENTED_EDGE ( 'NONE', *, *, #3268, .T. ) ;
#458 = SURFACE_STYLE_FILL_AREA ( #431 ) ;
#459 = CARTESIAN_POINT ( 'NONE',  ( 2.063683248407200743, 1.671183248407200672, -1.178000000000000380 ) ) ;
#460 = CARTESIAN_POINT ( 'NONE',  ( 1.525290173581888009, 1.701018902912197817, -1.151135876314364426 ) ) ;
#461 = SURFACE_SIDE_STYLE ('',( #2262 ) ) ;
#462 = CARTESIAN_POINT ( 'NONE',  ( 2.202499999999999680, 1.032499999999999973, -0.1142500000000000043 ) ) ;
#463 = CARTESIAN_POINT ( 'NONE',  ( 2.346500000000000696, 1.032499999999999973, -0.1142500000000000460 ) ) ;
#464 = ORIENTED_EDGE ( 'NONE', *, *, #3769, .T. ) ;
#465 = CARTESIAN_POINT ( 'NONE',  ( -2.088015211736862220, 1.668503090407926104, 1.203499999999999792 ) ) ;
#466 = ORIENTED_EDGE ( 'NONE', *, *, #523, .F. ) ;
#467 = ADVANCED_FACE ( 'NONE', ( #1033 ), #3675, .T. ) ;
#468 = CARTESIAN_POINT ( 'NONE',  ( -1.544660579899926889, 1.701018905268249615, -1.151135853898029859 ) ) ;
#469 = AXIS2_PLACEMENT_3D ( 'NONE', #2631, #3845, #1413 ) ;
#470 = CARTESIAN_POINT ( 'NONE',  ( -1.544660579899926889, -1.810000000000000497, -1.178000000000000158 ) ) ;
#471 = EDGE_CURVE ( 'NONE', #582, #621, #1653, .T. ) ;
#472 = FACE_OUTER_BOUND ( 'NONE', #1841, .T. ) ;
#473 = DIRECTION ( 'NONE',  ( 0.1039620511844979306, 0.1039620511844979306, 0.9891328443778538704 ) ) ;
#474 = DIRECTION ( 'NONE',  ( 0.000000000000000000, 0.000000000000000000, -1.000000000000000000 ) ) ;
#475 = ORIENTED_EDGE ( 'NONE', *, *, #1290, .T. ) ;
#476 = DIRECTION ( 'NONE',  ( 1.000000000000000000, 0.000000000000000000, 0.000000000000000000 ) ) ;
#477 =( NAMED_UNIT ( * ) SI_UNIT ( $, .STERADIAN. ) SOLID_ANGLE_UNIT ( ) );
#478 = LINE ( 'NONE', #497, #3856 ) ;
#479 = DIRECTION ( 'NONE',  ( 2.823443157514317043E-16, -0.000000000000000000, 1.000000000000000000 ) ) ;
#480 = VERTEX_POINT ( 'NONE', #2847 ) ;
#481 = CARTESIAN_POINT ( 'NONE',  ( -2.063683248407201631, 1.671183248407200672, -1.148000000000000353 ) ) ;
#482 = VERTEX_POINT ( 'NONE', #1381 ) ;
#483 = ORIENTED_EDGE ( 'NONE', *, *, #1389, .F. ) ;
#484 = SURFACE_SIDE_STYLE ('',( #2370 ) ) ;
#485 = UNCERTAINTY_MEASURE_WITH_UNIT (LENGTH_MEASURE( 1.000000000000000082E-05 ), #2005, 'distance_accuracy_value', 'NONE');
#486 = STYLED_ITEM ( 'NONE', ( #3481 ), #102 ) ;
#487 = LINE ( 'NONE', #2922, #2874 ) ;
#488 = FILL_AREA_STYLE ('',( #3211 ) ) ;
#489 = VERTEX_POINT ( 'NONE', #2247 ) ;
#490 = CARTESIAN_POINT ( 'NONE',  ( -2.088015211736862220, 1.668503090407926104, 1.203499999999999792 ) ) ;
#491 = DIRECTION ( 'NONE',  ( -1.000000000000000000, 3.958838170426965825E-17, 3.766582916872981431E-16 ) ) ;
#492 = CYLINDRICAL_SURFACE ( 'NONE', #2462, 0.03000000000000007869 ) ;
#493 = EDGE_CURVE ( 'NONE', #3201, #242, #3819, .T. ) ;
#494 = ORIENTED_EDGE ( 'NONE', *, *, #3087, .F. ) ;
#495 = LINE ( 'NONE', #742, #1466 ) ;
#496 =( NAMED_UNIT ( * ) PLANE_ANGLE_UNIT ( ) SI_UNIT ( $, .RADIAN. ) );
#497 = CARTESIAN_POINT ( 'NONE',  ( 1.559999999999999165, -1.032499999999999973, -1.178000000000000158 ) ) ;
#498 = EDGE_CURVE ( 'NONE', #2264, #1231, #826, .T. ) ;
#499 = CARTESIAN_POINT ( 'NONE',  ( 2.172664343138951626, -1.810000000000000497, 0.1142500000000000043 ) ) ;
#500 = PRESENTATION_LAYER_ASSIGNMENT (  '', '', ( #1631 ) ) ;
#501 =( GEOMETRIC_REPRESENTATION_CONTEXT ( 3 ) GLOBAL_UNCERTAINTY_ASSIGNED_CONTEXT ( ( #2049 ) ) GLOBAL_UNIT_ASSIGNED_CONTEXT ( ( #1512, #286, #1538 ) ) REPRESENTATION_CONTEXT ( 'NONE', 'WORKASPACE' ) );
#502 = ORIENTED_EDGE ( 'NONE', *, *, #3653, .F. ) ;
#503 = ORIENTED_EDGE ( 'NONE', *, *, #2706, .F. ) ;
#504 = MECHANICAL_DESIGN_GEOMETRIC_PRESENTATION_REPRESENTATION (  '', ( #3553 ), #2626 ) ;
#505 =( NAMED_UNIT ( * ) PLANE_ANGLE_UNIT ( ) SI_UNIT ( $, .RADIAN. ) );
#506 =( GEOMETRIC_REPRESENTATION_CONTEXT ( 3 ) GLOBAL_UNCERTAINTY_ASSIGNED_CONTEXT ( ( #2014 ) ) GLOBAL_UNIT_ASSIGNED_CONTEXT ( ( #2592, #2277, #1101 ) ) REPRESENTATION_CONTEXT ( 'NONE', 'WORKASPACE' ) );
#507 = AXIS2_PLACEMENT_3D ( 'NONE', #3724, #3105, #2829 ) ;
#508 = PRESENTATION_STYLE_ASSIGNMENT (( #3871 ) ) ;
#509 = CARTESIAN_POINT ( 'NONE',  ( 1.518724391834963328, -1.696647178744252749, -1.192730053341531704 ) ) ;
#510 = VECTOR ( 'NONE', #844, 1000.000000000000000 ) ;
#511 = COLOUR_RGB ( '',0.2862745098039215508, 0.2862745098039215508, 0.2862745098039215508 ) ;
#512 = VERTEX_POINT ( 'NONE', #1740 ) ;
#513 = COLOUR_RGB ( '',0.8039215686274510109, 0.8039215686274510109, 0.8039215686274510109 ) ;
#514 = LINE ( 'NONE', #2967, #2693 ) ;
#515 = SURFACE_STYLE_FILL_AREA ( #3636 ) ;
#516 = SURFACE_SIDE_STYLE ('',( #2039 ) ) ;
#517 =( NAMED_UNIT ( * ) SI_UNIT ( $, .STERADIAN. ) SOLID_ANGLE_UNIT ( ) );
#518 =( NAMED_UNIT ( * ) SI_UNIT ( $, .STERADIAN. ) SOLID_ANGLE_UNIT ( ) );
#519 = EDGE_CURVE ( 'NONE', #147, #3627, #2057, .T. ) ;
#520 = FACE_OUTER_BOUND ( 'NONE', #409, .T. ) ;
#521 = STYLED_ITEM ( 'NONE', ( #1262 ), #2385 ) ;
#522 = CARTESIAN_POINT ( 'NONE',  ( -1.534974973379572560, -1.671183246051052951, -1.178000000000000380 ) ) ;
#523 = EDGE_CURVE ( 'NONE', #2435, #3813, #2497, .T. ) ;
#524 = DIRECTION ( 'NONE',  ( 1.000000000000000000, 0.000000000000000000, -2.436409376371921605E-16 ) ) ;
#525 = UNCERTAINTY_MEASURE_WITH_UNIT (LENGTH_MEASURE( 1.000000000000000082E-05 ), #841, 'distance_accuracy_value', 'NONE');
#526 = VERTEX_POINT ( 'NONE', #1715 ) ;
#527 = VERTEX_POINT ( 'NONE', #2031 ) ;
#528 =( BOUNDED_SURFACE ( )  B_SPLINE_SURFACE ( 3, 2, ( 
 ( #1044, #1981, #3184 ),
 ( #3779, #1058, #416 ),
 ( #460, #1921, #1962 ),
 ( #93, #3752, #1003 ) ),
 .UNSPECIFIED., .F., .F., .F. ) 
 B_SPLINE_SURFACE_WITH_KNOTS ( ( 4, 4 ),
 ( 3, 3 ),
 ( 2.183400474843528283, 3.141592653589793116 ),
 ( 0.000000000000000000, 1.000000000000000000 ),
 .UNSPECIFIED. ) 
 GEOMETRIC_REPRESENTATION_ITEM ( )  RATIONAL_B_SPLINE_SURFACE ( (
 ( 1.000000000000000000, 0.7280466559153012662, 1.000000000000000000),
 ( 1.000000000000000000, 0.7374958089388589100, 1.000000000000000000),
 ( 1.000000000000000000, 0.7432171584582896173, 1.000000000000000000),
 ( 1.000000000000000000, 0.7431448254773939111, 1.000000000000000000) ) ) 
 REPRESENTATION_ITEM ( '' )  SURFACE ( )  );
#529 =( LENGTH_UNIT ( ) NAMED_UNIT ( * ) SI_UNIT ( .MILLI., .METRE. ) );
#530 = UNCERTAINTY_MEASURE_WITH_UNIT (LENGTH_MEASURE( 1.000000000000000082E-05 ), #3450, 'distance_accuracy_value', 'NONE');
#531 = ORIENTED_EDGE ( 'NONE', *, *, #2579, .T. ) ;
#532 =( LENGTH_UNIT ( ) NAMED_UNIT ( * ) SI_UNIT ( .MILLI., .METRE. ) );
#533 = STYLED_ITEM ( 'NONE', ( #419 ), #953 ) ;
#534 = ORIENTED_EDGE ( 'NONE', *, *, #1111, .F. ) ;
#535 = DIRECTION ( 'NONE',  ( 0.000000000000000000, 1.000000000000000000, 0.000000000000000000 ) ) ;
#536 = CARTESIAN_POINT ( 'NONE',  ( -1.559999999999999609, 1.032499999999999973, -1.406499999999999861 ) ) ;
#537 = CARTESIAN_POINT ( 'NONE',  ( 2.202499999999999680, -1.810000000000000497, -0.1142500000000000043 ) ) ;
#538 =( NAMED_UNIT ( * ) PLANE_ANGLE_UNIT ( ) SI_UNIT ( $, .RADIAN. ) );
#539 =( NAMED_UNIT ( * ) SI_UNIT ( $, .STERADIAN. ) SOLID_ANGLE_UNIT ( ) );
#540 = SURFACE_SIDE_STYLE ('',( #295 ) ) ;
#541 = PRESENTATION_STYLE_ASSIGNMENT (( #3848 ) ) ;
#542 = ORIENTED_EDGE ( 'NONE', *, *, #394, .F. ) ;
#543 = EDGE_CURVE ( 'NONE', #816, #1712, #1855, .T. ) ;
#544 = FILL_AREA_STYLE ('',( #1493 ) ) ;
#545 = CARTESIAN_POINT ( 'NONE',  ( 2.063683248407200743, 1.671183248407200672, -1.148000000000000353 ) ) ;
#546 = ORIENTED_EDGE ( 'NONE', *, *, #1838, .T. ) ;
#547 = CARTESIAN_POINT ( 'NONE',  ( -1.761003090407910365, 0.3337006180815674794, 1.203499999999999792 ) ) ;
#548 = CARTESIAN_POINT ( 'NONE',  ( 1.523958318047852645, -1.697571468158582064, -1.183936026992321366 ) ) ;
#549 = PRESENTATION_LAYER_ASSIGNMENT (  '', '', ( #1376 ) ) ;
#550 = CARTESIAN_POINT ( 'NONE',  ( -2.063683248407201631, 1.671183248407200894, -1.148000000000000353 ) ) ;
#551 = CARTESIAN_POINT ( 'NONE',  ( -2.449999999999998845, 1.032499999999999973, -1.406499999999999639 ) ) ;
#552 = FILL_AREA_STYLE ('',( #1814 ) ) ;
#553 = SURFACE_STYLE_FILL_AREA ( #1767 ) ;
#554 = FILL_AREA_STYLE ('',( #3279 ) ) ;
#555 = DIRECTION ( 'NONE',  ( -0.000000000000000000, 1.000000000000000000, 0.000000000000000000 ) ) ;
#556 = DIRECTION ( 'NONE',  ( -1.000000000000000000, -1.453565681539903799E-14, -0.000000000000000000 ) ) ;
#557 = UNCERTAINTY_MEASURE_WITH_UNIT (LENGTH_MEASURE( 1.000000000000000082E-05 ), #2569, 'distance_accuracy_value', 'NONE');
#558 = EDGE_LOOP ( 'NONE', ( #1180, #206, #1741, #1134 ) ) ;
#559 = ORIENTED_EDGE ( 'NONE', *, *, #2798, .F. ) ;
#560 = VECTOR ( 'NONE', #2105, 1000.000000000000000 ) ;
#561 = EDGE_CURVE ( 'NONE', #3057, #3652, #2719, .T. ) ;
#562 = MECHANICAL_DESIGN_GEOMETRIC_PRESENTATION_REPRESENTATION (  '', ( #2041 ), #3822 ) ;
#563 = FACE_OUTER_BOUND ( 'NONE', #3174, .T. ) ;
#564 =( LENGTH_UNIT ( ) NAMED_UNIT ( * ) SI_UNIT ( .MILLI., .METRE. ) );
#565 = ADVANCED_FACE ( 'NONE', ( #244 ), #2658, .F. ) ;
#566 = CIRCLE ( 'NONE', #1063, 0.02999999999999996073 ) ;
#567 = VECTOR ( 'NONE', #1148, 1000.000000000000000 ) ;
#568 = LINE ( 'NONE', #3615, #127 ) ;
#569 = VERTEX_POINT ( 'NONE', #189 ) ;
#570 = VECTOR ( 'NONE', #1387, 1000.000000000000000 ) ;
#571 = CARTESIAN_POINT ( 'NONE',  ( -2.202500000000000568, -1.780164343138952221, 0.1142500000000000043 ) ) ;
#572 = MECHANICAL_DESIGN_GEOMETRIC_PRESENTATION_REPRESENTATION (  '', ( #310 ), #448 ) ;
#573 = LINE ( 'NONE', #3941, #2620 ) ;
#574 = PRESENTATION_LAYER_ASSIGNMENT (  '', '', ( #3629 ) ) ;
#575 =( LENGTH_UNIT ( ) NAMED_UNIT ( * ) SI_UNIT ( .MILLI., .METRE. ) );
#576 = PRESENTATION_LAYER_ASSIGNMENT (  '', '', ( #70 ) ) ;
#577 = PRESENTATION_LAYER_ASSIGNMENT (  '', '', ( #456 ) ) ;
#578 = ORIENTED_EDGE ( 'NONE', *, *, #665, .T. ) ;
#579 = CARTESIAN_POINT ( 'NONE',  ( 2.202499999999999680, 1.809999999999999609, 0.1142500000000000043 ) ) ;
#580 = CARTESIAN_POINT ( 'NONE',  ( 2.449999999999998845, 1.032499999999999973, 0.1142499999999999905 ) ) ;
#581 = CARTESIAN_POINT ( 'NONE',  ( 2.172499999999999876, 1.809999999999999609, 0.1142500000000000043 ) ) ;
#582 = VERTEX_POINT ( 'NONE', #1402 ) ;
#583 = PRESENTATION_LAYER_ASSIGNMENT (  '', '', ( #3376 ) ) ;
#584 = CARTESIAN_POINT ( 'NONE',  ( -1.761003090407925242, -1.668503090407926992, 1.203499999999999792 ) ) ;
#585 = EDGE_CURVE ( 'NONE', #375, #2576, #3534, .T. ) ;
#586 = FILL_AREA_STYLE ('',( #2187 ) ) ;
#587 =( NAMED_UNIT ( * ) SI_UNIT ( $, .STERADIAN. ) SOLID_ANGLE_UNIT ( ) );
#588 = EDGE_CURVE ( 'NONE', #1595, #16, #1803, .T. ) ;
#589 = DIRECTION ( 'NONE',  ( -0.000000000000000000, -0.000000000000000000, -1.000000000000000000 ) ) ;
#590 = ORIENTED_EDGE ( 'NONE', *, *, #3166, .F. ) ;
#591 = FILL_AREA_STYLE ('',( #1764 ) ) ;
#592 = ORIENTED_EDGE ( 'NONE', *, *, #561, .F. ) ;
#593 = FILL_AREA_STYLE ('',( #2109 ) ) ;
#594 = SURFACE_STYLE_FILL_AREA ( #2444 ) ;
#595 = ORIENTED_EDGE ( 'NONE', *, *, #2710, .F. ) ;
#596 = ORIENTED_EDGE ( 'NONE', *, *, #703, .T. ) ;
#597 = CARTESIAN_POINT ( 'NONE',  ( -2.090838747268975339, 1.668503090407926104, 1.176635853898029271 ) ) ;
#598 =( GEOMETRIC_REPRESENTATION_CONTEXT ( 3 ) GLOBAL_UNCERTAINTY_ASSIGNED_CONTEXT ( ( #1481 ) ) GLOBAL_UNIT_ASSIGNED_CONTEXT ( ( #455, #3857, #3540 ) ) REPRESENTATION_CONTEXT ( 'NONE', 'WORKASPACE' ) );
#599 = DIRECTION ( 'NONE',  ( -0.000000000000000000, -1.000000000000000000, -0.000000000000000000 ) ) ;
#600 = CARTESIAN_POINT ( 'NONE',  ( -2.172664343138952070, -1.810000000000000497, 0.1142500000000000043 ) ) ;
#601 = EDGE_CURVE ( 'NONE', #2402, #428, #3610, .T. ) ;
#602 = CIRCLE ( 'NONE', #1047, 0.2500000000000002220 ) ;
#603 = SURFACE_STYLE_FILL_AREA ( #349 ) ;
#604 = PRESENTATION_STYLE_ASSIGNMENT (( #1204 ) ) ;
#605 = EDGE_CURVE ( 'NONE', #1991, #482, #3274, .T. ) ;
#606 = EDGE_LOOP ( 'NONE', ( #1958, #297, #3790, #1863 ) ) ;
#607 = PRESENTATION_STYLE_ASSIGNMENT (( #855 ) ) ;
#608 = AXIS2_PLACEMENT_3D ( 'NONE', #1383, #3834, #1077 ) ;
#609 = PRESENTATION_LAYER_ASSIGNMENT (  '', '', ( #805 ) ) ;
#610 = ORIENTED_EDGE ( 'NONE', *, *, #3687, .F. ) ;
#611 = ORIENTED_EDGE ( 'NONE', *, *, #1503, .F. ) ;
#612 = PRESENTATION_LAYER_ASSIGNMENT (  '', '', ( #2680 ) ) ;
#613 = DIRECTION ( 'NONE',  ( -0.000000000000000000, -1.000000000000000000, -0.000000000000000000 ) ) ;
#614 = VECTOR ( 'NONE', #3607, 1000.000000000000000 ) ;
#615 =( GEOMETRIC_REPRESENTATION_CONTEXT ( 3 ) GLOBAL_UNCERTAINTY_ASSIGNED_CONTEXT ( ( #1563 ) ) GLOBAL_UNIT_ASSIGNED_CONTEXT ( ( #909, #3345, #326 ) ) REPRESENTATION_CONTEXT ( 'NONE', 'WORKASPACE' ) );
#616 = PRESENTATION_STYLE_ASSIGNMENT (( #3008 ) ) ;
#617 = AXIS2_PLACEMENT_3D ( 'NONE', #2662, #3522, #3872 ) ;
#618 = CARTESIAN_POINT ( 'NONE',  ( 2.125377094022155688, 1.762712750883204782, -0.5641581221347997666 ) ) ;
#619 = EDGE_CURVE ( 'NONE', #794, #359, #232, .T. ) ;
#620 = MECHANICAL_DESIGN_GEOMETRIC_PRESENTATION_REPRESENTATION (  '', ( #1581 ), #1334 ) ;
#621 = VERTEX_POINT ( 'NONE', #1118 ) ;
#622 = AXIS2_PLACEMENT_3D ( 'NONE', #636, #3061, #363 ) ;
#623 = MECHANICAL_DESIGN_GEOMETRIC_PRESENTATION_REPRESENTATION (  '', ( #2565 ), #1714 ) ;
#624 = ORIENTED_EDGE ( 'NONE', *, *, #1675, .T. ) ;
#625 = CARTESIAN_POINT ( 'NONE',  ( -2.090838747268975339, 1.695515211736861261, 1.176635853898029271 ) ) ;
#626 = LINE ( 'NONE', #580, #3309 ) ;
#627 = EDGE_CURVE ( 'NONE', #1571, #816, #1792, .T. ) ;
#628 =( GEOMETRIC_REPRESENTATION_CONTEXT ( 3 ) GLOBAL_UNCERTAINTY_ASSIGNED_CONTEXT ( ( #2964 ) ) GLOBAL_UNIT_ASSIGNED_CONTEXT ( ( #2146, #2423, #1167 ) ) REPRESENTATION_CONTEXT ( 'NONE', 'WORKASPACE' ) );
#629 = CIRCLE ( 'NONE', #1994, 0.03000000000000007869 ) ;
#630 = AXIS2_PLACEMENT_3D ( 'NONE', #3161, #1624, #2858 ) ;
#631 = ORIENTED_EDGE ( 'NONE', *, *, #3927, .T. ) ;
#632 = ORIENTED_EDGE ( 'NONE', *, *, #3026, .F. ) ;
#633 = SURFACE_STYLE_USAGE ( .BOTH. , #1557 ) ;
#634 = SURFACE_STYLE_USAGE ( .BOTH. , #1848 ) ;
#635 = VERTEX_POINT ( 'NONE', #1500 ) ;
#636 = CARTESIAN_POINT ( 'NONE',  ( 2.449999999999998845, 1.032499999999999973, -1.156500000000000083 ) ) ;
#637 = SPHERICAL_SURFACE ( 'NONE', #2222, 0.02999999999999999889 ) ;
#638 =( BOUNDED_CURVE ( )  B_SPLINE_CURVE ( 3, ( #2489, #3708, #1889, #2190 ),
 .UNSPECIFIED., .F., .T. ) 
 B_SPLINE_CURVE_WITH_KNOTS ( ( 4, 4 ),
 ( 2.361665139862974439, 3.921520167316611793 ),
 .UNSPECIFIED. ) 
 CURVE ( )  GEOMETRIC_REPRESENTATION_ITEM ( )  RATIONAL_B_SPLINE_CURVE ( ( 1.000000000000000000, 0.8073096761657823084, 0.8073096761657823084, 1.000000000000000000 ) ) 
 REPRESENTATION_ITEM ( '' )  );
#639 = UNCERTAINTY_MEASURE_WITH_UNIT (LENGTH_MEASURE( 1.000000000000000082E-05 ), #2689, 'distance_accuracy_value', 'NONE');
#640 = CARTESIAN_POINT ( 'NONE',  ( 1.559999999999999165, 1.032499999999999973, -1.406500000000000306 ) ) ;
#641 = CARTESIAN_POINT ( 'NONE',  ( -2.449999999999999289, 1.032499999999999973, -0.1357499999999992046 ) ) ;
#642 = CARTESIAN_POINT ( 'NONE',  ( -1.544660579899926889, 1.671183248407200672, -1.148000000000000353 ) ) ;
#643 =( GEOMETRIC_REPRESENTATION_CONTEXT ( 3 ) GLOBAL_UNCERTAINTY_ASSIGNED_CONTEXT ( ( #557 ) ) GLOBAL_UNIT_ASSIGNED_CONTEXT ( ( #2569, #2955, #3220 ) ) REPRESENTATION_CONTEXT ( 'NONE', 'WORKASPACE' ) );
#644 = PLANE ( 'NONE',  #3240 ) ;
#645 = SURFACE_STYLE_USAGE ( .BOTH. , #3717 ) ;
#646 =( LENGTH_UNIT ( ) NAMED_UNIT ( * ) SI_UNIT ( .MILLI., .METRE. ) );
#647 = MECHANICAL_DESIGN_GEOMETRIC_PRESENTATION_REPRESENTATION (  '', ( #2138 ), #3130 ) ;
#648 = ADVANCED_FACE ( 'NONE', ( #273 ), #3599, .T. ) ;
#649 = ORIENTED_EDGE ( 'NONE', *, *, #1658, .T. ) ;
#650 = DIRECTION ( 'NONE',  ( -0.000000000000000000, -1.000000000000000000, -0.000000000000000000 ) ) ;
#651 = CARTESIAN_POINT ( 'NONE',  ( -2.699999999999999289, 1.032499999999999973, -1.156499999999999639 ) ) ;
#652 = DIRECTION ( 'NONE',  ( 0.000000000000000000, 0.000000000000000000, -1.000000000000000000 ) ) ;
#653 = LINE ( 'NONE', #640, #899 ) ;
#654 = AXIS2_PLACEMENT_3D ( 'NONE', #2517, #2536, #3747 ) ;
#655 = DIRECTION ( 'NONE',  ( 0.000000000000000000, 0.000000000000000000, -1.000000000000000000 ) ) ;
#656 =( LENGTH_UNIT ( ) NAMED_UNIT ( * ) SI_UNIT ( .MILLI., .METRE. ) );
#657 = FILL_AREA_STYLE ('',( #682 ) ) ;
#658 = CLOSED_SHELL ( 'NONE', ( #23, #2200, #2654, #270, #3402, #1090, #953, #3719, #3239, #2909, #2546, #2779, #3565, #3821, #1139, #2448, #822, #3587, #2330, #1045, #153, #1919, #1213, #102, #1738, #3532, #3657, #3520, #2346, #250, #774, #2585, #467, #3869, #296, #3555, #418, #1579, #3328, #780, #342, #2012, #3312, #1660, #1939, #1947, #2385, #752, #3967, #648, #3406, #160, #1471, #362, #2218, #2333, #1259, #670, #208, #1490, #274 ) ) ;
#659 = PRESENTATION_LAYER_ASSIGNMENT (  '', '', ( #3666 ) ) ;
#660 = EDGE_LOOP ( 'NONE', ( #751, #1421, #1625 ) ) ;
#661 = FACE_OUTER_BOUND ( 'NONE', #2201, .T. ) ;
#662 = CARTESIAN_POINT ( 'NONE',  ( -2.163697115731098908, 1.741361458870049894, -0.4834347828093491506 ) ) ;
#663 =( GEOMETRIC_REPRESENTATION_CONTEXT ( 3 ) GLOBAL_UNCERTAINTY_ASSIGNED_CONTEXT ( ( #3350 ) ) GLOBAL_UNIT_ASSIGNED_CONTEXT ( ( #1352, #2588, #1844 ) ) REPRESENTATION_CONTEXT ( 'NONE', 'WORKASPACE' ) );
#664 = ORIENTED_EDGE ( 'NONE', *, *, #1815, .F. ) ;
#665 = EDGE_CURVE ( 'NONE', #1165, #1231, #2354, .T. ) ;
#666 = DIRECTION ( 'NONE',  ( -0.000000000000000000, -0.000000000000000000, 1.000000000000000000 ) ) ;
#667 = CARTESIAN_POINT ( 'NONE',  ( -1.544660579899926889, 1.701018905268248949, -1.151135853898029859 ) ) ;
#668 = ORIENTED_EDGE ( 'NONE', *, *, #3898, .F. ) ;
#669 = CARTESIAN_POINT ( 'NONE',  ( -2.202500000000000568, 1.809999999999999609, -0.1142500000000000043 ) ) ;
#670 = ADVANCED_FACE ( 'NONE', ( #2101 ), #215, .T. ) ;
#671 = FILL_AREA_STYLE ('',( #44 ) ) ;
#672 = CARTESIAN_POINT ( 'NONE',  ( 2.202499999999999680, -1.032499999999999973, 0.1142500000000000043 ) ) ;
#673 = AXIS2_PLACEMENT_3D ( 'NONE', #1205, #3011, #277 ) ;
#674 = UNCERTAINTY_MEASURE_WITH_UNIT (LENGTH_MEASURE( 1.000000000000000082E-05 ), #3425, 'distance_accuracy_value', 'NONE');
#675 = FILL_AREA_STYLE ('',( #3732 ) ) ;
#676 = PRESENTATION_LAYER_ASSIGNMENT (  '', '', ( #3894 ) ) ;
#677 = MECHANICAL_DESIGN_GEOMETRIC_PRESENTATION_REPRESENTATION (  '', ( #2682 ), #1457 ) ;
#678 = CARTESIAN_POINT ( 'NONE',  ( -2.346500000000000696, -1.032499999999999973, -0.2392499999999986582 ) ) ;
#679 = COLOUR_RGB ( '',0.2862745098039215508, 0.2862745098039215508, 0.2862745098039215508 ) ;
#680 = SURFACE_STYLE_USAGE ( .BOTH. , #2519 ) ;
#681 = DIRECTION ( 'NONE',  ( -0.000000000000000000, -0.000000000000000000, 1.000000000000000000 ) ) ;
#682 = FILL_AREA_STYLE_COLOUR ( '', #3045 ) ;
#683 = MECHANICAL_DESIGN_GEOMETRIC_PRESENTATION_REPRESENTATION (  '', ( #876 ), #615 ) ;
#684 = PRESENTATION_LAYER_ASSIGNMENT (  '', '', ( #2228 ) ) ;
#685 = FILL_AREA_STYLE_COLOUR ( '', #2374 ) ;
#686 = AXIS2_PLACEMENT_3D ( 'NONE', #395, #54, #1600 ) ;
#687 = DIRECTION ( 'NONE',  ( 0.1039620511844979306, -0.1039620511844979306, -0.9891328443778538704 ) ) ;
#688 = AXIS2_PLACEMENT_3D ( 'NONE', #2929, #766, #1638 ) ;
#689 = MECHANICAL_DESIGN_GEOMETRIC_PRESENTATION_REPRESENTATION (  '', ( #2234 ), #2056 ) ;
#690 = VECTOR ( 'NONE', #1440, 1000.000000000000000 ) ;
#691 = VERTEX_POINT ( 'NONE', #1431 ) ;
#692 = AXIS2_PLACEMENT_3D ( 'NONE', #2249, #3831, #3744 ) ;
#693 = DIRECTION ( 'NONE',  ( 0.1039620511844979306, -0.1039620511844979306, -0.9891328443778538704 ) ) ;
#694 = VECTOR ( 'NONE', #3903, 1000.000000000000000 ) ;
#695 = FILL_AREA_STYLE_COLOUR ( '', #2570 ) ;
#696 =( GEOMETRIC_REPRESENTATION_CONTEXT ( 3 ) GLOBAL_UNCERTAINTY_ASSIGNED_CONTEXT ( ( #1311 ) ) GLOBAL_UNIT_ASSIGNED_CONTEXT ( ( #3642, #2191, #345 ) ) REPRESENTATION_CONTEXT ( 'NONE', 'WORKASPACE' ) );
#697 = EDGE_CURVE ( 'NONE', #3627, #159, #2667, .T. ) ;
#698 = CIRCLE ( 'NONE', #7, 0.03000000000000007869 ) ;
#699 = ORIENTED_EDGE ( 'NONE', *, *, #3606, .T. ) ;
#700 = PRESENTATION_STYLE_ASSIGNMENT (( #993 ) ) ;
#701 = PRESENTATION_STYLE_ASSIGNMENT (( #1299 ) ) ;
#702 = CARTESIAN_POINT ( 'NONE',  ( 2.061003090407925509, 1.698338747268974380, 1.176635853898029271 ) ) ;
#703 = EDGE_CURVE ( 'NONE', #1313, #2863, #182, .T. ) ;
#704 = ORIENTED_EDGE ( 'NONE', *, *, #3031, .T. ) ;
#705 = FILL_AREA_STYLE ('',( #110 ) ) ;
#706 = CARTESIAN_POINT ( 'NONE',  ( -2.471499999999999808, 1.032499999999999973, -1.052999999999999936 ) ) ;
#707 = CARTESIAN_POINT ( 'NONE',  ( -2.202500000000000568, 1.779999999999999361, 0.1142500000000000043 ) ) ;
#708 = CARTESIAN_POINT ( 'NONE',  ( 2.090838747268974451, 1.668503090407926104, 1.176635853898029271 ) ) ;
#709 = SURFACE_STYLE_FILL_AREA ( #1902 ) ;
#710 =( NAMED_UNIT ( * ) SI_UNIT ( $, .STERADIAN. ) SOLID_ANGLE_UNIT ( ) );
#711 = STYLED_ITEM ( 'NONE', ( #3092 ), #208 ) ;
#712 = FILL_AREA_STYLE ('',( #381 ) ) ;
#713 = UNCERTAINTY_MEASURE_WITH_UNIT (LENGTH_MEASURE( 1.000000000000000082E-05 ), #2782, 'distance_accuracy_value', 'NONE');
#714 = EDGE_LOOP ( 'NONE', ( #3127, #64, #1802, #1386 ) ) ;
#715 = SURFACE_SIDE_STYLE ('',( #3086 ) ) ;
#716 = MECHANICAL_DESIGN_GEOMETRIC_PRESENTATION_REPRESENTATION (  '', ( #3263 ), #2389 ) ;
#717 = CARTESIAN_POINT ( 'NONE',  ( -2.063683248407201631, -1.671183248407201560, -1.148000000000000353 ) ) ;
#718 = LINE ( 'NONE', #104, #1463 ) ;
#719 =( LENGTH_UNIT ( ) NAMED_UNIT ( * ) SI_UNIT ( .MILLI., .METRE. ) );
#720 = ORIENTED_EDGE ( 'NONE', *, *, #368, .T. ) ;
#721 = CARTESIAN_POINT ( 'NONE',  ( 2.063683248407200743, 1.809999999999999609, -1.148000000000000353 ) ) ;
#722 = CARTESIAN_POINT ( 'NONE',  ( -2.449999999999998845, -1.032499999999999973, 0.1142500000000005872 ) ) ;
#723 = PRESENTATION_STYLE_ASSIGNMENT (( #2317 ) ) ;
#724 = ORIENTED_EDGE ( 'NONE', *, *, #2135, .T. ) ;
#725 = CARTESIAN_POINT ( 'NONE',  ( 2.202499999999999680, 1.032499999999999973, 0.1142500000000000043 ) ) ;
#726 = DIRECTION ( 'NONE',  ( 1.000000000000000000, 0.000000000000000000, 0.000000000000000000 ) ) ;
#727 =( LENGTH_UNIT ( ) NAMED_UNIT ( * ) SI_UNIT ( .MILLI., .METRE. ) );
#728 = ADVANCED_FACE ( 'NONE', ( #237 ), #3191, .F. ) ;
#729 = SURFACE_STYLE_USAGE ( .BOTH. , #3781 ) ;
#730 = FILL_AREA_STYLE_COLOUR ( '', #4 ) ;
#731 = EDGE_CURVE ( 'NONE', #1400, #1549, #1124, .T. ) ;
#732 = STYLED_ITEM ( 'NONE', ( #616 ), #1529 ) ;
#733 = CARTESIAN_POINT ( 'NONE',  ( -2.471499999999999808, 1.032499999999999973, -0.2392499999999986304 ) ) ;
#734 = ORIENTED_EDGE ( 'NONE', *, *, #3355, .T. ) ;
#735 = ORIENTED_EDGE ( 'NONE', *, *, #1622, .T. ) ;
#736 = CARTESIAN_POINT ( 'NONE',  ( -1.544660579899926889, 1.698195369736136273, -1.178000000000000380 ) ) ;
#737 = CYLINDRICAL_SURFACE ( 'NONE', #65, 0.03000000000000018277 ) ;
#738 = ORIENTED_EDGE ( 'NONE', *, *, #394, .T. ) ;
#739 = DIRECTION ( 'NONE',  ( 0.000000000000000000, 0.000000000000000000, -1.000000000000000000 ) ) ;
#740 = DIRECTION ( 'NONE',  ( 1.000000000000000000, 0.000000000000000000, 0.000000000000000000 ) ) ;
#741 = ORIENTED_EDGE ( 'NONE', *, *, #2097, .F. ) ;
#742 = CARTESIAN_POINT ( 'NONE',  ( 2.471499999999999808, 1.032499999999999973, -1.053000000000000602 ) ) ;
#743 = LINE ( 'NONE', #3815, #1307 ) ;
#744 = STYLED_ITEM ( 'NONE', ( #422 ), #3532 ) ;
#745 = CARTESIAN_POINT ( 'NONE',  ( 2.449999999999998845, 1.032499999999999973, 0.1142499999999999905 ) ) ;
#746 = PRESENTATION_STYLE_ASSIGNMENT (( #2634 ) ) ;
#747 = MECHANICAL_DESIGN_GEOMETRIC_PRESENTATION_REPRESENTATION (  '', ( #247 ), #437 ) ;
#748 = MECHANICAL_DESIGN_GEOMETRIC_PRESENTATION_REPRESENTATION (  '', ( #3359 ), #2425 ) ;
#749 = CARTESIAN_POINT ( 'NONE',  ( -2.202500000000000568, -1.810000000000000497, -0.1142500000000000043 ) ) ;
#750 = UNCERTAINTY_MEASURE_WITH_UNIT (LENGTH_MEASURE( 1.000000000000000082E-05 ), #2297, 'distance_accuracy_value', 'NONE');
#751 = ORIENTED_EDGE ( 'NONE', *, *, #2961, .T. ) ;
#752 = ADVANCED_FACE ( 'NONE', ( #3264 ), #1064, .T. ) ;
#753 = STYLED_ITEM ( 'NONE', ( #194 ), #1738 ) ;
#754 = DIRECTION ( 'NONE',  ( -1.445602896647335564E-14, 1.000000000000000000, 0.000000000000000000 ) ) ;
#755 = ORIENTED_EDGE ( 'NONE', *, *, #866, .F. ) ;
#756 = VECTOR ( 'NONE', #2707, 1000.000000000000000 ) ;
#757 = DIRECTION ( 'NONE',  ( 0.000000000000000000, 0.000000000000000000, -1.000000000000000000 ) ) ;
#758 = PRESENTATION_STYLE_ASSIGNMENT (( #3494 ) ) ;
#759 = MECHANICAL_DESIGN_GEOMETRIC_PRESENTATION_REPRESENTATION (  '', ( #1403 ), #1265 ) ;
#760 = SURFACE_STYLE_FILL_AREA ( #1075 ) ;
#761 = AXIS2_PLACEMENT_3D ( 'NONE', #3695, #116, #3068 ) ;
#762 = CARTESIAN_POINT ( 'NONE',  ( 1.520115977641996574, -1.668503090407926992, -1.190750000000000419 ) ) ;
#763 = AXIS2_PLACEMENT_3D ( 'NONE', #3041, #2454, #3658 ) ;
#764 = SURFACE_STYLE_FILL_AREA ( #2020 ) ;
#765 = ORIENTED_EDGE ( 'NONE', *, *, #1290, .F. ) ;
#766 = DIRECTION ( 'NONE',  ( 1.000000000000000000, 0.000000000000000000, 0.000000000000000000 ) ) ;
#767 = PRESENTATION_STYLE_ASSIGNMENT (( #1667 ) ) ;
#768 = SURFACE_SIDE_STYLE ('',( #3846 ) ) ;
#769 = CARTESIAN_POINT ( 'NONE',  ( -2.346500000000000696, -1.032499999999999973, -0.1142499999999994770 ) ) ;
#770 = ORIENTED_EDGE ( 'NONE', *, *, #1346, .F. ) ;
#771 = DIRECTION ( 'NONE',  ( 0.000000000000000000, 1.000000000000000000, 0.000000000000000000 ) ) ;
#772 = EDGE_LOOP ( 'NONE', ( #1050, #2776, #224, #494 ) ) ;
#773 = FILL_AREA_STYLE ('',( #1465 ) ) ;
#774 = ADVANCED_FACE ( 'NONE', ( #2653 ), #1733, .T. ) ;
#775 = VECTOR ( 'NONE', #2042, 1000.000000000000000 ) ;
#776 = CARTESIAN_POINT ( 'NONE',  ( 2.202499999999999680, -1.810000000000000497, 0.1142500000000000043 ) ) ;
#777 = CARTESIAN_POINT ( 'NONE',  ( -2.061003090407926841, 1.668503090407926104, 1.173499999999999543 ) ) ;
#778 =( NAMED_UNIT ( * ) SI_UNIT ( $, .STERADIAN. ) SOLID_ANGLE_UNIT ( ) );
#779 = CARTESIAN_POINT ( 'NONE',  ( 2.063683248407200299, 1.701018905268248949, -1.151135853898030081 ) ) ;
#780 = ADVANCED_FACE ( 'NONE', ( #2692 ), #1480, .T. ) ;
#781 = ORIENTED_EDGE ( 'NONE', *, *, #3388, .T. ) ;
#782 = LINE ( 'NONE', #3794, #570 ) ;
#783 =( NAMED_UNIT ( * ) SI_UNIT ( $, .STERADIAN. ) SOLID_ANGLE_UNIT ( ) );
#784 = FILL_AREA_STYLE_COLOUR ( '', #2797 ) ;
#785 = CARTESIAN_POINT ( 'NONE',  ( -2.172664343138951626, -1.810000000000000497, -0.1142500000000000043 ) ) ;
#786 =( NAMED_UNIT ( * ) PLANE_ANGLE_UNIT ( ) SI_UNIT ( $, .RADIAN. ) );
#787 = UNCERTAINTY_MEASURE_WITH_UNIT (LENGTH_MEASURE( 1.000000000000000082E-05 ), #3507, 'distance_accuracy_value', 'NONE');
#788 = ORIENTED_EDGE ( 'NONE', *, *, #1556, .T. ) ;
#789 = SURFACE_STYLE_USAGE ( .BOTH. , #3249 ) ;
#790 = ORIENTED_EDGE ( 'NONE', *, *, #1556, .F. ) ;
#791 = CIRCLE ( 'NONE', #1373, 0.03000000000000007869 ) ;
#792 = PRESENTATION_STYLE_ASSIGNMENT (( #3208 ) ) ;
#793 = EDGE_CURVE ( 'NONE', #1555, #569, #865, .T. ) ;
#794 = VERTEX_POINT ( 'NONE', #3588 ) ;
#795 = SURFACE_STYLE_FILL_AREA ( #2375 ) ;
#796 = DIRECTION ( 'NONE',  ( 0.000000000000000000, 1.000000000000000000, 0.000000000000000000 ) ) ;
#797 = CARTESIAN_POINT ( 'NONE',  ( 0.000000000000000000, -1.668503090407926992, 1.173499999999999543 ) ) ;
#798 = ORIENTED_EDGE ( 'NONE', *, *, #3200, .F. ) ;
#799 = EDGE_CURVE ( 'NONE', #1231, #906, #2718, .T. ) ;
#800 = DIRECTION ( 'NONE',  ( 0.000000000000000000, 0.9945218953682735119, 0.1045284632676525272 ) ) ;
#801 = DIRECTION ( 'NONE',  ( 1.000000000000000000, 0.000000000000000000, -3.670476104768634540E-15 ) ) ;
#802 =( LENGTH_UNIT ( ) NAMED_UNIT ( * ) SI_UNIT ( .MILLI., .METRE. ) );
#803 = CARTESIAN_POINT ( 'NONE',  ( -1.495571375384066704, -1.668503090407926992, -1.203499999999999792 ) ) ;
#804 = DIRECTION ( 'NONE',  ( -5.475768547906600084E-17, 0.000000000000000000, -1.000000000000000000 ) ) ;
#805 = STYLED_ITEM ( 'NONE', ( #2581 ), #270 ) ;
#806 = DIRECTION ( 'NONE',  ( -1.000000000000000000, 0.000000000000000000, 1.642730564371979964E-16 ) ) ;
#807 = CARTESIAN_POINT ( 'NONE',  ( -1.544660579899926889, -1.698195369736136939, -1.178000000000000380 ) ) ;
#808 = VECTOR ( 'NONE', #1225, 1000.000000000000000 ) ;
#809 = ORIENTED_EDGE ( 'NONE', *, *, #2706, .T. ) ;
#810 = DIRECTION ( 'NONE',  ( 1.000000000000000000, 1.453565681539903799E-14, 0.000000000000000000 ) ) ;
#811 = EDGE_LOOP ( 'NONE', ( #187, #1255, #734, #546, #1650, #1368 ) ) ;
#812 = VECTOR ( 'NONE', #3751, 1000.000000000000000 ) ;
#813 = CARTESIAN_POINT ( 'NONE',  ( -1.761003090407928795, -0.4449341574421205037, 1.203499999999999792 ) ) ;
#814 = VECTOR ( 'NONE', #3259, 1000.000000000000000 ) ;
#815 =( BOUNDED_CURVE ( )  B_SPLINE_CURVE ( 3, ( #1665, #3459, #1284, #2259 ),
 .UNSPECIFIED., .F., .T. ) 
 B_SPLINE_CURVE_WITH_KNOTS ( ( 4, 4 ),
 ( 5.503257793452767999, 7.063112820906405354 ),
 .UNSPECIFIED. ) 
 CURVE ( )  GEOMETRIC_REPRESENTATION_ITEM ( )  RATIONAL_B_SPLINE_CURVE ( ( 1.000000000000000000, 0.8073096761657823084, 0.8073096761657823084, 1.000000000000000000 ) ) 
 REPRESENTATION_ITEM ( '' )  );
#816 = VERTEX_POINT ( 'NONE', #1528 ) ;
#817 = FILL_AREA_STYLE_COLOUR ( '', #3164 ) ;
#818 = FILL_AREA_STYLE_COLOUR ( '', #3829 ) ;
#819 = CIRCLE ( 'NONE', #940, 0.03000000000000007869 ) ;
#820 = STYLED_ITEM ( 'NONE', ( #541 ), #752 ) ;
#821 = CARTESIAN_POINT ( 'NONE',  ( 2.202499999999999680, 1.032499999999999973, -0.1142500000000000043 ) ) ;
#822 = ADVANCED_FACE ( 'NONE', ( #1797 ), #2399, .F. ) ;
#823 = ORIENTED_EDGE ( 'NONE', *, *, #1393, .F. ) ;
#824 = COLOUR_RGB ( '',0.2862745098039215508, 0.2862745098039215508, 0.2862745098039215508 ) ;
#825 = LINE ( 'NONE', #288, #1784 ) ;
#826 = CIRCLE ( 'NONE', #1202, 0.03000000000000007869 ) ;
#827 = DIRECTION ( 'NONE',  ( -0.9945218953682734009, 0.000000000000000000, -0.1045284632676531100 ) ) ;
#828 =( LENGTH_UNIT ( ) NAMED_UNIT ( * ) SI_UNIT ( .MILLI., .METRE. ) );
#829 = CARTESIAN_POINT ( 'NONE',  ( 1.559999999999999165, -1.032499999999999973, -1.406500000000000306 ) ) ;
#830 = DIRECTION ( 'NONE',  ( 0.000000000000000000, 1.000000000000000000, 0.000000000000000000 ) ) ;
#831 = FILL_AREA_STYLE_COLOUR ( '', #2323 ) ;
#832 = EDGE_CURVE ( 'NONE', #1632, #2962, #2474, .T. ) ;
#833 = LINE ( 'NONE', #2069, #814 ) ;
#834 = FACE_OUTER_BOUND ( 'NONE', #3784, .T. ) ;
#835 = ORIENTED_EDGE ( 'NONE', *, *, #2471, .F. ) ;
#836 = CARTESIAN_POINT ( 'NONE',  ( 1.507034239019219513, 1.700053021283490784, -1.160325626149524059 ) ) ;
#837 = CARTESIAN_POINT ( 'NONE',  ( 2.202499999999999680, -1.032499999999999973, 0.1142500000000000043 ) ) ;
#838 = ORIENTED_EDGE ( 'NONE', *, *, #2825, .F. ) ;
#839 = CARTESIAN_POINT ( 'NONE',  ( -1.761003090407891714, 0.5561676968026202372, 1.203499999999999792 ) ) ;
#840 = ORIENTED_EDGE ( 'NONE', *, *, #2113, .T. ) ;
#841 =( LENGTH_UNIT ( ) NAMED_UNIT ( * ) SI_UNIT ( .MILLI., .METRE. ) );
#842 = FILL_AREA_STYLE ('',( #818 ) ) ;
#843 = MECHANICAL_DESIGN_GEOMETRIC_PRESENTATION_REPRESENTATION (  '', ( #533 ), #643 ) ;
#844 = DIRECTION ( 'NONE',  ( -1.000000000000000000, -3.958838170426965825E-17, 3.766582916872981431E-16 ) ) ;
#845 = STYLED_ITEM ( 'NONE', ( #3414 ), #1164 ) ;
#846 = FACE_OUTER_BOUND ( 'NONE', #1066, .T. ) ;
#847 = DIRECTION ( 'NONE',  ( 0.000000000000000000, 0.000000000000000000, -1.000000000000000000 ) ) ;
#848 = SURFACE_STYLE_FILL_AREA ( #1795 ) ;
#849 = CYLINDRICAL_SURFACE ( 'NONE', #2312, 0.03000000000000007869 ) ;
#850 = EDGE_CURVE ( 'NONE', #3216, #3671, #2196, .T. ) ;
#851 = SURFACE_STYLE_USAGE ( .BOTH. , #3943 ) ;
#852 = ORIENTED_EDGE ( 'NONE', *, *, #81, .T. ) ;
#853 = CARTESIAN_POINT ( 'NONE',  ( -2.202500000000000568, -1.032499999999999973, -0.1142500000000000043 ) ) ;
#854 = SURFACE_STYLE_FILL_AREA ( #1532 ) ;
#855 = SURFACE_STYLE_USAGE ( .BOTH. , #1695 ) ;
#856 = FACE_OUTER_BOUND ( 'NONE', #2796, .T. ) ;
#857 = EDGE_CURVE ( 'NONE', #1524, #147, #3686, .T. ) ;
#858 = COLOUR_RGB ( '',0.8039215686274510109, 0.8039215686274510109, 0.8039215686274510109 ) ;
#859 = CYLINDRICAL_SURFACE ( 'NONE', #2163, 0.03000000000000007869 ) ;
#860 = DIRECTION ( 'NONE',  ( -2.757030317827093085E-16, 0.000000000000000000, -1.000000000000000000 ) ) ;
#861 = COLOUR_RGB ( '',0.2862745098039215508, 0.2862745098039215508, 0.2862745098039215508 ) ;
#862 = CARTESIAN_POINT ( 'NONE',  ( 1.559999999999999165, 1.032499999999999973, -1.178000000000000158 ) ) ;
#863 = ORIENTED_EDGE ( 'NONE', *, *, #1189, .F. ) ;
#864 = PLANE ( 'NONE',  #3791 ) ;
#865 = LINE ( 'NONE', #3280, #1404 ) ;
#866 = EDGE_CURVE ( 'NONE', #2011, #1824, #1944, .T. ) ;
#867 = ORIENTED_EDGE ( 'NONE', *, *, #605, .T. ) ;
#868 = LINE ( 'NONE', #853, #2926 ) ;
#869 = DIRECTION ( 'NONE',  ( 0.000000000000000000, 0.000000000000000000, -1.000000000000000000 ) ) ;
#870 = CARTESIAN_POINT ( 'NONE',  ( -2.172500000000000320, 1.779999999999999361, 0.1142500000000000043 ) ) ;
#871 = ORIENTED_EDGE ( 'NONE', *, *, #3031, .F. ) ;
#872 = CARTESIAN_POINT ( 'NONE',  ( -1.761003090407925464, -1.557269551047398171, 1.203499999999999792 ) ) ;
#873 = EDGE_CURVE ( 'NONE', #691, #2063, #914, .T. ) ;
#874 = ORIENTED_EDGE ( 'NONE', *, *, #1887, .F. ) ;
#875 = STYLED_ITEM ( 'NONE', ( #2568 ), #3719 ) ;
#876 = STYLED_ITEM ( 'NONE', ( #1513 ), #1919 ) ;
#877 = MECHANICAL_DESIGN_GEOMETRIC_PRESENTATION_REPRESENTATION (  '', ( #3560 ), #2991 ) ;
#878 = DIRECTION ( 'NONE',  ( -0.000000000000000000, -0.000000000000000000, 1.000000000000000000 ) ) ;
#879 = MECHANICAL_DESIGN_GEOMETRIC_PRESENTATION_REPRESENTATION (  '', ( #1585 ), #3765 ) ;
#880 = ORIENTED_EDGE ( 'NONE', *, *, #992, .T. ) ;
#881 = AXIS2_PLACEMENT_3D ( 'NONE', #3814, #3503, #3202 ) ;
#882 = CARTESIAN_POINT ( 'NONE',  ( 2.061003090407925953, 1.695515211736861261, 1.203499999999999792 ) ) ;
#883 = FACE_OUTER_BOUND ( 'NONE', #772, .T. ) ;
#884 =( NAMED_UNIT ( * ) SI_UNIT ( $, .STERADIAN. ) SOLID_ANGLE_UNIT ( ) );
#885 = VECTOR ( 'NONE', #1035, 1000.000000000000000 ) ;
#886 = CARTESIAN_POINT ( 'NONE',  ( 1.544660579899926889, -1.810000000000000497, -1.208000000000000407 ) ) ;
#887 = FILL_AREA_STYLE_COLOUR ( '', #2921 ) ;
#888 = MECHANICAL_DESIGN_GEOMETRIC_PRESENTATION_REPRESENTATION (  '', ( #3634 ), #1996 ) ;
#889 = VERTEX_POINT ( 'NONE', #708 ) ;
#890 = DIRECTION ( 'NONE',  ( -0.1039620511844979306, 0.1039620511844979306, 0.9891328443778538704 ) ) ;
#891 =( NAMED_UNIT ( * ) SI_UNIT ( $, .STERADIAN. ) SOLID_ANGLE_UNIT ( ) );
#892 = ADVANCED_FACE ( 'NONE', ( #2183 ), #2504, .T. ) ;
#893 = DIRECTION ( 'NONE',  ( -1.000000000000000000, 0.000000000000000000, 2.757030317827093085E-16 ) ) ;
#894 = CARTESIAN_POINT ( 'NONE',  ( 1.544660579899926889, -1.671183248407201560, -1.178000000000000158 ) ) ;
#895 = SURFACE_SIDE_STYLE ('',( #3412 ) ) ;
#896 = PRESENTATION_LAYER_ASSIGNMENT (  '', '', ( #1091 ) ) ;
#897 = DIRECTION ( 'NONE',  ( -0.000000000000000000, -0.000000000000000000, 1.000000000000000000 ) ) ;
#898 = FILL_AREA_STYLE ('',( #1222 ) ) ;
#899 = VECTOR ( 'NONE', #1875, 1000.000000000000000 ) ;
#900 =( NAMED_UNIT ( * ) SI_UNIT ( $, .STERADIAN. ) SOLID_ANGLE_UNIT ( ) );
#901 = ORIENTED_EDGE ( 'NONE', *, *, #2351, .F. ) ;
#902 = EDGE_LOOP ( 'NONE', ( #3232, #503, #1244, #1662 ) ) ;
#903 = SURFACE_STYLE_USAGE ( .BOTH. , #1209 ) ;
#904 = SURFACE_SIDE_STYLE ('',( #854 ) ) ;
#905 = CARTESIAN_POINT ( 'NONE',  ( -2.202500000000000568, -1.810000000000000497, 0.1142500000000000043 ) ) ;
#906 = VERTEX_POINT ( 'NONE', #1329 ) ;
#907 = EDGE_LOOP ( 'NONE', ( #1172, #2574, #1775, #3918, #2598, #3489 ) ) ;
#908 =( NAMED_UNIT ( * ) SI_UNIT ( $, .STERADIAN. ) SOLID_ANGLE_UNIT ( ) );
#909 =( LENGTH_UNIT ( ) NAMED_UNIT ( * ) SI_UNIT ( .MILLI., .METRE. ) );
#910 = EDGE_CURVE ( 'NONE', #582, #955, #404, .T. ) ;
#911 = SURFACE_SIDE_STYLE ('',( #2739 ) ) ;
#912 =( GEOMETRIC_REPRESENTATION_CONTEXT ( 3 ) GLOBAL_UNCERTAINTY_ASSIGNED_CONTEXT ( ( #1937 ) ) GLOBAL_UNIT_ASSIGNED_CONTEXT ( ( #2380, #538, #3600 ) ) REPRESENTATION_CONTEXT ( 'NONE', 'WORKASPACE' ) );
#913 = CARTESIAN_POINT ( 'NONE',  ( 2.202499999999999680, 1.779999999999999361, -0.1142500000000000043 ) ) ;
#914 =( BOUNDED_CURVE ( )  B_SPLINE_CURVE ( 3, ( #95, #1547, #3461, #1900 ),
 .UNSPECIFIED., .F., .T. ) 
 B_SPLINE_CURVE_WITH_KNOTS ( ( 4, 4 ),
 ( 0.000000000000000000, 0.9581921787462630569 ),
 .UNSPECIFIED. ) 
 CURVE ( )  GEOMETRIC_REPRESENTATION_ITEM ( )  RATIONAL_B_SPLINE_CURVE ( ( 1.000000000000000000, 0.9249413116432966264, 0.9249413116432966264, 1.000000000000000000 ) ) 
 REPRESENTATION_ITEM ( '' )  );
#915 =( NAMED_UNIT ( * ) PLANE_ANGLE_UNIT ( ) SI_UNIT ( $, .RADIAN. ) );
#916 = EDGE_CURVE ( 'NONE', #1492, #3914, #1287, .T. ) ;
#917 = SURFACE_SIDE_STYLE ('',( #3028 ) ) ;
#918 = PRESENTATION_STYLE_ASSIGNMENT (( #3664 ) ) ;
#919 = ORIENTED_EDGE ( 'NONE', *, *, #2351, .T. ) ;
#920 = ORIENTED_EDGE ( 'NONE', *, *, #2117, .F. ) ;
#921 = FILL_AREA_STYLE_COLOUR ( '', #2490 ) ;
#922 =( NAMED_UNIT ( * ) SI_UNIT ( $, .STERADIAN. ) SOLID_ANGLE_UNIT ( ) );
#923 = FACE_OUTER_BOUND ( 'NONE', #1048, .T. ) ;
#924 = EDGE_LOOP ( 'NONE', ( #880, #3226, #2513, #3154 ) ) ;
#925 = CARTESIAN_POINT ( 'NONE',  ( 2.090838747268974451, -1.668503090407926992, 1.176635853898029271 ) ) ;
#926 = ORIENTED_EDGE ( 'NONE', *, *, #1372, .F. ) ;
#927 = COLOUR_RGB ( '',0.2862745098039215508, 0.2862745098039215508, 0.2862745098039215508 ) ;
#928 = ORIENTED_EDGE ( 'NONE', *, *, #3388, .F. ) ;
#929 = ORIENTED_EDGE ( 'NONE', *, *, #619, .F. ) ;
#930 = AXIS2_PLACEMENT_3D ( 'NONE', #3579, #2949, #228 ) ;
#931 =( LENGTH_UNIT ( ) NAMED_UNIT ( * ) SI_UNIT ( .MILLI., .METRE. ) );
#932 = FILL_AREA_STYLE ('',( #2137 ) ) ;
#933 = ORIENTED_EDGE ( 'NONE', *, *, #2043, .T. ) ;
#934 =( NAMED_UNIT ( * ) SI_UNIT ( $, .STERADIAN. ) SOLID_ANGLE_UNIT ( ) );
#935 = AXIS2_PLACEMENT_3D ( 'NONE', #1097, #1144, #827 ) ;
#936 = COLOUR_RGB ( '',0.2862745098039215508, 0.2862745098039215508, 0.2862745098039215508 ) ;
#937 = SURFACE_STYLE_USAGE ( .BOTH. , #895 ) ;
#938 =( NAMED_UNIT ( * ) SI_UNIT ( $, .STERADIAN. ) SOLID_ANGLE_UNIT ( ) );
#939 = PRESENTATION_LAYER_ASSIGNMENT (  '', '', ( #60 ) ) ;
#940 = AXIS2_PLACEMENT_3D ( 'NONE', #2319, #3457, #3524 ) ;
#941 =( BOUNDED_CURVE ( )  B_SPLINE_CURVE ( 3, ( #2918, #186, #2639, #1086 ),
 .UNSPECIFIED., .F., .T. ) 
 B_SPLINE_CURVE_WITH_KNOTS ( ( 4, 4 ),
 ( 2.361665139862960228, 3.921520167316604244 ),
 .UNSPECIFIED. ) 
 CURVE ( )  GEOMETRIC_REPRESENTATION_ITEM ( )  RATIONAL_B_SPLINE_CURVE ( ( 1.000000000000000000, 0.8073096761657807541, 0.8073096761657807541, 1.000000000000000000 ) ) 
 REPRESENTATION_ITEM ( '' )  );
#942 = PRODUCT_RELATED_PRODUCT_CATEGORY ( 'part', '', ( #157 ) ) ;
#943 = EDGE_CURVE ( 'NONE', #3809, #1783, #1923, .T. ) ;
#944 = COLOUR_RGB ( '',0.2862745098039215508, 0.2862745098039215508, 0.2862745098039215508 ) ;
#945 = DIRECTION ( 'NONE',  ( 0.000000000000000000, 1.000000000000000000, 0.000000000000000000 ) ) ;
#946 = AXIS2_PLACEMENT_3D ( 'NONE', #2434, #2153, #1516 ) ;
#947 =( NAMED_UNIT ( * ) SI_UNIT ( $, .STERADIAN. ) SOLID_ANGLE_UNIT ( ) );
#948 =( NAMED_UNIT ( * ) PLANE_ANGLE_UNIT ( ) SI_UNIT ( $, .RADIAN. ) );
#949 = CIRCLE ( 'NONE', #3435, 0.03000000000000007869 ) ;
#950 = FILL_AREA_STYLE_COLOUR ( '', #69 ) ;
#951 = AXIS2_PLACEMENT_3D ( 'NONE', #3016, #1211, #281 ) ;
#952 = VERTEX_POINT ( 'NONE', #333 ) ;
#953 = ADVANCED_FACE ( 'NONE', ( #2542 ), #2788, .T. ) ;
#954 = UNCERTAINTY_MEASURE_WITH_UNIT (LENGTH_MEASURE( 1.000000000000000082E-05 ), #3710, 'distance_accuracy_value', 'NONE');
#955 = VERTEX_POINT ( 'NONE', #3158 ) ;
#956 = CYLINDRICAL_SURFACE ( 'NONE', #1143, 0.03000000000000007869 ) ;
#957 = SURFACE_STYLE_FILL_AREA ( #1954 ) ;
#958 = ORIENTED_EDGE ( 'NONE', *, *, #3816, .T. ) ;
#959 = PRESENTATION_STYLE_ASSIGNMENT (( #937 ) ) ;
#960 = LINE ( 'NONE', #2470, #3149 ) ;
#961 = UNCERTAINTY_MEASURE_WITH_UNIT (LENGTH_MEASURE( 1.000000000000000082E-05 ), #3317, 'distance_accuracy_value', 'NONE');
#962 = SURFACE_STYLE_USAGE ( .BOTH. , #3093 ) ;
#963 = SURFACE_STYLE_FILL_AREA ( #1241 ) ;
#964 = CARTESIAN_POINT ( 'NONE',  ( -2.202500000000000568, 1.809999999999999609, 0.1142500000000000043 ) ) ;
#965 = CARTESIAN_POINT ( 'NONE',  ( -2.202499999999999680, 1.032499999999999973, 0.1142500000000005456 ) ) ;
#966 = PRESENTATION_LAYER_ASSIGNMENT (  '', '', ( #2834 ) ) ;
#967 = ORIENTED_EDGE ( 'NONE', *, *, #3486, .T. ) ;
#968 = ADVANCED_FACE ( 'NONE', ( #1666 ), #2276, .F. ) ;
#969 = FILL_AREA_STYLE ('',( #1568 ) ) ;
#970 = FILL_AREA_STYLE ('',( #3756 ) ) ;
#971 = SURFACE_STYLE_FILL_AREA ( #1949 ) ;
#972 = ORIENTED_EDGE ( 'NONE', *, *, #585, .F. ) ;
#973 = EDGE_CURVE ( 'NONE', #1422, #635, #177, .T. ) ;
#974 = LINE ( 'NONE', #1968, #3963 ) ;
#975 = CARTESIAN_POINT ( 'NONE',  ( -2.202500000000000568, -1.810000000000000497, 0.1142500000000000043 ) ) ;
#976 = SURFACE_STYLE_FILL_AREA ( #675 ) ;
#977 = VECTOR ( 'NONE', #3875, 1000.000000000000000 ) ;
#978 =( NAMED_UNIT ( * ) PLANE_ANGLE_UNIT ( ) SI_UNIT ( $, .RADIAN. ) );
#979 = DIRECTION ( 'NONE',  ( -1.000000000000000000, -0.000000000000000000, -0.000000000000000000 ) ) ;
#980 =( NAMED_UNIT ( * ) SI_UNIT ( $, .STERADIAN. ) SOLID_ANGLE_UNIT ( ) );
#981 = DIRECTION ( 'NONE',  ( -0.000000000000000000, -0.000000000000000000, -1.000000000000000000 ) ) ;
#982 = CARTESIAN_POINT ( 'NONE',  ( -2.346499999999999808, 1.032499999999999973, -1.052999999999999936 ) ) ;
#983 =( NAMED_UNIT ( * ) PLANE_ANGLE_UNIT ( ) SI_UNIT ( $, .RADIAN. ) );
#984 = DIRECTION ( 'NONE',  ( -1.000000000000000000, -0.000000000000000000, 2.823443157514317043E-16 ) ) ;
#985 = MECHANICAL_DESIGN_GEOMETRIC_PRESENTATION_REPRESENTATION (  '', ( #486 ), #663 ) ;
#986 = UNCERTAINTY_MEASURE_WITH_UNIT (LENGTH_MEASURE( 1.000000000000000082E-05 ), #1664, 'distance_accuracy_value', 'NONE');
#987 = EDGE_CURVE ( 'NONE', #1934, #3523, #1120, .T. ) ;
#988 = ORIENTED_EDGE ( 'NONE', *, *, #992, .F. ) ;
#989 = SURFACE_STYLE_USAGE ( .BOTH. , #2548 ) ;
#990 = CARTESIAN_POINT ( 'NONE',  ( -1.523958318047849758, 1.697571468158587393, -1.183936026992327584 ) ) ;
#991 = SPHERICAL_SURFACE ( 'NONE', #3104, 0.02999999999999999889 ) ;
#992 = EDGE_CURVE ( 'NONE', #3478, #3611, #85, .T. ) ;
#993 = SURFACE_STYLE_USAGE ( .BOTH. , #3808 ) ;
#994 = CARTESIAN_POINT ( 'NONE',  ( 1.520115977641996796, -1.668503090407926992, -1.190749999999999975 ) ) ;
#995 = DIRECTION ( 'NONE',  ( 0.000000000000000000, 0.000000000000000000, 1.000000000000000000 ) ) ;
#996 = STYLED_ITEM ( 'NONE', ( #1502 ), #3633 ) ;
#997 = UNCERTAINTY_MEASURE_WITH_UNIT (LENGTH_MEASURE( 1.000000000000000082E-05 ), #3550, 'distance_accuracy_value', 'NONE');
#998 = COLOUR_RGB ( '',0.2862745098039215508, 0.2862745098039215508, 0.2862745098039215508 ) ;
#999 = EDGE_LOOP ( 'NONE', ( #2030, #1273, #531, #1612, #958, #3442 ) ) ;
#1000 = CARTESIAN_POINT ( 'NONE',  ( -2.449999999999998845, -1.032499999999999973, 0.1142500000000005872 ) ) ;
#1001 = MECHANICAL_DESIGN_GEOMETRIC_PRESENTATION_REPRESENTATION (  '', ( #2748 ), #2553 ) ;
#1002 = DIRECTION ( 'NONE',  ( 0.000000000000000000, 0.000000000000000000, 1.000000000000000000 ) ) ;
#1003 = CARTESIAN_POINT ( 'NONE',  ( 1.544660579899926889, 1.671183248407201338, -1.178000000000000380 ) ) ;
#1004 = FILL_AREA_STYLE ('',( #3753 ) ) ;
#1005 = FILL_AREA_STYLE_COLOUR ( '', #3109 ) ;
#1006 = SURFACE_STYLE_FILL_AREA ( #970 ) ;
#1007 = SURFACE_STYLE_USAGE ( .BOTH. , #3757 ) ;
#1008 = ORIENTED_EDGE ( 'NONE', *, *, #3515, .T. ) ;
#1009 = DIRECTION ( 'NONE',  ( -0.5728857937800159172, 0.08567520829183446207, 0.8151451563796426880 ) ) ;
#1010 = STYLED_ITEM ( 'NONE', ( #3135 ), #2909 ) ;
#1011 =( GEOMETRIC_REPRESENTATION_CONTEXT ( 3 ) GLOBAL_UNCERTAINTY_ASSIGNED_CONTEXT ( ( #1929 ) ) GLOBAL_UNIT_ASSIGNED_CONTEXT ( ( #3513, #1860, #2715 ) ) REPRESENTATION_CONTEXT ( 'NONE', 'WORKASPACE' ) );
#1012 = ORIENTED_EDGE ( 'NONE', *, *, #987, .F. ) ;
#1013 = COLOUR_RGB ( '',0.2862745098039215508, 0.2862745098039215508, 0.2862745098039215508 ) ;
#1014 = VECTOR ( 'NONE', #1450, 1000.000000000000000 ) ;
#1015 = CARTESIAN_POINT ( 'NONE',  ( -1.544660579899926889, 1.671183248407201338, -1.178000000000000380 ) ) ;
#1016 =( NAMED_UNIT ( * ) SI_UNIT ( $, .STERADIAN. ) SOLID_ANGLE_UNIT ( ) );
#1017 = EDGE_CURVE ( 'NONE', #482, #2216, #478, .T. ) ;
#1018 = DIRECTION ( 'NONE',  ( 0.9945218953682734009, 0.000000000000000000, -0.1045284632676531100 ) ) ;
#1019 = SURFACE_SIDE_STYLE ('',( #1893 ) ) ;
#1020 = SURFACE_STYLE_FILL_AREA ( #2627 ) ;
#1021 = ORIENTED_EDGE ( 'NONE', *, *, #2982, .T. ) ;
#1022 = PLANE ( 'NONE',  #881 ) ;
#1023 = CARTESIAN_POINT ( 'NONE',  ( -2.202499999999999680, -1.032499999999999973, 0.1142500000000005456 ) ) ;
#1024 = SURFACE_STYLE_USAGE ( .BOTH. , #3136 ) ;
#1025 = PLANE ( 'NONE',  #3235 ) ;
#1026 = DIRECTION ( 'NONE',  ( -0.000000000000000000, -1.000000000000000000, -0.000000000000000000 ) ) ;
#1027 = SURFACE_STYLE_FILL_AREA ( #3205 ) ;
#1028 = DIRECTION ( 'NONE',  ( 0.5728857937799907152, 0.08567520829180398645, 0.8151451563796634492 ) ) ;
#1029 = VERTEX_POINT ( 'NONE', #3238 ) ;
#1030 = DIRECTION ( 'NONE',  ( 1.000000000000000000, 0.000000000000000000, 3.766582916872981431E-16 ) ) ;
#1031 =( GEOMETRIC_REPRESENTATION_CONTEXT ( 3 ) GLOBAL_UNCERTAINTY_ASSIGNED_CONTEXT ( ( #3589 ) ) GLOBAL_UNIT_ASSIGNED_CONTEXT ( ( #3351, #2559, #108 ) ) REPRESENTATION_CONTEXT ( 'NONE', 'WORKASPACE' ) );
#1032 = ORIENTED_EDGE ( 'NONE', *, *, #3330, .T. ) ;
#1033 = FACE_OUTER_BOUND ( 'NONE', #2077, .T. ) ;
#1034 =( LENGTH_UNIT ( ) NAMED_UNIT ( * ) SI_UNIT ( .MILLI., .METRE. ) );
#1035 = DIRECTION ( 'NONE',  ( 0.000000000000000000, -1.000000000000000000, 0.000000000000000000 ) ) ;
#1036 = VERTEX_POINT ( 'NONE', #785 ) ;
#1037 = SURFACE_STYLE_FILL_AREA ( #3176 ) ;
#1038 = CARTESIAN_POINT ( 'NONE',  ( 2.061003090407925953, 1.668503090407926104, 1.173499999999999543 ) ) ;
#1039 = UNCERTAINTY_MEASURE_WITH_UNIT (LENGTH_MEASURE( 1.000000000000000082E-05 ), #1986, 'distance_accuracy_value', 'NONE');
#1040 = DIRECTION ( 'NONE',  ( 0.000000000000000000, -1.000000000000000000, 0.000000000000000000 ) ) ;
#1041 = EDGE_CURVE ( 'NONE', #1104, #621, #2004, .T. ) ;
#1042 = ORIENTED_EDGE ( 'NONE', *, *, #3942, .F. ) ;
#1043 = DIRECTION ( 'NONE',  ( -0.000000000000000000, -1.000000000000000000, -0.000000000000000000 ) ) ;
#1044 = CARTESIAN_POINT ( 'NONE',  ( 1.495571375384066481, 1.698338747268975046, -1.176635853898029493 ) ) ;
#1045 = ADVANCED_FACE ( 'NONE', ( #520 ), #1729, .T. ) ;
#1046 = DIRECTION ( 'NONE',  ( 0.000000000000000000, 0.000000000000000000, -1.000000000000000000 ) ) ;
#1047 = AXIS2_PLACEMENT_3D ( 'NONE', #3037, #3609, #1153 ) ;
#1048 = EDGE_LOOP ( 'NONE', ( #871, #2527, #2972, #2037, #1266, #2282, #3467, #2475 ) ) ;
#1049 = CARTESIAN_POINT ( 'NONE',  ( 2.449999999999998845, -1.032499999999999973, 0.1142499999999999905 ) ) ;
#1050 = ORIENTED_EDGE ( 'NONE', *, *, #866, .T. ) ;
#1051 = FACE_OUTER_BOUND ( 'NONE', #3207, .T. ) ;
#1052 = VERTEX_POINT ( 'NONE', #1175 ) ;
#1053 = MECHANICAL_DESIGN_GEOMETRIC_PRESENTATION_REPRESENTATION (  '', ( #1247 ), #2544 ) ;
#1054 = FILL_AREA_STYLE ('',( #1366 ) ) ;
#1055 = LINE ( 'NONE', #3554, #977 ) ;
#1056 = VERTEX_POINT ( 'NONE', #1161 ) ;
#1057 = CARTESIAN_POINT ( 'NONE',  ( 2.088015211736861332, 1.698338747268974380, 1.176635853898029271 ) ) ;
#1058 = CARTESIAN_POINT ( 'NONE',  ( 1.523958318047849536, 1.697571468158590058, -1.183936026992327806 ) ) ;
#1059 = COLOUR_RGB ( '',0.2862745098039215508, 0.2862745098039215508, 0.2862745098039215508 ) ;
#1060 = AXIS2_PLACEMENT_3D ( 'NONE', #1980, #3096, #726 ) ;
#1061 = SURFACE_SIDE_STYLE ('',( #114 ) ) ;
#1062 = EDGE_CURVE ( 'NONE', #3007, #2749, #144, .T. ) ;
#1063 = AXIS2_PLACEMENT_3D ( 'NONE', #3703, #2268, #2188 ) ;
#1064 = CYLINDRICAL_SURFACE ( 'NONE', #3842, 0.03000000000000007869 ) ;
#1065 = UNCERTAINTY_MEASURE_WITH_UNIT (LENGTH_MEASURE( 1.000000000000000082E-05 ), #2890, 'distance_accuracy_value', 'NONE');
#1066 = EDGE_LOOP ( 'NONE', ( #3403, #2420, #3598 ) ) ;
#1067 = PRESENTATION_LAYER_ASSIGNMENT (  '', '', ( #753 ) ) ;
#1068 = ORIENTED_EDGE ( 'NONE', *, *, #493, .T. ) ;
#1069 = EDGE_CURVE ( 'NONE', #196, #2373, #1749, .T. ) ;
#1070 = PRESENTATION_LAYER_ASSIGNMENT (  '', '', ( #1010 ) ) ;
#1071 =( BOUNDED_CURVE ( )  B_SPLINE_CURVE ( 3, ( #2721, #2681, #2064, #3877 ),
 .UNSPECIFIED., .F., .T. ) 
 B_SPLINE_CURVE_WITH_KNOTS ( ( 4, 4 ),
 ( 5.503257793452782209, 7.063112820906405354 ),
 .UNSPECIFIED. ) 
 CURVE ( )  GEOMETRIC_REPRESENTATION_ITEM ( )  RATIONAL_B_SPLINE_CURVE ( ( 1.000000000000000000, 0.8073096761657856391, 0.8073096761657856391, 1.000000000000000000 ) ) 
 REPRESENTATION_ITEM ( '' )  );
#1072 = CARTESIAN_POINT ( 'NONE',  ( -2.202500000000000568, -1.780000000000000249, 0.1142500000000000043 ) ) ;
#1073 = MECHANICAL_DESIGN_GEOMETRIC_PRESENTATION_REPRESENTATION (  '', ( #3502 ), #3622 ) ;
#1074 =( GEOMETRIC_REPRESENTATION_CONTEXT ( 3 ) GLOBAL_UNCERTAINTY_ASSIGNED_CONTEXT ( ( #2959 ) ) GLOBAL_UNIT_ASSIGNED_CONTEXT ( ( #1150, #2459, #3665 ) ) REPRESENTATION_CONTEXT ( 'NONE', 'WORKASPACE' ) );
#1075 = FILL_AREA_STYLE ('',( #2532 ) ) ;
#1076 = AXIS2_PLACEMENT_3D ( 'NONE', #264, #2443, #1494 ) ;
#1077 = DIRECTION ( 'NONE',  ( 0.000000000000000000, 0.000000000000000000, -1.000000000000000000 ) ) ;
#1078 = LINE ( 'NONE', #2316, #3689 ) ;
#1079 = DIRECTION ( 'NONE',  ( 0.000000000000000000, 0.000000000000000000, -1.000000000000000000 ) ) ;
#1080 = EDGE_LOOP ( 'NONE', ( #1879, #2341, #414, #212 ) ) ;
#1081 = DIRECTION ( 'NONE',  ( -0.000000000000000000, -0.000000000000000000, 1.000000000000000000 ) ) ;
#1082 = DIRECTION ( 'NONE',  ( -0.000000000000000000, -1.000000000000000000, -0.000000000000000000 ) ) ;
#1083 = SURFACE_STYLE_USAGE ( .BOTH. , #768 ) ;
#1084 = ADVANCED_FACE ( 'NONE', ( #3583 ), #293, .F. ) ;
#1085 = ORIENTED_EDGE ( 'NONE', *, *, #3927, .F. ) ;
#1086 = CARTESIAN_POINT ( 'NONE',  ( -2.202500000000000568, 1.780164343138951555, 0.1142500000000000043 ) ) ;
#1087 = ORIENTED_EDGE ( 'NONE', *, *, #2727, .F. ) ;
#1088 = MECHANICAL_DESIGN_GEOMETRIC_PRESENTATION_REPRESENTATION (  '', ( #2650 ), #3071 ) ;
#1089 = CARTESIAN_POINT ( 'NONE',  ( -1.761003090407879279, 0.6674012361631457280, 1.203499999999999792 ) ) ;
#1090 = ADVANCED_FACE ( 'NONE', ( #2086 ), #864, .T. ) ;
#1091 = STYLED_ITEM ( 'NONE', ( #3817 ), #1045 ) ;
#1092 = SURFACE_STYLE_FILL_AREA ( #2081 ) ;
#1093 = CARTESIAN_POINT ( 'NONE',  ( 2.172986810143136438, 1.810322467004185087, 0.1111819313977170237 ) ) ;
#1094 = DIRECTION ( 'NONE',  ( -0.000000000000000000, 1.000000000000000000, 0.000000000000000000 ) ) ;
#1095 = ORIENTED_EDGE ( 'NONE', *, *, #3486, .F. ) ;
#1096 = DIRECTION ( 'NONE',  ( 0.000000000000000000, -1.000000000000000000, 0.000000000000000000 ) ) ;
#1097 = CARTESIAN_POINT ( 'NONE',  ( 2.172986810143136438, -1.780486810143137921, 0.1080460774996874623 ) ) ;
#1098 = DIRECTION ( 'NONE',  ( 0.000000000000000000, 0.000000000000000000, 1.000000000000000000 ) ) ;
#1099 = FILL_AREA_STYLE ('',( #2985 ) ) ;
#1100 = DIRECTION ( 'NONE',  ( 0.1045284632676537068, 0.000000000000000000, -0.9945218953682734009 ) ) ;
#1101 =( NAMED_UNIT ( * ) SI_UNIT ( $, .STERADIAN. ) SOLID_ANGLE_UNIT ( ) );
#1102 = DIRECTION ( 'NONE',  ( -1.642730564371979964E-16, 0.000000000000000000, -1.000000000000000000 ) ) ;
#1103 = CARTESIAN_POINT ( 'NONE',  ( -1.525685624019015751, -1.670168972979326094, -1.182825086664275327 ) ) ;
#1104 = VERTEX_POINT ( 'NONE', #2785 ) ;
#1105 = DIRECTION ( 'NONE',  ( -1.000000000000000000, -0.000000000000000000, -0.000000000000000000 ) ) ;
#1106 = EDGE_LOOP ( 'NONE', ( #2484, #926, #3224, #3033 ) ) ;
#1107 = EDGE_CURVE ( 'NONE', #2402, #1991, #653, .T. ) ;
#1108 = CARTESIAN_POINT ( 'NONE',  ( -1.761003090407853078, 0.8898683148841984858, 1.203499999999999792 ) ) ;
#1109 = ORIENTED_EDGE ( 'NONE', *, *, #1503, .T. ) ;
#1110 = EDGE_LOOP ( 'NONE', ( #3491, #1901, #2488, #3516, #1798, #1615 ) ) ;
#1111 = EDGE_CURVE ( 'NONE', #359, #1342, #47, .T. ) ;
#1112 = CARTESIAN_POINT ( 'NONE',  ( 2.063683248407200743, -1.671183248407201560, -1.148000000000000353 ) ) ;
#1113 = DIRECTION ( 'NONE',  ( -0.1039620511844979306, -0.1039620511844979306, 0.9891328443778538704 ) ) ;
#1114 = CARTESIAN_POINT ( 'NONE',  ( -1.520115977641996796, -1.668503090407926992, -1.190749999999999975 ) ) ;
#1115 = EDGE_LOOP ( 'NONE', ( #699, #2903, #1350, #809 ) ) ;
#1116 = LINE ( 'NONE', #2378, #2233 ) ;
#1117 = PRODUCT_CONTEXT ( 'NONE', #100, 'mechanical' ) ;
#1118 = CARTESIAN_POINT ( 'NONE',  ( -2.060703105406801683, -1.668503090407926992, 1.203498500112490266 ) ) ;
#1119 = CARTESIAN_POINT ( 'NONE',  ( 1.495571375384066704, -1.695515211736862149, -1.203499999999999792 ) ) ;
#1120 = LINE ( 'NONE', #3563, #775 ) ;
#1121 =( NAMED_UNIT ( * ) SI_UNIT ( $, .STERADIAN. ) SOLID_ANGLE_UNIT ( ) );
#1122 = MECHANICAL_DESIGN_GEOMETRIC_PRESENTATION_REPRESENTATION (  '', ( #2308 ), #1907 ) ;
#1123 = DIRECTION ( 'NONE',  ( -0.000000000000000000, -1.000000000000000000, -0.000000000000000000 ) ) ;
#1124 = LINE ( 'NONE', #463, #1519 ) ;
#1125 = AXIS2_PLACEMENT_3D ( 'NONE', #2808, #3735, #1333 ) ;
#1126 = ORIENTED_EDGE ( 'NONE', *, *, #2913, .T. ) ;
#1127 = LINE ( 'NONE', #3266, #3102 ) ;
#1128 = ORIENTED_EDGE ( 'NONE', *, *, #1604, .T. ) ;
#1129 = ORIENTED_EDGE ( 'NONE', *, *, #423, .F. ) ;
#1130 = COLOUR_RGB ( '',0.8039215686274510109, 0.8039215686274510109, 0.8039215686274510109 ) ;
#1131 = VECTOR ( 'NONE', #1216, 1000.000000000000000 ) ;
#1132 = CARTESIAN_POINT ( 'NONE',  ( -1.761003090407759819, 1.446036011686841372, 1.203499999999999792 ) ) ;
#1133 = CIRCLE ( 'NONE', #2487, 0.03000000000000007869 ) ;
#1134 = ORIENTED_EDGE ( 'NONE', *, *, #2889, .F. ) ;
#1135 = CIRCLE ( 'NONE', #2558, 0.03000000000000007869 ) ;
#1136 = PRESENTATION_LAYER_ASSIGNMENT (  '', '', ( #3430 ) ) ;
#1137 = CARTESIAN_POINT ( 'NONE',  ( 1.544660579899926889, -1.671183248407201560, -1.178000000000000380 ) ) ;
#1138 = STYLED_ITEM ( 'NONE', ( #3886 ), #774 ) ;
#1139 = ADVANCED_FACE ( 'NONE', ( #29 ), #2495, .T. ) ;
#1140 = COLOUR_RGB ( '',0.8039215686274510109, 0.8039215686274510109, 0.8039215686274510109 ) ;
#1141 = LINE ( 'NONE', #3921, #756 ) ;
#1142 = STYLED_ITEM ( 'NONE', ( #700 ), #3312 ) ;
#1143 = AXIS2_PLACEMENT_3D ( 'NONE', #3125, #1932, #2550 ) ;
#1144 = DIRECTION ( 'NONE',  ( 0.1039620511844979445, -0.1039620511844979445, -0.9891328443778539814 ) ) ;
#1145 =( NAMED_UNIT ( * ) PLANE_ANGLE_UNIT ( ) SI_UNIT ( $, .RADIAN. ) );
#1146 =( GEOMETRIC_REPRESENTATION_CONTEXT ( 3 ) GLOBAL_UNCERTAINTY_ASSIGNED_CONTEXT ( ( #2583 ) ) GLOBAL_UNIT_ASSIGNED_CONTEXT ( ( #3464, #3694, #1751 ) ) REPRESENTATION_CONTEXT ( 'NONE', 'WORKASPACE' ) );
#1147 = DIRECTION ( 'NONE',  ( -0.000000000000000000, -1.000000000000000000, -0.000000000000000000 ) ) ;
#1148 = DIRECTION ( 'NONE',  ( 1.000000000000000000, -0.000000000000000000, -0.000000000000000000 ) ) ;
#1149 =( NAMED_UNIT ( * ) PLANE_ANGLE_UNIT ( ) SI_UNIT ( $, .RADIAN. ) );
#1150 =( LENGTH_UNIT ( ) NAMED_UNIT ( * ) SI_UNIT ( .MILLI., .METRE. ) );
#1151 = ORIENTED_EDGE ( 'NONE', *, *, #619, .T. ) ;
#1152 = LINE ( 'NONE', #3945, #3683 ) ;
#1153 = DIRECTION ( 'NONE',  ( 0.000000000000000000, 0.000000000000000000, -1.000000000000000000 ) ) ;
#1154 = CARTESIAN_POINT ( 'NONE',  ( -1.761003090407929461, -0.3337006180815931256, 1.203499999999999792 ) ) ;
#1155 = CARTESIAN_POINT ( 'NONE',  ( -2.449999999999998845, 1.032499999999999973, 0.1142500000000005872 ) ) ;
#1156 = SURFACE_SIDE_STYLE ('',( #3287 ) ) ;
#1157 = CARTESIAN_POINT ( 'NONE',  ( -2.202500000000000568, 1.779999999999999361, 0.1142500000000000043 ) ) ;
#1158 = FILL_AREA_STYLE ('',( #3544 ) ) ;
#1159 = PRESENTATION_STYLE_ASSIGNMENT (( #3275 ) ) ;
#1160 = EDGE_CURVE ( 'NONE', #2505, #3793, #1578, .T. ) ;
#1161 = CARTESIAN_POINT ( 'NONE',  ( 1.495571375384066037, 1.698338747268974158, -1.176635853898030160 ) ) ;
#1162 = SURFACE_SIDE_STYLE ('',( #553 ) ) ;
#1163 =( NAMED_UNIT ( * ) SI_UNIT ( $, .STERADIAN. ) SOLID_ANGLE_UNIT ( ) );
#1164 = ADVANCED_FACE ( 'NONE', ( #1281 ), #3377, .F. ) ;
#1165 = VERTEX_POINT ( 'NONE', #3132 ) ;
#1166 =( NAMED_UNIT ( * ) PLANE_ANGLE_UNIT ( ) SI_UNIT ( $, .RADIAN. ) );
#1167 =( NAMED_UNIT ( * ) SI_UNIT ( $, .STERADIAN. ) SOLID_ANGLE_UNIT ( ) );
#1168 = ORIENTED_EDGE ( 'NONE', *, *, #1965, .T. ) ;
#1169 = CARTESIAN_POINT ( 'NONE',  ( 1.559999999999999165, 1.032499999999999973, -1.406500000000000306 ) ) ;
#1170 = CIRCLE ( 'NONE', #3215, 0.02999999999999992256 ) ;
#1171 = LINE ( 'NONE', #862, #1852 ) ;
#1172 = ORIENTED_EDGE ( 'NONE', *, *, #2427, .T. ) ;
#1173 = AXIS2_PLACEMENT_3D ( 'NONE', #536, #2953, #2932 ) ;
#1174 = CARTESIAN_POINT ( 'NONE',  ( 2.346500000000000696, -1.032499999999999973, -0.1142500000000000460 ) ) ;
#1175 = CARTESIAN_POINT ( 'NONE',  ( -2.172664343138952070, 1.809999999999999609, 0.1142500000000000043 ) ) ;
#1176 = FILL_AREA_STYLE_COLOUR ( '', #2111 ) ;
#1177 = DIRECTION ( 'NONE',  ( 0.000000000000000000, -1.000000000000000000, 0.000000000000000000 ) ) ;
#1178 = SURFACE_STYLE_USAGE ( .BOTH. , #540 ) ;
#1179 = FILL_AREA_STYLE ('',( #3048 ) ) ;
#1180 = ORIENTED_EDGE ( 'NONE', *, *, #2072, .T. ) ;
#1181 = EDGE_CURVE ( 'NONE', #955, #2749, #2229, .T. ) ;
#1182 = CARTESIAN_POINT ( 'NONE',  ( 1.544660579899926889, 1.701018905268248949, -1.151135853898029859 ) ) ;
#1183 = PRESENTATION_STYLE_ASSIGNMENT (( #2771 ) ) ;
#1184 = CARTESIAN_POINT ( 'NONE',  ( -2.172986810143137326, 1.810322467004185087, -0.1111819313977170237 ) ) ;
#1185 = FILL_AREA_STYLE_COLOUR ( '', #3473 ) ;
#1186 = PRESENTATION_LAYER_ASSIGNMENT (  '', '', ( #1572 ) ) ;
#1187 = CARTESIAN_POINT ( 'NONE',  ( -1.761003090407927685, -1.446036011686870904, 1.203499999999999792 ) ) ;
#1188 = VECTOR ( 'NONE', #2391, 1000.000000000000000 ) ;
#1189 = EDGE_CURVE ( 'NONE', #3574, #3360, #791, .T. ) ;
#1190 = COLOUR_RGB ( '',0.2862745098039215508, 0.2862745098039215508, 0.2862745098039215508 ) ;
#1191 = SURFACE_SIDE_STYLE ('',( #3344 ) ) ;
#1192 = LINE ( 'NONE', #2450, #1131 ) ;
#1193 =( GEOMETRIC_REPRESENTATION_CONTEXT ( 3 ) GLOBAL_UNCERTAINTY_ASSIGNED_CONTEXT ( ( #3731 ) ) GLOBAL_UNIT_ASSIGNED_CONTEXT ( ( #1034, #1594, #125 ) ) REPRESENTATION_CONTEXT ( 'NONE', 'WORKASPACE' ) );
#1194 = CIRCLE ( 'NONE', #1331, 0.03000000000000007869 ) ;
#1195 = CARTESIAN_POINT ( 'NONE',  ( -2.202404244550522527, -1.797585373081353577, -0.1151598120378991286 ) ) ;
#1196 = ORIENTED_EDGE ( 'NONE', *, *, #1189, .T. ) ;
#1197 = VECTOR ( 'NONE', #3233, 1000.000000000000114 ) ;
#1198 = CARTESIAN_POINT ( 'NONE',  ( 2.061003090407925953, 1.668503090407926104, 1.173499999999999543 ) ) ;
#1199 = FILL_AREA_STYLE_COLOUR ( '', #170 ) ;
#1200 = VECTOR ( 'NONE', #1419, 1000.000000000000000 ) ;
#1201 = VECTOR ( 'NONE', #3150, 1000.000000000000000 ) ;
#1202 = AXIS2_PLACEMENT_3D ( 'NONE', #717, #2599, #757 ) ;
#1203 = DIRECTION ( 'NONE',  ( -0.000000000000000000, -1.000000000000000000, -0.000000000000000000 ) ) ;
#1204 = SURFACE_STYLE_USAGE ( .BOTH. , #3621 ) ;
#1205 = CARTESIAN_POINT ( 'NONE',  ( 2.202499999999999680, -1.810000000000000497, -0.1142500000000000043 ) ) ;
#1206 =( GEOMETRIC_REPRESENTATION_CONTEXT ( 3 ) GLOBAL_UNCERTAINTY_ASSIGNED_CONTEXT ( ( #1039 ) ) GLOBAL_UNIT_ASSIGNED_CONTEXT ( ( #1986, #1730, #164 ) ) REPRESENTATION_CONTEXT ( 'NONE', 'WORKASPACE' ) );
#1207 =( GEOMETRIC_REPRESENTATION_CONTEXT ( 3 ) GLOBAL_UNCERTAINTY_ASSIGNED_CONTEXT ( ( #2535 ) ) GLOBAL_UNIT_ASSIGNED_CONTEXT ( ( #3663, #3332, #1897 ) ) REPRESENTATION_CONTEXT ( 'NONE', 'WORKASPACE' ) );
#1208 = ORIENTED_EDGE ( 'NONE', *, *, #2275, .F. ) ;
#1209 = SURFACE_SIDE_STYLE ('',( #2751 ) ) ;
#1210 =( NAMED_UNIT ( * ) SI_UNIT ( $, .STERADIAN. ) SOLID_ANGLE_UNIT ( ) );
#1211 = DIRECTION ( 'NONE',  ( -1.000000000000000000, -6.541045566929566463E-14, -0.000000000000000000 ) ) ;
#1212 = SURFACE_STYLE_FILL_AREA ( #3283 ) ;
#1213 = ADVANCED_FACE ( 'NONE', ( #3500 ), #135, .T. ) ;
#1214 = VERTEX_POINT ( 'NONE', #1349 ) ;
#1215 = FILL_AREA_STYLE_COLOUR ( '', #2622 ) ;
#1216 = DIRECTION ( 'NONE',  ( 1.000000000000000000, -0.000000000000000000, -5.475768547906600084E-17 ) ) ;
#1217 = EDGE_CURVE ( 'NONE', #1359, #1571, #3083, .T. ) ;
#1218 = LINE ( 'NONE', #1913, #2699 ) ;
#1219 = AXIS2_PLACEMENT_3D ( 'NONE', #2870, #2251, #106 ) ;
#1220 = VECTOR ( 'NONE', #1082, 1000.000000000000000 ) ;
#1221 = DIRECTION ( 'NONE',  ( 0.000000000000000000, 0.000000000000000000, 1.000000000000000000 ) ) ;
#1222 = FILL_AREA_STYLE_COLOUR ( '', #156 ) ;
#1223 = PRESENTATION_LAYER_ASSIGNMENT (  '', '', ( #2451 ) ) ;
#1224 = CYLINDRICAL_SURFACE ( 'NONE', #2060, 0.03000000000000007869 ) ;
#1225 = DIRECTION ( 'NONE',  ( 1.000000000000000000, -0.000000000000000000, -0.000000000000000000 ) ) ;
#1226 = ORIENTED_EDGE ( 'NONE', *, *, #3285, .T. ) ;
#1227 =( NAMED_UNIT ( * ) PLANE_ANGLE_UNIT ( ) SI_UNIT ( $, .RADIAN. ) );
#1228 = SURFACE_SIDE_STYLE ('',( #3015 ) ) ;
#1229 = PRESENTATION_STYLE_ASSIGNMENT (( #1291 ) ) ;
#1230 = ORIENTED_EDGE ( 'NONE', *, *, #2865, .T. ) ;
#1231 = VERTEX_POINT ( 'NONE', #2271 ) ;
#1232 = DIRECTION ( 'NONE',  ( 0.000000000000000000, 1.000000000000000000, 0.000000000000000000 ) ) ;
#1233 = UNCERTAINTY_MEASURE_WITH_UNIT (LENGTH_MEASURE( 1.000000000000000082E-05 ), #2162, 'distance_accuracy_value', 'NONE');
#1234 = CARTESIAN_POINT ( 'NONE',  ( 1.559999999999999165, 1.032499999999999973, -1.178000000000000158 ) ) ;
#1235 = ORIENTED_EDGE ( 'NONE', *, *, #3873, .T. ) ;
#1236 = EDGE_CURVE ( 'NONE', #635, #2846, #3935, .T. ) ;
#1237 = CARTESIAN_POINT ( 'NONE',  ( 1.544660579899926889, 1.671183248407200672, -1.178000000000000158 ) ) ;
#1238 = AXIS2_PLACEMENT_3D ( 'NONE', #3562, #830, #1765 ) ;
#1239 = SURFACE_STYLE_FILL_AREA ( #28 ) ;
#1240 = PRESENTATION_STYLE_ASSIGNMENT (( #2044 ) ) ;
#1241 = FILL_AREA_STYLE ('',( #3711 ) ) ;
#1242 = DIRECTION ( 'NONE',  ( -0.000000000000000000, 1.000000000000000000, 0.000000000000000000 ) ) ;
#1243 = DIRECTION ( 'NONE',  ( 1.000000000000000000, 0.000000000000000000, -3.766582916872981431E-16 ) ) ;
#1244 = ORIENTED_EDGE ( 'NONE', *, *, #3111, .F. ) ;
#1245 = SURFACE_STYLE_FILL_AREA ( #969 ) ;
#1246 =( LENGTH_UNIT ( ) NAMED_UNIT ( * ) SI_UNIT ( .MILLI., .METRE. ) );
#1247 = STYLED_ITEM ( 'NONE', ( #701 ), #250 ) ;
#1248 = CARTESIAN_POINT ( 'NONE',  ( -2.449999999999998845, -1.032499999999999973, -1.406499999999999861 ) ) ;
#1249 = ORIENTED_EDGE ( 'NONE', *, *, #799, .T. ) ;
#1250 = AXIS2_PLACEMENT_3D ( 'NONE', #3603, #13, #3097 ) ;
#1251 = ORIENTED_EDGE ( 'NONE', *, *, #3138, .F. ) ;
#1252 = CARTESIAN_POINT ( 'NONE',  ( -1.761003090407724736, 1.668503090407926104, 1.203499999999999792 ) ) ;
#1253 = SURFACE_STYLE_USAGE ( .BOTH. , #2530 ) ;
#1254 = STYLED_ITEM ( 'NONE', ( #3380 ), #3714 ) ;
#1255 = ORIENTED_EDGE ( 'NONE', *, *, #1372, .T. ) ;
#1256 = CARTESIAN_POINT ( 'NONE',  ( -2.172500000000000320, -1.810000000000000497, 0.1142500000000000043 ) ) ;
#1257 = DIRECTION ( 'NONE',  ( -0.000000000000000000, -1.000000000000000000, -0.000000000000000000 ) ) ;
#1258 = CARTESIAN_POINT ( 'NONE',  ( -2.202500000000000568, -1.810000000000000497, 0.1142500000000000043 ) ) ;
#1259 = ADVANCED_FACE ( 'NONE', ( #1661 ), #492, .T. ) ;
#1260 = CIRCLE ( 'NONE', #443, 0.02999999999999996073 ) ;
#1261 =( NAMED_UNIT ( * ) SI_UNIT ( $, .STERADIAN. ) SOLID_ANGLE_UNIT ( ) );
#1262 = PRESENTATION_STYLE_ASSIGNMENT (( #2473 ) ) ;
#1263 = VECTOR ( 'NONE', #3255, 1000.000000000000000 ) ;
#1264 = EDGE_CURVE ( 'NONE', #512, #1214, #3477, .T. ) ;
#1265 =( GEOMETRIC_REPRESENTATION_CONTEXT ( 3 ) GLOBAL_UNCERTAINTY_ASSIGNED_CONTEXT ( ( #322 ) ) GLOBAL_UNIT_ASSIGNED_CONTEXT ( ( #2224, #2554, #1998 ) ) REPRESENTATION_CONTEXT ( 'NONE', 'WORKASPACE' ) );
#1266 = ORIENTED_EDGE ( 'NONE', *, *, #96, .F. ) ;
#1267 = FACE_OUTER_BOUND ( 'NONE', #3422, .T. ) ;
#1268 =( GEOMETRIC_REPRESENTATION_CONTEXT ( 3 ) GLOBAL_UNCERTAINTY_ASSIGNED_CONTEXT ( ( #1894 ) ) GLOBAL_UNIT_ASSIGNED_CONTEXT ( ( #299, #1506, #1210 ) ) REPRESENTATION_CONTEXT ( 'NONE', 'WORKASPACE' ) );
#1269 = FACE_OUTER_BOUND ( 'NONE', #123, .T. ) ;
#1270 = VECTOR ( 'NONE', #1552, 1000.000000000000000 ) ;
#1271 = PRODUCT_DEFINITION_CONTEXT ( 'detailed design', #382, 'design' ) ;
#1272 = COLOUR_RGB ( '',0.2862745098039215508, 0.2862745098039215508, 0.2862745098039215508 ) ;
#1273 = ORIENTED_EDGE ( 'NONE', *, *, #1755, .T. ) ;
#1274 = DIRECTION ( 'NONE',  ( -1.000000000000000000, -0.000000000000000000, 0.000000000000000000 ) ) ;
#1275 = PRESENTATION_STYLE_ASSIGNMENT (( #3171 ) ) ;
#1276 = ORIENTED_EDGE ( 'NONE', *, *, #1831, .F. ) ;
#1277 = CARTESIAN_POINT ( 'NONE',  ( 2.172499999999999876, 1.809999999999999609, -0.1142500000000000043 ) ) ;
#1278 =( LENGTH_UNIT ( ) NAMED_UNIT ( * ) SI_UNIT ( .MILLI., .METRE. ) );
#1279 = CARTESIAN_POINT ( 'NONE',  ( 2.699999999999999289, -1.032499999999999973, -0.1357499999999998430 ) ) ;
#1280 = UNCERTAINTY_MEASURE_WITH_UNIT (LENGTH_MEASURE( 1.000000000000000082E-05 ), #1877, 'distance_accuracy_value', 'NONE');
#1281 = FACE_OUTER_BOUND ( 'NONE', #1460, .T. ) ;
#1282 = DIRECTION ( 'NONE',  ( 0.000000000000000000, 0.000000000000000000, 1.000000000000000000 ) ) ;
#1283 = SURFACE_STYLE_FILL_AREA ( #2838 ) ;
#1284 = CARTESIAN_POINT ( 'NONE',  ( -2.202404244550522971, 1.797585373081352689, -0.1151598120378991147 ) ) ;
#1285 =( NAMED_UNIT ( * ) PLANE_ANGLE_UNIT ( ) SI_UNIT ( $, .RADIAN. ) );
#1286 = EDGE_CURVE ( 'NONE', #526, #166, #3179, .T. ) ;
#1287 = LINE ( 'NONE', #3734, #3725 ) ;
#1288 = AXIS2_PLACEMENT_3D ( 'NONE', #3139, #373, #3715 ) ;
#1289 = CARTESIAN_POINT ( 'NONE',  ( 2.699999999999999289, -1.032499999999999973, -1.156500000000000083 ) ) ;
#1290 = EDGE_CURVE ( 'NONE', #3194, #3541, #1055, .T. ) ;
#1291 = SURFACE_STYLE_USAGE ( .BOTH. , #20 ) ;
#1292 = VERTEX_POINT ( 'NONE', #2663 ) ;
#1293 = CARTESIAN_POINT ( 'NONE',  ( -2.449999999999998845, 1.032499999999999973, -1.156499999999999639 ) ) ;
#1294 = CARTESIAN_POINT ( 'NONE',  ( -1.533995087771598653, 1.698195367781268006, -1.178000018599288490 ) ) ;
#1295 = SPHERICAL_SURFACE ( 'NONE', #3897, 0.02999999999999999889 ) ;
#1296 = VERTEX_POINT ( 'NONE', #1114 ) ;
#1297 = ORIENTED_EDGE ( 'NONE', *, *, #523, .T. ) ;
#1298 = FACE_OUTER_BOUND ( 'NONE', #2350, .T. ) ;
#1299 = SURFACE_STYLE_USAGE ( .BOTH. , #3521 ) ;
#1300 = LINE ( 'NONE', #722, #1580 ) ;
#1301 = ORIENTED_EDGE ( 'NONE', *, *, #916, .T. ) ;
#1302 = VECTOR ( 'NONE', #2606, 1000.000000000000000 ) ;
#1303 =( NAMED_UNIT ( * ) SI_UNIT ( $, .STERADIAN. ) SOLID_ANGLE_UNIT ( ) );
#1304 = DIRECTION ( 'NONE',  ( 0.000000000000000000, 1.000000000000000000, 0.000000000000000000 ) ) ;
#1305 = PRESENTATION_STYLE_ASSIGNMENT (( #903 ) ) ;
#1306 = FILL_AREA_STYLE ('',( #77 ) ) ;
#1307 = VECTOR ( 'NONE', #681, 1000.000000000000000 ) ;
#1308 = CARTESIAN_POINT ( 'NONE',  ( 2.449999999999999289, 1.032499999999999973, -0.1357499999999998153 ) ) ;
#1309 = SPHERICAL_SURFACE ( 'NONE', #1125, 0.02999999999999999889 ) ;
#1310 = CARTESIAN_POINT ( 'NONE',  ( -2.202500000000000568, 1.780164343138951555, 0.1142500000000000043 ) ) ;
#1311 = UNCERTAINTY_MEASURE_WITH_UNIT (LENGTH_MEASURE( 1.000000000000000082E-05 ), #3642, 'distance_accuracy_value', 'NONE');
#1312 = EDGE_CURVE ( 'NONE', #1400, #1905, #2349, .T. ) ;
#1313 = VERTEX_POINT ( 'NONE', #3084 ) ;
#1314 =( NAMED_UNIT ( * ) PLANE_ANGLE_UNIT ( ) SI_UNIT ( $, .RADIAN. ) );
#1315 = ORIENTED_EDGE ( 'NONE', *, *, #627, .F. ) ;
#1316 = DIRECTION ( 'NONE',  ( 0.000000000000000000, 1.000000000000000000, 0.000000000000000000 ) ) ;
#1317 = SURFACE_STYLE_USAGE ( .BOTH. , #2601 ) ;
#1318 = ORIENTED_EDGE ( 'NONE', *, *, #543, .F. ) ;
#1319 = DIRECTION ( 'NONE',  ( 0.000000000000000000, 0.000000000000000000, -1.000000000000000000 ) ) ;
#1320 = LINE ( 'NONE', #75, #380 ) ;
#1321 = STYLED_ITEM ( 'NONE', ( #918 ), #3657 ) ;
#1322 = UNCERTAINTY_MEASURE_WITH_UNIT (LENGTH_MEASURE( 1.000000000000000082E-05 ), #3904, 'distance_accuracy_value', 'NONE');
#1323 = FILL_AREA_STYLE_COLOUR ( '', #214 ) ;
#1324 = ORIENTED_EDGE ( 'NONE', *, *, #2522, .T. ) ;
#1325 = DIRECTION ( 'NONE',  ( 0.000000000000000000, -1.000000000000000000, -0.000000000000000000 ) ) ;
#1326 = CARTESIAN_POINT ( 'NONE',  ( 2.172986810143136438, 1.780486810143137033, 0.1080460774996874346 ) ) ;
#1327 = PLANE ( 'NONE',  #1173 ) ;
#1328 = SURFACE_STYLE_USAGE ( .BOTH. , #112 ) ;
#1329 = CARTESIAN_POINT ( 'NONE',  ( -2.063683248407201187, -1.701018905268249837, -1.151135853898030081 ) ) ;
#1330 = MECHANICAL_DESIGN_GEOMETRIC_PRESENTATION_REPRESENTATION (  '', ( #2869 ), #3619 ) ;
#1331 = AXIS2_PLACEMENT_3D ( 'NONE', #3221, #420, #1623 ) ;
#1332 = SURFACE_SIDE_STYLE ('',( #1926 ) ) ;
#1333 = DIRECTION ( 'NONE',  ( 1.000000000000000000, 0.000000000000000000, 0.000000000000000000 ) ) ;
#1334 =( GEOMETRIC_REPRESENTATION_CONTEXT ( 3 ) GLOBAL_UNCERTAINTY_ASSIGNED_CONTEXT ( ( #1598 ) ) GLOBAL_UNIT_ASSIGNED_CONTEXT ( ( #656, #2563, #1857 ) ) REPRESENTATION_CONTEXT ( 'NONE', 'WORKASPACE' ) );
#1335 = CIRCLE ( 'NONE', #3566, 0.03000000000000007869 ) ;
#1336 = STYLED_ITEM ( 'NONE', ( #3321 ), #780 ) ;
#1337 =( BOUNDED_CURVE ( )  B_SPLINE_CURVE ( 3, ( #1182, #2421, #836, #2075 ),
 .UNSPECIFIED., .F., .T. ) 
 B_SPLINE_CURVE_WITH_KNOTS ( ( 4, 4 ),
 ( 3.141592653589793116, 4.099784832336070828 ),
 .UNSPECIFIED. ) 
 CURVE ( )  GEOMETRIC_REPRESENTATION_ITEM ( )  RATIONAL_B_SPLINE_CURVE ( ( 1.000000000000000000, 0.9249413116432944060, 0.9249413116432944060, 1.000000000000000000 ) ) 
 REPRESENTATION_ITEM ( '' )  );
#1338 = VECTOR ( 'NONE', #2342, 1000.000000000000114 ) ;
#1339 = EDGE_LOOP ( 'NONE', ( #2868, #534, #929, #1870 ) ) ;
#1340 = VECTOR ( 'NONE', #1801, 1000.000000000000000 ) ;
#1341 = MECHANICAL_DESIGN_GEOMETRIC_PRESENTATION_REPRESENTATION (  '', ( #3373 ), #260 ) ;
#1342 = VERTEX_POINT ( 'NONE', #1248 ) ;
#1343 = ADVANCED_FACE ( 'NONE', ( #2167 ), #3669, .F. ) ;
#1344 = CARTESIAN_POINT ( 'NONE',  ( 1.559999999999999165, -1.032499999999999973, -1.406500000000000306 ) ) ;
#1345 = CARTESIAN_POINT ( 'NONE',  ( -2.202500000000000568, 1.780164343138951555, -0.1142500000000000043 ) ) ;
#1346 = EDGE_CURVE ( 'NONE', #2310, #3891, #2199, .T. ) ;
#1347 = SURFACE_STYLE_USAGE ( .BOTH. , #1633 ) ;
#1348 = DIRECTION ( 'NONE',  ( -0.000000000000000000, -1.000000000000000000, -0.000000000000000000 ) ) ;
#1349 = CARTESIAN_POINT ( 'NONE',  ( 2.172499999999999876, -1.810000000000000497, -0.1142500000000000043 ) ) ;
#1350 = ORIENTED_EDGE ( 'NONE', *, *, #1535, .F. ) ;
#1351 = CARTESIAN_POINT ( 'NONE',  ( -1.495571375384064705, -1.698338747268975268, -1.176635853898029271 ) ) ;
#1352 =( LENGTH_UNIT ( ) NAMED_UNIT ( * ) SI_UNIT ( .MILLI., .METRE. ) );
#1353 = FILL_AREA_STYLE_COLOUR ( '', #2898 ) ;
#1354 = LINE ( 'NONE', #179, #3691 ) ;
#1355 = UNCERTAINTY_MEASURE_WITH_UNIT (LENGTH_MEASURE( 1.000000000000000082E-05 ), #2126, 'distance_accuracy_value', 'NONE');
#1356 = ORIENTED_EDGE ( 'NONE', *, *, #1017, .F. ) ;
#1357 = CARTESIAN_POINT ( 'NONE',  ( 2.061003090407925953, -1.668503090407926992, 1.173499999999999543 ) ) ;
#1358 = MECHANICAL_DESIGN_GEOMETRIC_PRESENTATION_REPRESENTATION (  '', ( #845 ), #227 ) ;
#1359 = VERTEX_POINT ( 'NONE', #925 ) ;
#1360 =( BOUNDED_SURFACE ( )  B_SPLINE_SURFACE ( 3, 2, ( 
 ( #2652, #2884, #145 ),
 ( #3800, #3485, #1103 ),
 ( #1669, #2900, #522 ),
 ( #3547, #807, #3847 ) ),
 .UNSPECIFIED., .F., .F., .F. ) 
 B_SPLINE_SURFACE_WITH_KNOTS ( ( 4, 4 ),
 ( 3, 3 ),
 ( 2.183400474843528283, 3.141592653589793116 ),
 ( 0.000000000000000000, 1.000000000000000000 ),
 .UNSPECIFIED. ) 
 GEOMETRIC_REPRESENTATION_ITEM ( )  RATIONAL_B_SPLINE_SURFACE ( (
 ( 1.000000000000000000, 0.7280466559153012662, 1.000000000000000000),
 ( 1.000000000000000000, 0.7374958089388586879, 1.000000000000000000),
 ( 1.000000000000000000, 0.7432171584582882851, 1.000000000000000000),
 ( 1.000000000000000000, 0.7431448254773939111, 1.000000000000000000) ) ) 
 REPRESENTATION_ITEM ( '' )  SURFACE ( )  );
#1361 = CARTESIAN_POINT ( 'NONE',  ( 1.520115977641996796, -1.668503090407926992, -1.190749999999999975 ) ) ;
#1362 = FILL_AREA_STYLE ('',( #2891 ) ) ;
#1363 = DIRECTION ( 'NONE',  ( -1.000000000000000000, 0.000000000000000000, -0.000000000000000000 ) ) ;
#1364 = ORIENTED_EDGE ( 'NONE', *, *, #226, .F. ) ;
#1365 =( NAMED_UNIT ( * ) PLANE_ANGLE_UNIT ( ) SI_UNIT ( $, .RADIAN. ) );
#1366 = FILL_AREA_STYLE_COLOUR ( '', #2814 ) ;
#1367 = EDGE_CURVE ( 'NONE', #889, #1712, #3032, .T. ) ;
#1368 = ORIENTED_EDGE ( 'NONE', *, *, #2018, .F. ) ;
#1369 = CARTESIAN_POINT ( 'NONE',  ( 1.544660579899926889, -1.701018905268249837, -1.151135853898029637 ) ) ;
#1370 = CARTESIAN_POINT ( 'NONE',  ( -1.534692872391097973, -1.671183248407201560, -1.177999999999999936 ) ) ;
#1371 = MANIFOLD_SOLID_BREP ( 'Wrap1', #658 ) ;
#1372 = EDGE_CURVE ( 'NONE', #3343, #2919, #2509, .T. ) ;
#1373 = AXIS2_PLACEMENT_3D ( 'NONE', #158, #3153, #429 ) ;
#1374 = DIRECTION ( 'NONE',  ( 0.000000000000000000, -1.000000000000000000, 0.000000000000000000 ) ) ;
#1375 = AXIS2_PLACEMENT_3D ( 'NONE', #3120, #319, #1640 ) ;
#1376 = STYLED_ITEM ( 'NONE', ( #146 ), #1471 ) ;
#1377 = ORIENTED_EDGE ( 'NONE', *, *, #2467, .F. ) ;
#1378 = FILL_AREA_STYLE_COLOUR ( '', #1140 ) ;
#1379 = ORIENTED_EDGE ( 'NONE', *, *, #3407, .F. ) ;
#1380 = STYLED_ITEM ( 'NONE', ( #1746 ), #120 ) ;
#1381 = CARTESIAN_POINT ( 'NONE',  ( 1.559999999999999165, -1.032499999999999973, -1.178000000000000158 ) ) ;
#1382 = PLANE ( 'NONE',  #452 ) ;
#1383 = CARTESIAN_POINT ( 'NONE',  ( -2.202500000000000568, -1.810000000000000497, 0.1142500000000000043 ) ) ;
#1384 = DIRECTION ( 'NONE',  ( -1.000000000000000000, 0.000000000000000000, 0.000000000000000000 ) ) ;
#1385 = CARTESIAN_POINT ( 'NONE',  ( -2.449999999999999289, -1.032499999999999973, -0.1357499999999992046 ) ) ;
#1386 = ORIENTED_EDGE ( 'NONE', *, *, #2727, .T. ) ;
#1387 = DIRECTION ( 'NONE',  ( -0.000000000000000000, 1.000000000000000000, -0.000000000000000000 ) ) ;
#1388 =( NAMED_UNIT ( * ) SI_UNIT ( $, .STERADIAN. ) SOLID_ANGLE_UNIT ( ) );
#1389 = EDGE_CURVE ( 'NONE', #1422, #3433, #348, .T. ) ;
#1390 = AXIS2_PLACEMENT_3D ( 'NONE', #2731, #2131, #3969 ) ;
#1391 = DIRECTION ( 'NONE',  ( 0.000000000000000000, -1.000000000000000000, 0.000000000000000000 ) ) ;
#1392 = DIRECTION ( 'NONE',  ( 1.000000000000000000, 0.000000000000000000, -2.823443157514317043E-16 ) ) ;
#1393 = EDGE_CURVE ( 'NONE', #1632, #526, #2845, .T. ) ;
#1394 = PRESENTATION_LAYER_ASSIGNMENT (  '', '', ( #3359 ) ) ;
#1395 = UNCERTAINTY_MEASURE_WITH_UNIT (LENGTH_MEASURE( 1.000000000000000082E-05 ), #1710, 'distance_accuracy_value', 'NONE');
#1396 = VERTEX_POINT ( 'NONE', #1310 ) ;
#1397 = AXIS2_PLACEMENT_3D ( 'NONE', #3042, #1916, #2516 ) ;
#1398 = CARTESIAN_POINT ( 'NONE',  ( -2.202500000000000568, -1.810000000000000497, -0.1142500000000000043 ) ) ;
#1399 = PRESENTATION_LAYER_ASSIGNMENT (  '', '', ( #3905 ) ) ;
#1400 = VERTEX_POINT ( 'NONE', #2545 ) ;
#1401 = AXIS2_PLACEMENT_3D ( 'NONE', #678, #1525, #655 ) ;
#1402 = CARTESIAN_POINT ( 'NONE',  ( -2.090838747268975339, -1.668503090407926992, 1.176635853898029271 ) ) ;
#1403 = STYLED_ITEM ( 'NONE', ( #1596 ), #3328 ) ;
#1404 = VECTOR ( 'NONE', #3299, 1000.000000000000000 ) ;
#1405 = SURFACE_SIDE_STYLE ('',( #1092 ) ) ;
#1406 = CARTESIAN_POINT ( 'NONE',  ( 1.544660579899926889, -1.701018905268249837, -1.151135853898029859 ) ) ;
#1407 = SURFACE_SIDE_STYLE ('',( #764 ) ) ;
#1408 =( GEOMETRIC_REPRESENTATION_CONTEXT ( 3 ) GLOBAL_UNCERTAINTY_ASSIGNED_CONTEXT ( ( #1280 ) ) GLOBAL_UNIT_ASSIGNED_CONTEXT ( ( #1877, #978, #2314 ) ) REPRESENTATION_CONTEXT ( 'NONE', 'WORKASPACE' ) );
#1409 = ORIENTED_EDGE ( 'NONE', *, *, #1041, .T. ) ;
#1410 = SURFACE_STYLE_USAGE ( .BOTH. , #1663 ) ;
#1411 = CARTESIAN_POINT ( 'NONE',  ( -2.202500000000000568, 1.032499999999999973, -0.1142500000000000043 ) ) ;
#1412 = DIRECTION ( 'NONE',  ( -0.8181534085976716053, 0.000000000000000000, -0.5750000000000100586 ) ) ;
#1413 = DIRECTION ( 'NONE',  ( 0.000000000000000000, 0.000000000000000000, 1.000000000000000000 ) ) ;
#1414 = EDGE_CURVE ( 'NONE', #480, #2063, #2907, .T. ) ;
#1415 =( NAMED_UNIT ( * ) PLANE_ANGLE_UNIT ( ) SI_UNIT ( $, .RADIAN. ) );
#1416 = FILL_AREA_STYLE ('',( #2595 ) ) ;
#1417 = ORIENTED_EDGE ( 'NONE', *, *, #1732, .F. ) ;
#1418 = EDGE_CURVE ( 'NONE', #6, #1056, #1170, .T. ) ;
#1419 = DIRECTION ( 'NONE',  ( -1.000000000000000000, 0.000000000000000000, -0.000000000000000000 ) ) ;
#1420 =( GEOMETRIC_REPRESENTATION_CONTEXT ( 3 ) GLOBAL_UNCERTAINTY_ASSIGNED_CONTEXT ( ( #713 ) ) GLOBAL_UNIT_ASSIGNED_CONTEXT ( ( #2782, #3730, #155 ) ) REPRESENTATION_CONTEXT ( 'NONE', 'WORKASPACE' ) );
#1421 = ORIENTED_EDGE ( 'NONE', *, *, #2611, .T. ) ;
#1422 = VERTEX_POINT ( 'NONE', #1432 ) ;
#1423 = VECTOR ( 'NONE', #33, 1000.000000000000000 ) ;
#1424 = DIRECTION ( 'NONE',  ( -1.000000000000000000, 0.000000000000000000, 0.000000000000000000 ) ) ;
#1425 = PRESENTATION_LAYER_ASSIGNMENT (  '', '', ( #3263 ) ) ;
#1426 = DIRECTION ( 'NONE',  ( 0.000000000000000000, 1.000000000000000000, 0.000000000000000000 ) ) ;
#1427 = LINE ( 'NONE', #2019, #122 ) ;
#1428 = EDGE_LOOP ( 'NONE', ( #781, #1095, #3716, #2664 ) ) ;
#1429 = CARTESIAN_POINT ( 'NONE',  ( 2.063683248407200299, -1.671183248407201560, -1.148000000000000353 ) ) ;
#1430 = CARTESIAN_POINT ( 'NONE',  ( -1.507034239019219513, 1.700053021283490784, -1.160325626149524059 ) ) ;
#1431 = CARTESIAN_POINT ( 'NONE',  ( -1.544660579899926889, 1.671183248407200672, -1.178000000000000158 ) ) ;
#1432 = CARTESIAN_POINT ( 'NONE',  ( -2.699999999999999289, 1.032499999999999973, -0.1357499999999991491 ) ) ;
#1433 = DIRECTION ( 'NONE',  ( -1.000000000000000000, 0.000000000000000000, 5.475768547906600084E-17 ) ) ;
#1434 = DIRECTION ( 'NONE',  ( 0.000000000000000000, 0.000000000000000000, 1.000000000000000000 ) ) ;
#1435 = PLANE ( 'NONE',  #3189 ) ;
#1436 = FACE_OUTER_BOUND ( 'NONE', #2790, .T. ) ;
#1437 = SURFACE_SIDE_STYLE ('',( #3572 ) ) ;
#1438 = AXIS2_PLACEMENT_3D ( 'NONE', #174, #1040, #474 ) ;
#1439 = VERTEX_POINT ( 'NONE', #438 ) ;
#1440 = DIRECTION ( 'NONE',  ( -0.000000000000000000, -1.000000000000000000, -0.000000000000000000 ) ) ;
#1441 = ORIENTED_EDGE ( 'NONE', *, *, #3005, .T. ) ;
#1442 = COLOUR_RGB ( '',0.8039215686274510109, 0.8039215686274510109, 0.8039215686274510109 ) ;
#1443 = UNCERTAINTY_MEASURE_WITH_UNIT (LENGTH_MEASURE( 1.000000000000000082E-05 ), #727, 'distance_accuracy_value', 'NONE');
#1444 = EDGE_CURVE ( 'NONE', #569, #3478, #3293, .T. ) ;
#1445 =( NAMED_UNIT ( * ) PLANE_ANGLE_UNIT ( ) SI_UNIT ( $, .RADIAN. ) );
#1446 = SURFACE_STYLE_USAGE ( .BOTH. , #229 ) ;
#1447 = EDGE_CURVE ( 'NONE', #3451, #2147, #2355, .T. ) ;
#1448 = CARTESIAN_POINT ( 'NONE',  ( -2.346500000000000696, 1.032499999999999973, -0.1142499999999994770 ) ) ;
#1449 = FILL_AREA_STYLE_COLOUR ( '', #3688 ) ;
#1450 = DIRECTION ( 'NONE',  ( 0.000000000000000000, 0.000000000000000000, 1.000000000000000000 ) ) ;
#1451 = FILL_AREA_STYLE_COLOUR ( '', #424 ) ;
#1452 = CARTESIAN_POINT ( 'NONE',  ( 2.202499999999999680, 1.032499999999999973, -0.1142500000000000043 ) ) ;
#1453 =( GEOMETRIC_REPRESENTATION_CONTEXT ( 3 ) GLOBAL_UNCERTAINTY_ASSIGNED_CONTEXT ( ( #1591 ) ) GLOBAL_UNIT_ASSIGNED_CONTEXT ( ( #181, #2322, #3623 ) ) REPRESENTATION_CONTEXT ( 'NONE', 'WORKASPACE' ) );
#1454 = SURFACE_STYLE_FILL_AREA ( #3010 ) ;
#1455 = DIRECTION ( 'NONE',  ( -1.000000000000000000, -0.000000000000000000, 2.823443157514317043E-16 ) ) ;
#1456 = PRESENTATION_LAYER_ASSIGNMENT (  '', '', ( #3228 ) ) ;
#1457 =( GEOMETRIC_REPRESENTATION_CONTEXT ( 3 ) GLOBAL_UNCERTAINTY_ASSIGNED_CONTEXT ( ( #2886 ) ) GLOBAL_UNIT_ASSIGNED_CONTEXT ( ( #1278, #3677, #3347 ) ) REPRESENTATION_CONTEXT ( 'NONE', 'WORKASPACE' ) );
#1458 = DIRECTION ( 'NONE',  ( 0.000000000000000000, 0.000000000000000000, 1.000000000000000000 ) ) ;
#1459 = AXIS2_PLACEMENT_3D ( 'NONE', #579, #2993, #298 ) ;
#1460 = EDGE_LOOP ( 'NONE', ( #1610, #1812, #1679, #2789 ) ) ;
#1461 = EDGE_LOOP ( 'NONE', ( #1574, #3895, #863, #2672 ) ) ;
#1462 = VECTOR ( 'NONE', #3183, 1000.000000000000000 ) ;
#1463 = VECTOR ( 'NONE', #1886, 1000.000000000000000 ) ;
#1464 = STYLED_ITEM ( 'NONE', ( #2571 ), #2654 ) ;
#1465 = FILL_AREA_STYLE_COLOUR ( '', #3705 ) ;
#1466 = VECTOR ( 'NONE', #1043, 1000.000000000000000 ) ;
#1467 = AXIS2_PLACEMENT_3D ( 'NONE', #1326, #2822, #2518 ) ;
#1468 = CARTESIAN_POINT ( 'NONE',  ( 1.506709594170719591, -1.700004466515757429, -1.160787593905731274 ) ) ;
#1469 =( BOUNDED_CURVE ( )  B_SPLINE_CURVE ( 3, ( #2878, #139, #2897, #1351 ),
 .UNSPECIFIED., .F., .T. ) 
 B_SPLINE_CURVE_WITH_KNOTS ( ( 4, 4 ),
 ( 3.141592653589793116, 4.099784832336070828 ),
 .UNSPECIFIED. ) 
 CURVE ( )  GEOMETRIC_REPRESENTATION_ITEM ( )  RATIONAL_B_SPLINE_CURVE ( ( 1.000000000000000000, 0.9249413116432944060, 0.9249413116432944060, 1.000000000000000000 ) ) 
 REPRESENTATION_ITEM ( '' )  );
#1470 = AXIS2_PLACEMENT_3D ( 'NONE', #1822, #2403, #869 ) ;
#1471 = ADVANCED_FACE ( 'NONE', ( #1475 ), #2040, .T. ) ;
#1472 = DIRECTION ( 'NONE',  ( -0.1039620511844874251, -0.1039620511844968898, 0.9891328443778552026 ) ) ;
#1473 =( GEOMETRIC_REPRESENTATION_CONTEXT ( 3 ) GLOBAL_UNCERTAINTY_ASSIGNED_CONTEXT ( ( #530 ) ) GLOBAL_UNIT_ASSIGNED_CONTEXT ( ( #3450, #983, #2214 ) ) REPRESENTATION_CONTEXT ( 'NONE', 'WORKASPACE' ) );
#1474 = PRESENTATION_STYLE_ASSIGNMENT (( #3561 ) ) ;
#1475 = FACE_OUTER_BOUND ( 'NONE', #3180, .T. ) ;
#1476 = PRESENTATION_STYLE_ASSIGNMENT (( #2687 ) ) ;
#1477 = DIRECTION ( 'NONE',  ( -1.000000000000000000, 0.000000000000000000, 0.000000000000000000 ) ) ;
#1478 = FACE_OUTER_BOUND ( 'NONE', #2121, .T. ) ;
#1479 = FILL_AREA_STYLE ('',( #887 ) ) ;
#1480 = CYLINDRICAL_SURFACE ( 'NONE', #199, 0.03000000000000007869 ) ;
#1481 = UNCERTAINTY_MEASURE_WITH_UNIT (LENGTH_MEASURE( 1.000000000000000082E-05 ), #455, 'distance_accuracy_value', 'NONE');
#1482 = ORIENTED_EDGE ( 'NONE', *, *, #3118, .F. ) ;
#1483 = CARTESIAN_POINT ( 'NONE',  ( -1.559999999999999609, 1.032499999999999973, -1.177999999999999714 ) ) ;
#1484 =( LENGTH_UNIT ( ) NAMED_UNIT ( * ) SI_UNIT ( .MILLI., .METRE. ) );
#1485 = ORIENTED_EDGE ( 'NONE', *, *, #368, .F. ) ;
#1486 = UNCERTAINTY_MEASURE_WITH_UNIT (LENGTH_MEASURE( 1.000000000000000082E-05 ), #2586, 'distance_accuracy_value', 'NONE');
#1487 = CARTESIAN_POINT ( 'NONE',  ( 2.202499999999999680, 1.032499999999999973, -0.1142500000000000043 ) ) ;
#1488 = CARTESIAN_POINT ( 'NONE',  ( 2.172986810143136438, -1.810322467004185976, -0.1111819313977170237 ) ) ;
#1489 = VERTEX_POINT ( 'NONE', #803 ) ;
#1490 = ADVANCED_FACE ( 'NONE', ( #846 ), #2859, .T. ) ;
#1491 =( LENGTH_UNIT ( ) NAMED_UNIT ( * ) SI_UNIT ( .MILLI., .METRE. ) );
#1492 = VERTEX_POINT ( 'NONE', #733 ) ;
#1493 = FILL_AREA_STYLE_COLOUR ( '', #1190 ) ;
#1494 = DIRECTION ( 'NONE',  ( 0.000000000000000000, 0.000000000000000000, -1.000000000000000000 ) ) ;
#1495 = LINE ( 'NONE', #2732, #3372 ) ;
#1496 = ORIENTED_EDGE ( 'NONE', *, *, #1107, .F. ) ;
#1497 = CARTESIAN_POINT ( 'NONE',  ( -1.761003090407930127, -1.001101854244758504, 1.203499999999999792 ) ) ;
#1498 = MECHANICAL_DESIGN_GEOMETRIC_PRESENTATION_REPRESENTATION (  '', ( #2148 ), #3147 ) ;
#1499 = LINE ( 'NONE', #669, #3906 ) ;
#1500 = CARTESIAN_POINT ( 'NONE',  ( -2.699999999999999289, -1.032499999999999973, -0.1357499999999991491 ) ) ;
#1501 = SURFACE_SIDE_STYLE ('',( #3318 ) ) ;
#1502 = PRESENTATION_STYLE_ASSIGNMENT (( #1178 ) ) ;
#1503 = EDGE_CURVE ( 'NONE', #1940, #952, #1966, .T. ) ;
#1504 = ORIENTED_EDGE ( 'NONE', *, *, #2036, .T. ) ;
#1505 = FILL_AREA_STYLE ('',( #1821 ) ) ;
#1506 =( NAMED_UNIT ( * ) PLANE_ANGLE_UNIT ( ) SI_UNIT ( $, .RADIAN. ) );
#1507 =( NAMED_UNIT ( * ) PLANE_ANGLE_UNIT ( ) SI_UNIT ( $, .RADIAN. ) );
#1508 = EDGE_CURVE ( 'NONE', #1492, #3057, #960, .T. ) ;
#1509 = COLOUR_RGB ( '',0.2862745098039215508, 0.2862745098039215508, 0.2862745098039215508 ) ;
#1510 = ORIENTED_EDGE ( 'NONE', *, *, #2453, .F. ) ;
#1511 =( GEOMETRIC_REPRESENTATION_CONTEXT ( 3 ) GLOBAL_UNCERTAINTY_ASSIGNED_CONTEXT ( ( #1443 ) ) GLOBAL_UNIT_ASSIGNED_CONTEXT ( ( #727, #3338, #3302 ) ) REPRESENTATION_CONTEXT ( 'NONE', 'WORKASPACE' ) );
#1512 =( LENGTH_UNIT ( ) NAMED_UNIT ( * ) SI_UNIT ( .MILLI., .METRE. ) );
#1513 = PRESENTATION_STYLE_ASSIGNMENT (( #634 ) ) ;
#1514 = AXIS2_PLACEMENT_3D ( 'NONE', #2376, #2062, #3835 ) ;
#1515 = AXIS2_PLACEMENT_3D ( 'NONE', #256, #1477, #1434 ) ;
#1516 = DIRECTION ( 'NONE',  ( 0.1045284632676537068, 0.000000000000000000, 0.9945218953682734009 ) ) ;
#1517 = AXIS2_PLACEMENT_3D ( 'NONE', #386, #1593, #1030 ) ;
#1518 = VECTOR ( 'NONE', #1096, 1000.000000000000000 ) ;
#1519 = VECTOR ( 'NONE', #205, 1000.000000000000000 ) ;
#1520 = LINE ( 'NONE', #490, #1806 ) ;
#1521 = AXIS2_PLACEMENT_3D ( 'NONE', #481, #771, #2945 ) ;
#1522 = AXIS2_PLACEMENT_3D ( 'NONE', #154, #1363, #1676 ) ;
#1523 = VECTOR ( 'NONE', #1747, 1000.000000000000000 ) ;
#1524 = VERTEX_POINT ( 'NONE', #306 ) ;
#1525 = DIRECTION ( 'NONE',  ( 0.000000000000000000, -1.000000000000000000, 0.000000000000000000 ) ) ;
#1526 = SURFACE_SIDE_STYLE ('',( #1454 ) ) ;
#1527 = PRESENTATION_LAYER_ASSIGNMENT (  '', '', ( #3511 ) ) ;
#1528 = CARTESIAN_POINT ( 'NONE',  ( 2.061003090407925953, 1.668503090407926104, 1.203499999999999792 ) ) ;
#1529 = ADVANCED_FACE ( 'NONE', ( #2455 ), #2176, .F. ) ;
#1530 = COLOUR_RGB ( '',0.8039215686274510109, 0.8039215686274510109, 0.8039215686274510109 ) ;
#1531 = ORIENTED_EDGE ( 'NONE', *, *, #3434, .F. ) ;
#1532 = FILL_AREA_STYLE ('',( #3649 ) ) ;
#1533 = FILL_AREA_STYLE_COLOUR ( '', #3912 ) ;
#1534 = LINE ( 'NONE', #1620, #1686 ) ;
#1535 = EDGE_CURVE ( 'NONE', #1292, #279, #2608, .T. ) ;
#1536 = ORIENTED_EDGE ( 'NONE', *, *, #2820, .T. ) ;
#1537 = ORIENTED_EDGE ( 'NONE', *, *, #1414, .T. ) ;
#1538 =( NAMED_UNIT ( * ) SI_UNIT ( $, .STERADIAN. ) SOLID_ANGLE_UNIT ( ) );
#1539 = ORIENTED_EDGE ( 'NONE', *, *, #314, .F. ) ;
#1540 = CARTESIAN_POINT ( 'NONE',  ( 1.525847409459573312, 1.670217364422442285, -1.182594886125746925 ) ) ;
#1541 = FACE_OUTER_BOUND ( 'NONE', #3956, .T. ) ;
#1542 = DIRECTION ( 'NONE',  ( -6.505213034913008934E-14, 1.000000000000000000, 0.000000000000000000 ) ) ;
#1543 = DIRECTION ( 'NONE',  ( 0.000000000000000000, -0.1045284632676537068, -0.9945218953682734009 ) ) ;
#1544 = AXIS2_PLACEMENT_3D ( 'NONE', #2456, #3660, #2986 ) ;
#1545 = CARTESIAN_POINT ( 'NONE',  ( 1.544660579899926889, -1.810000000000000497, -1.178000000000000158 ) ) ;
#1546 = CARTESIAN_POINT ( 'NONE',  ( -2.063683248407201187, 1.671183248407200672, -1.148000000000000353 ) ) ;
#1547 = CARTESIAN_POINT ( 'NONE',  ( -1.534692872391097973, 1.671183248407201338, -1.177999999999999936 ) ) ;
#1548 = EDGE_LOOP ( 'NONE', ( #3739, #502, #406, #3250 ) ) ;
#1549 = VERTEX_POINT ( 'NONE', #1174 ) ;
#1550 = DIRECTION ( 'NONE',  ( 0.000000000000000000, 0.9945218953682734009, -0.1045284632676537068 ) ) ;
#1551 =( NAMED_UNIT ( * ) PLANE_ANGLE_UNIT ( ) SI_UNIT ( $, .RADIAN. ) );
#1552 = DIRECTION ( 'NONE',  ( 0.000000000000000000, 0.000000000000000000, 1.000000000000000000 ) ) ;
#1553 =( NAMED_UNIT ( * ) PLANE_ANGLE_UNIT ( ) SI_UNIT ( $, .RADIAN. ) );
#1554 = ORIENTED_EDGE ( 'NONE', *, *, #3612, .T. ) ;
#1555 = VERTEX_POINT ( 'NONE', #2412 ) ;
#1556 = EDGE_CURVE ( 'NONE', #3852, #635, #3618, .T. ) ;
#1557 = SURFACE_SIDE_STYLE ('',( #2449 ) ) ;
#1558 = COLOUR_RGB ( '',0.2862745098039215508, 0.2862745098039215508, 0.2862745098039215508 ) ;
#1559 = LINE ( 'NONE', #2140, #449 ) ;
#1560 = EDGE_CURVE ( 'NONE', #1056, #3451, #352, .T. ) ;
#1561 = AXIS2_PLACEMENT_3D ( 'NONE', #2154, #2724, #2764 ) ;
#1562 = FILL_AREA_STYLE_COLOUR ( '', #3001 ) ;
#1563 = UNCERTAINTY_MEASURE_WITH_UNIT (LENGTH_MEASURE( 1.000000000000000082E-05 ), #909, 'distance_accuracy_value', 'NONE');
#1564 = CARTESIAN_POINT ( 'NONE',  ( -2.449999999999998845, 1.032499999999999973, -1.406499999999999861 ) ) ;
#1565 = CARTESIAN_POINT ( 'NONE',  ( 1.514999999999999014, 1.668503090407926104, -1.203499999999999792 ) ) ;
#1566 =( LENGTH_UNIT ( ) NAMED_UNIT ( * ) SI_UNIT ( .MILLI., .METRE. ) );
#1567 = ORIENTED_EDGE ( 'NONE', *, *, #3763, .F. ) ;
#1568 = FILL_AREA_STYLE_COLOUR ( '', #944 ) ;
#1569 =( LENGTH_UNIT ( ) NAMED_UNIT ( * ) SI_UNIT ( .MILLI., .METRE. ) );
#1570 =( NAMED_UNIT ( * ) PLANE_ANGLE_UNIT ( ) SI_UNIT ( $, .RADIAN. ) );
#1571 = VERTEX_POINT ( 'NONE', #2193 ) ;
#1572 = STYLED_ITEM ( 'NONE', ( #3568 ), #3587 ) ;
#1573 = EDGE_CURVE ( 'NONE', #1214, #3809, #2783, .T. ) ;
#1574 = ORIENTED_EDGE ( 'NONE', *, *, #1418, .T. ) ;
#1575 = FILL_AREA_STYLE_COLOUR ( '', #3305 ) ;
#1576 =( LENGTH_UNIT ( ) NAMED_UNIT ( * ) SI_UNIT ( .MILLI., .METRE. ) );
#1577 = AXIS2_PLACEMENT_3D ( 'NONE', #436, #2883, #1644 ) ;
#1578 = LINE ( 'NONE', #2819, #338 ) ;
#1579 = ADVANCED_FACE ( 'NONE', ( #883 ), #2493, .T. ) ;
#1580 = VECTOR ( 'NONE', #1956, 1000.000000000000000 ) ;
#1581 = STYLED_ITEM ( 'NONE', ( #3684 ), #2398 ) ;
#1582 = PLANE ( 'NONE',  #1401 ) ;
#1583 =( NAMED_UNIT ( * ) SI_UNIT ( $, .STERADIAN. ) SOLID_ANGLE_UNIT ( ) );
#1584 = DIRECTION ( 'NONE',  ( -0.000000000000000000, 1.000000000000000000, 0.000000000000000000 ) ) ;
#1585 = STYLED_ITEM ( 'NONE', ( #2529 ), #2528 ) ;
#1586 = CIRCLE ( 'NONE', #1522, 0.03000000000000007869 ) ;
#1587 = SURFACE_SIDE_STYLE ('',( #354 ) ) ;
#1588 = PRESENTATION_STYLE_ASSIGNMENT (( #2842 ) ) ;
#1589 = DIRECTION ( 'NONE',  ( 0.000000000000000000, -0.000000000000000000, 1.000000000000000000 ) ) ;
#1590 = DIRECTION ( 'NONE',  ( 0.000000000000000000, 1.000000000000000000, 0.000000000000000000 ) ) ;
#1591 = UNCERTAINTY_MEASURE_WITH_UNIT (LENGTH_MEASURE( 1.000000000000000082E-05 ), #181, 'distance_accuracy_value', 'NONE');
#1592 = EDGE_LOOP ( 'NONE', ( #2481, #2343, #2386, #3050, #2250, #3728, #2408, #225, #2737, #263, #2477, #1008 ) ) ;
#1593 = DIRECTION ( 'NONE',  ( -3.766582916872981431E-16, 0.000000000000000000, 1.000000000000000000 ) ) ;
#1594 =( NAMED_UNIT ( * ) PLANE_ANGLE_UNIT ( ) SI_UNIT ( $, .RADIAN. ) );
#1595 = VERTEX_POINT ( 'NONE', #2582 ) ;
#1596 = PRESENTATION_STYLE_ASSIGNMENT (( #1317 ) ) ;
#1597 = CYLINDRICAL_SURFACE ( 'NONE', #2989, 0.03000000000000007869 ) ;
#1598 = UNCERTAINTY_MEASURE_WITH_UNIT (LENGTH_MEASURE( 1.000000000000000082E-05 ), #656, 'distance_accuracy_value', 'NONE');
#1599 =( LENGTH_UNIT ( ) NAMED_UNIT ( * ) SI_UNIT ( .MILLI., .METRE. ) );
#1600 = DIRECTION ( 'NONE',  ( 1.000000000000000000, 0.000000000000000000, -0.000000000000000000 ) ) ;
#1601 = FILL_AREA_STYLE_COLOUR ( '', #1774 ) ;
#1602 = DIRECTION ( 'NONE',  ( 0.000000000000000000, 1.000000000000000000, 0.000000000000000000 ) ) ;
#1603 = AXIS2_PLACEMENT_3D ( 'NONE', #79, #2261, #2212 ) ;
#1604 = EDGE_CURVE ( 'NONE', #526, #3194, #2207, .T. ) ;
#1605 = FILL_AREA_STYLE ('',( #3381 ) ) ;
#1606 =( LENGTH_UNIT ( ) NAMED_UNIT ( * ) SI_UNIT ( .MILLI., .METRE. ) );
#1607 = CARTESIAN_POINT ( 'NONE',  ( -2.063683248407201187, 1.701018905268248949, -1.151135853898029859 ) ) ;
#1608 = EDGE_CURVE ( 'NONE', #1783, #3890, #1320, .T. ) ;
#1609 = DIRECTION ( 'NONE',  ( 0.000000000000000000, 0.000000000000000000, -1.000000000000000000 ) ) ;
#1610 = ORIENTED_EDGE ( 'NONE', *, *, #588, .T. ) ;
#1611 = DIRECTION ( 'NONE',  ( -0.000000000000000000, 1.000000000000000000, -0.000000000000000000 ) ) ;
#1612 = ORIENTED_EDGE ( 'NONE', *, *, #1997, .T. ) ;
#1613 = DIRECTION ( 'NONE',  ( -0.000000000000000000, -1.000000000000000000, 0.000000000000000000 ) ) ;
#1614 = FILL_AREA_STYLE ('',( #3811 ) ) ;
#1615 = ORIENTED_EDGE ( 'NONE', *, *, #2097, .T. ) ;
#1616 = PRESENTATION_LAYER_ASSIGNMENT (  '', '', ( #3273 ) ) ;
#1617 = CARTESIAN_POINT ( 'NONE',  ( -2.093518905268250130, 1.671183248407200894, -1.151135853898029859 ) ) ;
#1618 = DIRECTION ( 'NONE',  ( 1.445602896647335564E-14, 0.000000000000000000, 1.000000000000000000 ) ) ;
#1619 = CARTESIAN_POINT ( 'NONE',  ( -2.699999999999999289, -1.032499999999999973, -1.156499999999999639 ) ) ;
#1620 = CARTESIAN_POINT ( 'NONE',  ( 2.202499999999999680, -1.810000000000000497, -0.1142500000000000043 ) ) ;
#1621 = FILL_AREA_STYLE ('',( #3157 ) ) ;
#1622 = EDGE_CURVE ( 'NONE', #3928, #2100, #3413, .T. ) ;
#1623 = DIRECTION ( 'NONE',  ( 0.000000000000000000, 0.000000000000000000, 1.000000000000000000 ) ) ;
#1624 = DIRECTION ( 'NONE',  ( -0.1039620511844979445, 0.1039620511844979445, -0.9891328443778539814 ) ) ;
#1625 = ORIENTED_EDGE ( 'NONE', *, *, #292, .F. ) ;
#1626 = EDGE_CURVE ( 'NONE', #952, #2373, #2604, .T. ) ;
#1627 = DIRECTION ( 'NONE',  ( 1.000000000000000000, 3.958838170426965825E-17, 3.766582916872981431E-16 ) ) ;
#1628 = SURFACE_STYLE_FILL_AREA ( #3805 ) ;
#1629 =( NAMED_UNIT ( * ) PLANE_ANGLE_UNIT ( ) SI_UNIT ( $, .RADIAN. ) );
#1630 = MECHANICAL_DESIGN_GEOMETRIC_PRESENTATION_REPRESENTATION (  '', ( #805 ), #1833 ) ;
#1631 = STYLED_ITEM ( 'NONE', ( #2916 ), #3565 ) ;
#1632 = VERTEX_POINT ( 'NONE', #2557 ) ;
#1633 = SURFACE_SIDE_STYLE ('',( #1037 ) ) ;
#1634 = CARTESIAN_POINT ( 'NONE',  ( -2.061003090407926841, 1.668503090407926104, 1.173499999999999543 ) ) ;
#1635 = PRESENTATION_LAYER_ASSIGNMENT (  '', '', ( #1254 ) ) ;
#1636 = UNCERTAINTY_MEASURE_WITH_UNIT (LENGTH_MEASURE( 1.000000000000000082E-05 ), #1735, 'distance_accuracy_value', 'NONE');
#1637 = EDGE_LOOP ( 'NONE', ( #2555, #1032, #3024, #3743 ) ) ;
#1638 = DIRECTION ( 'NONE',  ( 0.000000000000000000, 0.000000000000000000, -1.000000000000000000 ) ) ;
#1639 = MECHANICAL_DESIGN_GEOMETRIC_PRESENTATION_REPRESENTATION (  '', ( #1254 ), #2684 ) ;
#1640 = DIRECTION ( 'NONE',  ( 1.000000000000000000, 0.000000000000000000, -0.000000000000000000 ) ) ;
#1641 = SURFACE_STYLE_USAGE ( .BOTH. , #3186 ) ;
#1642 = VECTOR ( 'NONE', #652, 1000.000000000000000 ) ;
#1643 = STYLED_ITEM ( 'NONE', ( #767 ), #2677 ) ;
#1644 = DIRECTION ( 'NONE',  ( 1.000000000000000000, 0.000000000000000000, 0.000000000000000000 ) ) ;
#1645 =( NAMED_UNIT ( * ) SI_UNIT ( $, .STERADIAN. ) SOLID_ANGLE_UNIT ( ) );
#1646 = COLOUR_RGB ( '',0.8039215686274510109, 0.8039215686274510109, 0.8039215686274510109 ) ;
#1647 = DIRECTION ( 'NONE',  ( 0.000000000000000000, -1.000000000000000000, -0.000000000000000000 ) ) ;
#1648 = VECTOR ( 'NONE', #3181, 1000.000000000000000 ) ;
#1649 = AXIS2_PLACEMENT_3D ( 'NONE', #3916, #3193, #2366 ) ;
#1650 = ORIENTED_EDGE ( 'NONE', *, *, #703, .F. ) ;
#1651 = COLOUR_RGB ( '',0.2862745098039215508, 0.2862745098039215508, 0.2862745098039215508 ) ;
#1652 = FILL_AREA_STYLE_COLOUR ( '', #1646 ) ;
#1653 = CIRCLE ( 'NONE', #2059, 0.03000000000000007869 ) ;
#1654 = ORIENTED_EDGE ( 'NONE', *, *, #1107, .T. ) ;
#1655 = STYLED_ITEM ( 'NONE', ( #2070 ), #2279 ) ;
#1656 = CARTESIAN_POINT ( 'NONE',  ( 1.525847409459573312, -1.670217364422442952, -1.182594886125746925 ) ) ;
#1657 = CARTESIAN_POINT ( 'NONE',  ( -2.063683248407201631, -1.671183248407201560, -1.148000000000000353 ) ) ;
#1658 = EDGE_CURVE ( 'NONE', #3206, #1029, #3133, .T. ) ;
#1659 =( NAMED_UNIT ( * ) PLANE_ANGLE_UNIT ( ) SI_UNIT ( $, .RADIAN. ) );
#1660 = ADVANCED_FACE ( 'NONE', ( #89 ), #1597, .T. ) ;
#1661 = FACE_OUTER_BOUND ( 'NONE', #1967, .T. ) ;
#1662 = ORIENTED_EDGE ( 'NONE', *, *, #2307, .T. ) ;
#1663 = SURFACE_SIDE_STYLE ('',( #458 ) ) ;
#1664 =( LENGTH_UNIT ( ) NAMED_UNIT ( * ) SI_UNIT ( .MILLI., .METRE. ) );
#1665 = CARTESIAN_POINT ( 'NONE',  ( -2.172664343138952070, 1.809999999999999609, -0.1142500000000000043 ) ) ;
#1666 = FACE_OUTER_BOUND ( 'NONE', #3327, .T. ) ;
#1667 = SURFACE_STYLE_USAGE ( .BOTH. , #461 ) ;
#1668 = CARTESIAN_POINT ( 'NONE',  ( 2.202404244550522971, -1.797585373081353577, 0.1151598120378973800 ) ) ;
#1669 = CARTESIAN_POINT ( 'NONE',  ( -1.525290173581888009, -1.701018902912198039, -1.151135876314364426 ) ) ;
#1670 = UNCERTAINTY_MEASURE_WITH_UNIT (LENGTH_MEASURE( 1.000000000000000082E-05 ), #828, 'distance_accuracy_value', 'NONE');
#1671 = ORIENTED_EDGE ( 'NONE', *, *, #2728, .F. ) ;
#1672 = CARTESIAN_POINT ( 'NONE',  ( -2.699999999999999289, 1.032499999999999973, -1.156499999999999639 ) ) ;
#1673 = ORIENTED_EDGE ( 'NONE', *, *, #1367, .T. ) ;
#1674 = DIRECTION ( 'NONE',  ( 0.000000000000000000, 0.000000000000000000, 1.000000000000000000 ) ) ;
#1675 = EDGE_CURVE ( 'NONE', #2846, #2962, #1300, .T. ) ;
#1676 = DIRECTION ( 'NONE',  ( 0.000000000000000000, 0.000000000000000000, 1.000000000000000000 ) ) ;
#1677 = SPHERICAL_SURFACE ( 'NONE', #1219, 0.02999999999999999889 ) ;
#1678 = CARTESIAN_POINT ( 'NONE',  ( 1.495571375384066037, -1.698338747268975268, -1.176635853898030160 ) ) ;
#1679 = ORIENTED_EDGE ( 'NONE', *, *, #3515, .F. ) ;
#1680 = EDGE_CURVE ( 'NONE', #3813, #3478, #2534, .T. ) ;
#1681 =( NAMED_UNIT ( * ) SI_UNIT ( $, .STERADIAN. ) SOLID_ANGLE_UNIT ( ) );
#1682 = DIRECTION ( 'NONE',  ( 0.000000000000000000, 0.000000000000000000, 1.000000000000000000 ) ) ;
#1683 =( LENGTH_UNIT ( ) NAMED_UNIT ( * ) SI_UNIT ( .MILLI., .METRE. ) );
#1684 = AXIS2_PLACEMENT_3D ( 'NONE', #3759, #1009, #1412 ) ;
#1685 = CARTESIAN_POINT ( 'NONE',  ( 2.202499999999999680, 1.032499999999999973, 0.1142500000000000043 ) ) ;
#1686 = VECTOR ( 'NONE', #1602, 1000.000000000000000 ) ;
#1687 = VECTOR ( 'NONE', #1647, 1000.000000000000000 ) ;
#1688 =( NAMED_UNIT ( * ) PLANE_ANGLE_UNIT ( ) SI_UNIT ( $, .RADIAN. ) );
#1689 = ORIENTED_EDGE ( 'NONE', *, *, #2660, .T. ) ;
#1690 = CARTESIAN_POINT ( 'NONE',  ( -2.202500000000000568, -1.780000000000000249, 0.1142500000000000043 ) ) ;
#1691 = ORIENTED_EDGE ( 'NONE', *, *, #731, .F. ) ;
#1692 = MECHANICAL_DESIGN_GEOMETRIC_PRESENTATION_REPRESENTATION (  '', ( #3604 ), #3509 ) ;
#1693 =( NAMED_UNIT ( * ) SI_UNIT ( $, .STERADIAN. ) SOLID_ANGLE_UNIT ( ) );
#1694 = DIRECTION ( 'NONE',  ( -1.000000000000000000, -0.000000000000000000, -0.000000000000000000 ) ) ;
#1695 = SURFACE_SIDE_STYLE ('',( #2923 ) ) ;
#1696 = ORIENTED_EDGE ( 'NONE', *, *, #3382, .F. ) ;
#1697 = SURFACE_STYLE_USAGE ( .BOTH. , #193 ) ;
#1698 = LINE ( 'NONE', #1093, #1709 ) ;
#1699 = DIRECTION ( 'NONE',  ( 1.000000000000000000, 0.000000000000000000, -0.000000000000000000 ) ) ;
#1700 = EDGE_CURVE ( 'NONE', #3248, #353, #1260, .T. ) ;
#1701 = EDGE_LOOP ( 'NONE', ( #3017, #3888, #1208, #3670, #285, #3826, #1021, #2778 ) ) ;
#1702 = FACE_OUTER_BOUND ( 'NONE', #3692, .T. ) ;
#1703 = FACE_OUTER_BOUND ( 'NONE', #3876, .T. ) ;
#1704 = DIRECTION ( 'NONE',  ( 1.000000000000000000, 0.000000000000000000, 0.000000000000000000 ) ) ;
#1705 = EDGE_CURVE ( 'NONE', #3655, #2074, #2894, .T. ) ;
#1706 = AXIS2_PLACEMENT_3D ( 'NONE', #3121, #1242, #3395 ) ;
#1707 = CARTESIAN_POINT ( 'NONE',  ( -2.449999999999998845, 1.032499999999999973, 0.1142500000000005872 ) ) ;
#1708 = FACE_OUTER_BOUND ( 'NONE', #2992, .T. ) ;
#1709 = VECTOR ( 'NONE', #3253, 1000.000000000000114 ) ;
#1710 =( LENGTH_UNIT ( ) NAMED_UNIT ( * ) SI_UNIT ( .MILLI., .METRE. ) );
#1711 = ORIENTED_EDGE ( 'NONE', *, *, #1236, .F. ) ;
#1712 = VERTEX_POINT ( 'NONE', #702 ) ;
#1713 = AXIS2_PLACEMENT_3D ( 'NONE', #2273, #1325, #3749 ) ;
#1714 =( GEOMETRIC_REPRESENTATION_CONTEXT ( 3 ) GLOBAL_UNCERTAINTY_ASSIGNED_CONTEXT ( ( #1753 ) ) GLOBAL_UNIT_ASSIGNED_CONTEXT ( ( #3292, #3880, #2084 ) ) REPRESENTATION_CONTEXT ( 'NONE', 'WORKASPACE' ) );
#1715 = CARTESIAN_POINT ( 'NONE',  ( -2.202500000000000568, 1.032499999999999973, -0.1142500000000000043 ) ) ;
#1716 = UNCERTAINTY_MEASURE_WITH_UNIT (LENGTH_MEASURE( 1.000000000000000082E-05 ), #1750, 'distance_accuracy_value', 'NONE');
#1717 = AXIS2_PLACEMENT_3D ( 'NONE', #3517, #3490, #2674 ) ;
#1718 =( GEOMETRIC_REPRESENTATION_CONTEXT ( 3 ) GLOBAL_UNCERTAINTY_ASSIGNED_CONTEXT ( ( #1804 ) ) GLOBAL_UNIT_ASSIGNED_CONTEXT ( ( #327, #2799, #934 ) ) REPRESENTATION_CONTEXT ( 'NONE', 'WORKASPACE' ) );
#1719 = COLOUR_RGB ( '',0.8039215686274510109, 0.8039215686274510109, 0.8039215686274510109 ) ;
#1720 = ORIENTED_EDGE ( 'NONE', *, *, #2728, .T. ) ;
#1721 = CARTESIAN_POINT ( 'NONE',  ( -1.514999999999999014, 1.698338747268974380, -1.176635853898029271 ) ) ;
#1722 = LINE ( 'NONE', #3214, #3294 ) ;
#1723 = DIRECTION ( 'NONE',  ( 1.000000000000000000, 0.000000000000000000, 0.000000000000000000 ) ) ;
#1724 = ORIENTED_EDGE ( 'NONE', *, *, #973, .F. ) ;
#1725 = DIRECTION ( 'NONE',  ( -0.000000000000000000, -1.000000000000000000, -0.000000000000000000 ) ) ;
#1726 = SURFACE_STYLE_USAGE ( .BOTH. , #2648 ) ;
#1727 = SURFACE_STYLE_USAGE ( .BOTH. , #516 ) ;
#1728 =( NAMED_UNIT ( * ) PLANE_ANGLE_UNIT ( ) SI_UNIT ( $, .RADIAN. ) );
#1729 = CYLINDRICAL_SURFACE ( 'NONE', #1544, 0.03000000000000007869 ) ;
#1730 =( NAMED_UNIT ( * ) PLANE_ANGLE_UNIT ( ) SI_UNIT ( $, .RADIAN. ) );
#1731 = SURFACE_SIDE_STYLE ('',( #2302 ) ) ;
#1732 = EDGE_CURVE ( 'NONE', #816, #889, #1133, .T. ) ;
#1733 = CYLINDRICAL_SURFACE ( 'NONE', #3767, 0.03000000000000007869 ) ;
#1734 = ORIENTED_EDGE ( 'NONE', *, *, #3262, .T. ) ;
#1735 =( LENGTH_UNIT ( ) NAMED_UNIT ( * ) SI_UNIT ( .MILLI., .METRE. ) );
#1736 = ORIENTED_EDGE ( 'NONE', *, *, #3143, .T. ) ;
#1737 = ORIENTED_EDGE ( 'NONE', *, *, #2982, .F. ) ;
#1738 = ADVANCED_FACE ( 'NONE', ( #2227 ), #3952, .T. ) ;
#1739 = AXIS2_PLACEMENT_3D ( 'NONE', #1308, #2824, #1963 ) ;
#1740 = CARTESIAN_POINT ( 'NONE',  ( -2.172500000000000320, -1.810000000000000497, -0.1142500000000000043 ) ) ;
#1741 = ORIENTED_EDGE ( 'NONE', *, *, #2801, .F. ) ;
#1742 = MECHANICAL_DESIGN_GEOMETRIC_PRESENTATION_REPRESENTATION (  '', ( #2451 ), #1031 ) ;
#1743 = PLANE ( 'NONE',  #2811 ) ;
#1744 =( BOUNDED_CURVE ( )  B_SPLINE_CURVE ( 3, ( #3234, #1430, #2609, #2294 ),
 .UNSPECIFIED., .F., .T. ) 
 B_SPLINE_CURVE_WITH_KNOTS ( ( 4, 4 ),
 ( 5.324993128433308520, 6.283185307179586232 ),
 .UNSPECIFIED. ) 
 CURVE ( )  GEOMETRIC_REPRESENTATION_ITEM ( )  RATIONAL_B_SPLINE_CURVE ( ( 1.000000000000000000, 0.9249413116432944060, 0.9249413116432944060, 1.000000000000000000 ) ) 
 REPRESENTATION_ITEM ( '' )  );
#1745 = CARTESIAN_POINT ( 'NONE',  ( 2.202499999999999680, -1.780164343138952443, -0.1142500000000000043 ) ) ;
#1746 = PRESENTATION_STYLE_ASSIGNMENT (( #1024 ) ) ;
#1747 = DIRECTION ( 'NONE',  ( -0.000000000000000000, 1.000000000000000000, -0.000000000000000000 ) ) ;
#1748 = CARTESIAN_POINT ( 'NONE',  ( -2.346499999999999808, 1.032499999999999973, -1.177999999999999492 ) ) ;
#1749 = LINE ( 'NONE', #2068, #2078 ) ;
#1750 =( LENGTH_UNIT ( ) NAMED_UNIT ( * ) SI_UNIT ( .MILLI., .METRE. ) );
#1751 =( NAMED_UNIT ( * ) SI_UNIT ( $, .STERADIAN. ) SOLID_ANGLE_UNIT ( ) );
#1752 =( NAMED_UNIT ( * ) PLANE_ANGLE_UNIT ( ) SI_UNIT ( $, .RADIAN. ) );
#1753 = UNCERTAINTY_MEASURE_WITH_UNIT (LENGTH_MEASURE( 1.000000000000000082E-05 ), #3292, 'distance_accuracy_value', 'NONE');
#1754 = MECHANICAL_DESIGN_GEOMETRIC_PRESENTATION_REPRESENTATION (  '', ( #290 ), #2401 ) ;
#1755 = EDGE_CURVE ( 'NONE', #3007, #582, #2981, .T. ) ;
#1756 = EDGE_LOOP ( 'NONE', ( #2272, #2464, #35 ) ) ;
#1757 = SURFACE_STYLE_FILL_AREA ( #544 ) ;
#1758 = LINE ( 'NONE', #2656, #2119 ) ;
#1759 = PRESENTATION_LAYER_ASSIGNMENT (  '', '', ( #2533 ) ) ;
#1760 = EDGE_LOOP ( 'NONE', ( #1297, #3267, #445, #1969 ) ) ;
#1761 = EDGE_CURVE ( 'NONE', #3103, #2402, #1722, .T. ) ;
#1762 = CARTESIAN_POINT ( 'NONE',  ( -2.061003090407926841, 0.000000000000000000, 1.173499999999999543 ) ) ;
#1763 = LINE ( 'NONE', #2083, #1518 ) ;
#1764 = FILL_AREA_STYLE_COLOUR ( '', #66 ) ;
#1765 = DIRECTION ( 'NONE',  ( 1.000000000000000000, 0.000000000000000000, 0.000000000000000000 ) ) ;
#1766 = SURFACE_STYLE_USAGE ( .BOTH. , #2709 ) ;
#1767 = FILL_AREA_STYLE ('',( #2651 ) ) ;
#1768 = PRESENTATION_LAYER_ASSIGNMENT (  '', '', ( #2308 ) ) ;
#1769 = PRESENTATION_STYLE_ASSIGNMENT (( #2457 ) ) ;
#1770 = CARTESIAN_POINT ( 'NONE',  ( 2.346499999999999808, -1.032499999999999973, -1.053000000000000602 ) ) ;
#1771 = PRESENTATION_LAYER_ASSIGNMENT (  '', '', ( #2041 ) ) ;
#1772 = CIRCLE ( 'NONE', #50, 0.02999999999999992256 ) ;
#1773 = FILL_AREA_STYLE_COLOUR ( '', #334 ) ;
#1774 = COLOUR_RGB ( '',0.2862745098039215508, 0.2862745098039215508, 0.2862745098039215508 ) ;
#1775 = ORIENTED_EDGE ( 'NONE', *, *, #2893, .T. ) ;
#1776 =( NAMED_UNIT ( * ) SI_UNIT ( $, .STERADIAN. ) SOLID_ANGLE_UNIT ( ) );
#1777 = DIRECTION ( 'NONE',  ( 0.1039620511844979306, 0.1039620511844979306, -0.9891328443778538704 ) ) ;
#1778 = SURFACE_STYLE_USAGE ( .BOTH. , #2996 ) ;
#1779 = PRESENTATION_LAYER_ASSIGNMENT (  '', '', ( #876 ) ) ;
#1780 = MECHANICAL_DESIGN_GEOMETRIC_PRESENTATION_REPRESENTATION (  '', ( #3296 ), #3172 ) ;
#1781 = CARTESIAN_POINT ( 'NONE',  ( -1.761003090407831984, 1.001101854244726530, 1.203499999999999792 ) ) ;
#1782 = VECTOR ( 'NONE', #107, 1000.000000000000000 ) ;
#1783 = VERTEX_POINT ( 'NONE', #2625 ) ;
#1784 = VECTOR ( 'NONE', #589, 1000.000000000000000 ) ;
#1785 = EDGE_CURVE ( 'NONE', #1824, #3360, #1427, .T. ) ;
#1786 = VECTOR ( 'NONE', #3146, 1000.000000000000000 ) ;
#1787 = CYLINDRICAL_SURFACE ( 'NONE', #2288, 0.03000000000000007869 ) ;
#1788 = CARTESIAN_POINT ( 'NONE',  ( -1.559999999999999609, 1.032499999999999973, -1.177999999999999714 ) ) ;
#1789 = VECTOR ( 'NONE', #890, 1000.000000000000114 ) ;
#1790 = LINE ( 'NONE', #3006, #3055 ) ;
#1791 = EDGE_CURVE ( 'NONE', #3891, #1555, #3961, .T. ) ;
#1792 = LINE ( 'NONE', #882, #1523 ) ;
#1793 =( LENGTH_UNIT ( ) NAMED_UNIT ( * ) SI_UNIT ( .MILLI., .METRE. ) );
#1794 =( GEOMETRIC_REPRESENTATION_CONTEXT ( 3 ) GLOBAL_UNCERTAINTY_ASSIGNED_CONTEXT ( ( #3476 ) ) GLOBAL_UNIT_ASSIGNED_CONTEXT ( ( #2157, #2383, #900 ) ) REPRESENTATION_CONTEXT ( 'NONE', 'WORKASPACE' ) );
#1795 = FILL_AREA_STYLE ('',( #234 ) ) ;
#1796 = FACE_OUTER_BOUND ( 'NONE', #3342, .T. ) ;
#1797 = FACE_OUTER_BOUND ( 'NONE', #1637, .T. ) ;
#1798 = ORIENTED_EDGE ( 'NONE', *, *, #1810, .F. ) ;
#1799 = SURFACE_STYLE_USAGE ( .BOTH. , #3282 ) ;
#1800 = DIRECTION ( 'NONE',  ( 0.000000000000000000, 0.000000000000000000, 1.000000000000000000 ) ) ;
#1801 = DIRECTION ( 'NONE',  ( 0.000000000000000000, 0.000000000000000000, -1.000000000000000000 ) ) ;
#1802 = ORIENTED_EDGE ( 'NONE', *, *, #3005, .F. ) ;
#1803 = LINE ( 'NONE', #283, #3188 ) ;
#1804 = UNCERTAINTY_MEASURE_WITH_UNIT (LENGTH_MEASURE( 1.000000000000000082E-05 ), #327, 'distance_accuracy_value', 'NONE');
#1805 = ORIENTED_EDGE ( 'NONE', *, *, #873, .F. ) ;
#1806 = VECTOR ( 'NONE', #3213, 1000.000000000000000 ) ;
#1807 = CARTESIAN_POINT ( 'NONE',  ( -2.063683248407201631, -1.810000000000000497, -1.148000000000000353 ) ) ;
#1808 = FACE_OUTER_BOUND ( 'NONE', #137, .T. ) ;
#1809 =( GEOMETRIC_REPRESENTATION_CONTEXT ( 3 ) GLOBAL_UNCERTAINTY_ASSIGNED_CONTEXT ( ( #787 ) ) GLOBAL_UNIT_ASSIGNED_CONTEXT ( ( #3507, #2590, #217 ) ) REPRESENTATION_CONTEXT ( 'NONE', 'WORKASPACE' ) );
#1810 = EDGE_CURVE ( 'NONE', #3145, #3627, #1078, .T. ) ;
#1811 = DIRECTION ( 'NONE',  ( 1.000000000000000000, -1.519389869499635435E-15, 1.445602896647335564E-14 ) ) ;
#1812 = ORIENTED_EDGE ( 'NONE', *, *, #2641, .F. ) ;
#1813 =( NAMED_UNIT ( * ) PLANE_ANGLE_UNIT ( ) SI_UNIT ( $, .RADIAN. ) );
#1814 = FILL_AREA_STYLE_COLOUR ( '', #2957 ) ;
#1815 = EDGE_CURVE ( 'NONE', #2147, #242, #2867, .T. ) ;
#1816 = SURFACE_STYLE_USAGE ( .BOTH. , #1162 ) ;
#1817 = CARTESIAN_POINT ( 'NONE',  ( 0.000000000000000000, 1.668503090407926104, 1.173499999999999543 ) ) ;
#1818 = DIRECTION ( 'NONE',  ( 0.000000000000000000, 0.000000000000000000, 1.000000000000000000 ) ) ;
#1819 =( NAMED_UNIT ( * ) SI_UNIT ( $, .STERADIAN. ) SOLID_ANGLE_UNIT ( ) );
#1820 = ORIENTED_EDGE ( 'NONE', *, *, #1389, .T. ) ;
#1821 = FILL_AREA_STYLE_COLOUR ( '', #1130 ) ;
#1822 = CARTESIAN_POINT ( 'NONE',  ( 2.346500000000000696, 1.032499999999999973, -0.2392499999999992411 ) ) ;
#1823 = PRESENTATION_STYLE_ASSIGNMENT (( #3650 ) ) ;
#1824 = VERTEX_POINT ( 'NONE', #779 ) ;
#1825 = ORIENTED_EDGE ( 'NONE', *, *, #178, .T. ) ;
#1826 = PRESENTATION_LAYER_ASSIGNMENT (  '', '', ( #290 ) ) ;
#1827 =( LENGTH_UNIT ( ) NAMED_UNIT ( * ) SI_UNIT ( .MILLI., .METRE. ) );
#1828 = DIRECTION ( 'NONE',  ( -1.000000000000000000, -0.000000000000000000, -0.000000000000000000 ) ) ;
#1829 = DIRECTION ( 'NONE',  ( -0.5728857937799907152, -0.08567520829180398645, 0.8151451563796634492 ) ) ;
#1830 = FILL_AREA_STYLE ('',( #3659 ) ) ;
#1831 = EDGE_CURVE ( 'NONE', #1712, #2978, #1698, .T. ) ;
#1832 =( NAMED_UNIT ( * ) PLANE_ANGLE_UNIT ( ) SI_UNIT ( $, .RADIAN. ) );
#1833 =( GEOMETRIC_REPRESENTATION_CONTEXT ( 3 ) GLOBAL_UNCERTAINTY_ASSIGNED_CONTEXT ( ( #119 ) ) GLOBAL_UNIT_ASSIGNED_CONTEXT ( ( #453, #1365, #3497 ) ) REPRESENTATION_CONTEXT ( 'NONE', 'WORKASPACE' ) );
#1834 = VERTEX_POINT ( 'NONE', #2332 ) ;
#1835 = SURFACE_SIDE_STYLE ('',( #603 ) ) ;
#1836 =( NAMED_UNIT ( * ) SI_UNIT ( $, .STERADIAN. ) SOLID_ANGLE_UNIT ( ) );
#1837 =( NAMED_UNIT ( * ) SI_UNIT ( $, .STERADIAN. ) SOLID_ANGLE_UNIT ( ) );
#1838 = EDGE_CURVE ( 'NONE', #2264, #2863, #3538, .T. ) ;
#1839 = COLOUR_RGB ( '',0.2862745098039215508, 0.2862745098039215508, 0.2862745098039215508 ) ;
#1840 = CARTESIAN_POINT ( 'NONE',  ( 1.514999999999999236, -1.810000000000000497, -1.178000000000000158 ) ) ;
#1841 = EDGE_LOOP ( 'NONE', ( #324, #3535, #1129, #2730 ) ) ;
#1842 = DIRECTION ( 'NONE',  ( -1.000000000000000000, 0.000000000000000000, 3.670476104768634540E-15 ) ) ;
#1843 = LINE ( 'NONE', #1184, #1789 ) ;
#1844 =( NAMED_UNIT ( * ) SI_UNIT ( $, .STERADIAN. ) SOLID_ANGLE_UNIT ( ) );
#1845 = ORIENTED_EDGE ( 'NONE', *, *, #850, .F. ) ;
#1846 = PRESENTATION_STYLE_ASSIGNMENT (( #1697 ) ) ;
#1847 = UNCERTAINTY_MEASURE_WITH_UNIT (LENGTH_MEASURE( 1.000000000000000082E-05 ), #2472, 'distance_accuracy_value', 'NONE');
#1848 = SURFACE_SIDE_STYLE ('',( #287 ) ) ;
#1849 = PRESENTATION_LAYER_ASSIGNMENT (  '', '', ( #2869 ) ) ;
#1850 = AXIS2_PLACEMENT_3D ( 'NONE', #641, #1876, #3331 ) ;
#1851 = ORIENTED_EDGE ( 'NONE', *, *, #2508, .T. ) ;
#1852 = VECTOR ( 'NONE', #2099, 1000.000000000000000 ) ;
#1853 = SURFACE_STYLE_FILL_AREA ( #1830 ) ;
#1854 = AXIS2_PLACEMENT_3D ( 'NONE', #870, #2110, #1 ) ;
#1855 = CIRCLE ( 'NONE', #2882, 0.03000000000000007869 ) ;
#1856 = PRESENTATION_STYLE_ASSIGNMENT (( #369 ) ) ;
#1857 =( NAMED_UNIT ( * ) SI_UNIT ( $, .STERADIAN. ) SOLID_ANGLE_UNIT ( ) );
#1858 = DIRECTION ( 'NONE',  ( -0.1039620511844979306, -0.1039620511844979306, -0.9891328443778538704 ) ) ;
#1859 = MECHANICAL_DESIGN_GEOMETRIC_PRESENTATION_REPRESENTATION (  '', ( #2943 ), #3573 ) ;
#1860 =( NAMED_UNIT ( * ) PLANE_ANGLE_UNIT ( ) SI_UNIT ( $, .RADIAN. ) );
#1861 = ORIENTED_EDGE ( 'NONE', *, *, #3091, .T. ) ;
#1862 = ORIENTED_EDGE ( 'NONE', *, *, #1622, .F. ) ;
#1863 = ORIENTED_EDGE ( 'NONE', *, *, #3355, .F. ) ;
#1864 = ADVANCED_FACE ( 'NONE', ( #2348 ), #1743, .F. ) ;
#1865 = FACE_OUTER_BOUND ( 'NONE', #1756, .T. ) ;
#1866 = DIRECTION ( 'NONE',  ( 0.000000000000000000, 1.000000000000000000, 0.000000000000000000 ) ) ;
#1867 = DIRECTION ( 'NONE',  ( 0.000000000000000000, -0.9945218953682735119, -0.1045284632676525272 ) ) ;
#1868 = ORIENTED_EDGE ( 'NONE', *, *, #3612, .F. ) ;
#1869 = EDGE_CURVE ( 'NONE', #2100, #2435, #1192, .T. ) ;
#1870 = ORIENTED_EDGE ( 'NONE', *, *, #3898, .T. ) ;
#1871 = CARTESIAN_POINT ( 'NONE',  ( -2.449999999999998845, 1.032499999999999973, -1.406499999999999861 ) ) ;
#1872 = ORIENTED_EDGE ( 'NONE', *, *, #2160, .F. ) ;
#1873 = CARTESIAN_POINT ( 'NONE',  ( 2.172499999999999876, 1.809999999999999609, 0.1142500000000000043 ) ) ;
#1874 = VECTOR ( 'NONE', #398, 1000.000000000000000 ) ;
#1875 = DIRECTION ( 'NONE',  ( -0.000000000000000000, -1.000000000000000000, -0.000000000000000000 ) ) ;
#1876 = DIRECTION ( 'NONE',  ( -0.000000000000000000, -1.000000000000000000, -0.000000000000000000 ) ) ;
#1877 =( LENGTH_UNIT ( ) NAMED_UNIT ( * ) SI_UNIT ( .MILLI., .METRE. ) );
#1878 =( NAMED_UNIT ( * ) PLANE_ANGLE_UNIT ( ) SI_UNIT ( $, .RADIAN. ) );
#1879 = ORIENTED_EDGE ( 'NONE', *, *, #1680, .T. ) ;
#1880 = SURFACE_STYLE_USAGE ( .BOTH. , #2478 ) ;
#1881 = PRESENTATION_STYLE_ASSIGNMENT (( #3340 ) ) ;
#1882 = EDGE_LOOP ( 'NONE', ( #1845, #121, #1235, #3858 ) ) ;
#1883 = PRESENTATION_STYLE_ASSIGNMENT (( #2812 ) ) ;
#1884 = ORIENTED_EDGE ( 'NONE', *, *, #697, .T. ) ;
#1885 = FACE_OUTER_BOUND ( 'NONE', #302, .T. ) ;
#1886 = DIRECTION ( 'NONE',  ( 1.000000000000000000, -0.000000000000000000, -0.000000000000000000 ) ) ;
#1887 = EDGE_CURVE ( 'NONE', #3194, #1492, #2987, .T. ) ;
#1888 = EDGE_LOOP ( 'NONE', ( #2345, #2174, #3605 ) ) ;
#1889 = CARTESIAN_POINT ( 'NONE',  ( 2.190085373081353204, 1.809904244550523122, 0.1151598120378952567 ) ) ;
#1890 = CLOSED_SHELL ( 'NONE', ( #3633, #2678, #2204, #1864, #120, #728, #2528, #3714, #2757, #2279, #1529, #126, #3850, #2775 ) ) ;
#1891 = VECTOR ( 'NONE', #897, 1000.000000000000000 ) ;
#1892 = SURFACE_SIDE_STYLE ('',( #2763 ) ) ;
#1893 = SURFACE_STYLE_FILL_AREA ( #1614 ) ;
#1894 = UNCERTAINTY_MEASURE_WITH_UNIT (LENGTH_MEASURE( 1.000000000000000082E-05 ), #299, 'distance_accuracy_value', 'NONE');
#1895 = FILL_AREA_STYLE ('',( #1323 ) ) ;
#1896 = PLANE ( 'NONE',  #446 ) ;
#1897 =( NAMED_UNIT ( * ) SI_UNIT ( $, .STERADIAN. ) SOLID_ANGLE_UNIT ( ) );
#1898 = PRESENTATION_LAYER_ASSIGNMENT (  '', '', ( #486 ) ) ;
#1899 = CARTESIAN_POINT ( 'NONE',  ( -2.346500000000000696, 1.032499999999999973, -0.2392499999999986582 ) ) ;
#1900 = CARTESIAN_POINT ( 'NONE',  ( -1.520115977641996796, 1.668503090407926104, -1.190749999999999975 ) ) ;
#1901 = ORIENTED_EDGE ( 'NONE', *, *, #3087, .T. ) ;
#1902 = FILL_AREA_STYLE ('',( #921 ) ) ;
#1903 = CARTESIAN_POINT ( 'NONE',  ( 2.202499999999999680, -1.810000000000000497, 0.1142500000000000043 ) ) ;
#1904 = DIRECTION ( 'NONE',  ( -0.1039620511844960016, -0.1039620511844982775, 0.9891328443778539814 ) ) ;
#1905 = VERTEX_POINT ( 'NONE', #1487 ) ;
#1906 = DIRECTION ( 'NONE',  ( 0.000000000000000000, 0.000000000000000000, -1.000000000000000000 ) ) ;
#1907 =( GEOMETRIC_REPRESENTATION_CONTEXT ( 3 ) GLOBAL_UNCERTAINTY_ASSIGNED_CONTEXT ( ( #2058 ) ) GLOBAL_UNIT_ASSIGNED_CONTEXT ( ( #646, #1570, #1927 ) ) REPRESENTATION_CONTEXT ( 'NONE', 'WORKASPACE' ) );
#1908 = STYLED_ITEM ( 'NONE', ( #361 ), #362 ) ;
#1909 = FACE_OUTER_BOUND ( 'NONE', #3315, .T. ) ;
#1910 = PRESENTATION_LAYER_ASSIGNMENT (  '', '', ( #1321 ) ) ;
#1911 = ORIENTED_EDGE ( 'NONE', *, *, #27, .F. ) ;
#1912 = ADVANCED_FACE ( 'NONE', ( #3656 ), #303, .F. ) ;
#1913 = CARTESIAN_POINT ( 'NONE',  ( 2.699999999999999289, 1.032499999999999973, -0.1357499999999997875 ) ) ;
#1914 = VECTOR ( 'NONE', #1113, 1000.000000000000114 ) ;
#1915 = FILL_AREA_STYLE ('',( #1562 ) ) ;
#1916 = DIRECTION ( 'NONE',  ( 0.1039620511844979445, 0.1039620511844979445, 0.9891328443778539814 ) ) ;
#1917 = PRESENTATION_LAYER_ASSIGNMENT (  '', '', ( #1643 ) ) ;
#1918 = COLOUR_RGB ( '',0.2862745098039215508, 0.2862745098039215508, 0.2862745098039215508 ) ;
#1919 = ADVANCED_FACE ( 'NONE', ( #1808 ), #991, .T. ) ;
#1920 =( NAMED_UNIT ( * ) SI_UNIT ( $, .STERADIAN. ) SOLID_ANGLE_UNIT ( ) );
#1921 = CARTESIAN_POINT ( 'NONE',  ( 1.533995087771599319, 1.698195367781267562, -1.178000018599288490 ) ) ;
#1922 =( GEOMETRIC_REPRESENTATION_CONTEXT ( 3 ) GLOBAL_UNCERTAINTY_ASSIGNED_CONTEXT ( ( #2253 ) ) GLOBAL_UNIT_ASSIGNED_CONTEXT ( ( #421, #948, #710 ) ) REPRESENTATION_CONTEXT ( 'NONE', 'WORKASPACE' ) );
#1923 = LINE ( 'NONE', #3122, #1874 ) ;
#1924 = AXIS2_PLACEMENT_3D ( 'NONE', #3316, #3936, #2123 ) ;
#1925 =( NAMED_UNIT ( * ) PLANE_ANGLE_UNIT ( ) SI_UNIT ( $, .RADIAN. ) );
#1926 = SURFACE_STYLE_FILL_AREA ( #115 ) ;
#1927 =( NAMED_UNIT ( * ) SI_UNIT ( $, .STERADIAN. ) SOLID_ANGLE_UNIT ( ) );
#1928 = DIRECTION ( 'NONE',  ( -0.000000000000000000, 1.000000000000000000, 0.000000000000000000 ) ) ;
#1929 = UNCERTAINTY_MEASURE_WITH_UNIT (LENGTH_MEASURE( 1.000000000000000082E-05 ), #3513, 'distance_accuracy_value', 'NONE');
#1930 = CIRCLE ( 'NONE', #202, 0.03000000000000007869 ) ;
#1931 = VERTEX_POINT ( 'NONE', #3022 ) ;
#1932 = DIRECTION ( 'NONE',  ( 1.000000000000000000, 3.958838170426965825E-17, 3.766582916872981431E-16 ) ) ;
#1933 = DIRECTION ( 'NONE',  ( 1.000000000000000000, 0.000000000000000000, 0.000000000000000000 ) ) ;
#1934 = VERTEX_POINT ( 'NONE', #667 ) ;
#1935 = CARTESIAN_POINT ( 'NONE',  ( 2.172986810143136438, -1.780486810143137921, -0.1080460774996874346 ) ) ;
#1936 = CARTESIAN_POINT ( 'NONE',  ( -2.202500000000000568, 1.032499999999999973, -0.1142500000000000043 ) ) ;
#1937 = UNCERTAINTY_MEASURE_WITH_UNIT (LENGTH_MEASURE( 1.000000000000000082E-05 ), #2380, 'distance_accuracy_value', 'NONE');
#1938 = SURFACE_SIDE_STYLE ('',( #976 ) ) ;
#1939 = ADVANCED_FACE ( 'NONE', ( #1909 ), #1295, .T. ) ;
#1940 = VERTEX_POINT ( 'NONE', #2221 ) ;
#1941 = CARTESIAN_POINT ( 'NONE',  ( -2.202500000000000568, -1.810000000000000497, -0.1142500000000000043 ) ) ;
#1942 = LINE ( 'NONE', #1023, #117 ) ;
#1943 = SURFACE_STYLE_FILL_AREA ( #3445 ) ;
#1944 = CIRCLE ( 'NONE', #1288, 0.02999999999999996073 ) ;
#1945 = DIRECTION ( 'NONE',  ( 0.000000000000000000, 0.000000000000000000, -1.000000000000000000 ) ) ;
#1946 = SURFACE_STYLE_USAGE ( .BOTH. , #3448 ) ;
#1947 = ADVANCED_FACE ( 'NONE', ( #2864 ), #2848, .T. ) ;
#1948 = VECTOR ( 'NONE', #3076, 1000.000000000000000 ) ;
#1949 = FILL_AREA_STYLE ('',( #950 ) ) ;
#1950 = DIRECTION ( 'NONE',  ( 0.000000000000000000, -0.000000000000000000, 1.000000000000000000 ) ) ;
#1951 = ORIENTED_EDGE ( 'NONE', *, *, #81, .F. ) ;
#1952 = FILL_AREA_STYLE_COLOUR ( '', #192 ) ;
#1953 = CARTESIAN_POINT ( 'NONE',  ( 1.544660579899926889, -1.671183248407201560, -1.178000000000000158 ) ) ;
#1954 = FILL_AREA_STYLE ('',( #3429 ) ) ;
#1955 = PLANE ( 'NONE',  #608 ) ;
#1956 = DIRECTION ( 'NONE',  ( 1.000000000000000000, 0.000000000000000000, -1.642730564371979964E-16 ) ) ;
#1957 = COLOUR_RGB ( '',0.2862745098039215508, 0.2862745098039215508, 0.2862745098039215508 ) ;
#1958 = ORIENTED_EDGE ( 'NONE', *, *, #3492, .F. ) ;
#1959 = PRESENTATION_LAYER_ASSIGNMENT (  '', '', ( #732 ) ) ;
#1960 = LINE ( 'NONE', #1488, #1197 ) ;
#1961 = CARTESIAN_POINT ( 'NONE',  ( 2.061003090407925953, -1.698338747268975268, 1.176635853898029271 ) ) ;
#1962 = CARTESIAN_POINT ( 'NONE',  ( 1.534974973379572560, 1.671183246051052729, -1.178000000000000380 ) ) ;
#1963 = DIRECTION ( 'NONE',  ( 0.000000000000000000, 0.000000000000000000, -1.000000000000000000 ) ) ;
#1964 =( NAMED_UNIT ( * ) PLANE_ANGLE_UNIT ( ) SI_UNIT ( $, .RADIAN. ) );
#1965 = EDGE_CURVE ( 'NONE', #3890, #1359, #566, .T. ) ;
#1966 = LINE ( 'NONE', #1748, #2406 ) ;
#1967 = EDGE_LOOP ( 'NONE', ( #3134, #2318, #1042, #3079, #426 ) ) ;
#1968 = CARTESIAN_POINT ( 'NONE',  ( -1.559999999999999609, 1.032499999999999973, -1.406499999999999861 ) ) ;
#1969 = ORIENTED_EDGE ( 'NONE', *, *, #2156, .T. ) ;
#1970 = CARTESIAN_POINT ( 'NONE',  ( -1.495571375384066037, 1.698338747268975046, -1.176635853898030160 ) ) ;
#1971 = AXIS2_PLACEMENT_3D ( 'NONE', #3297, #555, #2714 ) ;
#1972 = CARTESIAN_POINT ( 'NONE',  ( 1.544660579899926889, 1.701018905268248949, -1.151135853898029859 ) ) ;
#1973 = AXIS2_PLACEMENT_3D ( 'NONE', #1112, #1426, #2661 ) ;
#1974 = STYLED_ITEM ( 'NONE', ( #2973 ), #3821 ) ;
#1975 = CARTESIAN_POINT ( 'NONE',  ( 0.000000000000000000, 1.668503090407926104, -1.173499999999999543 ) ) ;
#1976 = ORIENTED_EDGE ( 'NONE', *, *, #588, .F. ) ;
#1977 = CARTESIAN_POINT ( 'NONE',  ( -2.202500000000000568, -1.780164343138952221, -0.1142500000000000043 ) ) ;
#1978 = PRESENTATION_LAYER_ASSIGNMENT (  '', '', ( #247 ) ) ;
#1979 = AXIS2_PLACEMENT_3D ( 'NONE', #3389, #2830, #2813 ) ;
#1980 = CARTESIAN_POINT ( 'NONE',  ( 2.063683248407200743, 1.671183248407200672, -1.148000000000000353 ) ) ;
#1981 = CARTESIAN_POINT ( 'NONE',  ( 1.518724391834963550, 1.696647178744252082, -1.192730053341530594 ) ) ;
#1982 = SURFACE_STYLE_FILL_AREA ( #2024 ) ;
#1983 = VECTOR ( 'NONE', #1348, 1000.000000000000000 ) ;
#1984 = MECHANICAL_DESIGN_GEOMETRIC_PRESENTATION_REPRESENTATION (  '', ( #2429 ), #3300 ) ;
#1985 = FILL_AREA_STYLE ('',( #3510 ) ) ;
#1986 =( LENGTH_UNIT ( ) NAMED_UNIT ( * ) SI_UNIT ( .MILLI., .METRE. ) );
#1987 = VECTOR ( 'NONE', #2015, 1000.000000000000000 ) ;
#1988 = SURFACE_STYLE_USAGE ( .BOTH. , #2073 ) ;
#1989 = EDGE_CURVE ( 'NONE', #2576, #1571, #718, .T. ) ;
#1990 = MECHANICAL_DESIGN_GEOMETRIC_PRESENTATION_REPRESENTATION (  '', ( #130 ), #1268 ) ;
#1991 = VERTEX_POINT ( 'NONE', #1344 ) ;
#1992 = VECTOR ( 'NONE', #3385, 1000.000000000000000 ) ;
#1993 = CARTESIAN_POINT ( 'NONE',  ( -1.520115977641996796, 1.668503090407926104, -1.190749999999999975 ) ) ;
#1994 = AXIS2_PLACEMENT_3D ( 'NONE', #2904, #427, #1674 ) ;
#1995 = ORIENTED_EDGE ( 'NONE', *, *, #3949, .T. ) ;
#1996 =( GEOMETRIC_REPRESENTATION_CONTEXT ( 3 ) GLOBAL_UNCERTAINTY_ASSIGNED_CONTEXT ( ( #3152 ) ) GLOBAL_UNIT_ASSIGNED_CONTEXT ( ( #1569, #2807, #2524 ) ) REPRESENTATION_CONTEXT ( 'NONE', 'WORKASPACE' ) );
#1997 = EDGE_CURVE ( 'NONE', #353, #1396, #2578, .T. ) ;
#1998 =( NAMED_UNIT ( * ) SI_UNIT ( $, .STERADIAN. ) SOLID_ANGLE_UNIT ( ) );
#1999 = ORIENTED_EDGE ( 'NONE', *, *, #2307, .F. ) ;
#2000 =( NAMED_UNIT ( * ) SI_UNIT ( $, .STERADIAN. ) SOLID_ANGLE_UNIT ( ) );
#2001 = FILL_AREA_STYLE_COLOUR ( '', #1558 ) ;
#2002 = EDGE_LOOP ( 'NONE', ( #1536, #1324, #207, #578 ) ) ;
#2003 =( NAMED_UNIT ( * ) PLANE_ANGLE_UNIT ( ) SI_UNIT ( $, .RADIAN. ) );
#2004 = LINE ( 'NONE', #434, #3203 ) ;
#2005 =( LENGTH_UNIT ( ) NAMED_UNIT ( * ) SI_UNIT ( .MILLI., .METRE. ) );
#2006 = PRESENTATION_STYLE_ASSIGNMENT (( #1083 ) ) ;
#2007 = PRESENTATION_LAYER_ASSIGNMENT (  '', '', ( #2650 ) ) ;
#2008 = FILL_AREA_STYLE_COLOUR ( '', #2118 ) ;
#2009 = ORIENTED_EDGE ( 'NONE', *, *, #601, .F. ) ;
#2010 = LINE ( 'NONE', #1398, #3844 ) ;
#2011 = VERTEX_POINT ( 'NONE', #3806 ) ;
#2012 = ADVANCED_FACE ( 'NONE', ( #1051 ), #3225, .T. ) ;
#2013 = CARTESIAN_POINT ( 'NONE',  ( -2.471499999999999808, -1.032499999999999973, -1.052999999999999936 ) ) ;
#2014 = UNCERTAINTY_MEASURE_WITH_UNIT (LENGTH_MEASURE( 1.000000000000000082E-05 ), #2592, 'distance_accuracy_value', 'NONE');
#2015 = DIRECTION ( 'NONE',  ( 0.000000000000000000, 1.000000000000000000, 0.000000000000000000 ) ) ;
#2016 = FILL_AREA_STYLE_COLOUR ( '', #2178 ) ;
#2017 = ORIENTED_EDGE ( 'NONE', *, *, #543, .T. ) ;
#2018 = EDGE_CURVE ( 'NONE', #2306, #1313, #2010, .T. ) ;
#2019 = CARTESIAN_POINT ( 'NONE',  ( -2.202500000000001013, 1.701018905268249171, -1.151135853898028527 ) ) ;
#2020 = FILL_AREA_STYLE ('',( #2001 ) ) ;
#2021 = ORIENTED_EDGE ( 'NONE', *, *, #1608, .F. ) ;
#2022 = LINE ( 'NONE', #725, #1648 ) ;
#2023 = FILL_AREA_STYLE ('',( #784 ) ) ;
#2024 = FILL_AREA_STYLE ('',( #831 ) ) ;
#2025 = DIRECTION ( 'NONE',  ( 1.000000000000000000, -7.228014483236677820E-15, 0.000000000000000000 ) ) ;
#2026 = FILL_AREA_STYLE ('',( #3884 ) ) ;
#2027 =( NAMED_UNIT ( * ) SI_UNIT ( $, .STERADIAN. ) SOLID_ANGLE_UNIT ( ) );
#2028 = ORIENTED_EDGE ( 'NONE', *, *, #2840, .T. ) ;
#2029 = CARTESIAN_POINT ( 'NONE',  ( -2.061003090407926841, 1.668503090407926104, 1.173499999999999543 ) ) ;
#2030 = ORIENTED_EDGE ( 'NONE', *, *, #2467, .T. ) ;
#2031 = CARTESIAN_POINT ( 'NONE',  ( -1.495571375384064705, -1.698338747268975268, -1.176635853898029271 ) ) ;
#2032 = ORIENTED_EDGE ( 'NONE', *, *, #2453, .T. ) ;
#2033 = SURFACE_SIDE_STYLE ('',( #795 ) ) ;
#2034 = SURFACE_STYLE_FILL_AREA ( #1054 ) ;
#2035 =( NAMED_UNIT ( * ) PLANE_ANGLE_UNIT ( ) SI_UNIT ( $, .RADIAN. ) );
#2036 = EDGE_CURVE ( 'NONE', #375, #1104, #2309, .T. ) ;
#2037 = ORIENTED_EDGE ( 'NONE', *, *, #2427, .F. ) ;
#2038 = DIRECTION ( 'NONE',  ( -0.000000000000000000, -0.000000000000000000, 1.000000000000000000 ) ) ;
#2039 = SURFACE_STYLE_FILL_AREA ( #3256 ) ;
#2040 = SPHERICAL_SURFACE ( 'NONE', #1238, 0.02999999999999999889 ) ;
#2041 = STYLED_ITEM ( 'NONE', ( #3638 ), #418 ) ;
#2042 = DIRECTION ( 'NONE',  ( -1.000000000000000000, -3.958838170426965825E-17, -3.766582916872981431E-16 ) ) ;
#2043 = EDGE_CURVE ( 'NONE', #1029, #3310, #1758, .T. ) ;
#2044 = SURFACE_STYLE_USAGE ( .BOTH. , #1501 ) ;
#2045 = CARTESIAN_POINT ( 'NONE',  ( -1.495571375384066481, -1.668503090407926992, -1.173499999999999543 ) ) ;
#2046 = MECHANICAL_DESIGN_GEOMETRIC_PRESENTATION_REPRESENTATION (  '', ( #2360 ), #2753 ) ;
#2047 =( GEOMETRIC_REPRESENTATION_CONTEXT ( 3 ) GLOBAL_UNCERTAINTY_ASSIGNED_CONTEXT ( ( #2659 ) ) GLOBAL_UNIT_ASSIGNED_CONTEXT ( ( #2931, #2430, #783 ) ) REPRESENTATION_CONTEXT ( 'NONE', 'WORKASPACE' ) );
#2048 = DIRECTION ( 'NONE',  ( -0.000000000000000000, -1.000000000000000000, -0.000000000000000000 ) ) ;
#2049 = UNCERTAINTY_MEASURE_WITH_UNIT (LENGTH_MEASURE( 1.000000000000000082E-05 ), #1512, 'distance_accuracy_value', 'NONE');
#2050 = PRESENTATION_LAYER_ASSIGNMENT (  '', '', ( #3296 ) ) ;
#2051 = EDGE_LOOP ( 'NONE', ( #788, #1724, #2161, #840 ) ) ;
#2052 = SURFACE_STYLE_FILL_AREA ( #2618 ) ;
#2053 = AXIS2_PLACEMENT_3D ( 'NONE', #1293, #151, #17 ) ;
#2054 = ORIENTED_EDGE ( 'NONE', *, *, #1626, .T. ) ;
#2055 = VECTOR ( 'NONE', #2647, 1000.000000000000114 ) ;
#2056 =( GEOMETRIC_REPRESENTATION_CONTEXT ( 3 ) GLOBAL_UNCERTAINTY_ASSIGNED_CONTEXT ( ( #2784 ) ) GLOBAL_UNIT_ASSIGNED_CONTEXT ( ( #802, #1145, #517 ) ) REPRESENTATION_CONTEXT ( 'NONE', 'WORKASPACE' ) );
#2057 = LINE ( 'NONE', #2947, #3059 ) ;
#2058 = UNCERTAINTY_MEASURE_WITH_UNIT (LENGTH_MEASURE( 1.000000000000000082E-05 ), #646, 'distance_accuracy_value', 'NONE');
#2059 = AXIS2_PLACEMENT_3D ( 'NONE', #3493, #1611, #3170 ) ;
#2060 = AXIS2_PLACEMENT_3D ( 'NONE', #886, #1177, #3909 ) ;
#2061 = SURFACE_STYLE_USAGE ( .BOTH. , #2033 ) ;
#2062 = DIRECTION ( 'NONE',  ( 0.000000000000000000, 1.000000000000000000, 0.000000000000000000 ) ) ;
#2063 = VERTEX_POINT ( 'NONE', #1993 ) ;
#2064 = CARTESIAN_POINT ( 'NONE',  ( 2.202404244550522083, -1.797585373081353133, -0.1151598120378990869 ) ) ;
#2065 = SHAPE_DEFINITION_REPRESENTATION ( #454, #2937 ) ;
#2066 = FACE_OUTER_BOUND ( 'NONE', #3336, .T. ) ;
#2067 = EDGE_CURVE ( 'NONE', #2901, #1400, #2939, .T. ) ;
#2068 = CARTESIAN_POINT ( 'NONE',  ( -1.559999999999999609, 1.032499999999999973, -1.177999999999999714 ) ) ;
#2069 = CARTESIAN_POINT ( 'NONE',  ( 2.346499999999999808, 1.032499999999999973, -1.178000000000000158 ) ) ;
#2070 = PRESENTATION_STYLE_ASSIGNMENT (( #3222 ) ) ;
#2071 = SURFACE_STYLE_FILL_AREA ( #1479 ) ;
#2072 = EDGE_CURVE ( 'NONE', #2, #242, #3112, .T. ) ;
#2073 = SURFACE_SIDE_STYLE ('',( #3223 ) ) ;
#2074 = VERTEX_POINT ( 'NONE', #1690 ) ;
#2075 = CARTESIAN_POINT ( 'NONE',  ( 1.495571375384066037, 1.698338747268974158, -1.176635853898030160 ) ) ;
#2076 = LINE ( 'NONE', #1672, #690 ) ;
#2077 = EDGE_LOOP ( 'NONE', ( #1537, #1805, #901, #2733 ) ) ;
#2078 = VECTOR ( 'NONE', #12, 1000.000000000000000 ) ;
#2079 = DIRECTION ( 'NONE',  ( 0.000000000000000000, 0.000000000000000000, -1.000000000000000000 ) ) ;
#2080 = AXIS2_PLACEMENT_3D ( 'NONE', #3709, #366, #413 ) ;
#2081 = FILL_AREA_STYLE ('',( #210 ) ) ;
#2082 = CARTESIAN_POINT ( 'NONE',  ( -2.202822467004185825, -1.780486810143137921, -0.1111819313977170653 ) ) ;
#2083 = CARTESIAN_POINT ( 'NONE',  ( 2.063683248407200743, -1.810000000000000497, -1.178000000000000380 ) ) ;
#2084 =( NAMED_UNIT ( * ) SI_UNIT ( $, .STERADIAN. ) SOLID_ANGLE_UNIT ( ) );
#2085 = DIRECTION ( 'NONE',  ( -0.000000000000000000, -1.000000000000000000, -0.000000000000000000 ) ) ;
#2086 = FACE_OUTER_BOUND ( 'NONE', #2326, .T. ) ;
#2087 = CARTESIAN_POINT ( 'NONE',  ( -2.172664343138952070, -1.810000000000000497, 0.1142500000000000043 ) ) ;
#2088 = DIRECTION ( 'NONE',  ( 0.000000000000000000, 0.000000000000000000, 1.000000000000000000 ) ) ;
#2089 = AXIS2_PLACEMENT_3D ( 'NONE', #2773, #1590, #1950 ) ;
#2090 = ORIENTED_EDGE ( 'NONE', *, *, #3687, .T. ) ;
#2091 = EDGE_CURVE ( 'NONE', #1052, #1396, #941, .T. ) ;
#2092 = DIRECTION ( 'NONE',  ( 0.000000000000000000, 1.000000000000000000, 0.000000000000000000 ) ) ;
#2093 = PRESENTATION_STYLE_ASSIGNMENT (( #2994 ) ) ;
#2094 = PLANE ( 'NONE',  #1375 ) ;
#2095 = VECTOR ( 'NONE', #3063, 1000.000000000000000 ) ;
#2096 = CARTESIAN_POINT ( 'NONE',  ( -1.761003090407868399, 0.7786347755236722179, 1.203499999999999792 ) ) ;
#2097 = EDGE_CURVE ( 'NONE', #3145, #1834, #3866, .T. ) ;
#2098 = DIRECTION ( 'NONE',  ( -1.000000000000000000, -0.000000000000000000, -0.000000000000000000 ) ) ;
#2099 = DIRECTION ( 'NONE',  ( 1.000000000000000000, 0.000000000000000000, 0.000000000000000000 ) ) ;
#2100 = VERTEX_POINT ( 'NONE', #837 ) ;
#2101 = FACE_OUTER_BOUND ( 'NONE', #42, .T. ) ;
#2102 = SURFACE_SIDE_STYLE ('',( #3960 ) ) ;
#2103 = LINE ( 'NONE', #294, #3830 ) ;
#2104 = FILL_AREA_STYLE ('',( #3319 ) ) ;
#2105 = DIRECTION ( 'NONE',  ( -1.000000000000000000, 0.000000000000000000, 0.000000000000000000 ) ) ;
#2106 = AXIS2_PLACEMENT_3D ( 'NONE', #1899, #2566, #3119 ) ;
#2107 = ORIENTED_EDGE ( 'NONE', *, *, #3680, .T. ) ;
#2108 = DIRECTION ( 'NONE',  ( -0.000000000000000000, -1.000000000000000000, -0.000000000000000000 ) ) ;
#2109 = FILL_AREA_STYLE_COLOUR ( '', #824 ) ;
#2110 = DIRECTION ( 'NONE',  ( 0.000000000000000000, 0.000000000000000000, -1.000000000000000000 ) ) ;
#2111 = COLOUR_RGB ( '',0.8039215686274510109, 0.8039215686274510109, 0.8039215686274510109 ) ;
#2112 = CARTESIAN_POINT ( 'NONE',  ( -1.761003090407926797, -1.334802472326342304, 1.203499999999999792 ) ) ;
#2113 = EDGE_CURVE ( 'NONE', #3252, #3852, #2076, .T. ) ;
#2114 =( GEOMETRIC_REPRESENTATION_CONTEXT ( 3 ) GLOBAL_UNCERTAINTY_ASSIGNED_CONTEXT ( ( #2208 ) ) GLOBAL_UNIT_ASSIGNED_CONTEXT ( ( #3803, #3405, #3167 ) ) REPRESENTATION_CONTEXT ( 'NONE', 'WORKASPACE' ) );
#2115 = VECTOR ( 'NONE', #2257, 1000.000000000000000 ) ;
#2116 = FILL_AREA_STYLE ('',( #3004 ) ) ;
#2117 = EDGE_CURVE ( 'NONE', #3865, #1824, #258, .T. ) ;
#2118 = COLOUR_RGB ( '',0.8039215686274510109, 0.8039215686274510109, 0.8039215686274510109 ) ;
#2119 = VECTOR ( 'NONE', #1105, 1000.000000000000000 ) ;
#2120 = CARTESIAN_POINT ( 'NONE',  ( 2.202822467004184936, 1.780486810143137033, -0.1111819313977170653 ) ) ;
#2121 = EDGE_LOOP ( 'NONE', ( #2017, #2619, #3423, #402, #3085 ) ) ;
#2122 = COLOUR_RGB ( '',0.2862745098039215508, 0.2862745098039215508, 0.2862745098039215508 ) ;
#2123 = DIRECTION ( 'NONE',  ( 0.9945218953682734009, 0.000000000000000000, 0.1045284632676531100 ) ) ;
#2124 = SURFACE_STYLE_USAGE ( .BOTH. , #45 ) ;
#2125 = AXIS2_PLACEMENT_3D ( 'NONE', #462, #479, #1392 ) ;
#2126 =( LENGTH_UNIT ( ) NAMED_UNIT ( * ) SI_UNIT ( .MILLI., .METRE. ) );
#2127 =( NAMED_UNIT ( * ) PLANE_ANGLE_UNIT ( ) SI_UNIT ( $, .RADIAN. ) );
#2128 =( NAMED_UNIT ( * ) PLANE_ANGLE_UNIT ( ) SI_UNIT ( $, .RADIAN. ) );
#2129 =( NAMED_UNIT ( * ) PLANE_ANGLE_UNIT ( ) SI_UNIT ( $, .RADIAN. ) );
#2130 = EDGE_LOOP ( 'NONE', ( #39, #1301, #1825, #185, #2032, #1151, #3968, #1126, #1820, #2756, #391, #1128 ) ) ;
#2131 = DIRECTION ( 'NONE',  ( -0.9945218953682734009, 0.000000000000000000, -0.1045284632676537068 ) ) ;
#2132 = FACE_OUTER_BOUND ( 'NONE', #1592, .T. ) ;
#2133 = EDGE_LOOP ( 'NONE', ( #738, #3849, #2951, #1736, #3723, #720 ) ) ;
#2134 = UNCERTAINTY_MEASURE_WITH_UNIT (LENGTH_MEASURE( 1.000000000000000082E-05 ), #2158, 'distance_accuracy_value', 'NONE');
#2135 = EDGE_CURVE ( 'NONE', #1104, #3248, #949, .T. ) ;
#2136 =( LENGTH_UNIT ( ) NAMED_UNIT ( * ) SI_UNIT ( .MILLI., .METRE. ) );
#2137 = FILL_AREA_STYLE_COLOUR ( '', #374 ) ;
#2138 = STYLED_ITEM ( 'NONE', ( #3922 ), #1090 ) ;
#2139 = ADVANCED_FACE ( 'NONE', ( #167 ), #3530, .T. ) ;
#2140 = CARTESIAN_POINT ( 'NONE',  ( -1.520115977641996796, -1.810000000000000497, -1.190749999999999975 ) ) ;
#2141 = CARTESIAN_POINT ( 'NONE',  ( -1.495571375384066037, -1.668503090407926770, -1.173500000000000432 ) ) ;
#2142 = CYLINDRICAL_SURFACE ( 'NONE', #1250, 0.1249999999999992228 ) ;
#2143 = ORIENTED_EDGE ( 'NONE', *, *, #1869, .T. ) ;
#2144 = ORIENTED_EDGE ( 'NONE', *, *, #585, .T. ) ;
#2145 = CARTESIAN_POINT ( 'NONE',  ( 2.063683248407200299, -1.701018905268249837, -1.151135853898029859 ) ) ;
#2146 =( LENGTH_UNIT ( ) NAMED_UNIT ( * ) SI_UNIT ( .MILLI., .METRE. ) );
#2147 = VERTEX_POINT ( 'NONE', #3361 ) ;
#2148 = STYLED_ITEM ( 'NONE', ( #2525 ), #1343 ) ;
#2149 = ORIENTED_EDGE ( 'NONE', *, *, #3052, .F. ) ;
#2150 = VECTOR ( 'NONE', #740, 1000.000000000000000 ) ;
#2151 = ORIENTED_EDGE ( 'NONE', *, *, #2844, .F. ) ;
#2152 = CARTESIAN_POINT ( 'NONE',  ( 2.163697115731098020, 1.741361458870049894, 0.4834347828093491506 ) ) ;
#2153 = DIRECTION ( 'NONE',  ( -0.9945218953682734009, 0.000000000000000000, 0.1045284632676537068 ) ) ;
#2154 = CARTESIAN_POINT ( 'NONE',  ( -2.202499999999999680, 1.032499999999999973, 0.1142500000000005456 ) ) ;
#2155 = PRESENTATION_STYLE_ASSIGNMENT (( #962 ) ) ;
#2156 = EDGE_CURVE ( 'NONE', #3891, #2435, #626, .T. ) ;
#2157 =( LENGTH_UNIT ( ) NAMED_UNIT ( * ) SI_UNIT ( .MILLI., .METRE. ) );
#2158 =( LENGTH_UNIT ( ) NAMED_UNIT ( * ) SI_UNIT ( .MILLI., .METRE. ) );
#2159 = DIRECTION ( 'NONE',  ( -1.000000000000000000, 3.958838170426965825E-17, -3.766582916872981431E-16 ) ) ;
#2160 = EDGE_CURVE ( 'NONE', #1036, #906, #2422, .T. ) ;
#2161 = ORIENTED_EDGE ( 'NONE', *, *, #2913, .F. ) ;
#2162 =( LENGTH_UNIT ( ) NAMED_UNIT ( * ) SI_UNIT ( .MILLI., .METRE. ) );
#2163 = AXIS2_PLACEMENT_3D ( 'NONE', #1762, #2924, #3271 ) ;
#2164 = CARTESIAN_POINT ( 'NONE',  ( 2.346500000000000696, -1.032499999999999973, -0.2392499999999992411 ) ) ;
#2165 = CYLINDRICAL_SURFACE ( 'NONE', #2415, 0.03000000000000007869 ) ;
#2166 = COLOUR_RGB ( '',0.8039215686274510109, 0.8039215686274510109, 0.8039215686274510109 ) ;
#2167 = FACE_OUTER_BOUND ( 'NONE', #2186, .T. ) ;
#2168 = ORIENTED_EDGE ( 'NONE', *, *, #2181, .F. ) ;
#2169 = COLOUR_RGB ( '',0.2862745098039215508, 0.2862745098039215508, 0.2862745098039215508 ) ;
#2170 =( GEOMETRIC_REPRESENTATION_CONTEXT ( 3 ) GLOBAL_UNCERTAINTY_ASSIGNED_CONTEXT ( ( #485 ) ) GLOBAL_UNIT_ASSIGNED_CONTEXT ( ( #2005, #1415, #3862 ) ) REPRESENTATION_CONTEXT ( 'NONE', 'WORKASPACE' ) );
#2171 = LINE ( 'NONE', #2152, #2219 ) ;
#2172 = DIRECTION ( 'NONE',  ( 0.000000000000000000, 0.000000000000000000, -1.000000000000000000 ) ) ;
#2173 = STYLED_ITEM ( 'NONE', ( #364 ), #1660 ) ;
#2174 = ORIENTED_EDGE ( 'NONE', *, *, #2635, .T. ) ;
#2175 = CIRCLE ( 'NONE', #507, 0.1249999999999998890 ) ;
#2176 = PLANE ( 'NONE',  #1561 ) ;
#2177 =( NAMED_UNIT ( * ) SI_UNIT ( $, .STERADIAN. ) SOLID_ANGLE_UNIT ( ) );
#2178 = COLOUR_RGB ( '',0.2862745098039215508, 0.2862745098039215508, 0.2862745098039215508 ) ;
#2179 = STYLED_ITEM ( 'NONE', ( #792 ), #565 ) ;
#2180 = SURFACE_STYLE_USAGE ( .BOTH. , #2786 ) ;
#2181 = EDGE_CURVE ( 'NONE', #16, #1549, #3185, .T. ) ;
#2182 = COLOUR_RGB ( '',0.2862745098039215508, 0.2862745098039215508, 0.2862745098039215508 ) ;
#2183 = FACE_OUTER_BOUND ( 'NONE', #1760, .T. ) ;
#2184 = ADVANCED_FACE ( 'NONE', ( #2792 ), #3930, .F. ) ;
#2185 =( NAMED_UNIT ( * ) SI_UNIT ( $, .STERADIAN. ) SOLID_ANGLE_UNIT ( ) );
#2186 = EDGE_LOOP ( 'NONE', ( #2168, #1976, #2694, #1356, #3265, #3761, #988, #2447, #466, #3698, #1862, #1868 ) ) ;
#2187 = FILL_AREA_STYLE_COLOUR ( '', #998 ) ;
#2188 = DIRECTION ( 'NONE',  ( 0.000000000000000000, -0.9945218953682735119, 0.1045284632676525272 ) ) ;
#2189 = ORIENTED_EDGE ( 'NONE', *, *, #1447, .F. ) ;
#2190 = CARTESIAN_POINT ( 'NONE',  ( 2.172664343138951626, 1.809999999999999609, 0.1142500000000000043 ) ) ;
#2191 =( NAMED_UNIT ( * ) PLANE_ANGLE_UNIT ( ) SI_UNIT ( $, .RADIAN. ) );
#2192 = PRESENTATION_LAYER_ASSIGNMENT (  '', '', ( #533 ) ) ;
#2193 = CARTESIAN_POINT ( 'NONE',  ( 2.061003090407925953, -1.668503090407926992, 1.203499999999999792 ) ) ;
#2194 = DIRECTION ( 'NONE',  ( 0.000000000000000000, 0.000000000000000000, -1.000000000000000000 ) ) ;
#2195 =( LENGTH_UNIT ( ) NAMED_UNIT ( * ) SI_UNIT ( .MILLI., .METRE. ) );
#2196 = LINE ( 'NONE', #2804, #2777 ) ;
#2197 =( LENGTH_UNIT ( ) NAMED_UNIT ( * ) SI_UNIT ( .MILLI., .METRE. ) );
#2198 = LINE ( 'NONE', #3362, #1270 ) ;
#2199 = LINE ( 'NONE', #3696, #169 ) ;
#2200 = ADVANCED_FACE ( 'NONE', ( #316 ), #280, .F. ) ;
#2201 = EDGE_LOOP ( 'NONE', ( #1851, #611, #2716, #2965 ) ) ;
#2202 = LINE ( 'NONE', #444, #3365 ) ;
#2203 = DIRECTION ( 'NONE',  ( 0.000000000000000000, 0.000000000000000000, 1.000000000000000000 ) ) ;
#2204 = ADVANCED_FACE ( 'NONE', ( #661 ), #2507, .F. ) ;
#2205 = ORIENTED_EDGE ( 'NONE', *, *, #292, .T. ) ;
#2206 = CYLINDRICAL_SURFACE ( 'NONE', #692, 0.03000000000000007869 ) ;
#2207 = LINE ( 'NONE', #1936, #3624 ) ;
#2208 = UNCERTAINTY_MEASURE_WITH_UNIT (LENGTH_MEASURE( 1.000000000000000082E-05 ), #3803, 'distance_accuracy_value', 'NONE');
#2209 = SURFACE_STYLE_USAGE ( .BOTH. , #1938 ) ;
#2210 = CARTESIAN_POINT ( 'NONE',  ( 2.449999999999998845, 1.032499999999999973, 0.1142499999999999905 ) ) ;
#2211 = FILL_AREA_STYLE_COLOUR ( '', #3938 ) ;
#2212 = DIRECTION ( 'NONE',  ( 0.000000000000000000, -0.9945218953682735119, 0.1045284632676525272 ) ) ;
#2213 = PLANE ( 'NONE',  #2995 ) ;
#2214 =( NAMED_UNIT ( * ) SI_UNIT ( $, .STERADIAN. ) SOLID_ANGLE_UNIT ( ) );
#2215 =( LENGTH_UNIT ( ) NAMED_UNIT ( * ) SI_UNIT ( .MILLI., .METRE. ) );
#2216 = VERTEX_POINT ( 'NONE', #2572 ) ;
#2217 = CIRCLE ( 'NONE', #243, 0.1249999999999998890 ) ;
#2218 = ADVANCED_FACE ( 'NONE', ( #3398 ), #3141, .T. ) ;
#2219 = VECTOR ( 'NONE', #40, 1000.000000000000114 ) ;
#2220 = CARTESIAN_POINT ( 'NONE',  ( -1.525685624019016418, 1.670168972979317878, -1.182825086664273773 ) ) ;
#2221 = CARTESIAN_POINT ( 'NONE',  ( -2.346499999999999808, 1.032499999999999973, -1.177999999999999492 ) ) ;
#2222 = AXIS2_PLACEMENT_3D ( 'NONE', #1198, #3392, #74 ) ;
#2223 = ORIENTED_EDGE ( 'NONE', *, *, #1838, .F. ) ;
#2224 =( LENGTH_UNIT ( ) NAMED_UNIT ( * ) SI_UNIT ( .MILLI., .METRE. ) );
#2225 = ADVANCED_FACE ( 'NONE', ( #1267 ), #2480, .F. ) ;
#2226 = FILL_AREA_STYLE_COLOUR ( '', #236 ) ;
#2227 = FACE_OUTER_BOUND ( 'NONE', #558, .T. ) ;
#2228 = STYLED_ITEM ( 'NONE', ( #3620 ), #2678 ) ;
#2229 = LINE ( 'NONE', #3440, #98 ) ;
#2230 = EDGE_LOOP ( 'NONE', ( #2580, #542, #1417, #1315 ) ) ;
#2231 = AXIS2_PLACEMENT_3D ( 'NONE', #91, #1304, #1002 ) ;
#2232 = CARTESIAN_POINT ( 'NONE',  ( 1.524725164882269057, -1.701018905268249837, -1.151135853898029859 ) ) ;
#2233 = VECTOR ( 'NONE', #2409, 1000.000000000000000 ) ;
#2234 = STYLED_ITEM ( 'NONE', ( #1474 ), #648 ) ;
#2235 = PRESENTATION_STYLE_ASSIGNMENT (( #680 ) ) ;
#2236 = FACE_OUTER_BOUND ( 'NONE', #168, .T. ) ;
#2237 = DIRECTION ( 'NONE',  ( 1.000000000000000000, -0.000000000000000000, 0.000000000000000000 ) ) ;
#2238 =( GEOMETRIC_REPRESENTATION_CONTEXT ( 3 ) GLOBAL_UNCERTAINTY_ASSIGNED_CONTEXT ( ( #1636 ) ) GLOBAL_UNIT_ASSIGNED_CONTEXT ( ( #1735, #1551, #3628 ) ) REPRESENTATION_CONTEXT ( 'NONE', 'WORKASPACE' ) );
#2239 = SURFACE_STYLE_FILL_AREA ( #1004 ) ;
#2240 = VECTOR ( 'NONE', #450, 1000.000000000000000 ) ;
#2241 = PRESENTATION_LAYER_ASSIGNMENT (  '', '', ( #2179 ) ) ;
#2242 = DIRECTION ( 'NONE',  ( 0.000000000000000000, 0.000000000000000000, -1.000000000000000000 ) ) ;
#2243 = PRESENTATION_LAYER_ASSIGNMENT (  '', '', ( #3634 ) ) ;
#2244 = SURFACE_STYLE_FILL_AREA ( #712 ) ;
#2245 = ORIENTED_EDGE ( 'NONE', *, *, #2635, .F. ) ;
#2246 =( NAMED_UNIT ( * ) SI_UNIT ( $, .STERADIAN. ) SOLID_ANGLE_UNIT ( ) );
#2247 = CARTESIAN_POINT ( 'NONE',  ( -1.559999999999999609, -1.032499999999999973, -1.406499999999999861 ) ) ;
#2248 = UNCERTAINTY_MEASURE_WITH_UNIT (LENGTH_MEASURE( 1.000000000000000082E-05 ), #1606, 'distance_accuracy_value', 'NONE');
#2249 = CARTESIAN_POINT ( 'NONE',  ( 2.172499999999999876, 1.779999999999999361, 0.1142500000000000043 ) ) ;
#2250 = ORIENTED_EDGE ( 'NONE', *, *, #1791, .T. ) ;
#2251 = DIRECTION ( 'NONE',  ( 0.000000000000000000, 1.000000000000000000, 0.000000000000000000 ) ) ;
#2252 = CARTESIAN_POINT ( 'NONE',  ( 2.190085373081351872, 1.809904244550523122, -0.1151598120378978379 ) ) ;
#2253 = UNCERTAINTY_MEASURE_WITH_UNIT (LENGTH_MEASURE( 1.000000000000000082E-05 ), #421, 'distance_accuracy_value', 'NONE');
#2254 =( LENGTH_UNIT ( ) NAMED_UNIT ( * ) SI_UNIT ( .MILLI., .METRE. ) );
#2255 = ADVANCED_FACE ( 'NONE', ( #3484 ), #2301, .F. ) ;
#2256 = ORIENTED_EDGE ( 'NONE', *, *, #627, .T. ) ;
#2257 = DIRECTION ( 'NONE',  ( 1.000000000000000000, -0.000000000000000000, -0.000000000000000000 ) ) ;
#2258 = DIRECTION ( 'NONE',  ( -3.795893820518168354E-15, 0.000000000000000000, -1.000000000000000000 ) ) ;
#2259 = CARTESIAN_POINT ( 'NONE',  ( -2.202500000000000568, 1.780164343138951555, -0.1142500000000000043 ) ) ;
#2260 = MECHANICAL_DESIGN_GEOMETRIC_PRESENTATION_REPRESENTATION (  '', ( #3526 ), #1809 ) ;
#2261 = DIRECTION ( 'NONE',  ( 0.1039620511844960016, 0.1039620511844982775, 0.9891328443778539814 ) ) ;
#2262 = SURFACE_STYLE_FILL_AREA ( #1985 ) ;
#2263 = PRESENTATION_STYLE_ASSIGNMENT (( #3782 ) ) ;
#2264 = VERTEX_POINT ( 'NONE', #2915 ) ;
#2265 = LINE ( 'NONE', #148, #1786 ) ;
#2266 = ORIENTED_EDGE ( 'NONE', *, *, #1217, .T. ) ;
#2267 = SURFACE_SIDE_STYLE ('',( #1628 ) ) ;
#2268 = DIRECTION ( 'NONE',  ( -0.1039620511844960293, 0.1039620511844967787, 0.9891328443778542034 ) ) ;
#2269 = DIRECTION ( 'NONE',  ( 0.000000000000000000, 1.000000000000000000, 0.000000000000000000 ) ) ;
#2270 = PRESENTATION_LAYER_ASSIGNMENT (  '', '', ( #2148 ) ) ;
#2271 = CARTESIAN_POINT ( 'NONE',  ( -2.063683248407201631, -1.671183248407201560, -1.178000000000000380 ) ) ;
#2272 = ORIENTED_EDGE ( 'NONE', *, *, #3536, .T. ) ;
#2273 = CARTESIAN_POINT ( 'NONE',  ( -2.346500000000000696, -1.032499999999999973, -0.2392499999999986582 ) ) ;
#2274 = DIRECTION ( 'NONE',  ( 0.1039620511844979306, -0.1039620511844979306, 0.9891328443778538704 ) ) ;
#2275 = EDGE_CURVE ( 'NONE', #1783, #1524, #267, .T. ) ;
#2276 = PLANE ( 'NONE',  #2446 ) ;
#2277 =( NAMED_UNIT ( * ) PLANE_ANGLE_UNIT ( ) SI_UNIT ( $, .RADIAN. ) );
#2278 =( LENGTH_UNIT ( ) NAMED_UNIT ( * ) SI_UNIT ( .MILLI., .METRE. ) );
#2279 = ADVANCED_FACE ( 'NONE', ( #834 ), #1435, .F. ) ;
#2280 = DIRECTION ( 'NONE',  ( 2.436409376371921605E-16, -0.000000000000000000, 1.000000000000000000 ) ) ;
#2281 = UNCERTAINTY_MEASURE_WITH_UNIT (LENGTH_MEASURE( 1.000000000000000082E-05 ), #2215, 'distance_accuracy_value', 'NONE');
#2282 = ORIENTED_EDGE ( 'NONE', *, *, #3200, .T. ) ;
#2283 = FACE_OUTER_BOUND ( 'NONE', #2002, .T. ) ;
#2284 = EDGE_LOOP ( 'NONE', ( #3804, #3776, #483, #336 ) ) ;
#2285 = PRESENTATION_STYLE_ASSIGNMENT (( #3195 ) ) ;
#2286 = SURFACE_STYLE_FILL_AREA ( #1362 ) ;
#2287 =( NAMED_UNIT ( * ) PLANE_ANGLE_UNIT ( ) SI_UNIT ( $, .RADIAN. ) );
#2288 = AXIS2_PLACEMENT_3D ( 'NONE', #1807, #1232, #2203 ) ;
#2289 = ORIENTED_EDGE ( 'NONE', *, *, #339, .T. ) ;
#2290 = PRESENTATION_LAYER_ASSIGNMENT (  '', '', ( #1974 ) ) ;
#2291 = ORIENTED_EDGE ( 'NONE', *, *, #3314, .F. ) ;
#2292 = DIRECTION ( 'NONE',  ( 0.000000000000000000, 1.000000000000000000, 0.000000000000000000 ) ) ;
#2293 = AXIS2_PLACEMENT_3D ( 'NONE', #2353, #1682, #3559 ) ;
#2294 = CARTESIAN_POINT ( 'NONE',  ( -1.544660579899926889, 1.701018905268248949, -1.151135853898029859 ) ) ;
#2295 = FILL_AREA_STYLE ('',( #2211 ) ) ;
#2296 =( GEOMETRIC_REPRESENTATION_CONTEXT ( 3 ) GLOBAL_UNCERTAINTY_ASSIGNED_CONTEXT ( ( #1847 ) ) GLOBAL_UNIT_ASSIGNED_CONTEXT ( ( #2472, #3415, #1261 ) ) REPRESENTATION_CONTEXT ( 'NONE', 'WORKASPACE' ) );
#2297 =( LENGTH_UNIT ( ) NAMED_UNIT ( * ) SI_UNIT ( .MILLI., .METRE. ) );
#2298 = VECTOR ( 'NONE', #3393, 1000.000000000000000 ) ;
#2299 = VECTOR ( 'NONE', #2292, 1000.000000000000000 ) ;
#2300 = DIRECTION ( 'NONE',  ( -1.000000000000000000, 6.837254412748359459E-15, -6.505213034913010196E-14 ) ) ;
#2301 = PLANE ( 'NONE',  #262 ) ;
#2302 = SURFACE_STYLE_FILL_AREA ( #3820 ) ;
#2303 =( GEOMETRIC_REPRESENTATION_CONTEXT ( 3 ) GLOBAL_UNCERTAINTY_ASSIGNED_CONTEXT ( ( #3116 ) ) GLOBAL_UNIT_ASSIGNED_CONTEXT ( ( #2197, #1227, #2791 ) ) REPRESENTATION_CONTEXT ( 'NONE', 'WORKASPACE' ) );
#2304 = SURFACE_SIDE_STYLE ('',( #2324 ) ) ;
#2305 = COLOUR_RGB ( '',0.8039215686274510109, 0.8039215686274510109, 0.8039215686274510109 ) ;
#2306 = VERTEX_POINT ( 'NONE', #2593 ) ;
#2307 = EDGE_CURVE ( 'NONE', #428, #482, #2669, .T. ) ;
#2308 = STYLED_ITEM ( 'NONE', ( #3142 ), #3520 ) ;
#2309 = LINE ( 'NONE', #465, #1200 ) ;
#2310 = VERTEX_POINT ( 'NONE', #2712 ) ;
#2311 = MECHANICAL_DESIGN_GEOMETRIC_PRESENTATION_REPRESENTATION (  '', ( #70 ), #696 ) ;
#2312 = AXIS2_PLACEMENT_3D ( 'NONE', #1817, #235, #2088 ) ;
#2313 = CARTESIAN_POINT ( 'NONE',  ( 2.449999999999999289, -1.032499999999999973, -0.1357499999999998153 ) ) ;
#2314 =( NAMED_UNIT ( * ) SI_UNIT ( $, .STERADIAN. ) SOLID_ANGLE_UNIT ( ) );
#2315 = DIRECTION ( 'NONE',  ( -1.000000000000000000, -0.000000000000000000, 2.436409376371921605E-16 ) ) ;
#2316 = CARTESIAN_POINT ( 'NONE',  ( 2.202499999999999680, -1.810000000000000497, -0.1142500000000000043 ) ) ;
#2317 = SURFACE_STYLE_USAGE ( .BOTH. , #3837 ) ;
#2318 = ORIENTED_EDGE ( 'NONE', *, *, #1989, .F. ) ;
#2319 = CARTESIAN_POINT ( 'NONE',  ( -2.061003090407926397, -1.668503090407926992, 1.173499999999999543 ) ) ;
#2320 = APPLICATION_PROTOCOL_DEFINITION ( 'draft international standard', 'automotive_design', 1998, #100 ) ;
#2321 = FACE_OUTER_BOUND ( 'NONE', #2896, .T. ) ;
#2322 =( NAMED_UNIT ( * ) PLANE_ANGLE_UNIT ( ) SI_UNIT ( $, .RADIAN. ) );
#2323 = COLOUR_RGB ( '',0.2862745098039215508, 0.2862745098039215508, 0.2862745098039215508 ) ;
#2324 = SURFACE_STYLE_FILL_AREA ( #1416 ) ;
#2325 = UNCERTAINTY_MEASURE_WITH_UNIT (LENGTH_MEASURE( 1.000000000000000082E-05 ), #575, 'distance_accuracy_value', 'NONE');
#2326 = EDGE_LOOP ( 'NONE', ( #3168, #2510, #25, #2537, #3089, #1441 ) ) ;
#2327 = CARTESIAN_POINT ( 'NONE',  ( 2.163697115731098020, -1.741361458870050782, -0.4834347828093491506 ) ) ;
#2328 = ORIENTED_EDGE ( 'NONE', *, *, #987, .T. ) ;
#2329 = CARTESIAN_POINT ( 'NONE',  ( -1.761003090407928351, -0.1112335393605384110, 1.203499999999999792 ) ) ;
#2330 = ADVANCED_FACE ( 'NONE', ( #3602 ), #1224, .F. ) ;
#2331 = ORIENTED_EDGE ( 'NONE', *, *, #1785, .F. ) ;
#2332 = CARTESIAN_POINT ( 'NONE',  ( 2.093518905268249242, -1.671183248407201782, -1.151135853898029859 ) ) ;
#2333 = ADVANCED_FACE ( 'NONE', ( #1478 ), #849, .T. ) ;
#2334 = EDGE_LOOP ( 'NONE', ( #1379, #3270, #3838, #3322, #1251, #343, #649, #933 ) ) ;
#2335 = CARTESIAN_POINT ( 'NONE',  ( 2.202499999999999680, 1.032499999999999973, 0.1142500000000000043 ) ) ;
#2336 = SURFACE_SIDE_STYLE ('',( #3219 ) ) ;
#2337 = SURFACE_SIDE_STYLE ('',( #3236 ) ) ;
#2338 = SURFACE_SIDE_STYLE ('',( #233 ) ) ;
#2339 = FILL_AREA_STYLE_COLOUR ( '', #3364 ) ;
#2340 = DIRECTION ( 'NONE',  ( 0.000000000000000000, 0.000000000000000000, 1.000000000000000000 ) ) ;
#2341 = ORIENTED_EDGE ( 'NONE', *, *, #1444, .F. ) ;
#2342 = DIRECTION ( 'NONE',  ( -0.1039620511844979306, 0.1039620511844979306, -0.9891328443778538704 ) ) ;
#2343 = ORIENTED_EDGE ( 'NONE', *, *, #1312, .T. ) ;
#2344 = DIRECTION ( 'NONE',  ( 0.000000000000000000, 0.000000000000000000, 1.000000000000000000 ) ) ;
#2345 = ORIENTED_EDGE ( 'NONE', *, *, #3196, .T. ) ;
#2346 = ADVANCED_FACE ( 'NONE', ( #1796 ), #3645, .T. ) ;
#2347 = AXIS2_PLACEMENT_3D ( 'NONE', #721, #3454, #1319 ) ;
#2348 = FACE_OUTER_BOUND ( 'NONE', #3551, .T. ) ;
#2349 = LINE ( 'NONE', #821, #3539 ) ;
#2350 = EDGE_LOOP ( 'NONE', ( #2205, #741, #1737, #2861 ) ) ;
#2351 = EDGE_CURVE ( 'NONE', #1934, #691, #698, .T. ) ;
#2352 = LINE ( 'NONE', #1157, #1263 ) ;
#2353 = CARTESIAN_POINT ( 'NONE',  ( 0.000000000000000000, 0.000000000000000000, 0.000000000000000000 ) ) ;
#2354 = LINE ( 'NONE', #2969, #694 ) ;
#2355 = LINE ( 'NONE', #1119, #1687 ) ;
#2356 = AXIS2_PLACEMENT_3D ( 'NONE', #372, #1584, #396 ) ;
#2357 =( NAMED_UNIT ( * ) SI_UNIT ( $, .STERADIAN. ) SOLID_ANGLE_UNIT ( ) );
#2358 = SURFACE_STYLE_FILL_AREA ( #3863 ) ;
#2359 = FILL_AREA_STYLE_COLOUR ( '', #3419 ) ;
#2360 = STYLED_ITEM ( 'NONE', ( #3580 ), #1864 ) ;
#2361 =( NAMED_UNIT ( * ) SI_UNIT ( $, .STERADIAN. ) SOLID_ANGLE_UNIT ( ) );
#2362 = UNCERTAINTY_MEASURE_WITH_UNIT (LENGTH_MEASURE( 1.000000000000000082E-05 ), #2603, 'distance_accuracy_value', 'NONE');
#2363 = MECHANICAL_DESIGN_GEOMETRIC_PRESENTATION_REPRESENTATION (  '', ( #1464 ), #506 ) ;
#2364 = ORIENTED_EDGE ( 'NONE', *, *, #1062, .T. ) ;
#2365 = LINE ( 'NONE', #1483, #614 ) ;
#2366 = DIRECTION ( 'NONE',  ( 0.000000000000000000, 0.000000000000000000, 1.000000000000000000 ) ) ;
#2367 = ORIENTED_EDGE ( 'NONE', *, *, #1604, .F. ) ;
#2368 = CIRCLE ( 'NONE', #622, 0.2500000000000001110 ) ;
#2369 = PRESENTATION_LAYER_ASSIGNMENT (  '', '', ( #2565 ) ) ;
#2370 = SURFACE_STYLE_FILL_AREA ( #773 ) ;
#2371 = PRESENTATION_LAYER_ASSIGNMENT (  '', '', ( #130 ) ) ;
#2372 = MECHANICAL_DESIGN_GEOMETRIC_PRESENTATION_REPRESENTATION (  '', ( #198 ), #628 ) ;
#2373 = VERTEX_POINT ( 'NONE', #2802 ) ;
#2374 = COLOUR_RGB ( '',0.8039215686274510109, 0.8039215686274510109, 0.8039215686274510109 ) ;
#2375 = FILL_AREA_STYLE ('',( #817 ) ) ;
#2376 = CARTESIAN_POINT ( 'NONE',  ( 2.449999999999999289, 1.032499999999999973, -0.1357499999999998153 ) ) ;
#2377 = COLOUR_RGB ( '',0.2862745098039215508, 0.2862745098039215508, 0.2862745098039215508 ) ;
#2378 = CARTESIAN_POINT ( 'NONE',  ( -1.514999999999999014, -1.668503090407926992, -1.203499999999999792 ) ) ;
#2379 = PRESENTATION_STYLE_ASSIGNMENT (( #252 ) ) ;
#2380 =( LENGTH_UNIT ( ) NAMED_UNIT ( * ) SI_UNIT ( .MILLI., .METRE. ) );
#2381 = EDGE_CURVE ( 'NONE', #3523, #3501, #1930, .T. ) ;
#2382 = DIRECTION ( 'NONE',  ( 0.000000000000000000, 0.000000000000000000, -1.000000000000000000 ) ) ;
#2383 =( NAMED_UNIT ( * ) PLANE_ANGLE_UNIT ( ) SI_UNIT ( $, .RADIAN. ) );
#2384 = FACE_OUTER_BOUND ( 'NONE', #3038, .T. ) ;
#2385 = ADVANCED_FACE ( 'NONE', ( #3379 ), #2499, .T. ) ;
#2386 = ORIENTED_EDGE ( 'NONE', *, *, #3118, .T. ) ;
#2387 = CARTESIAN_POINT ( 'NONE',  ( 2.471499999999999808, -1.032499999999999973, -0.2392499999999992411 ) ) ;
#2388 = CARTESIAN_POINT ( 'NONE',  ( -1.761003090407930127, -0.5561676968026483259, 1.203499999999999792 ) ) ;
#2389 =( GEOMETRIC_REPRESENTATION_CONTEXT ( 3 ) GLOBAL_UNCERTAINTY_ASSIGNED_CONTEXT ( ( #238 ) ) GLOBAL_UNIT_ASSIGNED_CONTEXT ( ( #2396, #2413, #539 ) ) REPRESENTATION_CONTEXT ( 'NONE', 'WORKASPACE' ) );
#2390 = ORIENTED_EDGE ( 'NONE', *, *, #1626, .F. ) ;
#2391 = DIRECTION ( 'NONE',  ( 1.000000000000000000, 0.000000000000000000, -1.642730564371979964E-16 ) ) ;
#2392 = DIRECTION ( 'NONE',  ( 0.000000000000000000, 0.000000000000000000, -1.000000000000000000 ) ) ;
#2393 = CARTESIAN_POINT ( 'NONE',  ( 2.449999999999998845, 1.032499999999999973, -1.406500000000000306 ) ) ;
#2394 = ORIENTED_EDGE ( 'NONE', *, *, #2840, .F. ) ;
#2395 = SURFACE_SIDE_STYLE ('',( #2954 ) ) ;
#2396 =( LENGTH_UNIT ( ) NAMED_UNIT ( * ) SI_UNIT ( .MILLI., .METRE. ) );
#2397 = SURFACE_SIDE_STYLE ('',( #2071 ) ) ;
#2398 = ADVANCED_FACE ( 'NONE', ( #350 ), #3444, .F. ) ;
#2399 = PLANE ( 'NONE',  #3018 ) ;
#2400 = UNCERTAINTY_MEASURE_WITH_UNIT (LENGTH_MEASURE( 1.000000000000000082E-05 ), #931, 'distance_accuracy_value', 'NONE');
#2401 =( GEOMETRIC_REPRESENTATION_CONTEXT ( 3 ) GLOBAL_UNCERTAINTY_ASSIGNED_CONTEXT ( ( #3439 ) ) GLOBAL_UNIT_ASSIGNED_CONTEXT ( ( #3737, #1553, #61 ) ) REPRESENTATION_CONTEXT ( 'NONE', 'WORKASPACE' ) );
#2402 = VERTEX_POINT ( 'NONE', #2837 ) ;
#2403 = DIRECTION ( 'NONE',  ( -0.000000000000000000, -1.000000000000000000, -0.000000000000000000 ) ) ;
#2404 = CARTESIAN_POINT ( 'NONE',  ( 1.495571375384066037, -1.698338747268975046, -1.176635853898030160 ) ) ;
#2405 = EDGE_CURVE ( 'NONE', #6, #3451, #63, .T. ) ;
#2406 = VECTOR ( 'NONE', #1257, 1000.000000000000000 ) ;
#2407 = CARTESIAN_POINT ( 'NONE',  ( -1.761003090407930127, -1.112335393605286216, 1.203499999999999792 ) ) ;
#2408 = ORIENTED_EDGE ( 'NONE', *, *, #3210, .T. ) ;
#2409 = DIRECTION ( 'NONE',  ( -1.000000000000000000, -0.000000000000000000, -0.000000000000000000 ) ) ;
#2410 = EDGE_LOOP ( 'NONE', ( #1861, #1872, #590, #2223 ) ) ;
#2411 = DIRECTION ( 'NONE',  ( -0.9945218953682734009, 0.000000000000000000, 0.1045284632676531100 ) ) ;
#2412 = CARTESIAN_POINT ( 'NONE',  ( 2.699999999999999289, 1.032499999999999973, -0.1357499999999997875 ) ) ;
#2413 =( NAMED_UNIT ( * ) PLANE_ANGLE_UNIT ( ) SI_UNIT ( $, .RADIAN. ) );
#2414 = FILL_AREA_STYLE ('',( #1176 ) ) ;
#2415 = AXIS2_PLACEMENT_3D ( 'NONE', #2956, #203, #2340 ) ;
#2416 = FILL_AREA_STYLE_COLOUR ( '', #3060 ) ;
#2417 =( LENGTH_UNIT ( ) NAMED_UNIT ( * ) SI_UNIT ( .MILLI., .METRE. ) );
#2418 = CARTESIAN_POINT ( 'NONE',  ( 2.202500000000000124, -1.671183248407201782, -1.147999999999998799 ) ) ;
#2419 = EDGE_CURVE ( 'NONE', #21, #3529, #3209, .T. ) ;
#2420 = ORIENTED_EDGE ( 'NONE', *, *, #2933, .T. ) ;
#2421 = CARTESIAN_POINT ( 'NONE',  ( 1.524725164882269057, 1.701018905268249615, -1.151135853898029859 ) ) ;
#2422 = LINE ( 'NONE', #3591, #3701 ) ;
#2423 =( NAMED_UNIT ( * ) PLANE_ANGLE_UNIT ( ) SI_UNIT ( $, .RADIAN. ) );
#2424 = ORIENTED_EDGE ( 'NONE', *, *, #1111, .T. ) ;
#2425 =( GEOMETRIC_REPRESENTATION_CONTEXT ( 3 ) GLOBAL_UNCERTAINTY_ASSIGNED_CONTEXT ( ( #3394 ) ) GLOBAL_UNIT_ASSIGNED_CONTEXT ( ( #2551, #1629, #1016 ) ) REPRESENTATION_CONTEXT ( 'NONE', 'WORKASPACE' ) );
#2426 = COLOUR_RGB ( '',0.8039215686274510109, 0.8039215686274510109, 0.8039215686274510109 ) ;
#2427 = EDGE_CURVE ( 'NONE', #3671, #1052, #487, .T. ) ;
#2428 = MECHANICAL_DESIGN_GEOMETRIC_PRESENTATION_REPRESENTATION (  '', ( #2173 ), #3175 ) ;
#2429 = STYLED_ITEM ( 'NONE', ( #1856 ), #2779 ) ;
#2430 =( NAMED_UNIT ( * ) PLANE_ANGLE_UNIT ( ) SI_UNIT ( $, .RADIAN. ) );
#2431 = SURFACE_STYLE_USAGE ( .BOTH. , #1191 ) ;
#2432 =( GEOMETRIC_REPRESENTATION_CONTEXT ( 3 ) GLOBAL_UNCERTAINTY_ASSIGNED_CONTEXT ( ( #358 ) ) GLOBAL_UNIT_ASSIGNED_CONTEXT ( ( #18, #191, #2772 ) ) REPRESENTATION_CONTEXT ( 'NONE', 'WORKASPACE' ) );
#2433 = PRESENTATION_LAYER_ASSIGNMENT (  '', '', ( #2943 ) ) ;
#2434 = CARTESIAN_POINT ( 'NONE',  ( -2.202500000000000568, 1.809999999999999609, 0.1142500000000000043 ) ) ;
#2435 = VERTEX_POINT ( 'NONE', #1049 ) ;
#2436 = AXIS2_PLACEMENT_3D ( 'NONE', #1411, #3861, #801 ) ;
#2437 = CARTESIAN_POINT ( 'NONE',  ( -2.202500000000000568, -1.032499999999999973, -0.1142500000000000043 ) ) ;
#2438 = PRESENTATION_LAYER_ASSIGNMENT (  '', '', ( #521 ) ) ;
#2439 = SURFACE_STYLE_USAGE ( .BOTH. , #2668 ) ;
#2440 = SURFACE_STYLE_USAGE ( .BOTH. , #1526 ) ;
#2441 = ORIENTED_EDGE ( 'NONE', *, *, #1989, .T. ) ;
#2442 =( NAMED_UNIT ( * ) PLANE_ANGLE_UNIT ( ) SI_UNIT ( $, .RADIAN. ) );
#2443 = DIRECTION ( 'NONE',  ( -0.000000000000000000, -1.000000000000000000, -0.000000000000000000 ) ) ;
#2444 = FILL_AREA_STYLE ('',( #1533 ) ) ;
#2445 = ORIENTED_EDGE ( 'NONE', *, *, #2072, .F. ) ;
#2446 = AXIS2_PLACEMENT_3D ( 'NONE', #745, #804, #1433 ) ;
#2447 = ORIENTED_EDGE ( 'NONE', *, *, #1680, .F. ) ;
#2448 = ADVANCED_FACE ( 'NONE', ( #2283 ), #360, .F. ) ;
#2449 = SURFACE_STYLE_FILL_AREA ( #325 ) ;
#2450 = CARTESIAN_POINT ( 'NONE',  ( 2.449999999999998845, -1.032499999999999973, 0.1142499999999999905 ) ) ;
#2451 = STYLED_ITEM ( 'NONE', ( #2155 ), #1139 ) ;
#2452 = FACE_OUTER_BOUND ( 'NONE', #999, .T. ) ;
#2453 = EDGE_CURVE ( 'NONE', #196, #794, #974, .T. ) ;
#2454 = DIRECTION ( 'NONE',  ( 0.000000000000000000, 1.000000000000000000, 0.000000000000000000 ) ) ;
#2455 = FACE_OUTER_BOUND ( 'NONE', #2584, .T. ) ;
#2456 = CARTESIAN_POINT ( 'NONE',  ( 1.495571375384066704, -1.810000000000000497, -1.173499999999999543 ) ) ;
#2457 = SURFACE_STYLE_USAGE ( .BOTH. , #917 ) ;
#2458 = SURFACE_SIDE_STYLE ('',( #3713 ) ) ;
#2459 =( NAMED_UNIT ( * ) PLANE_ANGLE_UNIT ( ) SI_UNIT ( $, .RADIAN. ) );
#2460 = ORIENTED_EDGE ( 'NONE', *, *, #1700, .F. ) ;
#2461 = SURFACE_STYLE_FILL_AREA ( #2697 ) ;
#2462 = AXIS2_PLACEMENT_3D ( 'NONE', #797, #1699, #2927 ) ;
#2463 = SURFACE_SIDE_STYLE ('',( #2244 ) ) ;
#2464 = ORIENTED_EDGE ( 'NONE', *, *, #3434, .T. ) ;
#2465 = ORIENTED_EDGE ( 'NONE', *, *, #3314, .T. ) ;
#2466 =( NAMED_UNIT ( * ) PLANE_ANGLE_UNIT ( ) SI_UNIT ( $, .RADIAN. ) );
#2467 = EDGE_CURVE ( 'NONE', #2074, #3007, #2265, .T. ) ;
#2468 = PLANE ( 'NONE',  #946 ) ;
#2469 = SPHERICAL_SURFACE ( 'NONE', #763, 0.02999999999999999889 ) ;
#2470 = CARTESIAN_POINT ( 'NONE',  ( -2.471499999999999808, 1.032499999999999973, -0.2392499999999986304 ) ) ;
#2471 = EDGE_CURVE ( 'NONE', #1359, #1524, #2202, .T. ) ;
#2472 =( LENGTH_UNIT ( ) NAMED_UNIT ( * ) SI_UNIT ( .MILLI., .METRE. ) );
#2473 = SURFACE_STYLE_USAGE ( .BOTH. , #3095 ) ;
#2474 = LINE ( 'NONE', #965, #1423 ) ;
#2475 = ORIENTED_EDGE ( 'NONE', *, *, #399, .T. ) ;
#2476 =( GEOMETRIC_REPRESENTATION_CONTEXT ( 3 ) GLOBAL_UNCERTAINTY_ASSIGNED_CONTEXT ( ( #2526 ) ) GLOBAL_UNIT_ASSIGNED_CONTEXT ( ( #2417, #2128, #1163 ) ) REPRESENTATION_CONTEXT ( 'NONE', 'WORKASPACE' ) );
#2477 = ORIENTED_EDGE ( 'NONE', *, *, #1535, .T. ) ;
#2478 = SURFACE_SIDE_STYLE ('',( #709 ) ) ;
#2479 =( GEOMETRIC_REPRESENTATION_CONTEXT ( 3 ) GLOBAL_UNCERTAINTY_ASSIGNED_CONTEXT ( ( #2400 ) ) GLOBAL_UNIT_ASSIGNED_CONTEXT ( ( #931, #2466, #908 ) ) REPRESENTATION_CONTEXT ( 'NONE', 'WORKASPACE' ) );
#2480 = PLANE ( 'NONE',  #2125 ) ;
#2481 = ORIENTED_EDGE ( 'NONE', *, *, #2067, .T. ) ;
#2482 = VECTOR ( 'NONE', #68, 1000.000000000000114 ) ;
#2483 = VECTOR ( 'NONE', #3924, 1000.000000000000000 ) ;
#2484 = ORIENTED_EDGE ( 'NONE', *, *, #2977, .T. ) ;
#2485 = LINE ( 'NONE', #2738, #2745 ) ;
#2486 = PRESENTATION_STYLE_ASSIGNMENT (( #1253 ) ) ;
#2487 = AXIS2_PLACEMENT_3D ( 'NONE', #1038, #2269, #995 ) ;
#2488 = ORIENTED_EDGE ( 'NONE', *, *, #78, .F. ) ;
#2489 = CARTESIAN_POINT ( 'NONE',  ( 2.202499999999999680, 1.780164343138951555, 0.1142500000000000043 ) ) ;
#2490 = COLOUR_RGB ( '',0.8039215686274510109, 0.8039215686274510109, 0.8039215686274510109 ) ;
#2491 = PRESENTATION_LAYER_ASSIGNMENT (  '', '', ( #1403 ) ) ;
#2492 = COLOUR_RGB ( '',0.2862745098039215508, 0.2862745098039215508, 0.2862745098039215508 ) ;
#2493 = CYLINDRICAL_SURFACE ( 'NONE', #1397, 0.03000000000000018277 ) ;
#2494 = UNCERTAINTY_MEASURE_WITH_UNIT (LENGTH_MEASURE( 1.000000000000000082E-05 ), #564, 'distance_accuracy_value', 'NONE');
#2495 = PLANE ( 'NONE',  #2080 ) ;
#2496 = AXIS2_PLACEMENT_3D ( 'NONE', #545, #810, #754 ) ;
#2497 = CIRCLE ( 'NONE', #3571, 0.2499999999999997780 ) ;
#2498 = PRESENTATION_STYLE_ASSIGNMENT (( #3044 ) ) ;
#2499 = CYLINDRICAL_SURFACE ( 'NONE', #1467, 0.03000000000000018277 ) ;
#2500 =( NAMED_UNIT ( * ) SI_UNIT ( $, .STERADIAN. ) SOLID_ANGLE_UNIT ( ) );
#2501 = LINE ( 'NONE', #618, #3617 ) ;
#2502 = PRESENTATION_LAYER_ASSIGNMENT (  '', '', ( #2762 ) ) ;
#2503 = EDGE_CURVE ( 'NONE', #3890, #1571, #3839, .T. ) ;
#2504 = CYLINDRICAL_SURFACE ( 'NONE', #1739, 0.2499999999999997780 ) ;
#2505 = VERTEX_POINT ( 'NONE', #2511 ) ;
#2506 = DIRECTION ( 'NONE',  ( -0.000000000000000000, 1.000000000000000000, -0.000000000000000000 ) ) ;
#2507 = CYLINDRICAL_SURFACE ( 'NONE', #136, 0.1249999999999998890 ) ;
#2508 = EDGE_CURVE ( 'NONE', #3652, #952, #2175, .T. ) ;
#2509 = LINE ( 'NONE', #662, #2793 ) ;
#2510 = ORIENTED_EDGE ( 'NONE', *, *, #1608, .T. ) ;
#2511 = CARTESIAN_POINT ( 'NONE',  ( 1.544660579899926889, -1.701018905268249837, -1.151135853898029637 ) ) ;
#2512 = DIRECTION ( 'NONE',  ( -1.000000000000000000, 0.000000000000000000, 0.000000000000000000 ) ) ;
#2513 = ORIENTED_EDGE ( 'NONE', *, *, #3210, .F. ) ;
#2514 = DIRECTION ( 'NONE',  ( 6.505213034913008934E-14, 0.000000000000000000, 1.000000000000000000 ) ) ;
#2515 = CARTESIAN_POINT ( 'NONE',  ( -2.346499999999999808, 1.032499999999999973, -1.052999999999999936 ) ) ;
#2516 = DIRECTION ( 'NONE',  ( 0.9945218953682734009, 0.000000000000000000, -0.1045284632676531100 ) ) ;
#2517 = CARTESIAN_POINT ( 'NONE',  ( 2.471499999999999808, 1.032499999999999973, -1.053000000000000602 ) ) ;
#2518 = DIRECTION ( 'NONE',  ( -0.9945218953682734009, 0.000000000000000000, -0.1045284632676531100 ) ) ;
#2519 = SURFACE_SIDE_STYLE ('',( #1283 ) ) ;
#2520 = SURFACE_SIDE_STYLE ('',( #3796 ) ) ;
#2521 = SURFACE_STYLE_FILL_AREA ( #1605 ) ;
#2522 = EDGE_CURVE ( 'NONE', #3501, #691, #2575, .T. ) ;
#2523 = PRESENTATION_STYLE_ASSIGNMENT (( #3383 ) ) ;
#2524 =( NAMED_UNIT ( * ) SI_UNIT ( $, .STERADIAN. ) SOLID_ANGLE_UNIT ( ) );
#2525 = PRESENTATION_STYLE_ASSIGNMENT (( #3721 ) ) ;
#2526 = UNCERTAINTY_MEASURE_WITH_UNIT (LENGTH_MEASURE( 1.000000000000000082E-05 ), #2417, 'distance_accuracy_value', 'NONE');
#2527 = ORIENTED_EDGE ( 'NONE', *, *, #3816, .F. ) ;
#2528 = ADVANCED_FACE ( 'NONE', ( #84 ), #2597, .T. ) ;
#2529 = PRESENTATION_STYLE_ASSIGNMENT (( #989 ) ) ;
#2530 = SURFACE_SIDE_STYLE ('',( #957 ) ) ;
#2531 = ORIENTED_EDGE ( 'NONE', *, *, #3792, .T. ) ;
#2532 = FILL_AREA_STYLE_COLOUR ( '', #2941 ) ;
#2533 = STYLED_ITEM ( 'NONE', ( #265 ), #23 ) ;
#2534 = LINE ( 'NONE', #1279, #1642 ) ;
#2535 = UNCERTAINTY_MEASURE_WITH_UNIT (LENGTH_MEASURE( 1.000000000000000082E-05 ), #3663, 'distance_accuracy_value', 'NONE');
#2536 = DIRECTION ( 'NONE',  ( 1.000000000000000000, 0.000000000000000000, 0.000000000000000000 ) ) ;
#2537 = ORIENTED_EDGE ( 'NONE', *, *, #1181, .T. ) ;
#2538 = SURFACE_SIDE_STYLE ('',( #2766 ) ) ;
#2539 = DIRECTION ( 'NONE',  ( -1.000000000000000000, 1.519389869499635435E-15, 1.445602896647335564E-14 ) ) ;
#2540 = CARTESIAN_POINT ( 'NONE',  ( -2.202500000000000568, 1.809999999999999609, -0.1142500000000000043 ) ) ;
#2541 = FACE_OUTER_BOUND ( 'NONE', #3469, .T. ) ;
#2542 = FACE_OUTER_BOUND ( 'NONE', #2133, .T. ) ;
#2543 = CARTESIAN_POINT ( 'NONE',  ( -2.202500000000000568, 1.809999999999999609, -0.1142500000000000043 ) ) ;
#2544 =( GEOMETRIC_REPRESENTATION_CONTEXT ( 3 ) GLOBAL_UNCERTAINTY_ASSIGNED_CONTEXT ( ( #2362 ) ) GLOBAL_UNIT_ASSIGNED_CONTEXT ( ( #2603, #3810, #778 ) ) REPRESENTATION_CONTEXT ( 'NONE', 'WORKASPACE' ) );
#2545 = CARTESIAN_POINT ( 'NONE',  ( 2.346500000000000696, 1.032499999999999973, -0.1142500000000000460 ) ) ;
#2546 = ADVANCED_FACE ( 'NONE', ( #3754 ), #644, .T. ) ;
#2547 = ORIENTED_EDGE ( 'NONE', *, *, #3047, .F. ) ;
#2548 = SURFACE_SIDE_STYLE ('',( #2862 ) ) ;
#2549 = VECTOR ( 'NONE', #417, 1000.000000000000000 ) ;
#2550 = DIRECTION ( 'NONE',  ( 0.000000000000000000, 0.000000000000000000, -1.000000000000000000 ) ) ;
#2551 =( LENGTH_UNIT ( ) NAMED_UNIT ( * ) SI_UNIT ( .MILLI., .METRE. ) );
#2552 = ADVANCED_FACE ( 'NONE', ( #58 ), #2213, .F. ) ;
#2553 =( GEOMETRIC_REPRESENTATION_CONTEXT ( 3 ) GLOBAL_UNCERTAINTY_ASSIGNED_CONTEXT ( ( #986 ) ) GLOBAL_UNIT_ASSIGNED_CONTEXT ( ( #1664, #371, #1583 ) ) REPRESENTATION_CONTEXT ( 'NONE', 'WORKASPACE' ) );
#2554 =( NAMED_UNIT ( * ) PLANE_ANGLE_UNIT ( ) SI_UNIT ( $, .RADIAN. ) );
#2555 = ORIENTED_EDGE ( 'NONE', *, *, #2798, .T. ) ;
#2556 = COLOUR_RGB ( '',0.2862745098039215508, 0.2862745098039215508, 0.2862745098039215508 ) ;
#2557 = CARTESIAN_POINT ( 'NONE',  ( -2.202499999999999680, 1.032499999999999973, 0.1142500000000005456 ) ) ;
#2558 = AXIS2_PLACEMENT_3D ( 'NONE', #337, #3463, #2025 ) ;
#2559 =( NAMED_UNIT ( * ) PLANE_ANGLE_UNIT ( ) SI_UNIT ( $, .RADIAN. ) );
#2560 = ORIENTED_EDGE ( 'NONE', *, *, #2381, .T. ) ;
#2561 = PRESENTATION_LAYER_ASSIGNMENT (  '', '', ( #310 ) ) ;
#2562 = LINE ( 'NONE', #1941, #3836 ) ;
#2563 =( NAMED_UNIT ( * ) PLANE_ANGLE_UNIT ( ) SI_UNIT ( $, .RADIAN. ) );
#2564 = VECTOR ( 'NONE', #2038, 1000.000000000000000 ) ;
#2565 = STYLED_ITEM ( 'NONE', ( #2379 ), #670 ) ;
#2566 = DIRECTION ( 'NONE',  ( 0.000000000000000000, -1.000000000000000000, 0.000000000000000000 ) ) ;
#2567 = CARTESIAN_POINT ( 'NONE',  ( -1.520115977641996796, -1.668503090407926992, -1.190749999999999975 ) ) ;
#2568 = PRESENTATION_STYLE_ASSIGNMENT (( #1328 ) ) ;
#2569 =( LENGTH_UNIT ( ) NAMED_UNIT ( * ) SI_UNIT ( .MILLI., .METRE. ) );
#2570 = COLOUR_RGB ( '',0.2862745098039215508, 0.2862745098039215508, 0.2862745098039215508 ) ;
#2571 = PRESENTATION_STYLE_ASSIGNMENT (( #2613 ) ) ;
#2572 = CARTESIAN_POINT ( 'NONE',  ( 2.346499999999999808, -1.032499999999999973, -1.178000000000000158 ) ) ;
#2573 =( GEOMETRIC_REPRESENTATION_CONTEXT ( 3 ) GLOBAL_UNCERTAINTY_ASSIGNED_CONTEXT ( ( #90 ) ) GLOBAL_UNIT_ASSIGNED_CONTEXT ( ( #2278, #3243, #2614 ) ) REPRESENTATION_CONTEXT ( 'NONE', 'WORKASPACE' ) );
#2574 = ORIENTED_EDGE ( 'NONE', *, *, #27, .T. ) ;
#2575 = LINE ( 'NONE', #407, #2755 ) ;
#2576 = VERTEX_POINT ( 'NONE', #80 ) ;
#2577 =( NAMED_UNIT ( * ) PLANE_ANGLE_UNIT ( ) SI_UNIT ( $, .RADIAN. ) );
#2578 = LINE ( 'NONE', #3088, #2482 ) ;
#2579 = EDGE_CURVE ( 'NONE', #582, #353, #36, .T. ) ;
#2580 = ORIENTED_EDGE ( 'NONE', *, *, #1217, .F. ) ;
#2581 = PRESENTATION_STYLE_ASSIGNMENT (( #1347 ) ) ;
#2582 = CARTESIAN_POINT ( 'NONE',  ( 2.471499999999999808, -1.032499999999999973, -1.053000000000000602 ) ) ;
#2583 = UNCERTAINTY_MEASURE_WITH_UNIT (LENGTH_MEASURE( 1.000000000000000082E-05 ), #3464, 'distance_accuracy_value', 'NONE');
#2584 = EDGE_LOOP ( 'NONE', ( #3823, #3368, #823, #3518 ) ) ;
#2585 = ADVANCED_FACE ( 'NONE', ( #1865 ), #3483, .T. ) ;
#2586 =( LENGTH_UNIT ( ) NAMED_UNIT ( * ) SI_UNIT ( .MILLI., .METRE. ) );
#2587 = CARTESIAN_POINT ( 'NONE',  ( 2.202499999999999680, -1.032499999999999973, -0.1142500000000000043 ) ) ;
#2588 =( NAMED_UNIT ( * ) PLANE_ANGLE_UNIT ( ) SI_UNIT ( $, .RADIAN. ) );
#2589 = COLOUR_RGB ( '',0.8039215686274510109, 0.8039215686274510109, 0.8039215686274510109 ) ;
#2590 =( NAMED_UNIT ( * ) PLANE_ANGLE_UNIT ( ) SI_UNIT ( $, .RADIAN. ) );
#2591 = COLOUR_RGB ( '',0.8039215686274510109, 0.8039215686274510109, 0.8039215686274510109 ) ;
#2592 =( LENGTH_UNIT ( ) NAMED_UNIT ( * ) SI_UNIT ( .MILLI., .METRE. ) );
#2593 = CARTESIAN_POINT ( 'NONE',  ( -2.202500000000000568, 1.779999999999999361, -0.1142500000000000043 ) ) ;
#2594 =( LENGTH_UNIT ( ) NAMED_UNIT ( * ) SI_UNIT ( .MILLI., .METRE. ) );
#2595 = FILL_AREA_STYLE_COLOUR ( '', #511 ) ;
#2596 = ORIENTED_EDGE ( 'NONE', *, *, #1062, .F. ) ;
#2597 = CYLINDRICAL_SURFACE ( 'NONE', #2053, 0.2500000000000002220 ) ;
#2598 = ORIENTED_EDGE ( 'NONE', *, *, #3640, .T. ) ;
#2599 = DIRECTION ( 'NONE',  ( 0.000000000000000000, -1.000000000000000000, -0.000000000000000000 ) ) ;
#2600 = SURFACE_SIDE_STYLE ('',( #2286 ) ) ;
#2601 = SURFACE_SIDE_STYLE ('',( #3789 ) ) ;
#2602 = ORIENTED_EDGE ( 'NONE', *, *, #1069, .F. ) ;
#2603 =( LENGTH_UNIT ( ) NAMED_UNIT ( * ) SI_UNIT ( .MILLI., .METRE. ) );
#2604 = LINE ( 'NONE', #393, #2298 ) ;
#2605 = AXIS2_PLACEMENT_3D ( 'NONE', #2827, #1928, #1609 ) ;
#2606 = DIRECTION ( 'NONE',  ( -0.000000000000000000, -1.000000000000000000, -0.000000000000000000 ) ) ;
#2607 = ORIENTED_EDGE ( 'NONE', *, *, #2405, .T. ) ;
#2608 = CIRCLE ( 'NONE', #3807, 0.1249999999999998890 ) ;
#2609 = CARTESIAN_POINT ( 'NONE',  ( -1.524725164882269057, 1.701018905268249615, -1.151135853898029859 ) ) ;
#2610 = CARTESIAN_POINT ( 'NONE',  ( -1.544660579899926889, -1.671183248407201560, -1.178000000000000158 ) ) ;
#2611 = EDGE_CURVE ( 'NONE', #3549, #1834, #1135, .T. ) ;
#2612 = COLOUR_RGB ( '',0.8039215686274510109, 0.8039215686274510109, 0.8039215686274510109 ) ;
#2613 = SURFACE_STYLE_USAGE ( .BOTH. , #1061 ) ;
#2614 =( NAMED_UNIT ( * ) SI_UNIT ( $, .STERADIAN. ) SOLID_ANGLE_UNIT ( ) );
#2615 = FILL_AREA_STYLE_COLOUR ( '', #927 ) ;
#2616 = CARTESIAN_POINT ( 'NONE',  ( 2.061003090407925953, 0.000000000000000000, 1.173499999999999543 ) ) ;
#2617 = ORIENTED_EDGE ( 'NONE', *, *, #2865, .F. ) ;
#2618 = FILL_AREA_STYLE ('',( #1378 ) ) ;
#2619 = ORIENTED_EDGE ( 'NONE', *, *, #2893, .F. ) ;
#2620 = VECTOR ( 'NONE', #1455, 1000.000000000000000 ) ;
#2621 = FILL_AREA_STYLE_COLOUR ( '', #1651 ) ;
#2622 = COLOUR_RGB ( '',0.2862745098039215508, 0.2862745098039215508, 0.2862745098039215508 ) ;
#2623 = ORIENTED_EDGE ( 'NONE', *, *, #2801, .T. ) ;
#2624 = CARTESIAN_POINT ( 'NONE',  ( -2.202500000000000568, -1.810000000000000497, -0.1142500000000000043 ) ) ;
#2625 = CARTESIAN_POINT ( 'NONE',  ( 2.172664343138951626, -1.810000000000000497, 0.1142500000000000043 ) ) ;
#2626 =( GEOMETRIC_REPRESENTATION_CONTEXT ( 3 ) GLOBAL_UNCERTAINTY_ASSIGNED_CONTEXT ( ( #2701 ) ) GLOBAL_UNIT_ASSIGNED_CONTEXT ( ( #2195, #415, #2500 ) ) REPRESENTATION_CONTEXT ( 'NONE', 'WORKASPACE' ) );
#2627 = FILL_AREA_STYLE ('',( #2950 ) ) ;
#2628 = ORIENTED_EDGE ( 'NONE', *, *, #221, .T. ) ;
#2629 = AXIS2_PLACEMENT_3D ( 'NONE', #3639, #3673, #2172 ) ;
#2630 = COLOUR_RGB ( '',0.8039215686274510109, 0.8039215686274510109, 0.8039215686274510109 ) ;
#2631 = CARTESIAN_POINT ( 'NONE',  ( 2.449999999999998845, -1.032499999999999973, -1.156500000000000083 ) ) ;
#2632 = SURFACE_SIDE_STYLE ('',( #2358 ) ) ;
#2633 = PRODUCT_DEFINITION ( 'UNKNOWN', '', #3426, #1271 ) ;
#2634 = SURFACE_STYLE_USAGE ( .BOTH. , #219 ) ;
#2635 = EDGE_CURVE ( 'NONE', #3748, #2063, #1194, .T. ) ;
#2636 = DIRECTION ( 'NONE',  ( 0.000000000000000000, 1.000000000000000000, 0.000000000000000000 ) ) ;
#2637 = MECHANICAL_DESIGN_GEOMETRIC_PRESENTATION_REPRESENTATION (  '', ( #2762 ), #1146 ) ;
#2638 = ORIENTED_EDGE ( 'NONE', *, *, #2750, .F. ) ;
#2639 = CARTESIAN_POINT ( 'NONE',  ( -2.202404244550522971, 1.797585373081353133, 0.1151598120378973800 ) ) ;
#2640 = ORIENTED_EDGE ( 'NONE', *, *, #1160, .T. ) ;
#2641 = EDGE_CURVE ( 'NONE', #2901, #16, #1354, .T. ) ;
#2642 = MECHANICAL_DESIGN_GEOMETRIC_PRESENTATION_REPRESENTATION (  '', ( #1655 ), #2573 ) ;
#2643 = CARTESIAN_POINT ( 'NONE',  ( -1.761003090407775584, 1.334802472326310330, 1.203499999999999792 ) ) ;
#2644 = CARTESIAN_POINT ( 'NONE',  ( 1.534974973379572338, -1.671183246051052951, -1.178000000000000380 ) ) ;
#2645 = SURFACE_STYLE_USAGE ( .BOTH. , #1407 ) ;
#2646 = ORIENTED_EDGE ( 'NONE', *, *, #3536, .F. ) ;
#2647 = DIRECTION ( 'NONE',  ( 0.1039620511844979306, 0.1039620511844979306, 0.9891328443778538704 ) ) ;
#2648 = SURFACE_SIDE_STYLE ('',( #515 ) ) ;
#2649 = SURFACE_SIDE_STYLE ('',( #3545 ) ) ;
#2650 = STYLED_ITEM ( 'NONE', ( #3925 ), #822 ) ;
#2651 = FILL_AREA_STYLE_COLOUR ( '', #2988 ) ;
#2652 = CARTESIAN_POINT ( 'NONE',  ( -1.495571375384066481, -1.698338747268975268, -1.176635853898029493 ) ) ;
#2653 = FACE_OUTER_BOUND ( 'NONE', #51, .T. ) ;
#2654 = ADVANCED_FACE ( 'NONE', ( #3798 ), #1025, .F. ) ;
#2655 = EDGE_LOOP ( 'NONE', ( #3556, #457, #559, #1068 ) ) ;
#2656 = CARTESIAN_POINT ( 'NONE',  ( -2.202500000000000568, 1.809999999999999609, -0.1142500000000000043 ) ) ;
#2657 = ORIENTED_EDGE ( 'NONE', *, *, #441, .T. ) ;
#2658 = PLANE ( 'NONE',  #3 ) ;
#2659 = UNCERTAINTY_MEASURE_WITH_UNIT (LENGTH_MEASURE( 1.000000000000000082E-05 ), #2931, 'distance_accuracy_value', 'NONE');
#2660 = EDGE_CURVE ( 'NONE', #2147, #2, #3427, .T. ) ;
#2661 = DIRECTION ( 'NONE',  ( 1.000000000000000000, 0.000000000000000000, 0.000000000000000000 ) ) ;
#2662 = CARTESIAN_POINT ( 'NONE',  ( 1.495571375384066704, -1.668503090407926992, -1.173499999999999543 ) ) ;
#2663 = CARTESIAN_POINT ( 'NONE',  ( 2.346499999999999808, 1.032499999999999973, -1.178000000000000158 ) ) ;
#2664 = ORIENTED_EDGE ( 'NONE', *, *, #665, .F. ) ;
#2665 = DIRECTION ( 'NONE',  ( 0.000000000000000000, 0.9945218953682735119, -0.1045284632676525272 ) ) ;
#2666 = AXIS2_PLACEMENT_3D ( 'NONE', #1975, #1723, #2908 ) ;
#2667 = LINE ( 'NONE', #537, #3242 ) ;
#2668 = SURFACE_SIDE_STYLE ('',( #848 ) ) ;
#2669 = LINE ( 'NONE', #3799, #3247 ) ;
#2670 =( NAMED_UNIT ( * ) SI_UNIT ( $, .STERADIAN. ) SOLID_ANGLE_UNIT ( ) );
#2671 = SURFACE_STYLE_USAGE ( .BOTH. , #1437 ) ;
#2672 = ORIENTED_EDGE ( 'NONE', *, *, #3268, .F. ) ;
#2673 = CARTESIAN_POINT ( 'NONE',  ( -1.495571375384066704, 1.668503090407926104, -1.203499999999999792 ) ) ;
#2674 = DIRECTION ( 'NONE',  ( -0.8181534085976716053, 0.000000000000000000, 0.5750000000000100586 ) ) ;
#2675 = ORIENTED_EDGE ( 'NONE', *, *, #2117, .T. ) ;
#2676 = CARTESIAN_POINT ( 'NONE',  ( -1.761003090407724736, 1.668503090407926104, 1.203499999999999792 ) ) ;
#2677 = MANIFOLD_SOLID_BREP ( 'Boss-Extrude4[1]', #3339 ) ;
#2678 = ADVANCED_FACE ( 'NONE', ( #218 ), #3027, .F. ) ;
#2679 =( NAMED_UNIT ( * ) SI_UNIT ( $, .STERADIAN. ) SOLID_ANGLE_UNIT ( ) );
#2680 = STYLED_ITEM ( 'NONE', ( #746 ), #3555 ) ;
#2681 = CARTESIAN_POINT ( 'NONE',  ( 2.190085373081352316, -1.809904244550523122, -0.1151598120378991147 ) ) ;
#2682 = STYLED_ITEM ( 'NONE', ( #959 ), #160 ) ;
#2683 =( LENGTH_UNIT ( ) NAMED_UNIT ( * ) SI_UNIT ( .MILLI., .METRE. ) );
#2684 =( GEOMETRIC_REPRESENTATION_CONTEXT ( 3 ) GLOBAL_UNCERTAINTY_ASSIGNED_CONTEXT ( ( #245 ) ) GLOBAL_UNIT_ASSIGNED_CONTEXT ( ( #2787, #1285, #980 ) ) REPRESENTATION_CONTEXT ( 'NONE', 'WORKASPACE' ) );
#2685 = DIRECTION ( 'NONE',  ( -1.000000000000000000, -0.000000000000000000, 2.436409376371921605E-16 ) ) ;
#2686 = SURFACE_SIDE_STYLE ('',( #216 ) ) ;
#2687 = SURFACE_STYLE_USAGE ( .BOTH. , #2102 ) ;
#2688 = MECHANICAL_DESIGN_GEOMETRIC_PRESENTATION_REPRESENTATION (  '', ( #2930 ), #1193 ) ;
#2689 =( LENGTH_UNIT ( ) NAMED_UNIT ( * ) SI_UNIT ( .MILLI., .METRE. ) );
#2690 = CARTESIAN_POINT ( 'NONE',  ( 2.202499999999999680, -1.780000000000000249, -0.1142500000000000043 ) ) ;
#2691 = MANIFOLD_SOLID_BREP ( 'Boss-Extrude4[2]', #1890 ) ;
#2692 = FACE_OUTER_BOUND ( 'NONE', #1428, .T. ) ;
#2693 = VECTOR ( 'NONE', #1725, 1000.000000000000000 ) ;
#2694 = ORIENTED_EDGE ( 'NONE', *, *, #3606, .F. ) ;
#2695 = LINE ( 'NONE', #3889, #435 ) ;
#2696 = VECTOR ( 'NONE', #2506, 1000.000000000000000 ) ;
#2697 = FILL_AREA_STYLE ('',( #2621 ) ) ;
#2698 = ORIENTED_EDGE ( 'NONE', *, *, #1965, .F. ) ;
#2699 = VECTOR ( 'NONE', #3676, 1000.000000000000000 ) ;
#2700 = CARTESIAN_POINT ( 'NONE',  ( -1.761003090407921690, 0.1112335393605147355, 1.203499999999999792 ) ) ;
#2701 = UNCERTAINTY_MEASURE_WITH_UNIT (LENGTH_MEASURE( 1.000000000000000082E-05 ), #2195, 'distance_accuracy_value', 'NONE');
#2702 =( GEOMETRIC_REPRESENTATION_CONTEXT ( 3 ) GLOBAL_UNCERTAINTY_ASSIGNED_CONTEXT ( ( #412 ) ) GLOBAL_UNIT_ASSIGNED_CONTEXT ( ( #1484, #1166, #922 ) ) REPRESENTATION_CONTEXT ( 'NONE', 'WORKASPACE' ) );
#2703 = CIRCLE ( 'NONE', #320, 0.03000000000000007869 ) ;
#2704 = PRESENTATION_LAYER_ASSIGNMENT (  '', '', ( #3706 ) ) ;
#2705 = PRESENTATION_STYLE_ASSIGNMENT (( #2061 ) ) ;
#2706 = EDGE_CURVE ( 'NONE', #1292, #2216, #833, .T. ) ;
#2707 = DIRECTION ( 'NONE',  ( 1.000000000000000000, 0.000000000000000000, 0.000000000000000000 ) ) ;
#2708 = SURFACE_STYLE_USAGE ( .BOTH. , #2686 ) ;
#2709 = SURFACE_SIDE_STYLE ('',( #3276 ) ) ;
#2710 = EDGE_CURVE ( 'NONE', #3914, #3652, #3295, .T. ) ;
#2711 = LINE ( 'NONE', #1452, #2483 ) ;
#2712 = CARTESIAN_POINT ( 'NONE',  ( 2.202499999999999680, 1.032499999999999973, 0.1142500000000000043 ) ) ;
#2713 =( BOUNDED_CURVE ( )  B_SPLINE_CURVE ( 3, ( #3391, #1540, #43, #1237 ),
 .UNSPECIFIED., .F., .T. ) 
 B_SPLINE_CURVE_WITH_KNOTS ( ( 4, 4 ),
 ( 2.183400474843530059, 3.141592653589793116 ),
 .UNSPECIFIED. ) 
 CURVE ( )  GEOMETRIC_REPRESENTATION_ITEM ( )  RATIONAL_B_SPLINE_CURVE ( ( 1.000000000000000000, 0.9249413116432966264, 0.9249413116432966264, 1.000000000000000000 ) ) 
 REPRESENTATION_ITEM ( '' )  );
#2714 = DIRECTION ( 'NONE',  ( 0.000000000000000000, 0.000000000000000000, 1.000000000000000000 ) ) ;
#2715 =( NAMED_UNIT ( * ) SI_UNIT ( $, .STERADIAN. ) SOLID_ANGLE_UNIT ( ) );
#2716 = ORIENTED_EDGE ( 'NONE', *, *, #178, .F. ) ;
#2717 = FACE_OUTER_BOUND ( 'NONE', #811, .T. ) ;
#2718 = CIRCLE ( 'NONE', #3788, 0.03000000000000007869 ) ;
#2719 = LINE ( 'NONE', #2013, #3913 ) ;
#2720 = SURFACE_STYLE_USAGE ( .BOTH. , #1156 ) ;
#2721 = CARTESIAN_POINT ( 'NONE',  ( 2.172664343138951626, -1.810000000000000497, -0.1142500000000000043 ) ) ;
#2722 = ORIENTED_EDGE ( 'NONE', *, *, #2641, .T. ) ;
#2723 = CARTESIAN_POINT ( 'NONE',  ( -2.172986810143137326, -1.780486810143137921, 0.1080460774996874346 ) ) ;
#2724 = DIRECTION ( 'NONE',  ( -1.000000000000000000, 0.000000000000000000, 3.795893820518168354E-15 ) ) ;
#2725 =( NAMED_UNIT ( * ) PLANE_ANGLE_UNIT ( ) SI_UNIT ( $, .RADIAN. ) );
#2726 = CARTESIAN_POINT ( 'NONE',  ( 2.449999999999998845, -1.032499999999999973, -1.406500000000000306 ) ) ;
#2727 = EDGE_CURVE ( 'NONE', #3301, #512, #2103, .T. ) ;
#2728 = EDGE_CURVE ( 'NONE', #1905, #3928, #2711, .T. ) ;
#2729 = PRESENTATION_LAYER_ASSIGNMENT (  '', '', ( #3661 ) ) ;
#2730 = ORIENTED_EDGE ( 'NONE', *, *, #3738, .F. ) ;
#2731 = CARTESIAN_POINT ( 'NONE',  ( -2.202500000000000568, -1.810000000000000497, -0.1142500000000000043 ) ) ;
#2732 = CARTESIAN_POINT ( 'NONE',  ( -2.202500000000000568, -1.810000000000000497, 0.1142500000000000043 ) ) ;
#2733 = ORIENTED_EDGE ( 'NONE', *, *, #3949, .F. ) ;
#2734 = DIRECTION ( 'NONE',  ( 0.000000000000000000, 0.000000000000000000, 1.000000000000000000 ) ) ;
#2735 = ORIENTED_EDGE ( 'NONE', *, *, #3582, .T. ) ;
#2736 =( GEOMETRIC_REPRESENTATION_CONTEXT ( 3 ) GLOBAL_UNCERTAINTY_ASSIGNED_CONTEXT ( ( #1670 ) ) GLOBAL_UNIT_ASSIGNED_CONTEXT ( ( #828, #2003, #477 ) ) REPRESENTATION_CONTEXT ( 'NONE', 'WORKASPACE' ) );
#2737 = ORIENTED_EDGE ( 'NONE', *, *, #601, .T. ) ;
#2738 = CARTESIAN_POINT ( 'NONE',  ( 2.090838747268974451, -1.695515211736862149, 1.176635853898029271 ) ) ;
#2739 = SURFACE_STYLE_FILL_AREA ( #344 ) ;
#2740 = ORIENTED_EDGE ( 'NONE', *, *, #2181, .T. ) ;
#2741 = CARTESIAN_POINT ( 'NONE',  ( 2.172499999999999876, -1.810000000000000497, 0.1142500000000000043 ) ) ;
#2742 = CARTESIAN_POINT ( 'NONE',  ( -2.190085373081353204, -1.809904244550524011, 0.1151598120378973661 ) ) ;
#2743 = PRESENTATION_LAYER_ASSIGNMENT (  '', '', ( #744 ) ) ;
#2744 = DIRECTION ( 'NONE',  ( -0.000000000000000000, -1.000000000000000000, -0.000000000000000000 ) ) ;
#2745 = VECTOR ( 'NONE', #3370, 1000.000000000000000 ) ;
#2746 = AXIS2_PLACEMENT_3D ( 'NONE', #2515, #305, #3958 ) ;
#2747 = DIRECTION ( 'NONE',  ( 0.000000000000000000, 0.000000000000000000, 1.000000000000000000 ) ) ;
#2748 = STYLED_ITEM ( 'NONE', ( #2235 ), #3869 ) ;
#2749 = VERTEX_POINT ( 'NONE', #2087 ) ;
#2750 = EDGE_CURVE ( 'NONE', #527, #2, #3009, .T. ) ;
#2751 = SURFACE_STYLE_FILL_AREA ( #1505 ) ;
#2752 = CARTESIAN_POINT ( 'NONE',  ( -2.449999999999998845, 1.032499999999999973, 0.1142500000000005872 ) ) ;
#2753 =( GEOMETRIC_REPRESENTATION_CONTEXT ( 3 ) GLOBAL_UNCERTAINTY_ASSIGNED_CONTEXT ( ( #46 ) ) GLOBAL_UNIT_ASSIGNED_CONTEXT ( ( #1827, #3073, #587 ) ) REPRESENTATION_CONTEXT ( 'NONE', 'WORKASPACE' ) );
#2754 = PRESENTATION_LAYER_ASSIGNMENT (  '', '', ( #1464 ) ) ;
#2755 = VECTOR ( 'NONE', #1627, 1000.000000000000000 ) ;
#2756 = ORIENTED_EDGE ( 'NONE', *, *, #314, .T. ) ;
#2757 = ADVANCED_FACE ( 'NONE', ( #3278 ), #276, .T. ) ;
#2758 = MECHANICAL_DESIGN_GEOMETRIC_PRESENTATION_REPRESENTATION (  '', ( #1138 ), #1011 ) ;
#2759 = STYLED_ITEM ( 'NONE', ( #2093 ), #2184 ) ;
#2760 = PRESENTATION_STYLE_ASSIGNMENT (( #2720 ) ) ;
#2761 = VECTOR ( 'NONE', #1098, 1000.000000000000000 ) ;
#2762 = STYLED_ITEM ( 'NONE', ( #2263 ), #2225 ) ;
#2763 = SURFACE_STYLE_FILL_AREA ( #671 ) ;
#2764 = DIRECTION ( 'NONE',  ( 3.795893820518168354E-15, 0.000000000000000000, 1.000000000000000000 ) ) ;
#2765 = ORIENTED_EDGE ( 'NONE', *, *, #832, .F. ) ;
#2766 = SURFACE_STYLE_FILL_AREA ( #3682 ) ;
#2767 =( NAMED_UNIT ( * ) PLANE_ANGLE_UNIT ( ) SI_UNIT ( $, .RADIAN. ) );
#2768 = DIRECTION ( 'NONE',  ( 3.766582916872981431E-16, 0.000000000000000000, 1.000000000000000000 ) ) ;
#2769 = ORIENTED_EDGE ( 'NONE', *, *, #1508, .T. ) ;
#2770 = PRESENTATION_STYLE_ASSIGNMENT (( #3420 ) ) ;
#2771 = SURFACE_STYLE_USAGE ( .BOTH. , #1228 ) ;
#2772 =( NAMED_UNIT ( * ) SI_UNIT ( $, .STERADIAN. ) SOLID_ANGLE_UNIT ( ) );
#2773 = CARTESIAN_POINT ( 'NONE',  ( 2.346500000000000696, -1.032499999999999973, -0.2392499999999992411 ) ) ;
#2774 = UNCERTAINTY_MEASURE_WITH_UNIT (LENGTH_MEASURE( 1.000000000000000082E-05 ), #2683, 'distance_accuracy_value', 'NONE');
#2775 = ADVANCED_FACE ( 'NONE', ( #3077 ), #1582, .T. ) ;
#2776 = ORIENTED_EDGE ( 'NONE', *, *, #3680, .F. ) ;
#2777 = VECTOR ( 'NONE', #56, 1000.000000000000000 ) ;
#2778 = ORIENTED_EDGE ( 'NONE', *, *, #1810, .T. ) ;
#2779 = ADVANCED_FACE ( 'NONE', ( #3733 ), #1896, .T. ) ;
#2780 = ORIENTED_EDGE ( 'NONE', *, *, #2977, .F. ) ;
#2781 = CARTESIAN_POINT ( 'NONE',  ( -2.202500000000000568, -1.780164343138952221, -0.1142500000000000043 ) ) ;
#2782 =( LENGTH_UNIT ( ) NAMED_UNIT ( * ) SI_UNIT ( .MILLI., .METRE. ) );
#2783 = LINE ( 'NONE', #2741, #1891 ) ;
#2784 = UNCERTAINTY_MEASURE_WITH_UNIT (LENGTH_MEASURE( 1.000000000000000082E-05 ), #802, 'distance_accuracy_value', 'NONE');
#2785 = CARTESIAN_POINT ( 'NONE',  ( -2.061003090407926841, 1.668203105406801390, 1.203498500112490266 ) ) ;
#2786 = SURFACE_SIDE_STYLE ('',( #963 ) ) ;
#2787 =( LENGTH_UNIT ( ) NAMED_UNIT ( * ) SI_UNIT ( .MILLI., .METRE. ) );
#2788 = PLANE ( 'NONE',  #15 ) ;
#2789 = ORIENTED_EDGE ( 'NONE', *, *, #2860, .T. ) ;
#2790 = EDGE_LOOP ( 'NONE', ( #2394, #3616, #967, #631, #3123, #3802, #2640, #109, #1364, #3690 ) ) ;
#2791 =( NAMED_UNIT ( * ) SI_UNIT ( $, .STERADIAN. ) SOLID_ANGLE_UNIT ( ) );
#2792 = FACE_OUTER_BOUND ( 'NONE', #3576, .T. ) ;
#2793 = VECTOR ( 'NONE', #687, 1000.000000000000114 ) ;
#2794 = ORIENTED_EDGE ( 'NONE', *, *, #1755, .F. ) ;
#2795 =( GEOMETRIC_REPRESENTATION_CONTEXT ( 3 ) GLOBAL_UNCERTAINTY_ASSIGNED_CONTEXT ( ( #3679 ) ) GLOBAL_UNIT_ASSIGNED_CONTEXT ( ( #1793, #3937, #938 ) ) REPRESENTATION_CONTEXT ( 'NONE', 'WORKASPACE' ) );
#2796 = EDGE_LOOP ( 'NONE', ( #2628, #2144, #2441, #2256 ) ) ;
#2797 = COLOUR_RGB ( '',0.8039215686274510109, 0.8039215686274510109, 0.8039215686274510109 ) ;
#2798 = EDGE_CURVE ( 'NONE', #3201, #3574, #30, .T. ) ;
#2799 =( NAMED_UNIT ( * ) PLANE_ANGLE_UNIT ( ) SI_UNIT ( $, .RADIAN. ) );
#2800 = CARTESIAN_POINT ( 'NONE',  ( -1.559999999999999609, 1.032499999999999973, -1.177999999999999714 ) ) ;
#2801 = EDGE_CURVE ( 'NONE', #2505, #3201, #3499, .T. ) ;
#2802 = CARTESIAN_POINT ( 'NONE',  ( -1.559999999999999609, -1.032499999999999973, -1.177999999999999714 ) ) ;
#2803 =( NAMED_UNIT ( * ) SI_UNIT ( $, .STERADIAN. ) SOLID_ANGLE_UNIT ( ) );
#2804 = CARTESIAN_POINT ( 'NONE',  ( -2.202500000000000568, 1.809999999999999609, 0.1142500000000000043 ) ) ;
#2805 = ORIENTED_EDGE ( 'NONE', *, *, #1181, .F. ) ;
#2806 = DIRECTION ( 'NONE',  ( 0.000000000000000000, 0.1045284632676537068, 0.9945218953682734009 ) ) ;
#2807 =( NAMED_UNIT ( * ) PLANE_ANGLE_UNIT ( ) SI_UNIT ( $, .RADIAN. ) );
#2808 = CARTESIAN_POINT ( 'NONE',  ( -1.495571375384066704, 1.668503090407926104, -1.173499999999999543 ) ) ;
#2809 = UNCERTAINTY_MEASURE_WITH_UNIT (LENGTH_MEASURE( 1.000000000000000082E-05 ), #1246, 'distance_accuracy_value', 'NONE');
#2810 = ORIENTED_EDGE ( 'NONE', *, *, #2522, .F. ) ;
#2811 = AXIS2_PLACEMENT_3D ( 'NONE', #1788, #860, #893 ) ;
#2812 = SURFACE_STYLE_USAGE ( .BOTH. , #715 ) ;
#2813 = DIRECTION ( 'NONE',  ( 0.9945218953682734009, 0.000000000000000000, 0.1045284632676531100 ) ) ;
#2814 = COLOUR_RGB ( '',0.2862745098039215508, 0.2862745098039215508, 0.2862745098039215508 ) ;
#2815 = MECHANICAL_DESIGN_GEOMETRIC_PRESENTATION_REPRESENTATION (  '', ( #744 ), #3099 ) ;
#2816 = MECHANICAL_DESIGN_GEOMETRIC_PRESENTATION_REPRESENTATION (  '', ( #1010 ), #3178 ) ;
#2817 = PRESENTATION_LAYER_ASSIGNMENT (  '', '', ( #3502 ) ) ;
#2818 = UNCERTAINTY_MEASURE_WITH_UNIT (LENGTH_MEASURE( 1.000000000000000082E-05 ), #173, 'distance_accuracy_value', 'NONE');
#2819 = CARTESIAN_POINT ( 'NONE',  ( 2.202499999999999236, -1.701018905268249837, -1.151135853898029859 ) ) ;
#2820 = EDGE_CURVE ( 'NONE', #1231, #3501, #2854, .T. ) ;
#2821 = MECHANICAL_DESIGN_GEOMETRIC_PRESENTATION_REPRESENTATION (  '', ( #3629 ), #1922 ) ;
#2822 = DIRECTION ( 'NONE',  ( 0.1039620511844979445, 0.1039620511844979445, -0.9891328443778539814 ) ) ;
#2823 = FACE_OUTER_BOUND ( 'NONE', #2051, .T. ) ;
#2824 = DIRECTION ( 'NONE',  ( -0.000000000000000000, -1.000000000000000000, -0.000000000000000000 ) ) ;
#2825 = EDGE_CURVE ( 'NONE', #3541, #3057, #2935, .T. ) ;
#2826 = FACE_OUTER_BOUND ( 'NONE', #1888, .T. ) ;
#2827 = CARTESIAN_POINT ( 'NONE',  ( -2.449999999999999289, 1.032499999999999973, -0.1357499999999992046 ) ) ;
#2828 = ORIENTED_EDGE ( 'NONE', *, *, #1705, .F. ) ;
#2829 = DIRECTION ( 'NONE',  ( 0.000000000000000000, 0.000000000000000000, -1.000000000000000000 ) ) ;
#2830 = DIRECTION ( 'NONE',  ( -0.1039620511844979445, 0.1039620511844979445, 0.9891328443778539814 ) ) ;
#2831 = MECHANICAL_DESIGN_GEOMETRIC_PRESENTATION_REPRESENTATION (  '', ( #711 ), #1420 ) ;
#2832 =( GEOMETRIC_REPRESENTATION_CONTEXT ( 3 ) GLOBAL_UNCERTAINTY_ASSIGNED_CONTEXT ( ( #3760 ) ) GLOBAL_UNIT_ASSIGNED_CONTEXT ( ( #1566, #1878, #3418 ) ) REPRESENTATION_CONTEXT ( 'NONE', 'WORKASPACE' ) );
#2833 = EDGE_LOOP ( 'NONE', ( #1696, #2887, #86, #852 ) ) ;
#2834 = STYLED_ITEM ( 'NONE', ( #2841 ), #892 ) ;
#2835 = CARTESIAN_POINT ( 'NONE',  ( 2.172499999999999432, -1.780000000000000249, 0.1142500000000000043 ) ) ;
#2836 =( NAMED_UNIT ( * ) PLANE_ANGLE_UNIT ( ) SI_UNIT ( $, .RADIAN. ) );
#2837 = CARTESIAN_POINT ( 'NONE',  ( 1.559999999999999165, 1.032499999999999973, -1.406500000000000306 ) ) ;
#2838 = FILL_AREA_STYLE ('',( #1601 ) ) ;
#2839 = PLANE ( 'NONE',  #3758 ) ;
#2840 = EDGE_CURVE ( 'NONE', #1036, #512, #2562, .T. ) ;
#2841 = PRESENTATION_STYLE_ASSIGNMENT (( #729 ) ) ;
#2842 = SURFACE_STYLE_USAGE ( .BOTH. , #378 ) ;
#2843 = FILL_AREA_STYLE ('',( #37 ) ) ;
#2844 = EDGE_CURVE ( 'NONE', #1489, #3748, #782, .T. ) ;
#2845 = LINE ( 'NONE', #99, #3400 ) ;
#2846 = VERTEX_POINT ( 'NONE', #1000 ) ;
#2847 = CARTESIAN_POINT ( 'NONE',  ( -1.495571375384064705, 1.698338747268974380, -1.176635853898029271 ) ) ;
#2848 = CYLINDRICAL_SURFACE ( 'NONE', #1979, 0.03000000000000018277 ) ;
#2849 = AXIS2_PLACEMENT_3D ( 'NONE', #1385, #1094, #1079 ) ;
#2850 = CYLINDRICAL_SURFACE ( 'NONE', #2347, 0.03000000000000007869 ) ;
#2851 = SURFACE_STYLE_USAGE ( .BOTH. , #1019 ) ;
#2852 = DIRECTION ( 'NONE',  ( -0.1039620511844979306, -0.1039620511844979306, -0.9891328443778538704 ) ) ;
#2853 = ORIENTED_EDGE ( 'NONE', *, *, #2018, .T. ) ;
#2854 = LINE ( 'NONE', #138, #2299 ) ;
#2855 = DIRECTION ( 'NONE',  ( 1.000000000000000000, -3.958838170426965825E-17, -3.766582916872981431E-16 ) ) ;
#2856 = LINE ( 'NONE', #2879, #2911 ) ;
#2857 = PLANE ( 'NONE',  #1459 ) ;
#2858 = DIRECTION ( 'NONE',  ( -0.9945218953682734009, 0.000000000000000000, 0.1045284632676531100 ) ) ;
#2859 = SPHERICAL_SURFACE ( 'NONE', #3404, 0.02999999999999999889 ) ;
#2860 = EDGE_CURVE ( 'NONE', #279, #1595, #495, .T. ) ;
#2861 = ORIENTED_EDGE ( 'NONE', *, *, #2940, .F. ) ;
#2862 = SURFACE_STYLE_FILL_AREA ( #3468 ) ;
#2863 = VERTEX_POINT ( 'NONE', #1977 ) ;
#2864 = FACE_OUTER_BOUND ( 'NONE', #1106, .T. ) ;
#2865 = EDGE_CURVE ( 'NONE', #2310, #2100, #2022, .T. ) ;
#2866 =( GEOMETRIC_REPRESENTATION_CONTEXT ( 3 ) GLOBAL_UNCERTAINTY_ASSIGNED_CONTEXT ( ( #2134 ) ) GLOBAL_UNIT_ASSIGNED_CONTEXT ( ( #2158, #2767, #2803 ) ) REPRESENTATION_CONTEXT ( 'NONE', 'WORKASPACE' ) );
#2867 = CIRCLE ( 'NONE', #617, 0.03000000000000007869 ) ;
#2868 = ORIENTED_EDGE ( 'NONE', *, *, #246, .T. ) ;
#2869 = STYLED_ITEM ( 'NONE', ( #2760 ), #1912 ) ;
#2870 = CARTESIAN_POINT ( 'NONE',  ( -2.061003090407926841, 1.668503090407926104, 1.173499999999999543 ) ) ;
#2871 = PRESENTATION_LAYER_ASSIGNMENT (  '', '', ( #376 ) ) ;
#2872 = PRESENTATION_STYLE_ASSIGNMENT (( #2645 ) ) ;
#2873 = ORIENTED_EDGE ( 'NONE', *, *, #3873, .F. ) ;
#2874 = VECTOR ( 'NONE', #1694, 1000.000000000000000 ) ;
#2875 =( NAMED_UNIT ( * ) PLANE_ANGLE_UNIT ( ) SI_UNIT ( $, .RADIAN. ) );
#2876 = COLOUR_RGB ( '',1.000000000000000000, 1.000000000000000000, 1.000000000000000000 ) ;
#2877 =( GEOMETRIC_REPRESENTATION_CONTEXT ( 3 ) GLOBAL_UNCERTAINTY_ASSIGNED_CONTEXT ( ( #1395 ) ) GLOBAL_UNIT_ASSIGNED_CONTEXT ( ( #1710, #1752, #2361 ) ) REPRESENTATION_CONTEXT ( 'NONE', 'WORKASPACE' ) );
#2878 = CARTESIAN_POINT ( 'NONE',  ( -1.544660579899926889, -1.701018905268249837, -1.151135853898029859 ) ) ;
#2879 = CARTESIAN_POINT ( 'NONE',  ( -2.125377094022157465, 1.762712750883204782, 0.5641581221347997666 ) ) ;
#2880 = DIRECTION ( 'NONE',  ( 0.9945218953682734009, 0.000000000000000000, 0.1045284632676537068 ) ) ;
#2881 = CIRCLE ( 'NONE', #951, 0.03000000000000007869 ) ;
#2882 = AXIS2_PLACEMENT_3D ( 'NONE', #3269, #3519, #3251 ) ;
#2883 = DIRECTION ( 'NONE',  ( 0.000000000000000000, 1.000000000000000000, 0.000000000000000000 ) ) ;
#2884 = CARTESIAN_POINT ( 'NONE',  ( -1.518724391834963550, -1.696647178744252749, -1.192730053341530594 ) ) ;
#2885 = FILL_AREA_STYLE ('',( #1451 ) ) ;
#2886 = UNCERTAINTY_MEASURE_WITH_UNIT (LENGTH_MEASURE( 1.000000000000000082E-05 ), #1278, 'distance_accuracy_value', 'NONE');
#2887 = ORIENTED_EDGE ( 'NONE', *, *, #873, .T. ) ;
#2888 = ORIENTED_EDGE ( 'NONE', *, *, #3742, .F. ) ;
#2889 = EDGE_CURVE ( 'NONE', #2, #2505, #397, .T. ) ;
#2890 =( LENGTH_UNIT ( ) NAMED_UNIT ( * ) SI_UNIT ( .MILLI., .METRE. ) );
#2891 = FILL_AREA_STYLE_COLOUR ( '', #317 ) ;
#2892 = CARTESIAN_POINT ( 'NONE',  ( -2.093518905268250130, -1.810000000000000497, -1.151135853898029859 ) ) ;
#2893 = EDGE_CURVE ( 'NONE', #3248, #1712, #3155, .T. ) ;
#2894 = LINE ( 'NONE', #975, #1983 ) ;
#2895 = CARTESIAN_POINT ( 'NONE',  ( -2.202500000000000568, 1.032499999999999973, -0.1142500000000000043 ) ) ;
#2896 = EDGE_LOOP ( 'NONE', ( #2531, #765, #2367, #3337 ) ) ;
#2897 = CARTESIAN_POINT ( 'NONE',  ( -1.507034239019219513, -1.700053021283491006, -1.160325626149524059 ) ) ;
#2898 = COLOUR_RGB ( '',0.8039215686274510109, 0.8039215686274510109, 0.8039215686274510109 ) ;
#2899 = FILL_AREA_STYLE ('',( #2339 ) ) ;
#2900 = CARTESIAN_POINT ( 'NONE',  ( -1.533995087771594656, -1.698195367781268228, -1.178000018599296927 ) ) ;
#2901 = VERTEX_POINT ( 'NONE', #161 ) ;
#2902 = DIRECTION ( 'NONE',  ( -1.000000000000000000, 0.000000000000000000, 0.000000000000000000 ) ) ;
#2903 = ORIENTED_EDGE ( 'NONE', *, *, #2860, .F. ) ;
#2904 = CARTESIAN_POINT ( 'NONE',  ( 2.063683248407200743, 1.671183248407200672, -1.148000000000000353 ) ) ;
#2905 = FACE_OUTER_BOUND ( 'NONE', #714, .T. ) ;
#2906 = DIRECTION ( 'NONE',  ( 1.000000000000000000, 0.000000000000000000, 0.000000000000000000 ) ) ;
#2907 = CIRCLE ( 'NONE', #1684, 0.03000000000000006481 ) ;
#2908 = DIRECTION ( 'NONE',  ( 0.000000000000000000, 0.000000000000000000, -1.000000000000000000 ) ) ;
#2909 = ADVANCED_FACE ( 'NONE', ( #1702 ), #1022, .T. ) ;
#2910 = ORIENTED_EDGE ( 'NONE', *, *, #2091, .T. ) ;
#2911 = VECTOR ( 'NONE', #2274, 1000.000000000000114 ) ;
#2912 = APPLICATION_PROTOCOL_DEFINITION ( 'draft international standard', 'automotive_design', 1998, #382 ) ;
#2913 = EDGE_CURVE ( 'NONE', #3252, #1422, #176, .T. ) ;
#2914 = MECHANICAL_DESIGN_GEOMETRIC_PRESENTATION_REPRESENTATION (  '', ( #1380 ), #2736 ) ;
#2915 = CARTESIAN_POINT ( 'NONE',  ( -2.093518905268250130, -1.671183248407201560, -1.151135853898029859 ) ) ;
#2916 = PRESENTATION_STYLE_ASSIGNMENT (( #3512 ) ) ;
#2917 = EDGE_LOOP ( 'NONE', ( #2853, #2657, #2828, #704 ) ) ;
#2918 = CARTESIAN_POINT ( 'NONE',  ( -2.172664343138952070, 1.809999999999999609, 0.1142500000000000043 ) ) ;
#2919 = VERTEX_POINT ( 'NONE', #1617 ) ;
#2920 = CARTESIAN_POINT ( 'NONE',  ( 2.699999999999999289, 1.032499999999999973, -0.1357499999999998430 ) ) ;
#2921 = COLOUR_RGB ( '',0.2862745098039215508, 0.2862745098039215508, 0.2862745098039215508 ) ;
#2922 = CARTESIAN_POINT ( 'NONE',  ( -2.202500000000000568, 1.809999999999999609, 0.1142500000000000043 ) ) ;
#2923 = SURFACE_STYLE_FILL_AREA ( #488 ) ;
#2924 = DIRECTION ( 'NONE',  ( 0.000000000000000000, -1.000000000000000000, 0.000000000000000000 ) ) ;
#2925 = SURFACE_SIDE_STYLE ('',( #2034 ) ) ;
#2926 = VECTOR ( 'NONE', #1842, 1000.000000000000000 ) ;
#2927 = DIRECTION ( 'NONE',  ( 0.000000000000000000, 0.000000000000000000, -1.000000000000000000 ) ) ;
#2928 = ORIENTED_EDGE ( 'NONE', *, *, #1447, .T. ) ;
#2929 = CARTESIAN_POINT ( 'NONE',  ( 1.544660579899926889, -1.671183248407201560, -1.148000000000000353 ) ) ;
#2930 = STYLED_ITEM ( 'NONE', ( #2486 ), #1947 ) ;
#2931 =( LENGTH_UNIT ( ) NAMED_UNIT ( * ) SI_UNIT ( .MILLI., .METRE. ) );
#2932 = DIRECTION ( 'NONE',  ( 0.000000000000000000, 0.000000000000000000, 1.000000000000000000 ) ) ;
#2933 = EDGE_CURVE ( 'NONE', #955, #621, #819, .T. ) ;
#2934 = MECHANICAL_DESIGN_GEOMETRIC_PRESENTATION_REPRESENTATION (  '', ( #3430 ), #2114 ) ;
#2935 = CIRCLE ( 'NONE', #1713, 0.1249999999999992228 ) ;
#2936 = AXIS2_PLACEMENT_3D ( 'NONE', #2723, #3025, #2411 ) ;
#2937 = ADVANCED_BREP_SHAPE_REPRESENTATION ( 'SMBJ22A', ( #2677, #1371, #2691, #2293 ), #2047 ) ;
#2938 = DIRECTION ( 'NONE',  ( 6.505213034913008934E-14, 0.000000000000000000, -1.000000000000000000 ) ) ;
#2939 = CIRCLE ( 'NONE', #1649, 0.1249999999999992228 ) ;
#2940 = EDGE_CURVE ( 'NONE', #3793, #2960, #1960, .T. ) ;
#2941 = COLOUR_RGB ( '',0.2862745098039215508, 0.2862745098039215508, 0.2862745098039215508 ) ;
#2942 = DIRECTION ( 'NONE',  ( 0.000000000000000000, 0.000000000000000000, 1.000000000000000000 ) ) ;
#2943 = STYLED_ITEM ( 'NONE', ( #3586 ), #2333 ) ;
#2944 = EDGE_LOOP ( 'NONE', ( #1226, #1276, #3054, #1485 ) ) ;
#2945 = DIRECTION ( 'NONE',  ( 1.000000000000000000, 0.000000000000000000, 0.000000000000000000 ) ) ;
#2946 = ORIENTED_EDGE ( 'NONE', *, *, #1160, .F. ) ;
#2947 = CARTESIAN_POINT ( 'NONE',  ( 2.202499999999999680, -1.780000000000000249, 0.1142500000000000043 ) ) ;
#2948 = ORIENTED_EDGE ( 'NONE', *, *, #471, .T. ) ;
#2949 = DIRECTION ( 'NONE',  ( 0.1039620511844960016, -0.1039620511844990408, 0.9891328443778540924 ) ) ;
#2950 = FILL_AREA_STYLE_COLOUR ( '', #3335 ) ;
#2951 = ORIENTED_EDGE ( 'NONE', *, *, #857, .T. ) ;
#2952 = LINE ( 'NONE', #3933, #510 ) ;
#2953 = DIRECTION ( 'NONE',  ( -1.000000000000000000, 0.000000000000000000, 0.000000000000000000 ) ) ;
#2954 = SURFACE_STYLE_FILL_AREA ( #591 ) ;
#2955 =( NAMED_UNIT ( * ) PLANE_ANGLE_UNIT ( ) SI_UNIT ( $, .RADIAN. ) );
#2956 = CARTESIAN_POINT ( 'NONE',  ( 0.000000000000000000, -1.668503090407926992, -1.173499999999999543 ) ) ;
#2957 = COLOUR_RGB ( '',0.2862745098039215508, 0.2862745098039215508, 0.2862745098039215508 ) ;
#2958 = FILL_AREA_STYLE_COLOUR ( '', #2492 ) ;
#2959 = UNCERTAINTY_MEASURE_WITH_UNIT (LENGTH_MEASURE( 1.000000000000000082E-05 ), #1150, 'distance_accuracy_value', 'NONE');
#2960 = VERTEX_POINT ( 'NONE', #3899 ) ;
#2961 = EDGE_CURVE ( 'NONE', #3793, #3549, #251, .T. ) ;
#2962 = VERTEX_POINT ( 'NONE', #3557 ) ;
#2963 = DIRECTION ( 'NONE',  ( 0.000000000000000000, 1.000000000000000000, 0.000000000000000000 ) ) ;
#2964 = UNCERTAINTY_MEASURE_WITH_UNIT (LENGTH_MEASURE( 1.000000000000000082E-05 ), #2146, 'distance_accuracy_value', 'NONE');
#2965 = ORIENTED_EDGE ( 'NONE', *, *, #2710, .T. ) ;
#2966 = SURFACE_STYLE_FILL_AREA ( #842 ) ;
#2967 = CARTESIAN_POINT ( 'NONE',  ( 2.449999999999998845, 1.032499999999999973, -1.406500000000000306 ) ) ;
#2968 = AXIS2_PLACEMENT_3D ( 'NONE', #3386, #1904, #1867 ) ;
#2969 = CARTESIAN_POINT ( 'NONE',  ( -1.514999999999999236, -1.671183248407201560, -1.178000000000000158 ) ) ;
#2970 =( GEOMETRIC_REPRESENTATION_CONTEXT ( 3 ) GLOBAL_UNCERTAINTY_ASSIGNED_CONTEXT ( ( #1322 ) ) GLOBAL_UNIT_ASSIGNED_CONTEXT ( ( #3904, #1728, #518 ) ) REPRESENTATION_CONTEXT ( 'NONE', 'WORKASPACE' ) );
#2971 = CARTESIAN_POINT ( 'NONE',  ( -2.471499999999999808, 1.032499999999999973, -1.052999999999999936 ) ) ;
#2972 = ORIENTED_EDGE ( 'NONE', *, *, #2091, .F. ) ;
#2973 = PRESENTATION_STYLE_ASSIGNMENT (( #1799 ) ) ;
#2974 =( NAMED_UNIT ( * ) SI_UNIT ( $, .STERADIAN. ) SOLID_ANGLE_UNIT ( ) );
#2975 = ORIENTED_EDGE ( 'NONE', *, *, #2844, .T. ) ;
#2976 = CARTESIAN_POINT ( 'NONE',  ( -1.761003090407730731, 1.631425243954407689, 1.203499999999999792 ) ) ;
#2977 = EDGE_CURVE ( 'NONE', #3523, #2919, #3241, .T. ) ;
#2978 = VERTEX_POINT ( 'NONE', #3272 ) ;
#2979 = PRESENTATION_LAYER_ASSIGNMENT (  '', '', ( #1247 ) ) ;
#2980 = SPHERICAL_SURFACE ( 'NONE', #1973, 0.02999999999999999889 ) ;
#2981 = LINE ( 'NONE', #3199, #3424 ) ;
#2982 = EDGE_CURVE ( 'NONE', #2960, #3145, #1071, .T. ) ;
#2983 = LINE ( 'NONE', #2120, #2055 ) ;
#2984 = CIRCLE ( 'NONE', #2746, 0.1249999999999998890 ) ;
#2985 = FILL_AREA_STYLE_COLOUR ( '', #861 ) ;
#2986 = DIRECTION ( 'NONE',  ( 0.000000000000000000, 0.000000000000000000, -1.000000000000000000 ) ) ;
#2987 = CIRCLE ( 'NONE', #2629, 0.1249999999999992228 ) ;
#2988 = COLOUR_RGB ( '',0.8039215686274510109, 0.8039215686274510109, 0.8039215686274510109 ) ;
#2989 = AXIS2_PLACEMENT_3D ( 'NONE', #2835, #739, #3177 ) ;
#2990 = SURFACE_STYLE_FILL_AREA ( #3334 ) ;
#2991 =( GEOMETRIC_REPRESENTATION_CONTEXT ( 3 ) GLOBAL_UNCERTAINTY_ASSIGNED_CONTEXT ( ( #954 ) ) GLOBAL_UNIT_ASSIGNED_CONTEXT ( ( #3710, #2836, #1303 ) ) REPRESENTATION_CONTEXT ( 'NONE', 'WORKASPACE' ) );
#2992 = EDGE_LOOP ( 'NONE', ( #3786, #1085, #928, #1951 ) ) ;
#2993 = DIRECTION ( 'NONE',  ( 0.000000000000000000, 0.9945218953682734009, 0.1045284632676537068 ) ) ;
#2994 = SURFACE_STYLE_USAGE ( .BOTH. , #904 ) ;
#2995 = AXIS2_PLACEMENT_3D ( 'NONE', #315, #377, #400 ) ;
#2996 = SURFACE_SIDE_STYLE ('',( #1212 ) ) ;
#2997 = STYLED_ITEM ( 'NONE', ( #1881 ), #3462 ) ;
#2998 = PRESENTATION_LAYER_ASSIGNMENT (  '', '', ( #1138 ) ) ;
#2999 = CARTESIAN_POINT ( 'NONE',  ( -1.761003090407902150, 0.4449341574420936363, 1.203499999999999792 ) ) ;
#3000 = UNCERTAINTY_MEASURE_WITH_UNIT (LENGTH_MEASURE( 1.000000000000000082E-05 ), #3378, 'distance_accuracy_value', 'NONE');
#3001 = COLOUR_RGB ( '',0.2862745098039215508, 0.2862745098039215508, 0.2862745098039215508 ) ;
#3002 = EDGE_CURVE ( 'NONE', #3890, #955, #3859, .T. ) ;
#3003 = PRESENTATION_LAYER_ASSIGNMENT (  '', '', ( #1655 ) ) ;
#3004 = FILL_AREA_STYLE_COLOUR ( '', #3100 ) ;
#3005 = EDGE_CURVE ( 'NONE', #3301, #3809, #1141, .T. ) ;
#3006 = CARTESIAN_POINT ( 'NONE',  ( 2.202499999999999680, -1.810000000000000497, 0.1142500000000000043 ) ) ;
#3007 = VERTEX_POINT ( 'NONE', #213 ) ;
#3008 = SURFACE_STYLE_USAGE ( .BOTH. , #3678 ) ;
#3009 = LINE ( 'NONE', #3908, #567 ) ;
#3010 = FILL_AREA_STYLE ('',( #2416 ) ) ;
#3011 = DIRECTION ( 'NONE',  ( 0.000000000000000000, -0.9945218953682734009, -0.1045284632676537068 ) ) ;
#3012 = CARTESIAN_POINT ( 'NONE',  ( 2.202499999999999236, -1.671183248407201560, -1.148000000000000353 ) ) ;
#3013 = ORIENTED_EDGE ( 'NONE', *, *, #1069, .T. ) ;
#3014 =( LENGTH_UNIT ( ) NAMED_UNIT ( * ) SI_UNIT ( .MILLI., .METRE. ) );
#3015 = SURFACE_STYLE_FILL_AREA ( #593 ) ;
#3016 = CARTESIAN_POINT ( 'NONE',  ( -1.495571375384066704, -1.668503090407926992, -1.173499999999999543 ) ) ;
#3017 = ORIENTED_EDGE ( 'NONE', *, *, #519, .F. ) ;
#3018 = AXIS2_PLACEMENT_3D ( 'NONE', #1840, #2768, #1243 ) ;
#3019 = CARTESIAN_POINT ( 'NONE',  ( -1.761003090407929017, -1.223568932965814149, 1.203499999999999792 ) ) ;
#3020 = ORIENTED_EDGE ( 'NONE', *, *, #3792, .F. ) ;
#3021 = DIRECTION ( 'NONE',  ( 0.000000000000000000, 0.000000000000000000, -1.000000000000000000 ) ) ;
#3022 = CARTESIAN_POINT ( 'NONE',  ( -1.544660579899926889, -1.701018905268249837, -1.151135853898029859 ) ) ;
#3023 = CARTESIAN_POINT ( 'NONE',  ( -2.471499999999999808, -1.032499999999999973, -0.2392499999999986304 ) ) ;
#3024 = ORIENTED_EDGE ( 'NONE', *, *, #3069, .T. ) ;
#3025 = DIRECTION ( 'NONE',  ( -0.1039620511844979445, -0.1039620511844979445, -0.9891328443778539814 ) ) ;
#3026 = EDGE_CURVE ( 'NONE', #2147, #1489, #1116, .T. ) ;
#3027 = PLANE ( 'NONE',  #1515 ) ;
#3028 = SURFACE_STYLE_FILL_AREA ( #554 ) ;
#3029 = SURFACE_STYLE_USAGE ( .BOTH. , #2397 ) ;
#3030 = DIRECTION ( 'NONE',  ( 1.445602896647335564E-14, -1.000000000000000000, 0.000000000000000000 ) ) ;
#3031 = EDGE_CURVE ( 'NONE', #3655, #2306, #2352, .T. ) ;
#3032 = CIRCLE ( 'NONE', #2968, 0.02999999999999996073 ) ;
#3033 = ORIENTED_EDGE ( 'NONE', *, *, #3455, .F. ) ;
#3034 = DIRECTION ( 'NONE',  ( -0.000000000000000000, 1.000000000000000000, -0.000000000000000000 ) ) ;
#3035 = MECHANICAL_DESIGN_GEOMETRIC_PRESENTATION_REPRESENTATION (  '', ( #2533 ), #32 ) ;
#3036 = DIRECTION ( 'NONE',  ( 1.000000000000000000, 0.000000000000000000, 0.000000000000000000 ) ) ;
#3037 = CARTESIAN_POINT ( 'NONE',  ( -2.449999999999998845, 1.032499999999999973, -1.156499999999999639 ) ) ;
#3038 = EDGE_LOOP ( 'NONE', ( #3043, #341, #874, #475 ) ) ;
#3039 = DIRECTION ( 'NONE',  ( -1.000000000000000000, 0.000000000000000000, -0.000000000000000000 ) ) ;
#3040 = CARTESIAN_POINT ( 'NONE',  ( -2.190085373081352760, -1.809904244550523789, -0.1151598120378991286 ) ) ;
#3041 = CARTESIAN_POINT ( 'NONE',  ( 1.495571375384066704, 1.668503090407926104, -1.173499999999999543 ) ) ;
#3042 = CARTESIAN_POINT ( 'NONE',  ( 2.172986810143136438, 1.780486810143137033, -0.1080460774996874623 ) ) ;
#3043 = ORIENTED_EDGE ( 'NONE', *, *, #2825, .T. ) ;
#3044 = SURFACE_STYLE_USAGE ( .BOTH. , #1835 ) ;
#3045 = COLOUR_RGB ( '',0.2862745098039215508, 0.2862745098039215508, 0.2862745098039215508 ) ;
#3046 = CARTESIAN_POINT ( 'NONE',  ( 1.544660579899926889, 1.671183248407200672, -1.178000000000000158 ) ) ;
#3047 = EDGE_CURVE ( 'NONE', #2373, #489, #825, .T. ) ;
#3048 = FILL_AREA_STYLE_COLOUR ( '', #3056 ) ;
#3049 = CIRCLE ( 'NONE', #2356, 0.2500000000000002220 ) ;
#3050 = ORIENTED_EDGE ( 'NONE', *, *, #1346, .T. ) ;
#3051 = SURFACE_STYLE_USAGE ( .BOTH. , #2520 ) ;
#3052 = EDGE_CURVE ( 'NONE', #3549, #3201, #2952, .T. ) ;
#3053 =( GEOMETRIC_REPRESENTATION_CONTEXT ( 3 ) GLOBAL_UNCERTAINTY_ASSIGNED_CONTEXT ( ( #2818 ) ) GLOBAL_UNIT_ASSIGNED_CONTEXT ( ( #173, #3896, #2000 ) ) REPRESENTATION_CONTEXT ( 'NONE', 'WORKASPACE' ) );
#3054 = ORIENTED_EDGE ( 'NONE', *, *, #1367, .F. ) ;
#3055 = VECTOR ( 'NONE', #535, 1000.000000000000000 ) ;
#3056 = COLOUR_RGB ( '',0.2862745098039215508, 0.2862745098039215508, 0.2862745098039215508 ) ;
#3057 = VERTEX_POINT ( 'NONE', #3023 ) ;
#3058 = STYLED_ITEM ( 'NONE', ( #758 ), #2012 ) ;
#3059 = VECTOR ( 'NONE', #2079, 1000.000000000000000 ) ;
#3060 = COLOUR_RGB ( '',0.2862745098039215508, 0.2862745098039215508, 0.2862745098039215508 ) ;
#3061 = DIRECTION ( 'NONE',  ( 0.000000000000000000, 1.000000000000000000, 0.000000000000000000 ) ) ;
#3062 = DIRECTION ( 'NONE',  ( -0.8181534085976899240, -7.228014483236714108E-15, -0.5749999999999838574 ) ) ;
#3063 = DIRECTION ( 'NONE',  ( -0.000000000000000000, -0.000000000000000000, 1.000000000000000000 ) ) ;
#3064 = DIRECTION ( 'NONE',  ( 0.9945218953682734009, 0.000000000000000000, -0.1045284632676537068 ) ) ;
#3065 = SURFACE_STYLE_FILL_AREA ( #1306 ) ;
#3066 = ORIENTED_EDGE ( 'NONE', *, *, #2043, .F. ) ;
#3067 = EDGE_LOOP ( 'NONE', ( #2735, #1496, #3192, #3456 ) ) ;
#3068 = DIRECTION ( 'NONE',  ( -1.000000000000000000, 7.228014483236677820E-15, 0.000000000000000000 ) ) ;
#3069 = EDGE_CURVE ( 'NONE', #3865, #3549, #1763, .T. ) ;
#3070 = ORIENTED_EDGE ( 'NONE', *, *, #2067, .F. ) ;
#3071 =( GEOMETRIC_REPRESENTATION_CONTEXT ( 3 ) GLOBAL_UNCERTAINTY_ASSIGNED_CONTEXT ( ( #2325 ) ) GLOBAL_UNIT_ASSIGNED_CONTEXT ( ( #575, #2129, #1819 ) ) REPRESENTATION_CONTEXT ( 'NONE', 'WORKASPACE' ) );
#3072 = ORIENTED_EDGE ( 'NONE', *, *, #3492, .T. ) ;
#3073 =( NAMED_UNIT ( * ) PLANE_ANGLE_UNIT ( ) SI_UNIT ( $, .RADIAN. ) );
#3074 = PRESENTATION_LAYER_ASSIGNMENT (  '', '', ( #845 ) ) ;
#3075 = DIRECTION ( 'NONE',  ( 0.000000000000000000, -1.000000000000000000, -0.000000000000000000 ) ) ;
#3076 = DIRECTION ( 'NONE',  ( -0.000000000000000000, -1.000000000000000000, -0.000000000000000000 ) ) ;
#3077 = FACE_OUTER_BOUND ( 'NONE', #3630, .T. ) ;
#3078 = DIRECTION ( 'NONE',  ( -1.000000000000000000, 0.000000000000000000, 0.000000000000000000 ) ) ;
#3079 = ORIENTED_EDGE ( 'NONE', *, *, #2933, .F. ) ;
#3080 = PRESENTATION_STYLE_ASSIGNMENT (( #1880 ) ) ;
#3081 = FILL_AREA_STYLE ('',( #730 ) ) ;
#3082 = CARTESIAN_POINT ( 'NONE',  ( -2.063683248407201631, 1.671183248407200672, -1.178000000000000380 ) ) ;
#3083 = CIRCLE ( 'NONE', #1438, 0.03000000000000007869 ) ;
#3084 = CARTESIAN_POINT ( 'NONE',  ( -2.202500000000000568, -1.780000000000000249, -0.1142500000000000043 ) ) ;
#3085 = ORIENTED_EDGE ( 'NONE', *, *, #221, .F. ) ;
#3086 = SURFACE_STYLE_FILL_AREA ( #3785 ) ;
#3087 = EDGE_CURVE ( 'NONE', #2011, #3206, #2983, .T. ) ;
#3088 = CARTESIAN_POINT ( 'NONE',  ( -2.202822467004185825, 1.780486810143137033, 0.1111819313977170653 ) ) ;
#3089 = ORIENTED_EDGE ( 'NONE', *, *, #3443, .T. ) ;
#3090 = PRESENTATION_STYLE_ASSIGNMENT (( #3955 ) ) ;
#3091 = EDGE_CURVE ( 'NONE', #2264, #906, #3367, .T. ) ;
#3092 = PRESENTATION_STYLE_ASSIGNMENT (( #11 ) ) ;
#3093 = SURFACE_SIDE_STYLE ('',( #347 ) ) ;
#3094 = FILL_AREA_STYLE_COLOUR ( '', #3626 ) ;
#3095 = SURFACE_SIDE_STYLE ('',( #3750 ) ) ;
#3096 = DIRECTION ( 'NONE',  ( 0.000000000000000000, 1.000000000000000000, 0.000000000000000000 ) ) ;
#3097 = DIRECTION ( 'NONE',  ( 0.000000000000000000, 0.000000000000000000, -1.000000000000000000 ) ) ;
#3098 = ORIENTED_EDGE ( 'NONE', *, *, #3026, .T. ) ;
#3099 =( GEOMETRIC_REPRESENTATION_CONTEXT ( 3 ) GLOBAL_UNCERTAINTY_ASSIGNED_CONTEXT ( ( #2809 ) ) GLOBAL_UNIT_ASSIGNED_CONTEXT ( ( #1246, #1964, #2670 ) ) REPRESENTATION_CONTEXT ( 'NONE', 'WORKASPACE' ) );
#3100 = COLOUR_RGB ( '',0.2862745098039215508, 0.2862745098039215508, 0.2862745098039215508 ) ;
#3101 = PRESENTATION_STYLE_ASSIGNMENT (( #645 ) ) ;
#3102 = VECTOR ( 'NONE', #2108, 1000.000000000000000 ) ;
#3103 = VERTEX_POINT ( 'NONE', #2393 ) ;
#3104 = AXIS2_PLACEMENT_3D ( 'NONE', #3472, #1316, #1933 ) ;
#3105 = DIRECTION ( 'NONE',  ( 0.000000000000000000, -1.000000000000000000, -0.000000000000000000 ) ) ;
#3106 = MECHANICAL_DESIGN_GEOMETRIC_PRESENTATION_REPRESENTATION (  '', ( #376 ), #2296 ) ;
#3107 =( NAMED_UNIT ( * ) PLANE_ANGLE_UNIT ( ) SI_UNIT ( $, .RADIAN. ) );
#3108 = FILL_AREA_STYLE_COLOUR ( '', #2556 ) ;
#3109 = COLOUR_RGB ( '',0.2862745098039215508, 0.2862745098039215508, 0.2862745098039215508 ) ;
#3110 = PRESENTATION_LAYER_ASSIGNMENT (  '', '', ( #2429 ) ) ;
#3111 = EDGE_CURVE ( 'NONE', #428, #1292, #1171, .T. ) ;
#3112 = CIRCLE ( 'NONE', #1717, 0.03000000000000006481 ) ;
#3113 =( GEOMETRIC_REPRESENTATION_CONTEXT ( 3 ) GLOBAL_UNCERTAINTY_ASSIGNED_CONTEXT ( ( #3308 ) ) GLOBAL_UNIT_ASSIGNED_CONTEXT ( ( #719, #2287, #171 ) ) REPRESENTATION_CONTEXT ( 'NONE', 'WORKASPACE' ) );
#3114 = MECHANICAL_DESIGN_GEOMETRIC_PRESENTATION_REPRESENTATION (  '', ( #1336 ), #1074 ) ;
#3115 = DIRECTION ( 'NONE',  ( -1.000000000000000000, 0.000000000000000000, 3.670476104768634540E-15 ) ) ;
#3116 = UNCERTAINTY_MEASURE_WITH_UNIT (LENGTH_MEASURE( 1.000000000000000082E-05 ), #2197, 'distance_accuracy_value', 'NONE');
#3117 = MECHANICAL_DESIGN_GEOMETRIC_PRESENTATION_REPRESENTATION (  '', ( #3511 ), #1794 ) ;
#3118 = EDGE_CURVE ( 'NONE', #1905, #2310, #3290, .T. ) ;
#3119 = DIRECTION ( 'NONE',  ( 0.000000000000000000, 0.000000000000000000, -1.000000000000000000 ) ) ;
#3120 = CARTESIAN_POINT ( 'NONE',  ( 0.000000000000000000, 0.000000000000000000, 1.203499999999999792 ) ) ;
#3121 = CARTESIAN_POINT ( 'NONE',  ( -1.495571375384066704, -1.810000000000000497, -1.173499999999999543 ) ) ;
#3122 = CARTESIAN_POINT ( 'NONE',  ( -2.202500000000000568, -1.810000000000000497, 0.1142500000000000043 ) ) ;
#3123 = ORIENTED_EDGE ( 'NONE', *, *, #2750, .T. ) ;
#3124 = DIRECTION ( 'NONE',  ( -0.000000000000000000, -0.000000000000000000, -1.000000000000000000 ) ) ;
#3125 = CARTESIAN_POINT ( 'NONE',  ( -2.202500000000000124, 1.671183248407200672, -1.148000000000000353 ) ) ;
#3126 = MECHANICAL_DESIGN_GEOMETRIC_PRESENTATION_REPRESENTATION (  '', ( #1091 ), #3258 ) ;
#3127 = ORIENTED_EDGE ( 'NONE', *, *, #1264, .T. ) ;
#3128 = DIRECTION ( 'NONE',  ( 0.1039620511844979445, -0.1039620511844979445, 0.9891328443778539814 ) ) ;
#3129 = FILL_AREA_STYLE ('',( #2226 ) ) ;
#3130 =( GEOMETRIC_REPRESENTATION_CONTEXT ( 3 ) GLOBAL_UNCERTAINTY_ASSIGNED_CONTEXT ( ( #1355 ) ) GLOBAL_UNIT_ASSIGNED_CONTEXT ( ( #2126, #2725, #884 ) ) REPRESENTATION_CONTEXT ( 'NONE', 'WORKASPACE' ) );
#3131 = DIRECTION ( 'NONE',  ( -0.1039620511844979306, 0.1039620511844979306, 0.9891328443778538704 ) ) ;
#3132 = CARTESIAN_POINT ( 'NONE',  ( -1.544660579899926889, -1.671183248407201560, -1.178000000000000158 ) ) ;
#3133 =( BOUNDED_CURVE ( )  B_SPLINE_CURVE ( 3, ( #3773, #3151, #2252, #411 ),
 .UNSPECIFIED., .F., .T. ) 
 B_SPLINE_CURVE_WITH_KNOTS ( ( 4, 4 ),
 ( 5.503257793452775104, 7.063112820906433775 ),
 .UNSPECIFIED. ) 
 CURVE ( )  GEOMETRIC_REPRESENTATION_ITEM ( )  RATIONAL_B_SPLINE_CURVE ( ( 1.000000000000000000, 0.8073096761657773124, 0.8073096761657773124, 1.000000000000000000 ) ) 
 REPRESENTATION_ITEM ( '' )  );
#3134 = ORIENTED_EDGE ( 'NONE', *, *, #2503, .T. ) ;
#3135 = PRESENTATION_STYLE_ASSIGNMENT (( #1410 ) ) ;
#3136 = SURFACE_SIDE_STYLE ('',( #1943 ) ) ;
#3137 = FACE_OUTER_BOUND ( 'NONE', #907, .T. ) ;
#3138 = EDGE_CURVE ( 'NONE', #159, #21, #568, .T. ) ;
#3139 = CARTESIAN_POINT ( 'NONE',  ( 2.063683248407200299, 1.671183248407200672, -1.148000000000000576 ) ) ;
#3140 =( NAMED_UNIT ( * ) SI_UNIT ( $, .STERADIAN. ) SOLID_ANGLE_UNIT ( ) );
#3141 = CYLINDRICAL_SURFACE ( 'NONE', #630, 0.03000000000000018277 ) ;
#3142 = PRESENTATION_STYLE_ASSIGNMENT (( #3399 ) ) ;
#3143 = EDGE_CURVE ( 'NONE', #147, #21, #1790, .T. ) ;
#3144 = DIRECTION ( 'NONE',  ( -3.795893820518168354E-15, 0.000000000000000000, -1.000000000000000000 ) ) ;
#3145 = VERTEX_POINT ( 'NONE', #1745 ) ;
#3146 = DIRECTION ( 'NONE',  ( -0.000000000000000000, -1.000000000000000000, -0.000000000000000000 ) ) ;
#3147 =( GEOMETRIC_REPRESENTATION_CONTEXT ( 3 ) GLOBAL_UNCERTAINTY_ASSIGNED_CONTEXT ( ( #2281 ) ) GLOBAL_UNIT_ASSIGNED_CONTEXT ( ( #2215, #3363, #2185 ) ) REPRESENTATION_CONTEXT ( 'NONE', 'WORKASPACE' ) );
#3148 = UNCERTAINTY_MEASURE_WITH_UNIT (LENGTH_MEASURE( 1.000000000000000082E-05 ), #1491, 'distance_accuracy_value', 'NONE');
#3149 = VECTOR ( 'NONE', #599, 1000.000000000000000 ) ;
#3150 = DIRECTION ( 'NONE',  ( 1.000000000000000000, -3.958838170426965825E-17, -3.766582916872981431E-16 ) ) ;
#3151 = CARTESIAN_POINT ( 'NONE',  ( 2.202404244550522083, 1.797585373081352689, -0.1151598120378978657 ) ) ;
#3152 = UNCERTAINTY_MEASURE_WITH_UNIT (LENGTH_MEASURE( 1.000000000000000082E-05 ), #1569, 'distance_accuracy_value', 'NONE');
#3153 = DIRECTION ( 'NONE',  ( 1.000000000000000000, 0.000000000000000000, 0.000000000000000000 ) ) ;
#3154 = ORIENTED_EDGE ( 'NONE', *, *, #1444, .T. ) ;
#3155 = LINE ( 'NONE', #1057, #2115 ) ;
#3156 = PLANE ( 'NONE',  #2106 ) ;
#3157 = FILL_AREA_STYLE_COLOUR ( '', #679 ) ;
#3158 = CARTESIAN_POINT ( 'NONE',  ( -2.061003090407926397, -1.698338747268975268, 1.176635853898029271 ) ) ;
#3159 = EDGE_CURVE ( 'NONE', #3103, #3611, #514, .T. ) ;
#3160 = CARTESIAN_POINT ( 'NONE',  ( -2.202500000000000568, 1.809999999999999609, 0.1142500000000000043 ) ) ;
#3161 = CARTESIAN_POINT ( 'NONE',  ( -2.172986810143137326, 1.780486810143137033, 0.1080460774996874623 ) ) ;
#3162 = CARTESIAN_POINT ( 'NONE',  ( 2.063683248407200743, -1.671183248407201560, -1.178000000000000380 ) ) ;
#3163 =( GEOMETRIC_REPRESENTATION_CONTEXT ( 3 ) GLOBAL_UNCERTAINTY_ASSIGNED_CONTEXT ( ( #3594 ) ) GLOBAL_UNIT_ASSIGNED_CONTEXT ( ( #3261, #1149, #1837 ) ) REPRESENTATION_CONTEXT ( 'NONE', 'WORKASPACE' ) );
#3164 = COLOUR_RGB ( '',0.2862745098039215508, 0.2862745098039215508, 0.2862745098039215508 ) ;
#3165 = ORIENTED_EDGE ( 'NONE', *, *, #441, .F. ) ;
#3166 = EDGE_CURVE ( 'NONE', #2863, #1036, #9, .T. ) ;
#3167 =( NAMED_UNIT ( * ) SI_UNIT ( $, .STERADIAN. ) SOLID_ANGLE_UNIT ( ) );
#3168 = ORIENTED_EDGE ( 'NONE', *, *, #943, .T. ) ;
#3169 = MECHANICAL_DESIGN_GEOMETRIC_PRESENTATION_REPRESENTATION (  '', ( #875 ), #1511 ) ;
#3170 = DIRECTION ( 'NONE',  ( 0.000000000000000000, 0.000000000000000000, -1.000000000000000000 ) ) ;
#3171 = SURFACE_STYLE_USAGE ( .BOTH. , #3727 ) ;
#3172 =( GEOMETRIC_REPRESENTATION_CONTEXT ( 3 ) GLOBAL_UNCERTAINTY_ASSIGNED_CONTEXT ( ( #1716 ) ) GLOBAL_UNIT_ASSIGNED_CONTEXT ( ( #1750, #3939, #1121 ) ) REPRESENTATION_CONTEXT ( 'NONE', 'WORKASPACE' ) );
#3173 = LINE ( 'NONE', #470, #2240 ) ;
#3174 = EDGE_LOOP ( 'NONE', ( #2465, #3198, #2948, #3951 ) ) ;
#3175 =( GEOMETRIC_REPRESENTATION_CONTEXT ( 3 ) GLOBAL_UNCERTAINTY_ASSIGNED_CONTEXT ( ( #3774 ) ) GLOBAL_UNIT_ASSIGNED_CONTEXT ( ( #1576, #1659, #3438 ) ) REPRESENTATION_CONTEXT ( 'NONE', 'WORKASPACE' ) );
#3176 = FILL_AREA_STYLE ('',( #172 ) ) ;
#3177 = DIRECTION ( 'NONE',  ( -1.000000000000000000, 0.000000000000000000, 0.000000000000000000 ) ) ;
#3178 =( GEOMETRIC_REPRESENTATION_CONTEXT ( 3 ) GLOBAL_UNCERTAINTY_ASSIGNED_CONTEXT ( ( #1486 ) ) GLOBAL_UNIT_ASSIGNED_CONTEXT ( ( #2586, #2875, #1681 ) ) REPRESENTATION_CONTEXT ( 'NONE', 'WORKASPACE' ) );
#3179 = LINE ( 'NONE', #2895, #1302 ) ;
#3180 = EDGE_LOOP ( 'NONE', ( #1168, #2266, #3475 ) ) ;
#3181 = DIRECTION ( 'NONE',  ( -0.000000000000000000, -1.000000000000000000, -0.000000000000000000 ) ) ;
#3182 = VECTOR ( 'NONE', #613, 1000.000000000000000 ) ;
#3183 = DIRECTION ( 'NONE',  ( 1.000000000000000000, -0.000000000000000000, -0.000000000000000000 ) ) ;
#3184 = CARTESIAN_POINT ( 'NONE',  ( 1.520115977641996796, 1.668503090407926770, -1.190749999999999975 ) ) ;
#3185 = CIRCLE ( 'NONE', #451, 0.1249999999999992228 ) ;
#3186 = SURFACE_SIDE_STYLE ('',( #1982 ) ) ;
#3187 = STYLED_ITEM ( 'NONE', ( #3090 ), #3239 ) ;
#3188 = VECTOR ( 'NONE', #2734, 1000.000000000000000 ) ;
#3189 = AXIS2_PLACEMENT_3D ( 'NONE', #1707, #1102, #806 ) ;
#3190 =( NAMED_UNIT ( * ) PLANE_ANGLE_UNIT ( ) SI_UNIT ( $, .RADIAN. ) );
#3191 = PLANE ( 'NONE',  #128 ) ;
#3192 = ORIENTED_EDGE ( 'NONE', *, *, #1761, .F. ) ;
#3193 = DIRECTION ( 'NONE',  ( -0.000000000000000000, -1.000000000000000000, -0.000000000000000000 ) ) ;
#3194 = VERTEX_POINT ( 'NONE', #1448 ) ;
#3195 = SURFACE_STYLE_USAGE ( .BOTH. , #2267 ) ;
#3196 = EDGE_CURVE ( 'NONE', #480, #3748, #1335, .T. ) ;
#3197 = LINE ( 'NONE', #2892, #885 ) ;
#3198 = ORIENTED_EDGE ( 'NONE', *, *, #2579, .F. ) ;
#3199 = CARTESIAN_POINT ( 'NONE',  ( -2.163697115731098908, -1.741361458870050782, 0.4834347828093491506 ) ) ;
#3200 = EDGE_CURVE ( 'NONE', #1439, #430, #1499, .T. ) ;
#3201 = VERTEX_POINT ( 'NONE', #894 ) ;
#3202 = DIRECTION ( 'NONE',  ( 1.000000000000000000, 0.000000000000000000, -0.000000000000000000 ) ) ;
#3203 = VECTOR ( 'NONE', #163, 1000.000000000000000 ) ;
#3204 = DIRECTION ( 'NONE',  ( 0.000000000000000000, 0.000000000000000000, -1.000000000000000000 ) ) ;
#3205 = FILL_AREA_STYLE ('',( #3244 ) ) ;
#3206 = VERTEX_POINT ( 'NONE', #3374 ) ;
#3207 = EDGE_LOOP ( 'NONE', ( #2560, #3072, #2780 ) ) ;
#3208 = SURFACE_STYLE_USAGE ( .BOTH. , #484 ) ;
#3209 = LINE ( 'NONE', #776, #1987 ) ;
#3210 = EDGE_CURVE ( 'NONE', #569, #3103, #2368, .T. ) ;
#3211 = FILL_AREA_STYLE_COLOUR ( '', #1013 ) ;
#3212 = ORIENTED_EDGE ( 'NONE', *, *, #2156, .F. ) ;
#3213 = DIRECTION ( 'NONE',  ( -1.000000000000000000, 0.000000000000000000, -0.000000000000000000 ) ) ;
#3214 = CARTESIAN_POINT ( 'NONE',  ( 2.449999999999998845, 1.032499999999999973, -1.406500000000000306 ) ) ;
#3215 = AXIS2_PLACEMENT_3D ( 'NONE', #3257, #1028, #3881 ) ;
#3216 = VERTEX_POINT ( 'NONE', #1873 ) ;
#3217 = EDGE_CURVE ( 'NONE', #2063, #1296, #1559, .T. ) ;
#3218 = CARTESIAN_POINT ( 'NONE',  ( 1.507034239019219513, -1.700053021283491006, -1.160325626149524059 ) ) ;
#3219 = SURFACE_STYLE_FILL_AREA ( #2023 ) ;
#3220 =( NAMED_UNIT ( * ) SI_UNIT ( $, .STERADIAN. ) SOLID_ANGLE_UNIT ( ) );
#3221 = CARTESIAN_POINT ( 'NONE',  ( -1.495571375384066704, 1.668503090407926104, -1.173499999999999543 ) ) ;
#3222 = SURFACE_STYLE_USAGE ( .BOTH. , #2632 ) ;
#3223 = SURFACE_STYLE_FILL_AREA ( #3528 ) ;
#3224 = ORIENTED_EDGE ( 'NONE', *, *, #49, .F. ) ;
#3225 = SPHERICAL_SURFACE ( 'NONE', #1521, 0.02999999999999999889 ) ;
#3226 = ORIENTED_EDGE ( 'NONE', *, *, #3159, .F. ) ;
#3227 = MECHANICAL_DESIGN_GEOMETRIC_PRESENTATION_REPRESENTATION (  '', ( #996 ), #2476 ) ;
#3228 = STYLED_ITEM ( 'NONE', ( #1846 ), #342 ) ;
#3229 = LINE ( 'NONE', #1155, #1188 ) ;
#3230 = SURFACE_STYLE_USAGE ( .BOTH. , #2925 ) ;
#3231 = EDGE_CURVE ( 'NONE', #1555, #3813, #1218, .T. ) ;
#3232 = ORIENTED_EDGE ( 'NONE', *, *, #1017, .T. ) ;
#3233 = DIRECTION ( 'NONE',  ( 0.1039620511844979306, -0.1039620511844979306, 0.9891328443778538704 ) ) ;
#3234 = CARTESIAN_POINT ( 'NONE',  ( -1.495571375384064705, 1.698338747268974380, -1.176635853898029271 ) ) ;
#3235 = AXIS2_PLACEMENT_3D ( 'NONE', #3160, #1391, #142 ) ;
#3236 = SURFACE_STYLE_FILL_AREA ( #1158 ) ;
#3237 = CARTESIAN_POINT ( 'NONE',  ( 2.699999999999999289, 1.032499999999999973, -1.156500000000000083 ) ) ;
#3238 = CARTESIAN_POINT ( 'NONE',  ( 2.172664343138950738, 1.809999999999999609, -0.1142500000000000043 ) ) ;
#3239 = ADVANCED_FACE ( 'NONE', ( #2452 ), #2468, .T. ) ;
#3240 = AXIS2_PLACEMENT_3D ( 'NONE', #2543, #1550, #2806 ) ;
#3241 = CIRCLE ( 'NONE', #3965, 0.02999999999999996073 ) ;
#3242 = VECTOR ( 'NONE', #3843, 1000.000000000000000 ) ;
#3243 =( NAMED_UNIT ( * ) PLANE_ANGLE_UNIT ( ) SI_UNIT ( $, .RADIAN. ) );
#3244 = FILL_AREA_STYLE_COLOUR ( '', #1059 ) ;
#3245 =( GEOMETRIC_REPRESENTATION_CONTEXT ( 3 ) GLOBAL_UNCERTAINTY_ASSIGNED_CONTEXT ( ( #997 ) ) GLOBAL_UNIT_ASSIGNED_CONTEXT ( ( #3550, #241, #2974 ) ) REPRESENTATION_CONTEXT ( 'NONE', 'WORKASPACE' ) );
#3246 = VECTOR ( 'NONE', #2685, 1000.000000000000000 ) ;
#3247 = VECTOR ( 'NONE', #2744, 1000.000000000000000 ) ;
#3248 = VERTEX_POINT ( 'NONE', #3346 ) ;
#3249 = SURFACE_SIDE_STYLE ('',( #2052 ) ) ;
#3250 = ORIENTED_EDGE ( 'NONE', *, *, #339, .F. ) ;
#3251 = DIRECTION ( 'NONE',  ( -1.445602896647335564E-14, 0.000000000000000000, -1.000000000000000000 ) ) ;
#3252 = VERTEX_POINT ( 'NONE', #651 ) ;
#3253 = DIRECTION ( 'NONE',  ( 0.1039620511844979306, 0.1039620511844979306, -0.9891328443778538704 ) ) ;
#3254 = ORIENTED_EDGE ( 'NONE', *, *, #498, .T. ) ;
#3255 = DIRECTION ( 'NONE',  ( 0.000000000000000000, 0.000000000000000000, -1.000000000000000000 ) ) ;
#3256 = FILL_AREA_STYLE ('',( #3525 ) ) ;
#3257 = CARTESIAN_POINT ( 'NONE',  ( 1.495571375384066037, 1.668503090407925882, -1.173500000000000432 ) ) ;
#3258 =( GEOMETRIC_REPRESENTATION_CONTEXT ( 3 ) GLOBAL_UNCERTAINTY_ASSIGNED_CONTEXT ( ( #750 ) ) GLOBAL_UNIT_ASSIGNED_CONTEXT ( ( #2297, #1832, #253 ) ) REPRESENTATION_CONTEXT ( 'NONE', 'WORKASPACE' ) );
#3259 = DIRECTION ( 'NONE',  ( -0.000000000000000000, -1.000000000000000000, -0.000000000000000000 ) ) ;
#3260 = CARTESIAN_POINT ( 'NONE',  ( 2.202499999999999680, -1.780164343138952221, 0.1142500000000000043 ) ) ;
#3261 =( LENGTH_UNIT ( ) NAMED_UNIT ( * ) SI_UNIT ( .MILLI., .METRE. ) );
#3262 = EDGE_CURVE ( 'NONE', #3433, #2846, #26, .T. ) ;
#3263 = STYLED_ITEM ( 'NONE', ( #1476 ), #1084 ) ;
#3264 = FACE_OUTER_BOUND ( 'NONE', #2230, .T. ) ;
#3265 = ORIENTED_EDGE ( 'NONE', *, *, #605, .F. ) ;
#3266 = CARTESIAN_POINT ( 'NONE',  ( -2.202500000000000568, -1.810000000000000497, 0.1142500000000000043 ) ) ;
#3267 = ORIENTED_EDGE ( 'NONE', *, *, #3231, .F. ) ;
#3268 = EDGE_CURVE ( 'NONE', #6, #3574, #2713, .T. ) ;
#3269 = CARTESIAN_POINT ( 'NONE',  ( 2.061003090407925509, 1.668503090407926104, 1.173499999999999543 ) ) ;
#3270 = ORIENTED_EDGE ( 'NONE', *, *, #3640, .F. ) ;
#3271 = DIRECTION ( 'NONE',  ( 0.000000000000000000, 0.000000000000000000, -1.000000000000000000 ) ) ;
#3272 = CARTESIAN_POINT ( 'NONE',  ( 2.172664343138951626, 1.809999999999999609, 0.1142500000000000043 ) ) ;
#3273 = STYLED_ITEM ( 'NONE', ( #2872 ), #1213 ) ;
#3274 = LINE ( 'NONE', #829, #1014 ) ;
#3275 = SURFACE_STYLE_USAGE ( .BOTH. , #2338 ) ;
#3276 = SURFACE_STYLE_FILL_AREA ( #552 ) ;
#3277 = MECHANICAL_DESIGN_GEOMETRIC_PRESENTATION_REPRESENTATION (  '', ( #3666 ), #912 ) ;
#3278 = FACE_OUTER_BOUND ( 'NONE', #2284, .T. ) ;
#3279 = FILL_AREA_STYLE_COLOUR ( '', #2182 ) ;
#3280 = CARTESIAN_POINT ( 'NONE',  ( 2.699999999999999289, 1.032499999999999973, -0.1357499999999998430 ) ) ;
#3281 = ORIENTED_EDGE ( 'NONE', *, *, #1700, .T. ) ;
#3282 = SURFACE_SIDE_STYLE ('',( #1757 ) ) ;
#3283 = FILL_AREA_STYLE ('',( #1185 ) ) ;
#3284 = CARTESIAN_POINT ( 'NONE',  ( -1.761003090407933680, -0.7786347755237035262, 1.203499999999999792 ) ) ;
#3285 = EDGE_CURVE ( 'NONE', #3529, #2978, #638, .T. ) ;
#3286 = FACE_OUTER_BOUND ( 'NONE', #606, .T. ) ;
#3287 = SURFACE_STYLE_FILL_AREA ( #932 ) ;
#3288 = MECHANICAL_DESIGN_GEOMETRIC_PRESENTATION_REPRESENTATION (  '', ( #2680 ), #3349 ) ;
#3289 = CIRCLE ( 'NONE', #930, 0.02999999999999996073 ) ;
#3290 = LINE ( 'NONE', #2335, #2564 ) ;
#3291 = ORIENTED_EDGE ( 'NONE', *, *, #3942, .T. ) ;
#3292 =( LENGTH_UNIT ( ) NAMED_UNIT ( * ) SI_UNIT ( .MILLI., .METRE. ) );
#3293 = LINE ( 'NONE', #3237, #3736 ) ;
#3294 = VECTOR ( 'NONE', #1384, 1000.000000000000000 ) ;
#3295 = LINE ( 'NONE', #2971, #57 ) ;
#3296 = STYLED_ITEM ( 'NONE', ( #3883 ), #2691 ) ;
#3297 = CARTESIAN_POINT ( 'NONE',  ( -1.544660579899926889, -1.810000000000000497, -1.208000000000000407 ) ) ;
#3298 = PRESENTATION_LAYER_ASSIGNMENT (  '', '', ( #2173 ) ) ;
#3299 = DIRECTION ( 'NONE',  ( 0.000000000000000000, 0.000000000000000000, -1.000000000000000000 ) ) ;
#3300 =( GEOMETRIC_REPRESENTATION_CONTEXT ( 3 ) GLOBAL_UNCERTAINTY_ASSIGNED_CONTEXT ( ( #3000 ) ) GLOBAL_UNIT_ASSIGNED_CONTEXT ( ( #3378, #3662, #1920 ) ) REPRESENTATION_CONTEXT ( 'NONE', 'WORKASPACE' ) );
#3301 = VERTEX_POINT ( 'NONE', #1256 ) ;
#3302 =( NAMED_UNIT ( * ) SI_UNIT ( $, .STERADIAN. ) SOLID_ANGLE_UNIT ( ) );
#3303 = LINE ( 'NONE', #581, #1340 ) ;
#3304 =( LENGTH_UNIT ( ) NAMED_UNIT ( * ) SI_UNIT ( .MILLI., .METRE. ) );
#3305 = COLOUR_RGB ( '',0.2862745098039215508, 0.2862745098039215508, 0.2862745098039215508 ) ;
#3306 = VECTOR ( 'NONE', #2048, 1000.000000000000000 ) ;
#3307 = CARTESIAN_POINT ( 'NONE',  ( -1.761003090407925686, -1.631425243954417903, 1.203499999999999792 ) ) ;
#3308 = UNCERTAINTY_MEASURE_WITH_UNIT (LENGTH_MEASURE( 1.000000000000000082E-05 ), #719, 'distance_accuracy_value', 'NONE');
#3309 = VECTOR ( 'NONE', #3324, 1000.000000000000000 ) ;
#3310 = VERTEX_POINT ( 'NONE', #1277 ) ;
#3311 = MECHANICAL_DESIGN_GEOMETRIC_PRESENTATION_REPRESENTATION (  '', ( #456 ), #1207 ) ;
#3312 = ADVANCED_FACE ( 'NONE', ( #3729 ), #2206, .T. ) ;
#3313 = SURFACE_STYLE_FILL_AREA ( #2116 ) ;
#3314 = EDGE_CURVE ( 'NONE', #1104, #353, #2703, .T. ) ;
#3315 = EDGE_LOOP ( 'NONE', ( #3254, #1249, #3575 ) ) ;
#3316 = CARTESIAN_POINT ( 'NONE',  ( -2.172986810143137326, -1.780486810143137921, -0.1080460774996874623 ) ) ;
#3317 =( LENGTH_UNIT ( ) NAMED_UNIT ( * ) SI_UNIT ( .MILLI., .METRE. ) );
#3318 = SURFACE_STYLE_FILL_AREA ( #2414 ) ;
#3319 = FILL_AREA_STYLE_COLOUR ( '', #1272 ) ;
#3320 = PRESENTATION_LAYER_ASSIGNMENT (  '', '', ( #711 ) ) ;
#3321 = PRESENTATION_STYLE_ASSIGNMENT (( #851 ) ) ;
#3322 = ORIENTED_EDGE ( 'NONE', *, *, #2419, .F. ) ;
#3323 = FACE_OUTER_BOUND ( 'NONE', #2130, .T. ) ;
#3324 = DIRECTION ( 'NONE',  ( -0.000000000000000000, -1.000000000000000000, -0.000000000000000000 ) ) ;
#3325 = PLANE ( 'NONE',  #3508 ) ;
#3326 = PRESENTATION_LAYER_ASSIGNMENT (  '', '', ( #2138 ) ) ;
#3327 = EDGE_LOOP ( 'NONE', ( #2143, #3212, #770, #1230 ) ) ;
#3328 = ADVANCED_FACE ( 'NONE', ( #1298 ), #737, .T. ) ;
#3329 = FACE_OUTER_BOUND ( 'NONE', #3934, .T. ) ;
#3330 = EDGE_CURVE ( 'NONE', #3574, #3865, #129, .T. ) ;
#3331 = DIRECTION ( 'NONE',  ( 0.000000000000000000, 0.000000000000000000, -1.000000000000000000 ) ) ;
#3332 =( NAMED_UNIT ( * ) PLANE_ANGLE_UNIT ( ) SI_UNIT ( $, .RADIAN. ) );
#3333 = FILL_AREA_STYLE ('',( #2359 ) ) ;
#3334 = FILL_AREA_STYLE ('',( #1773 ) ) ;
#3335 = COLOUR_RGB ( '',0.2862745098039215508, 0.2862745098039215508, 0.2862745098039215508 ) ;
#3336 = EDGE_LOOP ( 'NONE', ( #313, #2607, #222 ) ) ;
#3337 = ORIENTED_EDGE ( 'NONE', *, *, #1286, .T. ) ;
#3338 =( NAMED_UNIT ( * ) PLANE_ANGLE_UNIT ( ) SI_UNIT ( $, .RADIAN. ) );
#3339 = CLOSED_SHELL ( 'NONE', ( #2184, #2225, #2255, #968, #892, #565, #2139, #2398, #2552, #1912, #1084, #1164, #3462, #1343 ) ) ;
#3340 = SURFACE_STYLE_USAGE ( .BOTH. , #300 ) ;
#3341 = ORIENTED_EDGE ( 'NONE', *, *, #2405, .F. ) ;
#3342 = EDGE_LOOP ( 'NONE', ( #1196, #2331, #920, #3931 ) ) ;
#3343 = VERTEX_POINT ( 'NONE', #1345 ) ;
#3344 = SURFACE_STYLE_FILL_AREA ( #586 ) ;
#3345 =( NAMED_UNIT ( * ) PLANE_ANGLE_UNIT ( ) SI_UNIT ( $, .RADIAN. ) );
#3346 = CARTESIAN_POINT ( 'NONE',  ( -2.061003090407926841, 1.698338747268974380, 1.176635853898029271 ) ) ;
#3347 =( NAMED_UNIT ( * ) SI_UNIT ( $, .STERADIAN. ) SOLID_ANGLE_UNIT ( ) );
#3348 = CARTESIAN_POINT ( 'NONE',  ( 2.346499999999999808, 1.032499999999999973, -1.053000000000000602 ) ) ;
#3349 =( GEOMETRIC_REPRESENTATION_CONTEXT ( 3 ) GLOBAL_UNCERTAINTY_ASSIGNED_CONTEXT ( ( #3722 ) ) GLOBAL_UNIT_ASSIGNED_CONTEXT ( ( #2594, #3190, #1645 ) ) REPRESENTATION_CONTEXT ( 'NONE', 'WORKASPACE' ) );
#3350 = UNCERTAINTY_MEASURE_WITH_UNIT (LENGTH_MEASURE( 1.000000000000000082E-05 ), #1352, 'distance_accuracy_value', 'NONE');
#3351 =( LENGTH_UNIT ( ) NAMED_UNIT ( * ) SI_UNIT ( .MILLI., .METRE. ) );
#3352 = CARTESIAN_POINT ( 'NONE',  ( 2.202499999999999680, 1.809999999999999609, -0.1142500000000000043 ) ) ;
#3353 = PRESENTATION_LAYER_ASSIGNMENT (  '', '', ( #875 ) ) ;
#3354 = LINE ( 'NONE', #1565, #808 ) ;
#3355 = EDGE_CURVE ( 'NONE', #2919, #2264, #3197, .T. ) ;
#3356 = CARTESIAN_POINT ( 'NONE',  ( -2.063683248407201631, -1.671183248407201560, -1.148000000000000353 ) ) ;
#3357 = ORIENTED_EDGE ( 'NONE', *, *, #3143, .F. ) ;
#3358 = PRESENTATION_LAYER_ASSIGNMENT (  '', '', ( #2748 ) ) ;
#3359 = STYLED_ITEM ( 'NONE', ( #1275 ), #1939 ) ;
#3360 = VERTEX_POINT ( 'NONE', #1972 ) ;
#3361 = CARTESIAN_POINT ( 'NONE',  ( 1.495571375384066704, -1.668503090407926992, -1.203499999999999792 ) ) ;
#3362 = CARTESIAN_POINT ( 'NONE',  ( 2.471499999999999808, 1.032499999999999973, -1.053000000000000602 ) ) ;
#3363 =( NAMED_UNIT ( * ) PLANE_ANGLE_UNIT ( ) SI_UNIT ( $, .RADIAN. ) );
#3364 = COLOUR_RGB ( '',0.2862745098039215508, 0.2862745098039215508, 0.2862745098039215508 ) ;
#3365 = VECTOR ( 'NONE', #693, 1000.000000000000114 ) ;
#3366 = ORIENTED_EDGE ( 'NONE', *, *, #2381, .F. ) ;
#3367 = CIRCLE ( 'NONE', #311, 0.02999999999999996073 ) ;
#3368 = ORIENTED_EDGE ( 'NONE', *, *, #1286, .F. ) ;
#3369 = PRESENTATION_LAYER_ASSIGNMENT (  '', '', ( #2759 ) ) ;
#3370 = DIRECTION ( 'NONE',  ( -0.000000000000000000, -1.000000000000000000, 0.000000000000000000 ) ) ;
#3371 =( NAMED_UNIT ( * ) SI_UNIT ( $, .STERADIAN. ) SOLID_ANGLE_UNIT ( ) );
#3372 = VECTOR ( 'NONE', #3036, 1000.000000000000000 ) ;
#3373 = STYLED_ITEM ( 'NONE', ( #2285 ), #467 ) ;
#3374 = CARTESIAN_POINT ( 'NONE',  ( 2.202499999999999680, 1.780164343138951555, -0.1142500000000000043 ) ) ;
#3375 = PRESENTATION_STYLE_ASSIGNMENT (( #2124 ) ) ;
#3376 = STYLED_ITEM ( 'NONE', ( #508 ), #274 ) ;
#3377 = PLANE ( 'NONE',  #654 ) ;
#3378 =( LENGTH_UNIT ( ) NAMED_UNIT ( * ) SI_UNIT ( .MILLI., .METRE. ) );
#3379 = FACE_OUTER_BOUND ( 'NONE', #2944, .T. ) ;
#3380 = PRESENTATION_STYLE_ASSIGNMENT (( #55 ) ) ;
#3381 = FILL_AREA_STYLE_COLOUR ( '', #2589 ) ;
#3382 = EDGE_CURVE ( 'NONE', #691, #1165, #3173, .T. ) ;
#3383 = SURFACE_STYLE_USAGE ( .BOTH. , #3693 ) ;
#3384 = DIRECTION ( 'NONE',  ( 0.000000000000000000, 0.000000000000000000, 1.000000000000000000 ) ) ;
#3385 = DIRECTION ( 'NONE',  ( 1.000000000000000000, -3.958838170426965825E-17, 3.766582916872981431E-16 ) ) ;
#3386 = CARTESIAN_POINT ( 'NONE',  ( 2.061003090407925953, 1.668503090407926104, 1.173499999999999543 ) ) ;
#3387 = EDGE_LOOP ( 'NONE', ( #867, #1999, #2009, #1654 ) ) ;
#3388 = EDGE_CURVE ( 'NONE', #1165, #1931, #1586, .T. ) ;
#3389 = CARTESIAN_POINT ( 'NONE',  ( -2.172986810143137326, 1.780486810143137033, -0.1080460774996874346 ) ) ;
#3390 = EDGE_LOOP ( 'NONE', ( #2090, #175, #3578, #2424 ) ) ;
#3391 = CARTESIAN_POINT ( 'NONE',  ( 1.520115977641996796, 1.668503090407926104, -1.190749999999999975 ) ) ;
#3392 = DIRECTION ( 'NONE',  ( 0.000000000000000000, 1.000000000000000000, 0.000000000000000000 ) ) ;
#3393 = DIRECTION ( 'NONE',  ( 1.000000000000000000, -0.000000000000000000, -2.757030317827093085E-16 ) ) ;
#3394 = UNCERTAINTY_MEASURE_WITH_UNIT (LENGTH_MEASURE( 1.000000000000000082E-05 ), #2551, 'distance_accuracy_value', 'NONE');
#3395 = DIRECTION ( 'NONE',  ( 0.000000000000000000, 0.000000000000000000, 1.000000000000000000 ) ) ;
#3396 = CARTESIAN_POINT ( 'NONE',  ( 2.202499999999999680, -1.810000000000000497, 0.1142500000000000043 ) ) ;
#3397 = FILL_AREA_STYLE ('',( #1005 ) ) ;
#3398 = FACE_OUTER_BOUND ( 'NONE', #83, .T. ) ;
#3399 = SURFACE_STYLE_USAGE ( .BOTH. , #355 ) ;
#3400 = VECTOR ( 'NONE', #3144, 1000.000000000000000 ) ;
#3401 = FILL_AREA_STYLE ('',( #82 ) ) ;
#3402 = ADVANCED_FACE ( 'NONE', ( #2905 ), #1382, .F. ) ;
#3403 = ORIENTED_EDGE ( 'NONE', *, *, #910, .T. ) ;
#3404 = AXIS2_PLACEMENT_3D ( 'NONE', #118, #3783, #3465 ) ;
#3405 =( NAMED_UNIT ( * ) PLANE_ANGLE_UNIT ( ) SI_UNIT ( $, .RADIAN. ) );
#3406 = ADVANCED_FACE ( 'NONE', ( #923 ), #3608, .T. ) ;
#3407 = EDGE_CURVE ( 'NONE', #3216, #3310, #3303, .T. ) ;
#3408 = PRESENTATION_LAYER_ASSIGNMENT (  '', '', ( #3604 ) ) ;
#3409 = ORIENTED_EDGE ( 'NONE', *, *, #1815, .T. ) ;
#3410 = ORIENTED_EDGE ( 'NONE', *, *, #2275, .T. ) ;
#3411 = CARTESIAN_POINT ( 'NONE',  ( -2.172664343138951626, -1.810000000000000497, -0.1142500000000000043 ) ) ;
#3412 = SURFACE_STYLE_FILL_AREA ( #1915 ) ;
#3413 = LINE ( 'NONE', #672, #1782 ) ;
#3414 = PRESENTATION_STYLE_ASSIGNMENT (( #2209 ) ) ;
#3415 =( NAMED_UNIT ( * ) PLANE_ANGLE_UNIT ( ) SI_UNIT ( $, .RADIAN. ) );
#3416 = CARTESIAN_POINT ( 'NONE',  ( -1.559999999999999609, 1.032499999999999973, -1.406499999999999861 ) ) ;
#3417 = CARTESIAN_POINT ( 'NONE',  ( -2.172500000000000320, 1.809999999999999609, 0.1142500000000000043 ) ) ;
#3418 =( NAMED_UNIT ( * ) SI_UNIT ( $, .STERADIAN. ) SOLID_ANGLE_UNIT ( ) );
#3419 = COLOUR_RGB ( '',0.8039215686274510109, 0.8039215686274510109, 0.8039215686274510109 ) ;
#3420 = SURFACE_STYLE_USAGE ( .BOTH. , #1587 ) ;
#3421 = CARTESIAN_POINT ( 'NONE',  ( 2.202500000000000124, -1.701018905268250059, -1.151135853898028527 ) ) ;
#3422 = EDGE_LOOP ( 'NONE', ( #1554, #1671, #3948, #3707 ) ) ;
#3423 = ORIENTED_EDGE ( 'NONE', *, *, #2135, .F. ) ;
#3424 = VECTOR ( 'NONE', #473, 1000.000000000000114 ) ;
#3425 =( LENGTH_UNIT ( ) NAMED_UNIT ( * ) SI_UNIT ( .MILLI., .METRE. ) );
#3426 = PRODUCT_DEFINITION_FORMATION_WITH_SPECIFIED_SOURCE ( 'ANY', '', #157, .NOT_KNOWN. ) ;
#3427 = CIRCLE ( 'NONE', #3495, 0.03000000000000007869 ) ;
#3428 = CARTESIAN_POINT ( 'NONE',  ( -1.518724391834963328, 1.696647178744252527, -1.192730053341531704 ) ) ;
#3429 = FILL_AREA_STYLE_COLOUR ( '', #2169 ) ;
#3430 = STYLED_ITEM ( 'NONE', ( #1883 ), #2448 ) ;
#3431 = AXIS2_PLACEMENT_3D ( 'NONE', #1429, #1811, #3597 ) ;
#3432 = PRESENTATION_LAYER_ASSIGNMENT (  '', '', ( #2234 ) ) ;
#3433 = VERTEX_POINT ( 'NONE', #2752 ) ;
#3434 = EDGE_CURVE ( 'NONE', #1489, #527, #2881, .T. ) ;
#3435 = AXIS2_PLACEMENT_3D ( 'NONE', #2029, #2902, #223 ) ;
#3436 = MECHANICAL_DESIGN_GEOMETRIC_PRESENTATION_REPRESENTATION (  '', ( #2179 ), #321 ) ;
#3437 = SURFACE_STYLE_FILL_AREA ( #3129 ) ;
#3438 =( NAMED_UNIT ( * ) SI_UNIT ( $, .STERADIAN. ) SOLID_ANGLE_UNIT ( ) );
#3439 = UNCERTAINTY_MEASURE_WITH_UNIT (LENGTH_MEASURE( 1.000000000000000082E-05 ), #3737, 'distance_accuracy_value', 'NONE');
#3440 = CARTESIAN_POINT ( 'NONE',  ( -2.172986810143137326, -1.810322467004185976, 0.1111819313977170237 ) ) ;
#3441 = COLOUR_RGB ( '',0.8039215686274510109, 0.8039215686274510109, 0.8039215686274510109 ) ;
#3442 = ORIENTED_EDGE ( 'NONE', *, *, #1705, .T. ) ;
#3443 = EDGE_CURVE ( 'NONE', #2749, #3301, #1495, .T. ) ;
#3444 = PLANE ( 'NONE',  #686 ) ;
#3445 = FILL_AREA_STYLE ('',( #162 ) ) ;
#3446 = LINE ( 'NONE', #964, #2549 ) ;
#3447 = MECHANICAL_DESIGN_GEOMETRIC_PRESENTATION_REPRESENTATION (  '', ( #521 ), #1408 ) ;
#3448 = SURFACE_SIDE_STYLE ('',( #2239 ) ) ;
#3449 = SURFACE_STYLE_FILL_AREA ( #3081 ) ;
#3450 =( LENGTH_UNIT ( ) NAMED_UNIT ( * ) SI_UNIT ( .MILLI., .METRE. ) );
#3451 = VERTEX_POINT ( 'NONE', #3947 ) ;
#3452 = DIRECTION ( 'NONE',  ( 0.000000000000000000, 1.000000000000000000, 0.000000000000000000 ) ) ;
#3453 = CARTESIAN_POINT ( 'NONE',  ( 1.514999999999999458, 1.671183248407200672, -1.178000000000000158 ) ) ;
#3454 = DIRECTION ( 'NONE',  ( 0.000000000000000000, -1.000000000000000000, 0.000000000000000000 ) ) ;
#3455 = EDGE_CURVE ( 'NONE', #3523, #430, #1843, .T. ) ;
#3456 = ORIENTED_EDGE ( 'NONE', *, *, #3159, .T. ) ;
#3457 = DIRECTION ( 'NONE',  ( -1.000000000000000000, -1.519389869499635435E-15, -1.445602896647335564E-14 ) ) ;
#3458 = LINE ( 'NONE', #3416, #812 ) ;
#3459 = CARTESIAN_POINT ( 'NONE',  ( -2.190085373081353204, 1.809904244550523122, -0.1151598120378991147 ) ) ;
#3460 = SURFACE_STYLE_FILL_AREA ( #1621 ) ;
#3461 = CARTESIAN_POINT ( 'NONE',  ( -1.525847409459573312, 1.670217364422442285, -1.182594886125746925 ) ) ;
#3462 = ADVANCED_FACE ( 'NONE', ( #2132 ), #3325, .T. ) ;
#3463 = DIRECTION ( 'NONE',  ( -7.267828407699465351E-15, -1.000000000000000000, -0.000000000000000000 ) ) ;
#3464 =( LENGTH_UNIT ( ) NAMED_UNIT ( * ) SI_UNIT ( .MILLI., .METRE. ) );
#3465 = DIRECTION ( 'NONE',  ( 1.000000000000000000, 0.000000000000000000, 0.000000000000000000 ) ) ;
#3466 = UNCERTAINTY_MEASURE_WITH_UNIT (LENGTH_MEASURE( 1.000000000000000082E-05 ), #2136, 'distance_accuracy_value', 'NONE');
#3467 = ORIENTED_EDGE ( 'NONE', *, *, #49, .T. ) ;
#3468 = FILL_AREA_STYLE ('',( #1652 ) ) ;
#3469 = EDGE_LOOP ( 'NONE', ( #2245, #2151, #2646, #309 ) ) ;
#3470 =( GEOMETRIC_REPRESENTATION_CONTEXT ( 3 ) GLOBAL_UNCERTAINTY_ASSIGNED_CONTEXT ( ( #3926 ) ) GLOBAL_UNIT_ASSIGNED_CONTEXT ( ( #2254, #2035, #3812 ) ) REPRESENTATION_CONTEXT ( 'NONE', 'WORKASPACE' ) );
#3471 = CARTESIAN_POINT ( 'NONE',  ( -1.525290173581887343, 1.701018902912197817, -1.151135876314364426 ) ) ;
#3472 = CARTESIAN_POINT ( 'NONE',  ( 1.495571375384066704, -1.668503090407926992, -1.173499999999999543 ) ) ;
#3473 = COLOUR_RGB ( '',0.2862745098039215508, 0.2862745098039215508, 0.2862745098039215508 ) ;
#3474 = MECHANICAL_DESIGN_GEOMETRIC_PRESENTATION_REPRESENTATION (  '', ( #732 ), #2795 ) ;
#3475 = ORIENTED_EDGE ( 'NONE', *, *, #2503, .F. ) ;
#3476 = UNCERTAINTY_MEASURE_WITH_UNIT (LENGTH_MEASURE( 1.000000000000000082E-05 ), #2157, 'distance_accuracy_value', 'NONE');
#3477 = LINE ( 'NONE', #3775, #2150 ) ;
#3478 = VERTEX_POINT ( 'NONE', #1289 ) ;
#3479 = DIRECTION ( 'NONE',  ( -0.000000000000000000, 1.000000000000000000, -0.000000000000000000 ) ) ;
#3480 = CARTESIAN_POINT ( 'NONE',  ( 2.088015211736861332, -1.668503090407926992, 1.203499999999999792 ) ) ;
#3481 = PRESENTATION_STYLE_ASSIGNMENT (( #3051 ) ) ;
#3482 = PRESENTATION_STYLE_ASSIGNMENT (( #3797 ) ) ;
#3483 = SPHERICAL_SURFACE ( 'NONE', #1577, 0.02999999999999999889 ) ;
#3484 = FACE_OUTER_BOUND ( 'NONE', #3944, .T. ) ;
#3485 = CARTESIAN_POINT ( 'NONE',  ( -1.523958318047855309, -1.697571468158590946, -1.183936026992323587 ) ) ;
#3486 = EDGE_CURVE ( 'NONE', #906, #1931, #3718, .T. ) ;
#3487 = CARTESIAN_POINT ( 'NONE',  ( -2.449999999999998845, 1.032499999999999973, -1.406499999999999639 ) ) ;
#3488 = VECTOR ( 'NONE', #650, 1000.000000000000000 ) ;
#3489 = ORIENTED_EDGE ( 'NONE', *, *, #850, .T. ) ;
#3490 = DIRECTION ( 'NONE',  ( 0.5728857937800159172, -0.08567520829183446207, 0.8151451563796426880 ) ) ;
#3491 = ORIENTED_EDGE ( 'NONE', *, *, #3738, .T. ) ;
#3492 = EDGE_CURVE ( 'NONE', #3501, #2919, #259, .T. ) ;
#3493 = CARTESIAN_POINT ( 'NONE',  ( -2.061003090407926841, -1.668503090407926992, 1.173499999999999543 ) ) ;
#3494 = SURFACE_STYLE_USAGE ( .BOTH. , #2600 ) ;
#3495 = AXIS2_PLACEMENT_3D ( 'NONE', #3818, #2300, #2938 ) ;
#3496 = MECHANICAL_DESIGN_GEOMETRIC_PRESENTATION_REPRESENTATION (  '', ( #60 ), #249 ) ;
#3497 =( NAMED_UNIT ( * ) SI_UNIT ( $, .STERADIAN. ) SOLID_ANGLE_UNIT ( ) );
#3498 = CARTESIAN_POINT ( 'NONE',  ( 1.525685624019015973, -1.670168972979317878, -1.182825086664274439 ) ) ;
#3499 = CIRCLE ( 'NONE', #688, 0.03000000000000007869 ) ;
#3500 = FACE_OUTER_BOUND ( 'NONE', #1548, .T. ) ;
#3501 = VERTEX_POINT ( 'NONE', #3082 ) ;
#3502 = STYLED_ITEM ( 'NONE', ( #2523 ), #2585 ) ;
#3503 = DIRECTION ( 'NONE',  ( 0.000000000000000000, 0.000000000000000000, 1.000000000000000000 ) ) ;
#3504 = PRESENTATION_LAYER_ASSIGNMENT (  '', '', ( #2997 ) ) ;
#3505 = PRESENTATION_LAYER_ASSIGNMENT (  '', '', ( #1336 ) ) ;
#3506 = PRESENTATION_LAYER_ASSIGNMENT (  '', '', ( #3058 ) ) ;
#3507 =( LENGTH_UNIT ( ) NAMED_UNIT ( * ) SI_UNIT ( .MILLI., .METRE. ) );
#3508 = AXIS2_PLACEMENT_3D ( 'NONE', #379, #1866, #1589 ) ;
#3509 =( GEOMETRIC_REPRESENTATION_CONTEXT ( 3 ) GLOBAL_UNCERTAINTY_ASSIGNED_CONTEXT ( ( #440 ) ) GLOBAL_UNIT_ASSIGNED_CONTEXT ( ( #1683, #496, #1388 ) ) REPRESENTATION_CONTEXT ( 'NONE', 'WORKASPACE' ) );
#3510 = FILL_AREA_STYLE_COLOUR ( '', #2426 ) ;
#3511 = STYLED_ITEM ( 'NONE', ( #604 ), #2330 ) ;
#3512 = SURFACE_STYLE_USAGE ( .BOTH. , #1731 ) ;
#3513 =( LENGTH_UNIT ( ) NAMED_UNIT ( * ) SI_UNIT ( .MILLI., .METRE. ) );
#3514 = UNCERTAINTY_MEASURE_WITH_UNIT (LENGTH_MEASURE( 1.000000000000000082E-05 ), #3548, 'distance_accuracy_value', 'NONE');
#3515 = EDGE_CURVE ( 'NONE', #279, #2901, #2198, .T. ) ;
#3516 = ORIENTED_EDGE ( 'NONE', *, *, #697, .F. ) ;
#3517 = CARTESIAN_POINT ( 'NONE',  ( 1.495571375384066481, -1.668503090407926992, -1.173499999999999543 ) ) ;
#3518 = ORIENTED_EDGE ( 'NONE', *, *, #832, .T. ) ;
#3519 = DIRECTION ( 'NONE',  ( -1.000000000000000000, -1.519389869499635435E-15, 1.445602896647335564E-14 ) ) ;
#3520 = ADVANCED_FACE ( 'NONE', ( #2826 ), #1309, .T. ) ;
#3521 = SURFACE_SIDE_STYLE ('',( #3437 ) ) ;
#3522 = DIRECTION ( 'NONE',  ( 0.000000000000000000, -1.000000000000000000, 0.000000000000000000 ) ) ;
#3523 = VERTEX_POINT ( 'NONE', #1607 ) ;
#3524 = DIRECTION ( 'NONE',  ( -1.445602896647335564E-14, 0.000000000000000000, 1.000000000000000000 ) ) ;
#3525 = FILL_AREA_STYLE_COLOUR ( '', #2122 ) ;
#3526 = STYLED_ITEM ( 'NONE', ( #3482 ), #968 ) ;
#3527 = FILL_AREA_STYLE_COLOUR ( '', #3441 ) ;
#3528 = FILL_AREA_STYLE ('',( #2008 ) ) ;
#3529 = VERTEX_POINT ( 'NONE', #59 ) ;
#3530 = CYLINDRICAL_SURFACE ( 'NONE', #1076, 0.2500000000000000000 ) ;
#3531 = ORIENTED_EDGE ( 'NONE', *, *, #1785, .T. ) ;
#3532 = ADVANCED_FACE ( 'NONE', ( #1269 ), #2165, .T. ) ;
#3533 = CARTESIAN_POINT ( 'NONE',  ( -1.761003090407928795, -0.2224670787210653311, 1.203499999999999792 ) ) ;
#3534 = B_SPLINE_CURVE_WITH_KNOTS ( 'NONE', 3,
 ( #2676, #2976, #3892, #1132, #2643, #3853, #3868, #1781, #1108, #2096, #1089, #839, #2999, #547, #266, #2700, #3919, #2329, #3533, #1154, #813, #2388, #3593, #3284, #3950, #1497, #2407, #3019, #2112, #1187, #872, #3307, #584 ),
 .UNSPECIFIED., .F., .F.,
 ( 4, 1, 1, 1, 1, 1, 1, 1, 1, 1, 1, 1, 1, 1, 1, 1, 1, 1, 1, 1, 1, 1, 1, 1, 1, 1, 1, 1, 1, 1, 4 ),
 ( 0.000000000000000000, 0.03333333333334154852, 0.06666666666667542263, 0.1000000000000089151, 0.1333333333333424631, 0.1666666666666756225, 0.2000000000000091149, 0.2333333333333415527, 0.2666666666666748231, 0.3000000000000070943, 0.3333333333333399762, 0.3666666666666724694, 0.4000000000000052403, 0.4333333333333378445, 0.4666666666666706154, 0.5000000000000033307, 0.5333333333333361015, 0.5666666666666689833, 0.6000000000000018652, 0.6333333333333350801, 0.6666666666666682950, 0.7000000000000013989, 0.7333333333333341697, 0.7666666666666676067, 0.8000000000000003775, 0.8333333333333337034, 0.8666666666666666963, 0.9000000000000000222, 0.9333333333333332371, 0.9666666666666667851, 1.000000000000000000 ),
 .UNSPECIFIED. ) ;
#3535 = ORIENTED_EDGE ( 'NONE', *, *, #3069, .F. ) ;
#3536 = EDGE_CURVE ( 'NONE', #1296, #1489, #432, .T. ) ;
#3537 = FACE_OUTER_BOUND ( 'NONE', #660, .T. ) ;
#3538 = LINE ( 'NONE', #2082, #1914 ) ;
#3539 = VECTOR ( 'NONE', #984, 1000.000000000000000 ) ;
#3540 =( NAMED_UNIT ( * ) SI_UNIT ( $, .STERADIAN. ) SOLID_ANGLE_UNIT ( ) );
#3541 = VERTEX_POINT ( 'NONE', #769 ) ;
#3542 = DIRECTION ( 'NONE',  ( -0.1039620511844960016, 0.1039620511844990408, 0.9891328443778540924 ) ) ;
#3543 = SURFACE_STYLE_USAGE ( .BOTH. , #2336 ) ;
#3544 = FILL_AREA_STYLE_COLOUR ( '', #3632 ) ;
#3545 = SURFACE_STYLE_FILL_AREA ( #3882 ) ;
#3546 = DIRECTION ( 'NONE',  ( -0.000000000000000000, -1.000000000000000000, -0.000000000000000000 ) ) ;
#3547 = CARTESIAN_POINT ( 'NONE',  ( -1.544660579899926889, -1.701018905268249837, -1.151135853898029859 ) ) ;
#3548 =( LENGTH_UNIT ( ) NAMED_UNIT ( * ) SI_UNIT ( .MILLI., .METRE. ) );
#3549 = VERTEX_POINT ( 'NONE', #3162 ) ;
#3550 =( LENGTH_UNIT ( ) NAMED_UNIT ( * ) SI_UNIT ( .MILLI., .METRE. ) );
#3551 = EDGE_LOOP ( 'NONE', ( #2054, #2602, #2888, #1109 ) ) ;
#3552 = MECHANICAL_DESIGN_GEOMETRIC_PRESENTATION_REPRESENTATION (  '', ( #1572 ), #3163 ) ;
#3553 = STYLED_ITEM ( 'NONE', ( #1305 ), #3850 ) ;
#3554 = CARTESIAN_POINT ( 'NONE',  ( -2.346500000000000696, 1.032499999999999973, -0.1142499999999994770 ) ) ;
#3555 = ADVANCED_FACE ( 'NONE', ( #1708 ), #1360, .T. ) ;
#3556 = ORIENTED_EDGE ( 'NONE', *, *, #3763, .T. ) ;
#3557 = CARTESIAN_POINT ( 'NONE',  ( -2.202499999999999680, -1.032499999999999973, 0.1142500000000005456 ) ) ;
#3558 = PRESENTATION_LAYER_ASSIGNMENT (  '', '', ( #2360 ) ) ;
#3559 = DIRECTION ( 'NONE',  ( 1.000000000000000000, 0.000000000000000000, 0.000000000000000000 ) ) ;
#3560 = STYLED_ITEM ( 'NONE', ( #2498 ), #2775 ) ;
#3561 = SURFACE_STYLE_USAGE ( .BOTH. , #2337 ) ;
#3562 = CARTESIAN_POINT ( 'NONE',  ( 2.061003090407925953, -1.668503090407926992, 1.173499999999999543 ) ) ;
#3563 = CARTESIAN_POINT ( 'NONE',  ( -2.202500000000000124, 1.701018905268248949, -1.151135853898029859 ) ) ;
#3564 = PRESENTATION_LAYER_ASSIGNMENT (  '', '', ( #1585 ) ) ;
#3565 = ADVANCED_FACE ( 'NONE', ( #1436 ), #165, .T. ) ;
#3566 = AXIS2_PLACEMENT_3D ( 'NONE', #10, #3641, #2514 ) ;
#3567 = PRESENTATION_LAYER_ASSIGNMENT (  '', '', ( #3700 ) ) ;
#3568 = PRESENTATION_STYLE_ASSIGNMENT (( #3029 ) ) ;
#3569 = PRESENTATION_LAYER_ASSIGNMENT (  '', '', ( #388 ) ) ;
#3570 = PRESENTATION_LAYER_ASSIGNMENT (  '', '', ( #3187 ) ) ;
#3571 = AXIS2_PLACEMENT_3D ( 'NONE', #2313, #2963, #3577 ) ;
#3572 = SURFACE_STYLE_FILL_AREA ( #220 ) ;
#3573 =( GEOMETRIC_REPRESENTATION_CONTEXT ( 3 ) GLOBAL_UNCERTAINTY_ASSIGNED_CONTEXT ( ( #639 ) ) GLOBAL_UNIT_ASSIGNED_CONTEXT ( ( #2689, #2127, #1836 ) ) REPRESENTATION_CONTEXT ( 'NONE', 'WORKASPACE' ) );
#3574 = VERTEX_POINT ( 'NONE', #3046 ) ;
#3575 = ORIENTED_EDGE ( 'NONE', *, *, #3091, .F. ) ;
#3576 = EDGE_LOOP ( 'NONE', ( #2740, #1691, #3070, #2722 ) ) ;
#3577 = DIRECTION ( 'NONE',  ( 0.000000000000000000, 0.000000000000000000, 1.000000000000000000 ) ) ;
#3578 = ORIENTED_EDGE ( 'NONE', *, *, #5, .F. ) ;
#3579 = CARTESIAN_POINT ( 'NONE',  ( 2.063683248407200743, -1.671183248407201782, -1.148000000000000353 ) ) ;
#3580 = PRESENTATION_STYLE_ASSIGNMENT (( #1446 ) ) ;
#3581 = CARTESIAN_POINT ( 'NONE',  ( -2.088015211736862220, -1.698338747268975268, 1.176635853898029271 ) ) ;
#3582 = EDGE_CURVE ( 'NONE', #3611, #1991, #257, .T. ) ;
#3583 = FACE_OUTER_BOUND ( 'NONE', #1115, .T. ) ;
#3584 = MECHANICAL_DESIGN_GEOMETRIC_PRESENTATION_REPRESENTATION (  '', ( #2834 ), #2832 ) ;
#3585 =( NAMED_UNIT ( * ) PLANE_ANGLE_UNIT ( ) SI_UNIT ( $, .RADIAN. ) );
#3586 = PRESENTATION_STYLE_ASSIGNMENT (( #2440 ) ) ;
#3587 = ADVANCED_FACE ( 'NONE', ( #3646 ), #3885, .F. ) ;
#3588 = CARTESIAN_POINT ( 'NONE',  ( -1.559999999999999609, 1.032499999999999973, -1.406499999999999861 ) ) ;
#3589 = UNCERTAINTY_MEASURE_WITH_UNIT (LENGTH_MEASURE( 1.000000000000000082E-05 ), #3351, 'distance_accuracy_value', 'NONE');
#3590 = EDGE_LOOP ( 'NONE', ( #3357, #22, #1884, #3635 ) ) ;
#3591 = CARTESIAN_POINT ( 'NONE',  ( -2.125377094022156577, -1.762712750883205670, -0.5641581221347997666 ) ) ;
#3592 = CARTESIAN_POINT ( 'NONE',  ( 2.202499999999999680, 1.779999999999999361, 0.1142500000000000043 ) ) ;
#3593 = CARTESIAN_POINT ( 'NONE',  ( -1.761003090407930349, -0.6674012361631764811, 1.203499999999999792 ) ) ;
#3594 = UNCERTAINTY_MEASURE_WITH_UNIT (LENGTH_MEASURE( 1.000000000000000082E-05 ), #3261, 'distance_accuracy_value', 'NONE');
#3595 = LINE ( 'NONE', #1721, #48 ) ;
#3596 = FILL_AREA_STYLE ('',( #269 ) ) ;
#3597 = DIRECTION ( 'NONE',  ( 1.445602896647335564E-14, 0.000000000000000000, -1.000000000000000000 ) ) ;
#3598 = ORIENTED_EDGE ( 'NONE', *, *, #471, .F. ) ;
#3599 = CYLINDRICAL_SURFACE ( 'NONE', #1924, 0.03000000000000018277 ) ;
#3600 =( NAMED_UNIT ( * ) SI_UNIT ( $, .STERADIAN. ) SOLID_ANGLE_UNIT ( ) );
#3601 = AXIS2_PLACEMENT_3D ( 'NONE', #346, #328, #1542 ) ;
#3602 = FACE_OUTER_BOUND ( 'NONE', #2655, .T. ) ;
#3603 = CARTESIAN_POINT ( 'NONE',  ( -2.346500000000000696, 1.032499999999999973, -0.2392499999999986582 ) ) ;
#3604 = STYLED_ITEM ( 'NONE', ( #231 ), #126 ) ;
#3605 = ORIENTED_EDGE ( 'NONE', *, *, #1414, .F. ) ;
#3606 = EDGE_CURVE ( 'NONE', #2216, #1595, #2217, .T. ) ;
#3607 = DIRECTION ( 'NONE',  ( 1.000000000000000000, -0.000000000000000000, -2.757030317827093085E-16 ) ) ;
#3608 = CYLINDRICAL_SURFACE ( 'NONE', #1854, 0.03000000000000007869 ) ;
#3609 = DIRECTION ( 'NONE',  ( -0.000000000000000000, 1.000000000000000000, 0.000000000000000000 ) ) ;
#3610 = LINE ( 'NONE', #1169, #2761 ) ;
#3611 = VERTEX_POINT ( 'NONE', #2726 ) ;
#3612 = EDGE_CURVE ( 'NONE', #1549, #3928, #573, .T. ) ;
#3613 = MECHANICAL_DESIGN_GEOMETRIC_PRESENTATION_REPRESENTATION (  '', ( #1631 ), #1453 ) ;
#3614 = PRESENTATION_LAYER_ASSIGNMENT (  '', '', ( #1908 ) ) ;
#3615 = CARTESIAN_POINT ( 'NONE',  ( 2.202499999999999680, 1.779999999999999361, 0.1142500000000000043 ) ) ;
#3616 = ORIENTED_EDGE ( 'NONE', *, *, #2160, .T. ) ;
#3617 = VECTOR ( 'NONE', #1858, 1000.000000000000114 ) ;
#3618 = LINE ( 'NONE', #3959, #2095 ) ;
#3619 =( GEOMETRIC_REPRESENTATION_CONTEXT ( 3 ) GLOBAL_UNCERTAINTY_ASSIGNED_CONTEXT ( ( #2494 ) ) GLOBAL_UNIT_ASSIGNED_CONTEXT ( ( #564, #3953, #3371 ) ) REPRESENTATION_CONTEXT ( 'NONE', 'WORKASPACE' ) );
#3620 = PRESENTATION_STYLE_ASSIGNMENT (( #1816 ) ) ;
#3621 = SURFACE_SIDE_STYLE ('',( #3940 ) ) ;
#3622 =( GEOMETRIC_REPRESENTATION_CONTEXT ( 3 ) GLOBAL_UNCERTAINTY_ASSIGNED_CONTEXT ( ( #2248 ) ) GLOBAL_UNIT_ASSIGNED_CONTEXT ( ( #1606, #786, #3140 ) ) REPRESENTATION_CONTEXT ( 'NONE', 'WORKASPACE' ) );
#3623 =( NAMED_UNIT ( * ) SI_UNIT ( $, .STERADIAN. ) SOLID_ANGLE_UNIT ( ) );
#3624 = VECTOR ( 'NONE', #3115, 1000.000000000000000 ) ;
#3625 = MECHANICAL_DESIGN_GEOMETRIC_PRESENTATION_REPRESENTATION (  '', ( #3905 ), #2303 ) ;
#3626 = COLOUR_RGB ( '',0.2862745098039215508, 0.2862745098039215508, 0.2862745098039215508 ) ;
#3627 = VERTEX_POINT ( 'NONE', #2690 ) ;
#3628 =( NAMED_UNIT ( * ) SI_UNIT ( $, .STERADIAN. ) SOLID_ANGLE_UNIT ( ) );
#3629 = STYLED_ITEM ( 'NONE', ( #3101 ), #2204 ) ;
#3630 = EDGE_LOOP ( 'NONE', ( #838, #3020, #131, #38, #1711, #790, #610, #3648, #2547, #2390, #3832, #592 ) ) ;
#3631 = STYLED_ITEM ( 'NONE', ( #1823 ), #3402 ) ;
#3632 = COLOUR_RGB ( '',0.2862745098039215508, 0.2862745098039215508, 0.2862745098039215508 ) ;
#3633 = ADVANCED_FACE ( 'NONE', ( #2384 ), #2142, .F. ) ;
#3634 = STYLED_ITEM ( 'NONE', ( #1588 ), #2218 ) ;
#3635 = ORIENTED_EDGE ( 'NONE', *, *, #3138, .T. ) ;
#3636 = FILL_AREA_STYLE ('',( #1449 ) ) ;
#3637 = AXIS2_PLACEMENT_3D ( 'NONE', #31, #2855, #2194 ) ;
#3638 = PRESENTATION_STYLE_ASSIGNMENT (( #2431 ) ) ;
#3639 = CARTESIAN_POINT ( 'NONE',  ( -2.346500000000000696, 1.032499999999999973, -0.2392499999999986582 ) ) ;
#3640 = EDGE_CURVE ( 'NONE', #2978, #3216, #3446, .T. ) ;
#3641 = DIRECTION ( 'NONE',  ( -1.000000000000000000, 6.837254412748359459E-15, 6.505213034913010196E-14 ) ) ;
#3642 =( LENGTH_UNIT ( ) NAMED_UNIT ( * ) SI_UNIT ( .MILLI., .METRE. ) );
#3643 =( NAMED_UNIT ( * ) SI_UNIT ( $, .STERADIAN. ) SOLID_ANGLE_UNIT ( ) );
#3644 = CARTESIAN_POINT ( 'NONE',  ( 2.346499999999999808, 1.032499999999999973, -1.053000000000000602 ) ) ;
#3645 = CYLINDRICAL_SURFACE ( 'NONE', #3637, 0.03000000000000007869 ) ;
#3646 = FACE_OUTER_BOUND ( 'NONE', #2833, .T. ) ;
#3647 = VECTOR ( 'NONE', #945, 1000.000000000000000 ) ;
#3648 = ORIENTED_EDGE ( 'NONE', *, *, #246, .F. ) ;
#3649 = FILL_AREA_STYLE_COLOUR ( '', #513 ) ;
#3650 = SURFACE_STYLE_USAGE ( .BOTH. , #3668 ) ;
#3651 =( NAMED_UNIT ( * ) SI_UNIT ( $, .STERADIAN. ) SOLID_ANGLE_UNIT ( ) );
#3652 = VERTEX_POINT ( 'NONE', #3685 ) ;
#3653 = EDGE_CURVE ( 'NONE', #3748, #3451, #3354, .T. ) ;
#3654 = EDGE_LOOP ( 'NONE', ( #2975, #289, #2928, #3098 ) ) ;
#3655 = VERTEX_POINT ( 'NONE', #707 ) ;
#3656 = FACE_OUTER_BOUND ( 'NONE', #902, .T. ) ;
#3657 = ADVANCED_FACE ( 'NONE', ( #2541 ), #351, .T. ) ;
#3658 = DIRECTION ( 'NONE',  ( 1.000000000000000000, 0.000000000000000000, 0.000000000000000000 ) ) ;
#3659 = FILL_AREA_STYLE_COLOUR ( '', #1442 ) ;
#3660 = DIRECTION ( 'NONE',  ( 0.000000000000000000, -1.000000000000000000, 0.000000000000000000 ) ) ;
#3661 = STYLED_ITEM ( 'NONE', ( #723 ), #1259 ) ;
#3662 =( NAMED_UNIT ( * ) PLANE_ANGLE_UNIT ( ) SI_UNIT ( $, .RADIAN. ) );
#3663 =( LENGTH_UNIT ( ) NAMED_UNIT ( * ) SI_UNIT ( .MILLI., .METRE. ) );
#3664 = SURFACE_STYLE_USAGE ( .BOTH. , #2458 ) ;
#3665 =( NAMED_UNIT ( * ) SI_UNIT ( $, .STERADIAN. ) SOLID_ANGLE_UNIT ( ) );
#3666 = STYLED_ITEM ( 'NONE', ( #1159 ), #1490 ) ;
#3667 = ORIENTED_EDGE ( 'NONE', *, *, #3443, .F. ) ;
#3668 = SURFACE_SIDE_STYLE ('',( #2461 ) ) ;
#3669 = PLANE ( 'NONE',  #2089 ) ;
#3670 = ORIENTED_EDGE ( 'NONE', *, *, #943, .F. ) ;
#3671 = VERTEX_POINT ( 'NONE', #3417 ) ;
#3672 = CYLINDRICAL_SURFACE ( 'NONE', #3954, 0.03000000000000007869 ) ;
#3673 = DIRECTION ( 'NONE',  ( 0.000000000000000000, -1.000000000000000000, -0.000000000000000000 ) ) ;
#3674 = VECTOR ( 'NONE', #2315, 1000.000000000000000 ) ;
#3675 =( BOUNDED_SURFACE ( )  B_SPLINE_SURFACE ( 3, 2, ( 
 ( #468, #736, #1015 ),
 ( #3471, #1294, #150 ),
 ( #3740, #990, #2220 ),
 ( #1970, #3428, #408 ) ),
 .UNSPECIFIED., .F., .F., .F. ) 
 B_SPLINE_SURFACE_WITH_KNOTS ( ( 4, 4 ),
 ( 3, 3 ),
 ( 0.000000000000000000, 0.9581921787462778228 ),
 ( 0.000000000000000000, 1.000000000000000000 ),
 .UNSPECIFIED. ) 
 GEOMETRIC_REPRESENTATION_ITEM ( )  RATIONAL_B_SPLINE_SURFACE ( (
 ( 1.000000000000000000, 0.7431448254773939111, 1.000000000000000000),
 ( 1.000000000000000000, 0.7432171584582885071, 1.000000000000000000),
 ( 1.000000000000000000, 0.7374958089388602422, 1.000000000000000000),
 ( 1.000000000000000000, 0.7280466559152991568, 1.000000000000000000) ) ) 
 REPRESENTATION_ITEM ( '' )  SURFACE ( )  );
#3676 = DIRECTION ( 'NONE',  ( -0.000000000000000000, -1.000000000000000000, -0.000000000000000000 ) ) ;
#3677 =( NAMED_UNIT ( * ) PLANE_ANGLE_UNIT ( ) SI_UNIT ( $, .RADIAN. ) );
#3678 = SURFACE_SIDE_STYLE ('',( #1853 ) ) ;
#3679 = UNCERTAINTY_MEASURE_WITH_UNIT (LENGTH_MEASURE( 1.000000000000000082E-05 ), #1793, 'distance_accuracy_value', 'NONE');
#3680 = EDGE_CURVE ( 'NONE', #1029, #1824, #2501, .T. ) ;
#3681 =( GEOMETRIC_REPRESENTATION_CONTEXT ( 3 ) GLOBAL_UNCERTAINTY_ASSIGNED_CONTEXT ( ( #525 ) ) GLOBAL_UNIT_ASSIGNED_CONTEXT ( ( #841, #1445, #2679 ) ) REPRESENTATION_CONTEXT ( 'NONE', 'WORKASPACE' ) );
#3682 = FILL_AREA_STYLE ('',( #3094 ) ) ;
#3683 = VECTOR ( 'NONE', #2092, 1000.000000000000000 ) ;
#3684 = PRESENTATION_STYLE_ASSIGNMENT (( #2180 ) ) ;
#3685 = CARTESIAN_POINT ( 'NONE',  ( -2.471499999999999808, -1.032499999999999973, -1.052999999999999936 ) ) ;
#3686 = LINE ( 'NONE', #3396, #3647 ) ;
#3687 = EDGE_CURVE ( 'NONE', #1342, #3852, #3049, .T. ) ;
#3688 = COLOUR_RGB ( '',0.2862745098039215508, 0.2862745098039215508, 0.2862745098039215508 ) ;
#3689 = VECTOR ( 'NONE', #796, 1000.000000000000000 ) ;
#3690 = ORIENTED_EDGE ( 'NONE', *, *, #1264, .F. ) ;
#3691 = VECTOR ( 'NONE', #3546, 1000.000000000000000 ) ;
#3692 = EDGE_LOOP ( 'NONE', ( #972, #1504, #1409, #3291 ) ) ;
#3693 = SURFACE_SIDE_STYLE ('',( #1245 ) ) ;
#3694 =( NAMED_UNIT ( * ) PLANE_ANGLE_UNIT ( ) SI_UNIT ( $, .RADIAN. ) );
#3695 = CARTESIAN_POINT ( 'NONE',  ( -2.063683248407201631, 1.671183248407200672, -1.148000000000000353 ) ) ;
#3696 = CARTESIAN_POINT ( 'NONE',  ( 2.449999999999998845, 1.032499999999999973, 0.1142499999999999905 ) ) ;
#3697 = PRESENTATION_LAYER_ASSIGNMENT (  '', '', ( #1581 ) ) ;
#3698 = ORIENTED_EDGE ( 'NONE', *, *, #1869, .F. ) ;
#3699 = MECHANICAL_DESIGN_GEOMETRIC_PRESENTATION_REPRESENTATION (  '', ( #3631 ), #2432 ) ;
#3700 = STYLED_ITEM ( 'NONE', ( #3864 ), #728 ) ;
#3701 = VECTOR ( 'NONE', #1777, 1000.000000000000114 ) ;
#3702 = CARTESIAN_POINT ( 'NONE',  ( -2.202500000000000568, -1.810000000000000497, -0.1142500000000000043 ) ) ;
#3703 = CARTESIAN_POINT ( 'NONE',  ( 2.061003090407925953, -1.668503090407926992, 1.173499999999999543 ) ) ;
#3704 = MECHANICAL_DESIGN_GEOMETRIC_PRESENTATION_REPRESENTATION (  '', ( #2997 ), #1473 ) ;
#3705 = COLOUR_RGB ( '',0.8039215686274510109, 0.8039215686274510109, 0.8039215686274510109 ) ;
#3706 = STYLED_ITEM ( 'NONE', ( #2006 ), #2255 ) ;
#3707 = ORIENTED_EDGE ( 'NONE', *, *, #731, .T. ) ;
#3708 = CARTESIAN_POINT ( 'NONE',  ( 2.202404244550522971, 1.797585373081352689, 0.1151598120378952567 ) ) ;
#3709 = CARTESIAN_POINT ( 'NONE',  ( 0.000000000000000000, 0.000000000000000000, -1.203499999999999792 ) ) ;
#3710 =( LENGTH_UNIT ( ) NAMED_UNIT ( * ) SI_UNIT ( .MILLI., .METRE. ) );
#3711 = FILL_AREA_STYLE_COLOUR ( '', #1530 ) ;
#3712 = FACE_OUTER_BOUND ( 'NONE', #282, .T. ) ;
#3713 = SURFACE_STYLE_FILL_AREA ( #657 ) ;
#3714 = ADVANCED_FACE ( 'NONE', ( #2823 ), #2839, .F. ) ;
#3715 = DIRECTION ( 'NONE',  ( 0.000000000000000000, 0.9945218953682735119, -0.1045284632676525272 ) ) ;
#3716 = ORIENTED_EDGE ( 'NONE', *, *, #799, .F. ) ;
#3717 = SURFACE_SIDE_STYLE ('',( #1006 ) ) ;
#3718 = LINE ( 'NONE', #3421, #1992 ) ;
#3719 = ADVANCED_FACE ( 'NONE', ( #3137 ), #2857, .T. ) ;
#3720 = MECHANICAL_DESIGN_GEOMETRIC_PRESENTATION_REPRESENTATION (  '', ( #3376 ), #3755 ) ;
#3721 = SURFACE_STYLE_USAGE ( .BOTH. , #2463 ) ;
#3722 = UNCERTAINTY_MEASURE_WITH_UNIT (LENGTH_MEASURE( 1.000000000000000082E-05 ), #2594, 'distance_accuracy_value', 'NONE');
#3723 = ORIENTED_EDGE ( 'NONE', *, *, #2419, .T. ) ;
#3724 = CARTESIAN_POINT ( 'NONE',  ( -2.346499999999999808, -1.032499999999999973, -1.052999999999999936 ) ) ;
#3725 = VECTOR ( 'NONE', #981, 1000.000000000000000 ) ;
#3726 = LINE ( 'NONE', #3702, #3488 ) ;
#3727 = SURFACE_SIDE_STYLE ('',( #390 ) ) ;
#3728 = ORIENTED_EDGE ( 'NONE', *, *, #793, .T. ) ;
#3729 = FACE_OUTER_BOUND ( 'NONE', #2334, .T. ) ;
#3730 =( NAMED_UNIT ( * ) PLANE_ANGLE_UNIT ( ) SI_UNIT ( $, .RADIAN. ) );
#3731 = UNCERTAINTY_MEASURE_WITH_UNIT (LENGTH_MEASURE( 1.000000000000000082E-05 ), #1034, 'distance_accuracy_value', 'NONE');
#3732 = FILL_AREA_STYLE_COLOUR ( '', #2591 ) ;
#3733 = FACE_OUTER_BOUND ( 'NONE', #1110, .T. ) ;
#3734 = CARTESIAN_POINT ( 'NONE',  ( -2.471499999999999808, 1.032499999999999973, -1.052999999999999936 ) ) ;
#3735 = DIRECTION ( 'NONE',  ( 0.000000000000000000, 1.000000000000000000, 0.000000000000000000 ) ) ;
#3736 = VECTOR ( 'NONE', #2085, 1000.000000000000000 ) ;
#3737 =( LENGTH_UNIT ( ) NAMED_UNIT ( * ) SI_UNIT ( .MILLI., .METRE. ) );
#3738 = EDGE_CURVE ( 'NONE', #1834, #2011, #1152, .T. ) ;
#3739 = ORIENTED_EDGE ( 'NONE', *, *, #1560, .T. ) ;
#3740 = CARTESIAN_POINT ( 'NONE',  ( -1.506709594170719591, 1.700004466515757207, -1.160787593905731274 ) ) ;
#3741 = FILL_AREA_STYLE ('',( #3108 ) ) ;
#3742 = EDGE_CURVE ( 'NONE', #1940, #196, #2365, .T. ) ;
#3743 = ORIENTED_EDGE ( 'NONE', *, *, #3052, .T. ) ;
#3744 = DIRECTION ( 'NONE',  ( -1.000000000000000000, 0.000000000000000000, 0.000000000000000000 ) ) ;
#3745 = LINE ( 'NONE', #2624, #403 ) ;
#3746 = DIRECTION ( 'NONE',  ( 0.1039620511844960293, -0.1039620511844967787, 0.9891328443778542034 ) ) ;
#3747 = DIRECTION ( 'NONE',  ( 0.000000000000000000, 0.000000000000000000, -1.000000000000000000 ) ) ;
#3748 = VERTEX_POINT ( 'NONE', #2673 ) ;
#3749 = DIRECTION ( 'NONE',  ( 0.000000000000000000, 0.000000000000000000, -1.000000000000000000 ) ) ;
#3750 = SURFACE_STYLE_FILL_AREA ( #705 ) ;
#3751 = DIRECTION ( 'NONE',  ( -0.000000000000000000, -1.000000000000000000, -0.000000000000000000 ) ) ;
#3752 = CARTESIAN_POINT ( 'NONE',  ( 1.544660579899926889, 1.698195369736136273, -1.178000000000000380 ) ) ;
#3753 = FILL_AREA_STYLE_COLOUR ( '', #152 ) ;
#3754 = FACE_OUTER_BOUND ( 'NONE', #384, .T. ) ;
#3755 =( GEOMETRIC_REPRESENTATION_CONTEXT ( 3 ) GLOBAL_UNCERTAINTY_ASSIGNED_CONTEXT ( ( #3801 ) ) GLOBAL_UNIT_ASSIGNED_CONTEXT ( ( #532, #268, #3854 ) ) REPRESENTATION_CONTEXT ( 'NONE', 'WORKASPACE' ) );
#3756 = FILL_AREA_STYLE_COLOUR ( '', #2305 ) ;
#3757 = SURFACE_SIDE_STYLE ('',( #97 ) ) ;
#3758 = AXIS2_PLACEMENT_3D ( 'NONE', #94, #2237, #1945 ) ;
#3759 = CARTESIAN_POINT ( 'NONE',  ( -1.495571375384066481, 1.668503090407926104, -1.173499999999999543 ) ) ;
#3760 = UNCERTAINTY_MEASURE_WITH_UNIT (LENGTH_MEASURE( 1.000000000000000082E-05 ), #1566, 'distance_accuracy_value', 'NONE');
#3761 = ORIENTED_EDGE ( 'NONE', *, *, #3582, .F. ) ;
#3762 = COLOUR_RGB ( '',0.8039215686274510109, 0.8039215686274510109, 0.8039215686274510109 ) ;
#3763 = EDGE_CURVE ( 'NONE', #242, #6, #2695, .T. ) ;
#3764 = LINE ( 'NONE', #1072, #3771 ) ;
#3765 =( GEOMETRIC_REPRESENTATION_CONTEXT ( 3 ) GLOBAL_UNCERTAINTY_ASSIGNED_CONTEXT ( ( #674 ) ) GLOBAL_UNIT_ASSIGNED_CONTEXT ( ( #3425, #1314, #2246 ) ) REPRESENTATION_CONTEXT ( 'NONE', 'WORKASPACE' ) );
#3766 = VECTOR ( 'NONE', #271, 1000.000000000000000 ) ;
#3767 = AXIS2_PLACEMENT_3D ( 'NONE', #3012, #14, #1458 ) ;
#3768 = MECHANICAL_DESIGN_GEOMETRIC_PRESENTATION_REPRESENTATION (  '', ( #2759 ), #2702 ) ;
#3769 = EDGE_CURVE ( 'NONE', #3360, #1056, #1337, .T. ) ;
#3770 = PRESENTATION_LAYER_ASSIGNMENT (  '', '', ( #198 ) ) ;
#3771 = VECTOR ( 'NONE', #666, 1000.000000000000000 ) ;
#3772 = FACE_OUTER_BOUND ( 'NONE', #2917, .T. ) ;
#3773 = CARTESIAN_POINT ( 'NONE',  ( 2.202499999999999680, 1.780164343138951555, -0.1142500000000000043 ) ) ;
#3774 = UNCERTAINTY_MEASURE_WITH_UNIT (LENGTH_MEASURE( 1.000000000000000082E-05 ), #1576, 'distance_accuracy_value', 'NONE');
#3775 = CARTESIAN_POINT ( 'NONE',  ( -2.202500000000000568, -1.810000000000000497, -0.1142500000000000043 ) ) ;
#3776 = ORIENTED_EDGE ( 'NONE', *, *, #3262, .F. ) ;
#3777 = FILL_AREA_STYLE_COLOUR ( '', #2876 ) ;
#3778 = LINE ( 'NONE', #2540, #370 ) ;
#3779 = CARTESIAN_POINT ( 'NONE',  ( 1.506709594170719368, 1.700004466515757207, -1.160787593905731052 ) ) ;
#3780 = COLOUR_RGB ( '',0.2862745098039215508, 0.2862745098039215508, 0.2862745098039215508 ) ;
#3781 = SURFACE_SIDE_STYLE ('',( #2521 ) ) ;
#3782 = SURFACE_STYLE_USAGE ( .BOTH. , #1332 ) ;
#3783 = DIRECTION ( 'NONE',  ( 0.000000000000000000, 1.000000000000000000, 0.000000000000000000 ) ) ;
#3784 = EDGE_LOOP ( 'NONE', ( #624, #2765, #1539, #1734 ) ) ;
#3785 = FILL_AREA_STYLE ('',( #1952 ) ) ;
#3786 = ORIENTED_EDGE ( 'NONE', *, *, #204, .T. ) ;
#3787 = CARTESIAN_POINT ( 'NONE',  ( 1.559999999999999165, 1.032499999999999973, -1.178000000000000158 ) ) ;
#3788 = AXIS2_PLACEMENT_3D ( 'NONE', #3356, #556, #3030 ) ;
#3789 = SURFACE_STYLE_FILL_AREA ( #392 ) ;
#3790 = ORIENTED_EDGE ( 'NONE', *, *, #498, .F. ) ;
#3791 = AXIS2_PLACEMENT_3D ( 'NONE', #1258, #330, #1543 ) ;
#3792 = EDGE_CURVE ( 'NONE', #166, #3541, #868, .T. ) ;
#3793 = VERTEX_POINT ( 'NONE', #2145 ) ;
#3794 = CARTESIAN_POINT ( 'NONE',  ( -1.495571375384066704, 1.695515211736861039, -1.203499999999999792 ) ) ;
#3795 = LINE ( 'NONE', #3480, #1462 ) ;
#3796 = SURFACE_STYLE_FILL_AREA ( #2295 ) ;
#3797 = SURFACE_STYLE_USAGE ( .BOTH. , #2649 ) ;
#3798 = FACE_OUTER_BOUND ( 'NONE', #1882, .T. ) ;
#3799 = CARTESIAN_POINT ( 'NONE',  ( 1.559999999999999165, 1.032499999999999973, -1.178000000000000158 ) ) ;
#3800 = CARTESIAN_POINT ( 'NONE',  ( -1.506709594170719368, -1.700004466515757429, -1.160787593905731052 ) ) ;
#3801 = UNCERTAINTY_MEASURE_WITH_UNIT (LENGTH_MEASURE( 1.000000000000000082E-05 ), #532, 'distance_accuracy_value', 'NONE');
#3802 = ORIENTED_EDGE ( 'NONE', *, *, #2889, .T. ) ;
#3803 =( LENGTH_UNIT ( ) NAMED_UNIT ( * ) SI_UNIT ( .MILLI., .METRE. ) );
#3804 = ORIENTED_EDGE ( 'NONE', *, *, #1236, .T. ) ;
#3805 = FILL_AREA_STYLE ('',( #695 ) ) ;
#3806 = CARTESIAN_POINT ( 'NONE',  ( 2.093518905268249242, 1.671183248407200672, -1.151135853898029859 ) ) ;
#3807 = AXIS2_PLACEMENT_3D ( 'NONE', #3348, #291, #1221 ) ;
#3808 = SURFACE_SIDE_STYLE ('',( #760 ) ) ;
#3809 = VERTEX_POINT ( 'NONE', #3915 ) ;
#3810 =( NAMED_UNIT ( * ) PLANE_ANGLE_UNIT ( ) SI_UNIT ( $, .RADIAN. ) );
#3811 = FILL_AREA_STYLE_COLOUR ( '', #1918 ) ;
#3812 =( NAMED_UNIT ( * ) SI_UNIT ( $, .STERADIAN. ) SOLID_ANGLE_UNIT ( ) );
#3813 = VERTEX_POINT ( 'NONE', #240 ) ;
#3814 = CARTESIAN_POINT ( 'NONE',  ( 0.000000000000000000, 0.000000000000000000, 1.203499999999999792 ) ) ;
#3815 = CARTESIAN_POINT ( 'NONE',  ( -2.172500000000000320, 1.809999999999999609, 0.1142500000000000043 ) ) ;
#3816 = EDGE_CURVE ( 'NONE', #1396, #3655, #1127, .T. ) ;
#3817 = PRESENTATION_STYLE_ASSIGNMENT (( #1641 ) ) ;
#3818 = CARTESIAN_POINT ( 'NONE',  ( 1.495571375384064705, -1.668503090407926992, -1.173499999999999543 ) ) ;
#3819 =( BOUNDED_CURVE ( )  B_SPLINE_CURVE ( 3, ( #1953, #447, #1656, #1361 ),
 .UNSPECIFIED., .F., .T. ) 
 B_SPLINE_CURVE_WITH_KNOTS ( ( 4, 4 ),
 ( 0.000000000000000000, 0.9581921787462630569 ),
 .UNSPECIFIED. ) 
 CURVE ( )  GEOMETRIC_REPRESENTATION_ITEM ( )  RATIONAL_B_SPLINE_CURVE ( ( 1.000000000000000000, 0.9249413116432966264, 0.9249413116432966264, 1.000000000000000000 ) ) 
 REPRESENTATION_ITEM ( '' )  );
#3820 = FILL_AREA_STYLE ('',( #2615 ) ) ;
#3821 = ADVANCED_FACE ( 'NONE', ( #2717 ), #3929, .T. ) ;
#3822 =( GEOMETRIC_REPRESENTATION_CONTEXT ( 3 ) GLOBAL_UNCERTAINTY_ASSIGNED_CONTEXT ( ( #3466 ) ) GLOBAL_UNIT_ASSIGNED_CONTEXT ( ( #2136, #2577, #103 ) ) REPRESENTATION_CONTEXT ( 'NONE', 'WORKASPACE' ) );
#3823 = ORIENTED_EDGE ( 'NONE', *, *, #3923, .T. ) ;
#3824 = PRESENTATION_STYLE_ASSIGNMENT (( #789 ) ) ;
#3825 = PRESENTATION_LAYER_ASSIGNMENT (  '', '', ( #2682 ) ) ;
#3826 = ORIENTED_EDGE ( 'NONE', *, *, #226, .T. ) ;
#3827 =( GEOMETRIC_REPRESENTATION_CONTEXT ( 3 ) GLOBAL_UNCERTAINTY_ASSIGNED_CONTEXT ( ( #3893 ) ) GLOBAL_UNIT_ASSIGNED_CONTEXT ( ( #3014, #2442, #1776 ) ) REPRESENTATION_CONTEXT ( 'NONE', 'WORKASPACE' ) );
#3828 = CARTESIAN_POINT ( 'NONE',  ( -2.172664343138952070, 1.809999999999999609, -0.1142500000000000043 ) ) ;
#3829 = COLOUR_RGB ( '',0.8039215686274510109, 0.8039215686274510109, 0.8039215686274510109 ) ;
#3830 = VECTOR ( 'NONE', #2382, 1000.000000000000000 ) ;
#3831 = DIRECTION ( 'NONE',  ( 0.000000000000000000, 0.000000000000000000, -1.000000000000000000 ) ) ;
#3832 = ORIENTED_EDGE ( 'NONE', *, *, #2508, .F. ) ;
#3833 = MECHANICAL_DESIGN_GEOMETRIC_PRESENTATION_REPRESENTATION (  '', ( #753 ), #3053 ) ;
#3834 = DIRECTION ( 'NONE',  ( 1.000000000000000000, 0.000000000000000000, 0.000000000000000000 ) ) ;
#3835 = DIRECTION ( 'NONE',  ( 0.000000000000000000, 0.000000000000000000, 1.000000000000000000 ) ) ;
#3836 = VECTOR ( 'NONE', #476, 1000.000000000000000 ) ;
#3837 = SURFACE_SIDE_STYLE ('',( #1020 ) ) ;
#3838 = ORIENTED_EDGE ( 'NONE', *, *, #3285, .F. ) ;
#3839 = CIRCLE ( 'NONE', #254, 0.03000000000000007869 ) ;
#3840 = CARTESIAN_POINT ( 'NONE',  ( -2.699999999999999289, 1.032499999999999973, -0.1357499999999991769 ) ) ;
#3841 = MECHANICAL_DESIGN_GEOMETRIC_PRESENTATION_REPRESENTATION (  '', ( #1142 ), #3113 ) ;
#3842 = AXIS2_PLACEMENT_3D ( 'NONE', #2616, #2636, #2942 ) ;
#3843 = DIRECTION ( 'NONE',  ( 0.000000000000000000, 1.000000000000000000, 0.000000000000000000 ) ) ;
#3844 = VECTOR ( 'NONE', #3851, 1000.000000000000000 ) ;
#3845 = DIRECTION ( 'NONE',  ( 0.000000000000000000, 1.000000000000000000, 0.000000000000000000 ) ) ;
#3846 = SURFACE_STYLE_FILL_AREA ( #2026 ) ;
#3847 = CARTESIAN_POINT ( 'NONE',  ( -1.544660579899926889, -1.671183248407201560, -1.178000000000000380 ) ) ;
#3848 = SURFACE_STYLE_USAGE ( .BOTH. , #2304 ) ;
#3849 = ORIENTED_EDGE ( 'NONE', *, *, #2471, .T. ) ;
#3850 = ADVANCED_FACE ( 'NONE', ( #3323 ), #3156, .F. ) ;
#3851 = DIRECTION ( 'NONE',  ( -0.000000000000000000, -1.000000000000000000, -0.000000000000000000 ) ) ;
#3852 = VERTEX_POINT ( 'NONE', #1619 ) ;
#3853 = CARTESIAN_POINT ( 'NONE',  ( -1.761003090407796012, 1.223568932965782619, 1.203499999999999792 ) ) ;
#3854 =( NAMED_UNIT ( * ) SI_UNIT ( $, .STERADIAN. ) SOLID_ANGLE_UNIT ( ) );
#3855 = CARTESIAN_POINT ( 'NONE',  ( 1.525290173581887343, -1.701018902912198039, -1.151135876314364426 ) ) ;
#3856 = VECTOR ( 'NONE', #1704, 1000.000000000000000 ) ;
#3857 =( NAMED_UNIT ( * ) PLANE_ANGLE_UNIT ( ) SI_UNIT ( $, .RADIAN. ) );
#3858 = ORIENTED_EDGE ( 'NONE', *, *, #96, .T. ) ;
#3859 = LINE ( 'NONE', #3581, #3766 ) ;
#3860 =( NAMED_UNIT ( * ) PLANE_ANGLE_UNIT ( ) SI_UNIT ( $, .RADIAN. ) );
#3861 = DIRECTION ( 'NONE',  ( 3.670476104768634540E-15, -0.000000000000000000, 1.000000000000000000 ) ) ;
#3862 =( NAMED_UNIT ( * ) SI_UNIT ( $, .STERADIAN. ) SOLID_ANGLE_UNIT ( ) );
#3863 = FILL_AREA_STYLE ('',( #3527 ) ) ;
#3864 = PRESENTATION_STYLE_ASSIGNMENT (( #1988 ) ) ;
#3865 = VERTEX_POINT ( 'NONE', #459 ) ;
#3866 = LINE ( 'NONE', #2327, #1338 ) ;
#3867 = ORIENTED_EDGE ( 'NONE', *, *, #910, .F. ) ;
#3868 = CARTESIAN_POINT ( 'NONE',  ( -1.761003090407812888, 1.112335393605253353, 1.203499999999999792 ) ) ;
#3869 = ADVANCED_FACE ( 'NONE', ( #3712 ), #92, .T. ) ;
#3870 = MECHANICAL_DESIGN_GEOMETRIC_PRESENTATION_REPRESENTATION (  '', ( #3273 ), #598 ) ;
#3871 = SURFACE_STYLE_USAGE ( .BOTH. , #1405 ) ;
#3872 = DIRECTION ( 'NONE',  ( 0.000000000000000000, 0.000000000000000000, -1.000000000000000000 ) ) ;
#3873 = EDGE_CURVE ( 'NONE', #3310, #1439, #3778, .T. ) ;
#3874 = MECHANICAL_DESIGN_GEOMETRIC_PRESENTATION_REPRESENTATION (  '', ( #3661 ), #3470 ) ;
#3875 = DIRECTION ( 'NONE',  ( -0.000000000000000000, -1.000000000000000000, -0.000000000000000000 ) ) ;
#3876 = EDGE_LOOP ( 'NONE', ( #3410, #835, #2698, #2021 ) ) ;
#3877 = CARTESIAN_POINT ( 'NONE',  ( 2.202499999999999680, -1.780164343138952443, -0.1142500000000000043 ) ) ;
#3878 = CYLINDRICAL_SURFACE ( 'NONE', #935, 0.03000000000000018277 ) ;
#3879 = CARTESIAN_POINT ( 'NONE',  ( 2.202499999999999680, -1.780000000000000249, 0.1142500000000000043 ) ) ;
#3880 =( NAMED_UNIT ( * ) PLANE_ANGLE_UNIT ( ) SI_UNIT ( $, .RADIAN. ) );
#3881 = DIRECTION ( 'NONE',  ( -0.8181534085976899240, 0.000000000000000000, 0.5749999999999838574 ) ) ;
#3882 = FILL_AREA_STYLE ('',( #1353 ) ) ;
#3883 = PRESENTATION_STYLE_ASSIGNMENT (( #2439 ) ) ;
#3884 = FILL_AREA_STYLE_COLOUR ( '', #1719 ) ;
#3885 = CYLINDRICAL_SURFACE ( 'NONE', #1971, 0.03000000000000007869 ) ;
#3886 = PRESENTATION_STYLE_ASSIGNMENT (( #2671 ) ) ;
#3887 = UNCERTAINTY_MEASURE_WITH_UNIT (LENGTH_MEASURE( 1.000000000000000082E-05 ), #3304, 'distance_accuracy_value', 'NONE');
#3888 = ORIENTED_EDGE ( 'NONE', *, *, #857, .F. ) ;
#3889 = CARTESIAN_POINT ( 'NONE',  ( 1.520115977641996796, -1.810000000000000497, -1.190749999999999975 ) ) ;
#3890 = VERTEX_POINT ( 'NONE', #1961 ) ;
#3891 = VERTEX_POINT ( 'NONE', #2210 ) ;
#3892 = CARTESIAN_POINT ( 'NONE',  ( -1.761003090407742500, 1.557269551047378853, 1.203499999999999792 ) ) ;
#3893 = UNCERTAINTY_MEASURE_WITH_UNIT (LENGTH_MEASURE( 1.000000000000000082E-05 ), #3014, 'distance_accuracy_value', 'NONE');
#3894 = STYLED_ITEM ( 'NONE', ( #2705 ), #296 ) ;
#3895 = ORIENTED_EDGE ( 'NONE', *, *, #3769, .F. ) ;
#3896 =( NAMED_UNIT ( * ) PLANE_ANGLE_UNIT ( ) SI_UNIT ( $, .RADIAN. ) );
#3897 = AXIS2_PLACEMENT_3D ( 'NONE', #1657, #3452, #41 ) ;
#3898 = EDGE_CURVE ( 'NONE', #794, #489, #3458, .T. ) ;
#3899 = CARTESIAN_POINT ( 'NONE',  ( 2.172664343138951626, -1.810000000000000497, -0.1142500000000000043 ) ) ;
#3900 = PRESENTATION_STYLE_ASSIGNMENT (( #1726 ) ) ;
#3901 = PRESENTATION_STYLE_ASSIGNMENT (( #1727 ) ) ;
#3902 = MECHANICAL_DESIGN_GEOMETRIC_PRESENTATION_REPRESENTATION (  '', ( #1643 ), #2170 ) ;
#3903 = DIRECTION ( 'NONE',  ( -1.000000000000000000, 3.958838170426965825E-17, -3.766582916872981431E-16 ) ) ;
#3904 =( LENGTH_UNIT ( ) NAMED_UNIT ( * ) SI_UNIT ( .MILLI., .METRE. ) );
#3905 = STYLED_ITEM ( 'NONE', ( #2770 ), #2546 ) ;
#3906 = VECTOR ( 'NONE', #1828, 1000.000000000000000 ) ;
#3907 =( GEOMETRIC_REPRESENTATION_CONTEXT ( 3 ) GLOBAL_UNCERTAINTY_ASSIGNED_CONTEXT ( ( #3514 ) ) GLOBAL_UNIT_ASSIGNED_CONTEXT ( ( #3548, #1688, #2027 ) ) REPRESENTATION_CONTEXT ( 'NONE', 'WORKASPACE' ) );
#3908 = CARTESIAN_POINT ( 'NONE',  ( 1.514999999999999014, -1.698338747268975268, -1.176635853898029271 ) ) ;
#3909 = DIRECTION ( 'NONE',  ( 0.000000000000000000, 0.000000000000000000, -1.000000000000000000 ) ) ;
#3910 = CARTESIAN_POINT ( 'NONE',  ( 2.449999999999998845, -1.032499999999999973, -1.406500000000000306 ) ) ;
#3911 = MECHANICAL_DESIGN_GEOMETRIC_PRESENTATION_REPRESENTATION (  '', ( #3058 ), #3245 ) ;
#3912 = COLOUR_RGB ( '',0.8039215686274510109, 0.8039215686274510109, 0.8039215686274510109 ) ;
#3913 = VECTOR ( 'NONE', #209, 1000.000000000000000 ) ;
#3914 = VERTEX_POINT ( 'NONE', #706 ) ;
#3915 = CARTESIAN_POINT ( 'NONE',  ( 2.172499999999999876, -1.810000000000000497, 0.1142500000000000043 ) ) ;
#3916 = CARTESIAN_POINT ( 'NONE',  ( 2.346500000000000696, 1.032499999999999973, -0.2392499999999992411 ) ) ;
#3917 = DIRECTION ( 'NONE',  ( 0.000000000000000000, 1.000000000000000000, 0.000000000000000000 ) ) ;
#3918 = ORIENTED_EDGE ( 'NONE', *, *, #1831, .T. ) ;
#3919 = CARTESIAN_POINT ( 'NONE',  ( -1.761003090407926353, -1.180382899167929489E-14, 1.203499999999999792 ) ) ;
#3920 = CARTESIAN_POINT ( 'NONE',  ( 1.533995087771595101, -1.698195367781268228, -1.178000018599296927 ) ) ;
#3921 = CARTESIAN_POINT ( 'NONE',  ( -2.202500000000000568, -1.810000000000000497, 0.1142500000000000043 ) ) ;
#3922 = PRESENTATION_STYLE_ASSIGNMENT (( #1766 ) ) ;
#3923 = EDGE_CURVE ( 'NONE', #2962, #166, #1942, .T. ) ;
#3924 = DIRECTION ( 'NONE',  ( -0.000000000000000000, -1.000000000000000000, -0.000000000000000000 ) ) ;
#3925 = PRESENTATION_STYLE_ASSIGNMENT (( #261 ) ) ;
#3926 = UNCERTAINTY_MEASURE_WITH_UNIT (LENGTH_MEASURE( 1.000000000000000082E-05 ), #2254, 'distance_accuracy_value', 'NONE');
#3927 = EDGE_CURVE ( 'NONE', #1931, #527, #1469, .T. ) ;
#3928 = VERTEX_POINT ( 'NONE', #2587 ) ;
#3929 = PLANE ( 'NONE',  #1390 ) ;
#3930 = CYLINDRICAL_SURFACE ( 'NONE', #1470, 0.1249999999999992506 ) ;
#3931 = ORIENTED_EDGE ( 'NONE', *, *, #3330, .F. ) ;
#3932 = CARTESIAN_POINT ( 'NONE',  ( 2.471499999999999808, 1.032499999999999973, -1.053000000000000602 ) ) ;
#3933 = CARTESIAN_POINT ( 'NONE',  ( 1.514999999999999236, -1.671183248407201560, -1.178000000000000158 ) ) ;
#3934 = EDGE_LOOP ( 'NONE', ( #272, #1673, #1318 ) ) ;
#3935 = CIRCLE ( 'NONE', #2849, 0.2499999999999997780 ) ;
#3936 = DIRECTION ( 'NONE',  ( -0.1039620511844979445, -0.1039620511844979445, 0.9891328443778539814 ) ) ;
#3937 =( NAMED_UNIT ( * ) PLANE_ANGLE_UNIT ( ) SI_UNIT ( $, .RADIAN. ) );
#3938 = COLOUR_RGB ( '',0.2862745098039215508, 0.2862745098039215508, 0.2862745098039215508 ) ;
#3939 =( NAMED_UNIT ( * ) PLANE_ANGLE_UNIT ( ) SI_UNIT ( $, .RADIAN. ) );
#3940 = SURFACE_STYLE_FILL_AREA ( #2104 ) ;
#3941 = CARTESIAN_POINT ( 'NONE',  ( 2.202499999999999680, -1.032499999999999973, -0.1142500000000000043 ) ) ;
#3942 = EDGE_CURVE ( 'NONE', #621, #2576, #3795, .T. ) ;
#3943 = SURFACE_SIDE_STYLE ('',( #278 ) ) ;
#3944 = EDGE_LOOP ( 'NONE', ( #735, #2617, #1482, #1720 ) ) ;
#3945 = CARTESIAN_POINT ( 'NONE',  ( 2.093518905268249242, 1.809999999999999609, -1.151135853898029859 ) ) ;
#3946 = DIRECTION ( 'NONE',  ( -0.000000000000000000, -1.000000000000000000, -0.000000000000000000 ) ) ;
#3947 = CARTESIAN_POINT ( 'NONE',  ( 1.495571375384066704, 1.668503090407926104, -1.203499999999999792 ) ) ;
#3948 = ORIENTED_EDGE ( 'NONE', *, *, #1312, .F. ) ;
#3949 = EDGE_CURVE ( 'NONE', #480, #1934, #1744, .T. ) ;
#3950 = CARTESIAN_POINT ( 'NONE',  ( -1.761003090407933902, -0.8898683148842306823, 1.203499999999999792 ) ) ;
#3951 = ORIENTED_EDGE ( 'NONE', *, *, #1041, .F. ) ;
#3952 =( BOUNDED_SURFACE ( )  B_SPLINE_SURFACE ( 3, 2, ( 
 ( #1406, #211, #1137 ),
 ( #3855, #3920, #2644 ),
 ( #1468, #548, #3498 ),
 ( #1678, #509, #762 ) ),
 .UNSPECIFIED., .F., .F., .F. ) 
 B_SPLINE_SURFACE_WITH_KNOTS ( ( 4, 4 ),
 ( 3, 3 ),
 ( 0.000000000000000000, 0.9581921787462778228 ),
 ( 0.000000000000000000, 1.000000000000000000 ),
 .UNSPECIFIED. ) 
 GEOMETRIC_REPRESENTATION_ITEM ( )  RATIONAL_B_SPLINE_SURFACE ( (
 ( 1.000000000000000000, 0.7431448254773939111, 1.000000000000000000),
 ( 1.000000000000000000, 0.7432171584582881740, 1.000000000000000000),
 ( 1.000000000000000000, 0.7374958089388587990, 1.000000000000000000),
 ( 1.000000000000000000, 0.7280466559152991568, 1.000000000000000000) ) ) 
 REPRESENTATION_ITEM ( '' )  SURFACE ( )  );
#3953 =( NAMED_UNIT ( * ) PLANE_ANGLE_UNIT ( ) SI_UNIT ( $, .RADIAN. ) );
#3954 = AXIS2_PLACEMENT_3D ( 'NONE', #24, #3021, #2512 ) ;
#3955 = SURFACE_STYLE_USAGE ( .BOTH. , #911 ) ;
#3956 = EDGE_LOOP ( 'NONE', ( #724, #3281, #2291 ) ) ;
#3957 = PRESENTATION_LAYER_ASSIGNMENT (  '', '', ( #3553 ) ) ;
#3958 = DIRECTION ( 'NONE',  ( 0.000000000000000000, 0.000000000000000000, -1.000000000000000000 ) ) ;
#3959 = CARTESIAN_POINT ( 'NONE',  ( -2.699999999999999289, -1.032499999999999973, -0.1357499999999991769 ) ) ;
#3960 = SURFACE_STYLE_FILL_AREA ( #898 ) ;
#3961 = CIRCLE ( 'NONE', #1514, 0.2499999999999997780 ) ;
#3962 =( GEOMETRIC_REPRESENTATION_CONTEXT ( 3 ) GLOBAL_UNCERTAINTY_ASSIGNED_CONTEXT ( ( #3148 ) ) GLOBAL_UNIT_ASSIGNED_CONTEXT ( ( #1491, #3585, #2357 ) ) REPRESENTATION_CONTEXT ( 'NONE', 'WORKASPACE' ) );
#3963 = VECTOR ( 'NONE', #3124, 1000.000000000000000 ) ;
#3964 = SURFACE_SIDE_STYLE ('',( #2990 ) ) ;
#3965 = AXIS2_PLACEMENT_3D ( 'NONE', #550, #3542, #2665 ) ;
#3966 = MECHANICAL_DESIGN_GEOMETRIC_PRESENTATION_REPRESENTATION (  '', ( #3700 ), #2877 ) ;
#3967 = ADVANCED_FACE ( 'NONE', ( #1703 ), #3878, .T. ) ;
#3968 = ORIENTED_EDGE ( 'NONE', *, *, #5, .T. ) ;
#3969 = DIRECTION ( 'NONE',  ( -0.1045284632676537068, 0.000000000000000000, 0.9945218953682734009 ) ) ;
ENDSEC;
END-ISO-10303-21;
