ISO-10303-21;
HEADER;
FILE_DESCRIPTION(('FreeCAD Model'),'2;1');
FILE_NAME('/var/www/3D/0T/1362155.4.1.stp','2025-11-20T00:22:41',(
    'Author'),(''),'Open CASCADE STEP processor 6.9','FreeCAD','Unknown'
  );
FILE_SCHEMA(('AUTOMOTIVE_DESIGN { 1 0 10303 214 1 1 1 1 }'));
ENDSEC;
DATA;
#1 = APPLICATION_PROTOCOL_DEFINITION('international standard',
  'automotive_design',2000,#2);
#2 = APPLICATION_CONTEXT(
  'core data for automotive mechanical design processes');
#3 = SHAPE_DEFINITION_REPRESENTATION(#4,#10);
#4 = PRODUCT_DEFINITION_SHAPE('','',#5);
#5 = PRODUCT_DEFINITION('design','',#6,#9);
#6 = PRODUCT_DEFINITION_FORMATION('','',#7);
#7 = PRODUCT('ASSEMBLY','ASSEMBLY','',(#8));
#8 = PRODUCT_CONTEXT('',#2,'mechanical');
#9 = PRODUCT_DEFINITION_CONTEXT('part definition',#2,'design');
#10 = SHAPE_REPRESENTATION('',(#11,#15,#19),#23);
#11 = AXIS2_PLACEMENT_3D('',#12,#13,#14);
#12 = CARTESIAN_POINT('',(0.,0.,0.));
#13 = DIRECTION('',(0.,0.,1.));
#14 = DIRECTION('',(1.,0.,-0.));
#15 = AXIS2_PLACEMENT_3D('',#16,#17,#18);
#16 = CARTESIAN_POINT('',(0.,0.,0.));
#17 = DIRECTION('',(0.,0.,1.));
#18 = DIRECTION('',(1.,0.,0.));
#19 = AXIS2_PLACEMENT_3D('',#20,#21,#22);
#20 = CARTESIAN_POINT('',(0.,0.,0.));
#21 = DIRECTION('',(0.,0.,1.));
#22 = DIRECTION('',(1.,0.,0.));
#23 = ( GEOMETRIC_REPRESENTATION_CONTEXT(3) 
GLOBAL_UNCERTAINTY_ASSIGNED_CONTEXT((#27)) GLOBAL_UNIT_ASSIGNED_CONTEXT(
(#24,#25,#26)) REPRESENTATION_CONTEXT('Context #1',
  '3D Context with UNIT and UNCERTAINTY') );
#24 = ( LENGTH_UNIT() NAMED_UNIT(*) SI_UNIT(.MILLI.,.METRE.) );
#25 = ( NAMED_UNIT(*) PLANE_ANGLE_UNIT() SI_UNIT($,.RADIAN.) );
#26 = ( NAMED_UNIT(*) SI_UNIT($,.STERADIAN.) SOLID_ANGLE_UNIT() );
#27 = UNCERTAINTY_MEASURE_WITH_UNIT(LENGTH_MEASURE(1.E-07),#24,
  'distance_accuracy_value','confusion accuracy');
#28 = PRODUCT_RELATED_PRODUCT_CATEGORY('part',$,(#7));
#29 = SHAPE_REPRESENTATION('',(#11,#30,#42,#54,#66,#78,#90,#102,#114,
    #126,#138,#150,#162,#174,#186,#198,#210,#222,#234,#246,#258,#270,
    #282,#294,#306,#318,#330,#342,#354,#366,#378,#390,#402,#414,#426,
    #438,#450,#462,#474,#486,#498,#510,#522,#534,#546,#558,#570,#582,
    #594,#606,#618,#630,#642,#654,#666,#678,#690,#702,#714,#726,#738,
    #750,#762,#774,#786,#798,#810,#822,#834,#846,#858,#870,#882,#894,
    #906,#918,#930,#942,#954,#966,#978,#990,#1002,#1014,#1026,#1038,
    #1050,#1062,#1074,#1086,#1098,#1110,#1122,#1134,#1146,#1158,#1170,
    #1182,#1194,#1206,#1218),#1230);
#30 = MANIFOLD_SOLID_BREP('',#31);
#31 = CLOSED_SHELL('',(#32));
#32 = ADVANCED_FACE('',(#33),#37,.T.);
#33 = FACE_BOUND('',#34,.T.);
#34 = VERTEX_LOOP('',#35);
#35 = VERTEX_POINT('',#36);
#36 = CARTESIAN_POINT('',(-3.6,3.6,0.));
#37 = SPHERICAL_SURFACE('',#38,0.2);
#38 = AXIS2_PLACEMENT_3D('',#39,#40,#41);
#39 = CARTESIAN_POINT('',(-3.6,3.6,0.2));
#40 = DIRECTION('',(0.,0.,1.));
#41 = DIRECTION('',(1.,0.,0.));
#42 = MANIFOLD_SOLID_BREP('',#43);
#43 = CLOSED_SHELL('',(#44));
#44 = ADVANCED_FACE('',(#45),#49,.T.);
#45 = FACE_BOUND('',#46,.T.);
#46 = VERTEX_LOOP('',#47);
#47 = VERTEX_POINT('',#48);
#48 = CARTESIAN_POINT('',(-3.6,2.8,0.));
#49 = SPHERICAL_SURFACE('',#50,0.2);
#50 = AXIS2_PLACEMENT_3D('',#51,#52,#53);
#51 = CARTESIAN_POINT('',(-3.6,2.8,0.2));
#52 = DIRECTION('',(0.,0.,1.));
#53 = DIRECTION('',(1.,0.,0.));
#54 = MANIFOLD_SOLID_BREP('',#55);
#55 = CLOSED_SHELL('',(#56));
#56 = ADVANCED_FACE('',(#57),#61,.T.);
#57 = FACE_BOUND('',#58,.T.);
#58 = VERTEX_LOOP('',#59);
#59 = VERTEX_POINT('',#60);
#60 = CARTESIAN_POINT('',(-3.6,2.,0.));
#61 = SPHERICAL_SURFACE('',#62,0.2);
#62 = AXIS2_PLACEMENT_3D('',#63,#64,#65);
#63 = CARTESIAN_POINT('',(-3.6,2.,0.2));
#64 = DIRECTION('',(0.,0.,1.));
#65 = DIRECTION('',(1.,0.,0.));
#66 = MANIFOLD_SOLID_BREP('',#67);
#67 = CLOSED_SHELL('',(#68));
#68 = ADVANCED_FACE('',(#69),#73,.T.);
#69 = FACE_BOUND('',#70,.T.);
#70 = VERTEX_LOOP('',#71);
#71 = VERTEX_POINT('',#72);
#72 = CARTESIAN_POINT('',(-3.6,1.2,0.));
#73 = SPHERICAL_SURFACE('',#74,0.2);
#74 = AXIS2_PLACEMENT_3D('',#75,#76,#77);
#75 = CARTESIAN_POINT('',(-3.6,1.2,0.2));
#76 = DIRECTION('',(0.,0.,1.));
#77 = DIRECTION('',(1.,0.,0.));
#78 = MANIFOLD_SOLID_BREP('',#79);
#79 = CLOSED_SHELL('',(#80));
#80 = ADVANCED_FACE('',(#81),#85,.T.);
#81 = FACE_BOUND('',#82,.T.);
#82 = VERTEX_LOOP('',#83);
#83 = VERTEX_POINT('',#84);
#84 = CARTESIAN_POINT('',(-3.6,0.4,0.));
#85 = SPHERICAL_SURFACE('',#86,0.2);
#86 = AXIS2_PLACEMENT_3D('',#87,#88,#89);
#87 = CARTESIAN_POINT('',(-3.6,0.4,0.2));
#88 = DIRECTION('',(0.,0.,1.));
#89 = DIRECTION('',(1.,0.,0.));
#90 = MANIFOLD_SOLID_BREP('',#91);
#91 = CLOSED_SHELL('',(#92));
#92 = ADVANCED_FACE('',(#93),#97,.T.);
#93 = FACE_BOUND('',#94,.T.);
#94 = VERTEX_LOOP('',#95);
#95 = VERTEX_POINT('',#96);
#96 = CARTESIAN_POINT('',(-3.6,-0.4,0.));
#97 = SPHERICAL_SURFACE('',#98,0.2);
#98 = AXIS2_PLACEMENT_3D('',#99,#100,#101);
#99 = CARTESIAN_POINT('',(-3.6,-0.4,0.2));
#100 = DIRECTION('',(0.,0.,1.));
#101 = DIRECTION('',(1.,0.,0.));
#102 = MANIFOLD_SOLID_BREP('',#103);
#103 = CLOSED_SHELL('',(#104));
#104 = ADVANCED_FACE('',(#105),#109,.T.);
#105 = FACE_BOUND('',#106,.T.);
#106 = VERTEX_LOOP('',#107);
#107 = VERTEX_POINT('',#108);
#108 = CARTESIAN_POINT('',(-3.6,-1.2,0.));
#109 = SPHERICAL_SURFACE('',#110,0.2);
#110 = AXIS2_PLACEMENT_3D('',#111,#112,#113);
#111 = CARTESIAN_POINT('',(-3.6,-1.2,0.2));
#112 = DIRECTION('',(0.,0.,1.));
#113 = DIRECTION('',(1.,0.,0.));
#114 = MANIFOLD_SOLID_BREP('',#115);
#115 = CLOSED_SHELL('',(#116));
#116 = ADVANCED_FACE('',(#117),#121,.T.);
#117 = FACE_BOUND('',#118,.T.);
#118 = VERTEX_LOOP('',#119);
#119 = VERTEX_POINT('',#120);
#120 = CARTESIAN_POINT('',(-3.6,-2.,0.));
#121 = SPHERICAL_SURFACE('',#122,0.2);
#122 = AXIS2_PLACEMENT_3D('',#123,#124,#125);
#123 = CARTESIAN_POINT('',(-3.6,-2.,0.2));
#124 = DIRECTION('',(0.,0.,1.));
#125 = DIRECTION('',(1.,0.,0.));
#126 = MANIFOLD_SOLID_BREP('',#127);
#127 = CLOSED_SHELL('',(#128));
#128 = ADVANCED_FACE('',(#129),#133,.T.);
#129 = FACE_BOUND('',#130,.T.);
#130 = VERTEX_LOOP('',#131);
#131 = VERTEX_POINT('',#132);
#132 = CARTESIAN_POINT('',(-3.6,-2.8,0.));
#133 = SPHERICAL_SURFACE('',#134,0.2);
#134 = AXIS2_PLACEMENT_3D('',#135,#136,#137);
#135 = CARTESIAN_POINT('',(-3.6,-2.8,0.2));
#136 = DIRECTION('',(0.,0.,1.));
#137 = DIRECTION('',(1.,0.,0.));
#138 = MANIFOLD_SOLID_BREP('',#139);
#139 = CLOSED_SHELL('',(#140));
#140 = ADVANCED_FACE('',(#141),#145,.T.);
#141 = FACE_BOUND('',#142,.T.);
#142 = VERTEX_LOOP('',#143);
#143 = VERTEX_POINT('',#144);
#144 = CARTESIAN_POINT('',(-3.6,-3.6,0.));
#145 = SPHERICAL_SURFACE('',#146,0.2);
#146 = AXIS2_PLACEMENT_3D('',#147,#148,#149);
#147 = CARTESIAN_POINT('',(-3.6,-3.6,0.2));
#148 = DIRECTION('',(0.,0.,1.));
#149 = DIRECTION('',(1.,0.,0.));
#150 = MANIFOLD_SOLID_BREP('',#151);
#151 = CLOSED_SHELL('',(#152));
#152 = ADVANCED_FACE('',(#153),#157,.T.);
#153 = FACE_BOUND('',#154,.T.);
#154 = VERTEX_LOOP('',#155);
#155 = VERTEX_POINT('',#156);
#156 = CARTESIAN_POINT('',(-2.8,3.6,0.));
#157 = SPHERICAL_SURFACE('',#158,0.2);
#158 = AXIS2_PLACEMENT_3D('',#159,#160,#161);
#159 = CARTESIAN_POINT('',(-2.8,3.6,0.2));
#160 = DIRECTION('',(0.,0.,1.));
#161 = DIRECTION('',(1.,0.,0.));
#162 = MANIFOLD_SOLID_BREP('',#163);
#163 = CLOSED_SHELL('',(#164));
#164 = ADVANCED_FACE('',(#165),#169,.T.);
#165 = FACE_BOUND('',#166,.T.);
#166 = VERTEX_LOOP('',#167);
#167 = VERTEX_POINT('',#168);
#168 = CARTESIAN_POINT('',(-2.8,2.8,0.));
#169 = SPHERICAL_SURFACE('',#170,0.2);
#170 = AXIS2_PLACEMENT_3D('',#171,#172,#173);
#171 = CARTESIAN_POINT('',(-2.8,2.8,0.2));
#172 = DIRECTION('',(0.,0.,1.));
#173 = DIRECTION('',(1.,0.,0.));
#174 = MANIFOLD_SOLID_BREP('',#175);
#175 = CLOSED_SHELL('',(#176));
#176 = ADVANCED_FACE('',(#177),#181,.T.);
#177 = FACE_BOUND('',#178,.T.);
#178 = VERTEX_LOOP('',#179);
#179 = VERTEX_POINT('',#180);
#180 = CARTESIAN_POINT('',(-2.8,2.,0.));
#181 = SPHERICAL_SURFACE('',#182,0.2);
#182 = AXIS2_PLACEMENT_3D('',#183,#184,#185);
#183 = CARTESIAN_POINT('',(-2.8,2.,0.2));
#184 = DIRECTION('',(0.,0.,1.));
#185 = DIRECTION('',(1.,0.,0.));
#186 = MANIFOLD_SOLID_BREP('',#187);
#187 = CLOSED_SHELL('',(#188));
#188 = ADVANCED_FACE('',(#189),#193,.T.);
#189 = FACE_BOUND('',#190,.T.);
#190 = VERTEX_LOOP('',#191);
#191 = VERTEX_POINT('',#192);
#192 = CARTESIAN_POINT('',(-2.8,1.2,0.));
#193 = SPHERICAL_SURFACE('',#194,0.2);
#194 = AXIS2_PLACEMENT_3D('',#195,#196,#197);
#195 = CARTESIAN_POINT('',(-2.8,1.2,0.2));
#196 = DIRECTION('',(0.,0.,1.));
#197 = DIRECTION('',(1.,0.,0.));
#198 = MANIFOLD_SOLID_BREP('',#199);
#199 = CLOSED_SHELL('',(#200));
#200 = ADVANCED_FACE('',(#201),#205,.T.);
#201 = FACE_BOUND('',#202,.T.);
#202 = VERTEX_LOOP('',#203);
#203 = VERTEX_POINT('',#204);
#204 = CARTESIAN_POINT('',(-2.8,0.4,0.));
#205 = SPHERICAL_SURFACE('',#206,0.2);
#206 = AXIS2_PLACEMENT_3D('',#207,#208,#209);
#207 = CARTESIAN_POINT('',(-2.8,0.4,0.2));
#208 = DIRECTION('',(0.,0.,1.));
#209 = DIRECTION('',(1.,0.,0.));
#210 = MANIFOLD_SOLID_BREP('',#211);
#211 = CLOSED_SHELL('',(#212));
#212 = ADVANCED_FACE('',(#213),#217,.T.);
#213 = FACE_BOUND('',#214,.T.);
#214 = VERTEX_LOOP('',#215);
#215 = VERTEX_POINT('',#216);
#216 = CARTESIAN_POINT('',(-2.8,-0.4,0.));
#217 = SPHERICAL_SURFACE('',#218,0.2);
#218 = AXIS2_PLACEMENT_3D('',#219,#220,#221);
#219 = CARTESIAN_POINT('',(-2.8,-0.4,0.2));
#220 = DIRECTION('',(0.,0.,1.));
#221 = DIRECTION('',(1.,0.,0.));
#222 = MANIFOLD_SOLID_BREP('',#223);
#223 = CLOSED_SHELL('',(#224));
#224 = ADVANCED_FACE('',(#225),#229,.T.);
#225 = FACE_BOUND('',#226,.T.);
#226 = VERTEX_LOOP('',#227);
#227 = VERTEX_POINT('',#228);
#228 = CARTESIAN_POINT('',(-2.8,-1.2,0.));
#229 = SPHERICAL_SURFACE('',#230,0.2);
#230 = AXIS2_PLACEMENT_3D('',#231,#232,#233);
#231 = CARTESIAN_POINT('',(-2.8,-1.2,0.2));
#232 = DIRECTION('',(0.,0.,1.));
#233 = DIRECTION('',(1.,0.,0.));
#234 = MANIFOLD_SOLID_BREP('',#235);
#235 = CLOSED_SHELL('',(#236));
#236 = ADVANCED_FACE('',(#237),#241,.T.);
#237 = FACE_BOUND('',#238,.T.);
#238 = VERTEX_LOOP('',#239);
#239 = VERTEX_POINT('',#240);
#240 = CARTESIAN_POINT('',(-2.8,-2.,0.));
#241 = SPHERICAL_SURFACE('',#242,0.2);
#242 = AXIS2_PLACEMENT_3D('',#243,#244,#245);
#243 = CARTESIAN_POINT('',(-2.8,-2.,0.2));
#244 = DIRECTION('',(0.,0.,1.));
#245 = DIRECTION('',(1.,0.,0.));
#246 = MANIFOLD_SOLID_BREP('',#247);
#247 = CLOSED_SHELL('',(#248));
#248 = ADVANCED_FACE('',(#249),#253,.T.);
#249 = FACE_BOUND('',#250,.T.);
#250 = VERTEX_LOOP('',#251);
#251 = VERTEX_POINT('',#252);
#252 = CARTESIAN_POINT('',(-2.8,-2.8,0.));
#253 = SPHERICAL_SURFACE('',#254,0.2);
#254 = AXIS2_PLACEMENT_3D('',#255,#256,#257);
#255 = CARTESIAN_POINT('',(-2.8,-2.8,0.2));
#256 = DIRECTION('',(0.,0.,1.));
#257 = DIRECTION('',(1.,0.,0.));
#258 = MANIFOLD_SOLID_BREP('',#259);
#259 = CLOSED_SHELL('',(#260));
#260 = ADVANCED_FACE('',(#261),#265,.T.);
#261 = FACE_BOUND('',#262,.T.);
#262 = VERTEX_LOOP('',#263);
#263 = VERTEX_POINT('',#264);
#264 = CARTESIAN_POINT('',(-2.8,-3.6,0.));
#265 = SPHERICAL_SURFACE('',#266,0.2);
#266 = AXIS2_PLACEMENT_3D('',#267,#268,#269);
#267 = CARTESIAN_POINT('',(-2.8,-3.6,0.2));
#268 = DIRECTION('',(0.,0.,1.));
#269 = DIRECTION('',(1.,0.,0.));
#270 = MANIFOLD_SOLID_BREP('',#271);
#271 = CLOSED_SHELL('',(#272));
#272 = ADVANCED_FACE('',(#273),#277,.T.);
#273 = FACE_BOUND('',#274,.T.);
#274 = VERTEX_LOOP('',#275);
#275 = VERTEX_POINT('',#276);
#276 = CARTESIAN_POINT('',(-2.,3.6,0.));
#277 = SPHERICAL_SURFACE('',#278,0.2);
#278 = AXIS2_PLACEMENT_3D('',#279,#280,#281);
#279 = CARTESIAN_POINT('',(-2.,3.6,0.2));
#280 = DIRECTION('',(0.,0.,1.));
#281 = DIRECTION('',(1.,0.,0.));
#282 = MANIFOLD_SOLID_BREP('',#283);
#283 = CLOSED_SHELL('',(#284));
#284 = ADVANCED_FACE('',(#285),#289,.T.);
#285 = FACE_BOUND('',#286,.T.);
#286 = VERTEX_LOOP('',#287);
#287 = VERTEX_POINT('',#288);
#288 = CARTESIAN_POINT('',(-2.,2.8,0.));
#289 = SPHERICAL_SURFACE('',#290,0.2);
#290 = AXIS2_PLACEMENT_3D('',#291,#292,#293);
#291 = CARTESIAN_POINT('',(-2.,2.8,0.2));
#292 = DIRECTION('',(0.,0.,1.));
#293 = DIRECTION('',(1.,0.,0.));
#294 = MANIFOLD_SOLID_BREP('',#295);
#295 = CLOSED_SHELL('',(#296));
#296 = ADVANCED_FACE('',(#297),#301,.T.);
#297 = FACE_BOUND('',#298,.T.);
#298 = VERTEX_LOOP('',#299);
#299 = VERTEX_POINT('',#300);
#300 = CARTESIAN_POINT('',(-2.,2.,0.));
#301 = SPHERICAL_SURFACE('',#302,0.2);
#302 = AXIS2_PLACEMENT_3D('',#303,#304,#305);
#303 = CARTESIAN_POINT('',(-2.,2.,0.2));
#304 = DIRECTION('',(0.,0.,1.));
#305 = DIRECTION('',(1.,0.,0.));
#306 = MANIFOLD_SOLID_BREP('',#307);
#307 = CLOSED_SHELL('',(#308));
#308 = ADVANCED_FACE('',(#309),#313,.T.);
#309 = FACE_BOUND('',#310,.T.);
#310 = VERTEX_LOOP('',#311);
#311 = VERTEX_POINT('',#312);
#312 = CARTESIAN_POINT('',(-2.,1.2,0.));
#313 = SPHERICAL_SURFACE('',#314,0.2);
#314 = AXIS2_PLACEMENT_3D('',#315,#316,#317);
#315 = CARTESIAN_POINT('',(-2.,1.2,0.2));
#316 = DIRECTION('',(0.,0.,1.));
#317 = DIRECTION('',(1.,0.,0.));
#318 = MANIFOLD_SOLID_BREP('',#319);
#319 = CLOSED_SHELL('',(#320));
#320 = ADVANCED_FACE('',(#321),#325,.T.);
#321 = FACE_BOUND('',#322,.T.);
#322 = VERTEX_LOOP('',#323);
#323 = VERTEX_POINT('',#324);
#324 = CARTESIAN_POINT('',(-2.,0.4,0.));
#325 = SPHERICAL_SURFACE('',#326,0.2);
#326 = AXIS2_PLACEMENT_3D('',#327,#328,#329);
#327 = CARTESIAN_POINT('',(-2.,0.4,0.2));
#328 = DIRECTION('',(0.,0.,1.));
#329 = DIRECTION('',(1.,0.,0.));
#330 = MANIFOLD_SOLID_BREP('',#331);
#331 = CLOSED_SHELL('',(#332));
#332 = ADVANCED_FACE('',(#333),#337,.T.);
#333 = FACE_BOUND('',#334,.T.);
#334 = VERTEX_LOOP('',#335);
#335 = VERTEX_POINT('',#336);
#336 = CARTESIAN_POINT('',(-2.,-0.4,0.));
#337 = SPHERICAL_SURFACE('',#338,0.2);
#338 = AXIS2_PLACEMENT_3D('',#339,#340,#341);
#339 = CARTESIAN_POINT('',(-2.,-0.4,0.2));
#340 = DIRECTION('',(0.,0.,1.));
#341 = DIRECTION('',(1.,0.,0.));
#342 = MANIFOLD_SOLID_BREP('',#343);
#343 = CLOSED_SHELL('',(#344));
#344 = ADVANCED_FACE('',(#345),#349,.T.);
#345 = FACE_BOUND('',#346,.T.);
#346 = VERTEX_LOOP('',#347);
#347 = VERTEX_POINT('',#348);
#348 = CARTESIAN_POINT('',(-2.,-1.2,0.));
#349 = SPHERICAL_SURFACE('',#350,0.2);
#350 = AXIS2_PLACEMENT_3D('',#351,#352,#353);
#351 = CARTESIAN_POINT('',(-2.,-1.2,0.2));
#352 = DIRECTION('',(0.,0.,1.));
#353 = DIRECTION('',(1.,0.,0.));
#354 = MANIFOLD_SOLID_BREP('',#355);
#355 = CLOSED_SHELL('',(#356));
#356 = ADVANCED_FACE('',(#357),#361,.T.);
#357 = FACE_BOUND('',#358,.T.);
#358 = VERTEX_LOOP('',#359);
#359 = VERTEX_POINT('',#360);
#360 = CARTESIAN_POINT('',(-2.,-2.,0.));
#361 = SPHERICAL_SURFACE('',#362,0.2);
#362 = AXIS2_PLACEMENT_3D('',#363,#364,#365);
#363 = CARTESIAN_POINT('',(-2.,-2.,0.2));
#364 = DIRECTION('',(0.,0.,1.));
#365 = DIRECTION('',(1.,0.,0.));
#366 = MANIFOLD_SOLID_BREP('',#367);
#367 = CLOSED_SHELL('',(#368));
#368 = ADVANCED_FACE('',(#369),#373,.T.);
#369 = FACE_BOUND('',#370,.T.);
#370 = VERTEX_LOOP('',#371);
#371 = VERTEX_POINT('',#372);
#372 = CARTESIAN_POINT('',(-2.,-2.8,0.));
#373 = SPHERICAL_SURFACE('',#374,0.2);
#374 = AXIS2_PLACEMENT_3D('',#375,#376,#377);
#375 = CARTESIAN_POINT('',(-2.,-2.8,0.2));
#376 = DIRECTION('',(0.,0.,1.));
#377 = DIRECTION('',(1.,0.,0.));
#378 = MANIFOLD_SOLID_BREP('',#379);
#379 = CLOSED_SHELL('',(#380));
#380 = ADVANCED_FACE('',(#381),#385,.T.);
#381 = FACE_BOUND('',#382,.T.);
#382 = VERTEX_LOOP('',#383);
#383 = VERTEX_POINT('',#384);
#384 = CARTESIAN_POINT('',(-2.,-3.6,0.));
#385 = SPHERICAL_SURFACE('',#386,0.2);
#386 = AXIS2_PLACEMENT_3D('',#387,#388,#389);
#387 = CARTESIAN_POINT('',(-2.,-3.6,0.2));
#388 = DIRECTION('',(0.,0.,1.));
#389 = DIRECTION('',(1.,0.,0.));
#390 = MANIFOLD_SOLID_BREP('',#391);
#391 = CLOSED_SHELL('',(#392));
#392 = ADVANCED_FACE('',(#393),#397,.T.);
#393 = FACE_BOUND('',#394,.T.);
#394 = VERTEX_LOOP('',#395);
#395 = VERTEX_POINT('',#396);
#396 = CARTESIAN_POINT('',(-1.2,3.6,0.));
#397 = SPHERICAL_SURFACE('',#398,0.2);
#398 = AXIS2_PLACEMENT_3D('',#399,#400,#401);
#399 = CARTESIAN_POINT('',(-1.2,3.6,0.2));
#400 = DIRECTION('',(0.,0.,1.));
#401 = DIRECTION('',(1.,0.,0.));
#402 = MANIFOLD_SOLID_BREP('',#403);
#403 = CLOSED_SHELL('',(#404));
#404 = ADVANCED_FACE('',(#405),#409,.T.);
#405 = FACE_BOUND('',#406,.T.);
#406 = VERTEX_LOOP('',#407);
#407 = VERTEX_POINT('',#408);
#408 = CARTESIAN_POINT('',(-1.2,2.8,0.));
#409 = SPHERICAL_SURFACE('',#410,0.2);
#410 = AXIS2_PLACEMENT_3D('',#411,#412,#413);
#411 = CARTESIAN_POINT('',(-1.2,2.8,0.2));
#412 = DIRECTION('',(0.,0.,1.));
#413 = DIRECTION('',(1.,0.,0.));
#414 = MANIFOLD_SOLID_BREP('',#415);
#415 = CLOSED_SHELL('',(#416));
#416 = ADVANCED_FACE('',(#417),#421,.T.);
#417 = FACE_BOUND('',#418,.T.);
#418 = VERTEX_LOOP('',#419);
#419 = VERTEX_POINT('',#420);
#420 = CARTESIAN_POINT('',(-1.2,2.,0.));
#421 = SPHERICAL_SURFACE('',#422,0.2);
#422 = AXIS2_PLACEMENT_3D('',#423,#424,#425);
#423 = CARTESIAN_POINT('',(-1.2,2.,0.2));
#424 = DIRECTION('',(0.,0.,1.));
#425 = DIRECTION('',(1.,0.,0.));
#426 = MANIFOLD_SOLID_BREP('',#427);
#427 = CLOSED_SHELL('',(#428));
#428 = ADVANCED_FACE('',(#429),#433,.T.);
#429 = FACE_BOUND('',#430,.T.);
#430 = VERTEX_LOOP('',#431);
#431 = VERTEX_POINT('',#432);
#432 = CARTESIAN_POINT('',(-1.2,1.2,0.));
#433 = SPHERICAL_SURFACE('',#434,0.2);
#434 = AXIS2_PLACEMENT_3D('',#435,#436,#437);
#435 = CARTESIAN_POINT('',(-1.2,1.2,0.2));
#436 = DIRECTION('',(0.,0.,1.));
#437 = DIRECTION('',(1.,0.,0.));
#438 = MANIFOLD_SOLID_BREP('',#439);
#439 = CLOSED_SHELL('',(#440));
#440 = ADVANCED_FACE('',(#441),#445,.T.);
#441 = FACE_BOUND('',#442,.T.);
#442 = VERTEX_LOOP('',#443);
#443 = VERTEX_POINT('',#444);
#444 = CARTESIAN_POINT('',(-1.2,0.4,0.));
#445 = SPHERICAL_SURFACE('',#446,0.2);
#446 = AXIS2_PLACEMENT_3D('',#447,#448,#449);
#447 = CARTESIAN_POINT('',(-1.2,0.4,0.2));
#448 = DIRECTION('',(0.,0.,1.));
#449 = DIRECTION('',(1.,0.,0.));
#450 = MANIFOLD_SOLID_BREP('',#451);
#451 = CLOSED_SHELL('',(#452));
#452 = ADVANCED_FACE('',(#453),#457,.T.);
#453 = FACE_BOUND('',#454,.T.);
#454 = VERTEX_LOOP('',#455);
#455 = VERTEX_POINT('',#456);
#456 = CARTESIAN_POINT('',(-1.2,-0.4,0.));
#457 = SPHERICAL_SURFACE('',#458,0.2);
#458 = AXIS2_PLACEMENT_3D('',#459,#460,#461);
#459 = CARTESIAN_POINT('',(-1.2,-0.4,0.2));
#460 = DIRECTION('',(0.,0.,1.));
#461 = DIRECTION('',(1.,0.,0.));
#462 = MANIFOLD_SOLID_BREP('',#463);
#463 = CLOSED_SHELL('',(#464));
#464 = ADVANCED_FACE('',(#465),#469,.T.);
#465 = FACE_BOUND('',#466,.T.);
#466 = VERTEX_LOOP('',#467);
#467 = VERTEX_POINT('',#468);
#468 = CARTESIAN_POINT('',(-1.2,-1.2,0.));
#469 = SPHERICAL_SURFACE('',#470,0.2);
#470 = AXIS2_PLACEMENT_3D('',#471,#472,#473);
#471 = CARTESIAN_POINT('',(-1.2,-1.2,0.2));
#472 = DIRECTION('',(0.,0.,1.));
#473 = DIRECTION('',(1.,0.,0.));
#474 = MANIFOLD_SOLID_BREP('',#475);
#475 = CLOSED_SHELL('',(#476));
#476 = ADVANCED_FACE('',(#477),#481,.T.);
#477 = FACE_BOUND('',#478,.T.);
#478 = VERTEX_LOOP('',#479);
#479 = VERTEX_POINT('',#480);
#480 = CARTESIAN_POINT('',(-1.2,-2.,0.));
#481 = SPHERICAL_SURFACE('',#482,0.2);
#482 = AXIS2_PLACEMENT_3D('',#483,#484,#485);
#483 = CARTESIAN_POINT('',(-1.2,-2.,0.2));
#484 = DIRECTION('',(0.,0.,1.));
#485 = DIRECTION('',(1.,0.,0.));
#486 = MANIFOLD_SOLID_BREP('',#487);
#487 = CLOSED_SHELL('',(#488));
#488 = ADVANCED_FACE('',(#489),#493,.T.);
#489 = FACE_BOUND('',#490,.T.);
#490 = VERTEX_LOOP('',#491);
#491 = VERTEX_POINT('',#492);
#492 = CARTESIAN_POINT('',(-1.2,-2.8,0.));
#493 = SPHERICAL_SURFACE('',#494,0.2);
#494 = AXIS2_PLACEMENT_3D('',#495,#496,#497);
#495 = CARTESIAN_POINT('',(-1.2,-2.8,0.2));
#496 = DIRECTION('',(0.,0.,1.));
#497 = DIRECTION('',(1.,0.,0.));
#498 = MANIFOLD_SOLID_BREP('',#499);
#499 = CLOSED_SHELL('',(#500));
#500 = ADVANCED_FACE('',(#501),#505,.T.);
#501 = FACE_BOUND('',#502,.T.);
#502 = VERTEX_LOOP('',#503);
#503 = VERTEX_POINT('',#504);
#504 = CARTESIAN_POINT('',(-1.2,-3.6,0.));
#505 = SPHERICAL_SURFACE('',#506,0.2);
#506 = AXIS2_PLACEMENT_3D('',#507,#508,#509);
#507 = CARTESIAN_POINT('',(-1.2,-3.6,0.2));
#508 = DIRECTION('',(0.,0.,1.));
#509 = DIRECTION('',(1.,0.,0.));
#510 = MANIFOLD_SOLID_BREP('',#511);
#511 = CLOSED_SHELL('',(#512));
#512 = ADVANCED_FACE('',(#513),#517,.T.);
#513 = FACE_BOUND('',#514,.T.);
#514 = VERTEX_LOOP('',#515);
#515 = VERTEX_POINT('',#516);
#516 = CARTESIAN_POINT('',(-0.4,3.6,0.));
#517 = SPHERICAL_SURFACE('',#518,0.2);
#518 = AXIS2_PLACEMENT_3D('',#519,#520,#521);
#519 = CARTESIAN_POINT('',(-0.4,3.6,0.2));
#520 = DIRECTION('',(0.,0.,1.));
#521 = DIRECTION('',(1.,0.,0.));
#522 = MANIFOLD_SOLID_BREP('',#523);
#523 = CLOSED_SHELL('',(#524));
#524 = ADVANCED_FACE('',(#525),#529,.T.);
#525 = FACE_BOUND('',#526,.T.);
#526 = VERTEX_LOOP('',#527);
#527 = VERTEX_POINT('',#528);
#528 = CARTESIAN_POINT('',(-0.4,2.8,0.));
#529 = SPHERICAL_SURFACE('',#530,0.2);
#530 = AXIS2_PLACEMENT_3D('',#531,#532,#533);
#531 = CARTESIAN_POINT('',(-0.4,2.8,0.2));
#532 = DIRECTION('',(0.,0.,1.));
#533 = DIRECTION('',(1.,0.,0.));
#534 = MANIFOLD_SOLID_BREP('',#535);
#535 = CLOSED_SHELL('',(#536));
#536 = ADVANCED_FACE('',(#537),#541,.T.);
#537 = FACE_BOUND('',#538,.T.);
#538 = VERTEX_LOOP('',#539);
#539 = VERTEX_POINT('',#540);
#540 = CARTESIAN_POINT('',(-0.4,2.,0.));
#541 = SPHERICAL_SURFACE('',#542,0.2);
#542 = AXIS2_PLACEMENT_3D('',#543,#544,#545);
#543 = CARTESIAN_POINT('',(-0.4,2.,0.2));
#544 = DIRECTION('',(0.,0.,1.));
#545 = DIRECTION('',(1.,0.,0.));
#546 = MANIFOLD_SOLID_BREP('',#547);
#547 = CLOSED_SHELL('',(#548));
#548 = ADVANCED_FACE('',(#549),#553,.T.);
#549 = FACE_BOUND('',#550,.T.);
#550 = VERTEX_LOOP('',#551);
#551 = VERTEX_POINT('',#552);
#552 = CARTESIAN_POINT('',(-0.4,1.2,0.));
#553 = SPHERICAL_SURFACE('',#554,0.2);
#554 = AXIS2_PLACEMENT_3D('',#555,#556,#557);
#555 = CARTESIAN_POINT('',(-0.4,1.2,0.2));
#556 = DIRECTION('',(0.,0.,1.));
#557 = DIRECTION('',(1.,0.,0.));
#558 = MANIFOLD_SOLID_BREP('',#559);
#559 = CLOSED_SHELL('',(#560));
#560 = ADVANCED_FACE('',(#561),#565,.T.);
#561 = FACE_BOUND('',#562,.T.);
#562 = VERTEX_LOOP('',#563);
#563 = VERTEX_POINT('',#564);
#564 = CARTESIAN_POINT('',(-0.4,0.4,0.));
#565 = SPHERICAL_SURFACE('',#566,0.2);
#566 = AXIS2_PLACEMENT_3D('',#567,#568,#569);
#567 = CARTESIAN_POINT('',(-0.4,0.4,0.2));
#568 = DIRECTION('',(0.,0.,1.));
#569 = DIRECTION('',(1.,0.,0.));
#570 = MANIFOLD_SOLID_BREP('',#571);
#571 = CLOSED_SHELL('',(#572));
#572 = ADVANCED_FACE('',(#573),#577,.T.);
#573 = FACE_BOUND('',#574,.T.);
#574 = VERTEX_LOOP('',#575);
#575 = VERTEX_POINT('',#576);
#576 = CARTESIAN_POINT('',(-0.4,-0.4,0.));
#577 = SPHERICAL_SURFACE('',#578,0.2);
#578 = AXIS2_PLACEMENT_3D('',#579,#580,#581);
#579 = CARTESIAN_POINT('',(-0.4,-0.4,0.2));
#580 = DIRECTION('',(0.,0.,1.));
#581 = DIRECTION('',(1.,0.,0.));
#582 = MANIFOLD_SOLID_BREP('',#583);
#583 = CLOSED_SHELL('',(#584));
#584 = ADVANCED_FACE('',(#585),#589,.T.);
#585 = FACE_BOUND('',#586,.T.);
#586 = VERTEX_LOOP('',#587);
#587 = VERTEX_POINT('',#588);
#588 = CARTESIAN_POINT('',(-0.4,-1.2,0.));
#589 = SPHERICAL_SURFACE('',#590,0.2);
#590 = AXIS2_PLACEMENT_3D('',#591,#592,#593);
#591 = CARTESIAN_POINT('',(-0.4,-1.2,0.2));
#592 = DIRECTION('',(0.,0.,1.));
#593 = DIRECTION('',(1.,0.,0.));
#594 = MANIFOLD_SOLID_BREP('',#595);
#595 = CLOSED_SHELL('',(#596));
#596 = ADVANCED_FACE('',(#597),#601,.T.);
#597 = FACE_BOUND('',#598,.T.);
#598 = VERTEX_LOOP('',#599);
#599 = VERTEX_POINT('',#600);
#600 = CARTESIAN_POINT('',(-0.4,-2.,0.));
#601 = SPHERICAL_SURFACE('',#602,0.2);
#602 = AXIS2_PLACEMENT_3D('',#603,#604,#605);
#603 = CARTESIAN_POINT('',(-0.4,-2.,0.2));
#604 = DIRECTION('',(0.,0.,1.));
#605 = DIRECTION('',(1.,0.,0.));
#606 = MANIFOLD_SOLID_BREP('',#607);
#607 = CLOSED_SHELL('',(#608));
#608 = ADVANCED_FACE('',(#609),#613,.T.);
#609 = FACE_BOUND('',#610,.T.);
#610 = VERTEX_LOOP('',#611);
#611 = VERTEX_POINT('',#612);
#612 = CARTESIAN_POINT('',(-0.4,-2.8,0.));
#613 = SPHERICAL_SURFACE('',#614,0.2);
#614 = AXIS2_PLACEMENT_3D('',#615,#616,#617);
#615 = CARTESIAN_POINT('',(-0.4,-2.8,0.2));
#616 = DIRECTION('',(0.,0.,1.));
#617 = DIRECTION('',(1.,0.,0.));
#618 = MANIFOLD_SOLID_BREP('',#619);
#619 = CLOSED_SHELL('',(#620));
#620 = ADVANCED_FACE('',(#621),#625,.T.);
#621 = FACE_BOUND('',#622,.T.);
#622 = VERTEX_LOOP('',#623);
#623 = VERTEX_POINT('',#624);
#624 = CARTESIAN_POINT('',(-0.4,-3.6,0.));
#625 = SPHERICAL_SURFACE('',#626,0.2);
#626 = AXIS2_PLACEMENT_3D('',#627,#628,#629);
#627 = CARTESIAN_POINT('',(-0.4,-3.6,0.2));
#628 = DIRECTION('',(0.,0.,1.));
#629 = DIRECTION('',(1.,0.,0.));
#630 = MANIFOLD_SOLID_BREP('',#631);
#631 = CLOSED_SHELL('',(#632));
#632 = ADVANCED_FACE('',(#633),#637,.T.);
#633 = FACE_BOUND('',#634,.T.);
#634 = VERTEX_LOOP('',#635);
#635 = VERTEX_POINT('',#636);
#636 = CARTESIAN_POINT('',(0.4,3.6,0.));
#637 = SPHERICAL_SURFACE('',#638,0.2);
#638 = AXIS2_PLACEMENT_3D('',#639,#640,#641);
#639 = CARTESIAN_POINT('',(0.4,3.6,0.2));
#640 = DIRECTION('',(0.,0.,1.));
#641 = DIRECTION('',(1.,0.,0.));
#642 = MANIFOLD_SOLID_BREP('',#643);
#643 = CLOSED_SHELL('',(#644));
#644 = ADVANCED_FACE('',(#645),#649,.T.);
#645 = FACE_BOUND('',#646,.T.);
#646 = VERTEX_LOOP('',#647);
#647 = VERTEX_POINT('',#648);
#648 = CARTESIAN_POINT('',(0.4,2.8,0.));
#649 = SPHERICAL_SURFACE('',#650,0.2);
#650 = AXIS2_PLACEMENT_3D('',#651,#652,#653);
#651 = CARTESIAN_POINT('',(0.4,2.8,0.2));
#652 = DIRECTION('',(0.,0.,1.));
#653 = DIRECTION('',(1.,0.,0.));
#654 = MANIFOLD_SOLID_BREP('',#655);
#655 = CLOSED_SHELL('',(#656));
#656 = ADVANCED_FACE('',(#657),#661,.T.);
#657 = FACE_BOUND('',#658,.T.);
#658 = VERTEX_LOOP('',#659);
#659 = VERTEX_POINT('',#660);
#660 = CARTESIAN_POINT('',(0.4,2.,0.));
#661 = SPHERICAL_SURFACE('',#662,0.2);
#662 = AXIS2_PLACEMENT_3D('',#663,#664,#665);
#663 = CARTESIAN_POINT('',(0.4,2.,0.2));
#664 = DIRECTION('',(0.,0.,1.));
#665 = DIRECTION('',(1.,0.,0.));
#666 = MANIFOLD_SOLID_BREP('',#667);
#667 = CLOSED_SHELL('',(#668));
#668 = ADVANCED_FACE('',(#669),#673,.T.);
#669 = FACE_BOUND('',#670,.T.);
#670 = VERTEX_LOOP('',#671);
#671 = VERTEX_POINT('',#672);
#672 = CARTESIAN_POINT('',(0.4,1.2,0.));
#673 = SPHERICAL_SURFACE('',#674,0.2);
#674 = AXIS2_PLACEMENT_3D('',#675,#676,#677);
#675 = CARTESIAN_POINT('',(0.4,1.2,0.2));
#676 = DIRECTION('',(0.,0.,1.));
#677 = DIRECTION('',(1.,0.,0.));
#678 = MANIFOLD_SOLID_BREP('',#679);
#679 = CLOSED_SHELL('',(#680));
#680 = ADVANCED_FACE('',(#681),#685,.T.);
#681 = FACE_BOUND('',#682,.T.);
#682 = VERTEX_LOOP('',#683);
#683 = VERTEX_POINT('',#684);
#684 = CARTESIAN_POINT('',(0.4,0.4,0.));
#685 = SPHERICAL_SURFACE('',#686,0.2);
#686 = AXIS2_PLACEMENT_3D('',#687,#688,#689);
#687 = CARTESIAN_POINT('',(0.4,0.4,0.2));
#688 = DIRECTION('',(0.,0.,1.));
#689 = DIRECTION('',(1.,0.,0.));
#690 = MANIFOLD_SOLID_BREP('',#691);
#691 = CLOSED_SHELL('',(#692));
#692 = ADVANCED_FACE('',(#693),#697,.T.);
#693 = FACE_BOUND('',#694,.T.);
#694 = VERTEX_LOOP('',#695);
#695 = VERTEX_POINT('',#696);
#696 = CARTESIAN_POINT('',(0.4,-0.4,0.));
#697 = SPHERICAL_SURFACE('',#698,0.2);
#698 = AXIS2_PLACEMENT_3D('',#699,#700,#701);
#699 = CARTESIAN_POINT('',(0.4,-0.4,0.2));
#700 = DIRECTION('',(0.,0.,1.));
#701 = DIRECTION('',(1.,0.,0.));
#702 = MANIFOLD_SOLID_BREP('',#703);
#703 = CLOSED_SHELL('',(#704));
#704 = ADVANCED_FACE('',(#705),#709,.T.);
#705 = FACE_BOUND('',#706,.T.);
#706 = VERTEX_LOOP('',#707);
#707 = VERTEX_POINT('',#708);
#708 = CARTESIAN_POINT('',(0.4,-1.2,0.));
#709 = SPHERICAL_SURFACE('',#710,0.2);
#710 = AXIS2_PLACEMENT_3D('',#711,#712,#713);
#711 = CARTESIAN_POINT('',(0.4,-1.2,0.2));
#712 = DIRECTION('',(0.,0.,1.));
#713 = DIRECTION('',(1.,0.,0.));
#714 = MANIFOLD_SOLID_BREP('',#715);
#715 = CLOSED_SHELL('',(#716));
#716 = ADVANCED_FACE('',(#717),#721,.T.);
#717 = FACE_BOUND('',#718,.T.);
#718 = VERTEX_LOOP('',#719);
#719 = VERTEX_POINT('',#720);
#720 = CARTESIAN_POINT('',(0.4,-2.,0.));
#721 = SPHERICAL_SURFACE('',#722,0.2);
#722 = AXIS2_PLACEMENT_3D('',#723,#724,#725);
#723 = CARTESIAN_POINT('',(0.4,-2.,0.2));
#724 = DIRECTION('',(0.,0.,1.));
#725 = DIRECTION('',(1.,0.,0.));
#726 = MANIFOLD_SOLID_BREP('',#727);
#727 = CLOSED_SHELL('',(#728));
#728 = ADVANCED_FACE('',(#729),#733,.T.);
#729 = FACE_BOUND('',#730,.T.);
#730 = VERTEX_LOOP('',#731);
#731 = VERTEX_POINT('',#732);
#732 = CARTESIAN_POINT('',(0.4,-2.8,0.));
#733 = SPHERICAL_SURFACE('',#734,0.2);
#734 = AXIS2_PLACEMENT_3D('',#735,#736,#737);
#735 = CARTESIAN_POINT('',(0.4,-2.8,0.2));
#736 = DIRECTION('',(0.,0.,1.));
#737 = DIRECTION('',(1.,0.,0.));
#738 = MANIFOLD_SOLID_BREP('',#739);
#739 = CLOSED_SHELL('',(#740));
#740 = ADVANCED_FACE('',(#741),#745,.T.);
#741 = FACE_BOUND('',#742,.T.);
#742 = VERTEX_LOOP('',#743);
#743 = VERTEX_POINT('',#744);
#744 = CARTESIAN_POINT('',(0.4,-3.6,0.));
#745 = SPHERICAL_SURFACE('',#746,0.2);
#746 = AXIS2_PLACEMENT_3D('',#747,#748,#749);
#747 = CARTESIAN_POINT('',(0.4,-3.6,0.2));
#748 = DIRECTION('',(0.,0.,1.));
#749 = DIRECTION('',(1.,0.,0.));
#750 = MANIFOLD_SOLID_BREP('',#751);
#751 = CLOSED_SHELL('',(#752));
#752 = ADVANCED_FACE('',(#753),#757,.T.);
#753 = FACE_BOUND('',#754,.T.);
#754 = VERTEX_LOOP('',#755);
#755 = VERTEX_POINT('',#756);
#756 = CARTESIAN_POINT('',(1.2,3.6,0.));
#757 = SPHERICAL_SURFACE('',#758,0.2);
#758 = AXIS2_PLACEMENT_3D('',#759,#760,#761);
#759 = CARTESIAN_POINT('',(1.2,3.6,0.2));
#760 = DIRECTION('',(0.,0.,1.));
#761 = DIRECTION('',(1.,0.,0.));
#762 = MANIFOLD_SOLID_BREP('',#763);
#763 = CLOSED_SHELL('',(#764));
#764 = ADVANCED_FACE('',(#765),#769,.T.);
#765 = FACE_BOUND('',#766,.T.);
#766 = VERTEX_LOOP('',#767);
#767 = VERTEX_POINT('',#768);
#768 = CARTESIAN_POINT('',(1.2,2.8,0.));
#769 = SPHERICAL_SURFACE('',#770,0.2);
#770 = AXIS2_PLACEMENT_3D('',#771,#772,#773);
#771 = CARTESIAN_POINT('',(1.2,2.8,0.2));
#772 = DIRECTION('',(0.,0.,1.));
#773 = DIRECTION('',(1.,0.,0.));
#774 = MANIFOLD_SOLID_BREP('',#775);
#775 = CLOSED_SHELL('',(#776));
#776 = ADVANCED_FACE('',(#777),#781,.T.);
#777 = FACE_BOUND('',#778,.T.);
#778 = VERTEX_LOOP('',#779);
#779 = VERTEX_POINT('',#780);
#780 = CARTESIAN_POINT('',(1.2,2.,0.));
#781 = SPHERICAL_SURFACE('',#782,0.2);
#782 = AXIS2_PLACEMENT_3D('',#783,#784,#785);
#783 = CARTESIAN_POINT('',(1.2,2.,0.2));
#784 = DIRECTION('',(0.,0.,1.));
#785 = DIRECTION('',(1.,0.,0.));
#786 = MANIFOLD_SOLID_BREP('',#787);
#787 = CLOSED_SHELL('',(#788));
#788 = ADVANCED_FACE('',(#789),#793,.T.);
#789 = FACE_BOUND('',#790,.T.);
#790 = VERTEX_LOOP('',#791);
#791 = VERTEX_POINT('',#792);
#792 = CARTESIAN_POINT('',(1.2,1.2,0.));
#793 = SPHERICAL_SURFACE('',#794,0.2);
#794 = AXIS2_PLACEMENT_3D('',#795,#796,#797);
#795 = CARTESIAN_POINT('',(1.2,1.2,0.2));
#796 = DIRECTION('',(0.,0.,1.));
#797 = DIRECTION('',(1.,0.,0.));
#798 = MANIFOLD_SOLID_BREP('',#799);
#799 = CLOSED_SHELL('',(#800));
#800 = ADVANCED_FACE('',(#801),#805,.T.);
#801 = FACE_BOUND('',#802,.T.);
#802 = VERTEX_LOOP('',#803);
#803 = VERTEX_POINT('',#804);
#804 = CARTESIAN_POINT('',(1.2,0.4,0.));
#805 = SPHERICAL_SURFACE('',#806,0.2);
#806 = AXIS2_PLACEMENT_3D('',#807,#808,#809);
#807 = CARTESIAN_POINT('',(1.2,0.4,0.2));
#808 = DIRECTION('',(0.,0.,1.));
#809 = DIRECTION('',(1.,0.,0.));
#810 = MANIFOLD_SOLID_BREP('',#811);
#811 = CLOSED_SHELL('',(#812));
#812 = ADVANCED_FACE('',(#813),#817,.T.);
#813 = FACE_BOUND('',#814,.T.);
#814 = VERTEX_LOOP('',#815);
#815 = VERTEX_POINT('',#816);
#816 = CARTESIAN_POINT('',(1.2,-0.4,0.));
#817 = SPHERICAL_SURFACE('',#818,0.2);
#818 = AXIS2_PLACEMENT_3D('',#819,#820,#821);
#819 = CARTESIAN_POINT('',(1.2,-0.4,0.2));
#820 = DIRECTION('',(0.,0.,1.));
#821 = DIRECTION('',(1.,0.,0.));
#822 = MANIFOLD_SOLID_BREP('',#823);
#823 = CLOSED_SHELL('',(#824));
#824 = ADVANCED_FACE('',(#825),#829,.T.);
#825 = FACE_BOUND('',#826,.T.);
#826 = VERTEX_LOOP('',#827);
#827 = VERTEX_POINT('',#828);
#828 = CARTESIAN_POINT('',(1.2,-1.2,0.));
#829 = SPHERICAL_SURFACE('',#830,0.2);
#830 = AXIS2_PLACEMENT_3D('',#831,#832,#833);
#831 = CARTESIAN_POINT('',(1.2,-1.2,0.2));
#832 = DIRECTION('',(0.,0.,1.));
#833 = DIRECTION('',(1.,0.,0.));
#834 = MANIFOLD_SOLID_BREP('',#835);
#835 = CLOSED_SHELL('',(#836));
#836 = ADVANCED_FACE('',(#837),#841,.T.);
#837 = FACE_BOUND('',#838,.T.);
#838 = VERTEX_LOOP('',#839);
#839 = VERTEX_POINT('',#840);
#840 = CARTESIAN_POINT('',(1.2,-2.,0.));
#841 = SPHERICAL_SURFACE('',#842,0.2);
#842 = AXIS2_PLACEMENT_3D('',#843,#844,#845);
#843 = CARTESIAN_POINT('',(1.2,-2.,0.2));
#844 = DIRECTION('',(0.,0.,1.));
#845 = DIRECTION('',(1.,0.,0.));
#846 = MANIFOLD_SOLID_BREP('',#847);
#847 = CLOSED_SHELL('',(#848));
#848 = ADVANCED_FACE('',(#849),#853,.T.);
#849 = FACE_BOUND('',#850,.T.);
#850 = VERTEX_LOOP('',#851);
#851 = VERTEX_POINT('',#852);
#852 = CARTESIAN_POINT('',(1.2,-2.8,0.));
#853 = SPHERICAL_SURFACE('',#854,0.2);
#854 = AXIS2_PLACEMENT_3D('',#855,#856,#857);
#855 = CARTESIAN_POINT('',(1.2,-2.8,0.2));
#856 = DIRECTION('',(0.,0.,1.));
#857 = DIRECTION('',(1.,0.,0.));
#858 = MANIFOLD_SOLID_BREP('',#859);
#859 = CLOSED_SHELL('',(#860));
#860 = ADVANCED_FACE('',(#861),#865,.T.);
#861 = FACE_BOUND('',#862,.T.);
#862 = VERTEX_LOOP('',#863);
#863 = VERTEX_POINT('',#864);
#864 = CARTESIAN_POINT('',(1.2,-3.6,0.));
#865 = SPHERICAL_SURFACE('',#866,0.2);
#866 = AXIS2_PLACEMENT_3D('',#867,#868,#869);
#867 = CARTESIAN_POINT('',(1.2,-3.6,0.2));
#868 = DIRECTION('',(0.,0.,1.));
#869 = DIRECTION('',(1.,0.,0.));
#870 = MANIFOLD_SOLID_BREP('',#871);
#871 = CLOSED_SHELL('',(#872));
#872 = ADVANCED_FACE('',(#873),#877,.T.);
#873 = FACE_BOUND('',#874,.T.);
#874 = VERTEX_LOOP('',#875);
#875 = VERTEX_POINT('',#876);
#876 = CARTESIAN_POINT('',(2.,3.6,0.));
#877 = SPHERICAL_SURFACE('',#878,0.2);
#878 = AXIS2_PLACEMENT_3D('',#879,#880,#881);
#879 = CARTESIAN_POINT('',(2.,3.6,0.2));
#880 = DIRECTION('',(0.,0.,1.));
#881 = DIRECTION('',(1.,0.,0.));
#882 = MANIFOLD_SOLID_BREP('',#883);
#883 = CLOSED_SHELL('',(#884));
#884 = ADVANCED_FACE('',(#885),#889,.T.);
#885 = FACE_BOUND('',#886,.T.);
#886 = VERTEX_LOOP('',#887);
#887 = VERTEX_POINT('',#888);
#888 = CARTESIAN_POINT('',(2.,2.8,0.));
#889 = SPHERICAL_SURFACE('',#890,0.2);
#890 = AXIS2_PLACEMENT_3D('',#891,#892,#893);
#891 = CARTESIAN_POINT('',(2.,2.8,0.2));
#892 = DIRECTION('',(0.,0.,1.));
#893 = DIRECTION('',(1.,0.,0.));
#894 = MANIFOLD_SOLID_BREP('',#895);
#895 = CLOSED_SHELL('',(#896));
#896 = ADVANCED_FACE('',(#897),#901,.T.);
#897 = FACE_BOUND('',#898,.T.);
#898 = VERTEX_LOOP('',#899);
#899 = VERTEX_POINT('',#900);
#900 = CARTESIAN_POINT('',(2.,2.,0.));
#901 = SPHERICAL_SURFACE('',#902,0.2);
#902 = AXIS2_PLACEMENT_3D('',#903,#904,#905);
#903 = CARTESIAN_POINT('',(2.,2.,0.2));
#904 = DIRECTION('',(0.,0.,1.));
#905 = DIRECTION('',(1.,0.,0.));
#906 = MANIFOLD_SOLID_BREP('',#907);
#907 = CLOSED_SHELL('',(#908));
#908 = ADVANCED_FACE('',(#909),#913,.T.);
#909 = FACE_BOUND('',#910,.T.);
#910 = VERTEX_LOOP('',#911);
#911 = VERTEX_POINT('',#912);
#912 = CARTESIAN_POINT('',(2.,1.2,0.));
#913 = SPHERICAL_SURFACE('',#914,0.2);
#914 = AXIS2_PLACEMENT_3D('',#915,#916,#917);
#915 = CARTESIAN_POINT('',(2.,1.2,0.2));
#916 = DIRECTION('',(0.,0.,1.));
#917 = DIRECTION('',(1.,0.,0.));
#918 = MANIFOLD_SOLID_BREP('',#919);
#919 = CLOSED_SHELL('',(#920));
#920 = ADVANCED_FACE('',(#921),#925,.T.);
#921 = FACE_BOUND('',#922,.T.);
#922 = VERTEX_LOOP('',#923);
#923 = VERTEX_POINT('',#924);
#924 = CARTESIAN_POINT('',(2.,0.4,0.));
#925 = SPHERICAL_SURFACE('',#926,0.2);
#926 = AXIS2_PLACEMENT_3D('',#927,#928,#929);
#927 = CARTESIAN_POINT('',(2.,0.4,0.2));
#928 = DIRECTION('',(0.,0.,1.));
#929 = DIRECTION('',(1.,0.,0.));
#930 = MANIFOLD_SOLID_BREP('',#931);
#931 = CLOSED_SHELL('',(#932));
#932 = ADVANCED_FACE('',(#933),#937,.T.);
#933 = FACE_BOUND('',#934,.T.);
#934 = VERTEX_LOOP('',#935);
#935 = VERTEX_POINT('',#936);
#936 = CARTESIAN_POINT('',(2.,-0.4,0.));
#937 = SPHERICAL_SURFACE('',#938,0.2);
#938 = AXIS2_PLACEMENT_3D('',#939,#940,#941);
#939 = CARTESIAN_POINT('',(2.,-0.4,0.2));
#940 = DIRECTION('',(0.,0.,1.));
#941 = DIRECTION('',(1.,0.,0.));
#942 = MANIFOLD_SOLID_BREP('',#943);
#943 = CLOSED_SHELL('',(#944));
#944 = ADVANCED_FACE('',(#945),#949,.T.);
#945 = FACE_BOUND('',#946,.T.);
#946 = VERTEX_LOOP('',#947);
#947 = VERTEX_POINT('',#948);
#948 = CARTESIAN_POINT('',(2.,-1.2,0.));
#949 = SPHERICAL_SURFACE('',#950,0.2);
#950 = AXIS2_PLACEMENT_3D('',#951,#952,#953);
#951 = CARTESIAN_POINT('',(2.,-1.2,0.2));
#952 = DIRECTION('',(0.,0.,1.));
#953 = DIRECTION('',(1.,0.,0.));
#954 = MANIFOLD_SOLID_BREP('',#955);
#955 = CLOSED_SHELL('',(#956));
#956 = ADVANCED_FACE('',(#957),#961,.T.);
#957 = FACE_BOUND('',#958,.T.);
#958 = VERTEX_LOOP('',#959);
#959 = VERTEX_POINT('',#960);
#960 = CARTESIAN_POINT('',(2.,-2.,0.));
#961 = SPHERICAL_SURFACE('',#962,0.2);
#962 = AXIS2_PLACEMENT_3D('',#963,#964,#965);
#963 = CARTESIAN_POINT('',(2.,-2.,0.2));
#964 = DIRECTION('',(0.,0.,1.));
#965 = DIRECTION('',(1.,0.,0.));
#966 = MANIFOLD_SOLID_BREP('',#967);
#967 = CLOSED_SHELL('',(#968));
#968 = ADVANCED_FACE('',(#969),#973,.T.);
#969 = FACE_BOUND('',#970,.T.);
#970 = VERTEX_LOOP('',#971);
#971 = VERTEX_POINT('',#972);
#972 = CARTESIAN_POINT('',(2.,-2.8,0.));
#973 = SPHERICAL_SURFACE('',#974,0.2);
#974 = AXIS2_PLACEMENT_3D('',#975,#976,#977);
#975 = CARTESIAN_POINT('',(2.,-2.8,0.2));
#976 = DIRECTION('',(0.,0.,1.));
#977 = DIRECTION('',(1.,0.,0.));
#978 = MANIFOLD_SOLID_BREP('',#979);
#979 = CLOSED_SHELL('',(#980));
#980 = ADVANCED_FACE('',(#981),#985,.T.);
#981 = FACE_BOUND('',#982,.T.);
#982 = VERTEX_LOOP('',#983);
#983 = VERTEX_POINT('',#984);
#984 = CARTESIAN_POINT('',(2.,-3.6,0.));
#985 = SPHERICAL_SURFACE('',#986,0.2);
#986 = AXIS2_PLACEMENT_3D('',#987,#988,#989);
#987 = CARTESIAN_POINT('',(2.,-3.6,0.2));
#988 = DIRECTION('',(0.,0.,1.));
#989 = DIRECTION('',(1.,0.,0.));
#990 = MANIFOLD_SOLID_BREP('',#991);
#991 = CLOSED_SHELL('',(#992));
#992 = ADVANCED_FACE('',(#993),#997,.T.);
#993 = FACE_BOUND('',#994,.T.);
#994 = VERTEX_LOOP('',#995);
#995 = VERTEX_POINT('',#996);
#996 = CARTESIAN_POINT('',(2.8,3.6,0.));
#997 = SPHERICAL_SURFACE('',#998,0.2);
#998 = AXIS2_PLACEMENT_3D('',#999,#1000,#1001);
#999 = CARTESIAN_POINT('',(2.8,3.6,0.2));
#1000 = DIRECTION('',(0.,0.,1.));
#1001 = DIRECTION('',(1.,0.,0.));
#1002 = MANIFOLD_SOLID_BREP('',#1003);
#1003 = CLOSED_SHELL('',(#1004));
#1004 = ADVANCED_FACE('',(#1005),#1009,.T.);
#1005 = FACE_BOUND('',#1006,.T.);
#1006 = VERTEX_LOOP('',#1007);
#1007 = VERTEX_POINT('',#1008);
#1008 = CARTESIAN_POINT('',(2.8,2.8,0.));
#1009 = SPHERICAL_SURFACE('',#1010,0.2);
#1010 = AXIS2_PLACEMENT_3D('',#1011,#1012,#1013);
#1011 = CARTESIAN_POINT('',(2.8,2.8,0.2));
#1012 = DIRECTION('',(0.,0.,1.));
#1013 = DIRECTION('',(1.,0.,0.));
#1014 = MANIFOLD_SOLID_BREP('',#1015);
#1015 = CLOSED_SHELL('',(#1016));
#1016 = ADVANCED_FACE('',(#1017),#1021,.T.);
#1017 = FACE_BOUND('',#1018,.T.);
#1018 = VERTEX_LOOP('',#1019);
#1019 = VERTEX_POINT('',#1020);
#1020 = CARTESIAN_POINT('',(2.8,2.,0.));
#1021 = SPHERICAL_SURFACE('',#1022,0.2);
#1022 = AXIS2_PLACEMENT_3D('',#1023,#1024,#1025);
#1023 = CARTESIAN_POINT('',(2.8,2.,0.2));
#1024 = DIRECTION('',(0.,0.,1.));
#1025 = DIRECTION('',(1.,0.,0.));
#1026 = MANIFOLD_SOLID_BREP('',#1027);
#1027 = CLOSED_SHELL('',(#1028));
#1028 = ADVANCED_FACE('',(#1029),#1033,.T.);
#1029 = FACE_BOUND('',#1030,.T.);
#1030 = VERTEX_LOOP('',#1031);
#1031 = VERTEX_POINT('',#1032);
#1032 = CARTESIAN_POINT('',(2.8,1.2,0.));
#1033 = SPHERICAL_SURFACE('',#1034,0.2);
#1034 = AXIS2_PLACEMENT_3D('',#1035,#1036,#1037);
#1035 = CARTESIAN_POINT('',(2.8,1.2,0.2));
#1036 = DIRECTION('',(0.,0.,1.));
#1037 = DIRECTION('',(1.,0.,0.));
#1038 = MANIFOLD_SOLID_BREP('',#1039);
#1039 = CLOSED_SHELL('',(#1040));
#1040 = ADVANCED_FACE('',(#1041),#1045,.T.);
#1041 = FACE_BOUND('',#1042,.T.);
#1042 = VERTEX_LOOP('',#1043);
#1043 = VERTEX_POINT('',#1044);
#1044 = CARTESIAN_POINT('',(2.8,0.4,0.));
#1045 = SPHERICAL_SURFACE('',#1046,0.2);
#1046 = AXIS2_PLACEMENT_3D('',#1047,#1048,#1049);
#1047 = CARTESIAN_POINT('',(2.8,0.4,0.2));
#1048 = DIRECTION('',(0.,0.,1.));
#1049 = DIRECTION('',(1.,0.,0.));
#1050 = MANIFOLD_SOLID_BREP('',#1051);
#1051 = CLOSED_SHELL('',(#1052));
#1052 = ADVANCED_FACE('',(#1053),#1057,.T.);
#1053 = FACE_BOUND('',#1054,.T.);
#1054 = VERTEX_LOOP('',#1055);
#1055 = VERTEX_POINT('',#1056);
#1056 = CARTESIAN_POINT('',(2.8,-0.4,0.));
#1057 = SPHERICAL_SURFACE('',#1058,0.2);
#1058 = AXIS2_PLACEMENT_3D('',#1059,#1060,#1061);
#1059 = CARTESIAN_POINT('',(2.8,-0.4,0.2));
#1060 = DIRECTION('',(0.,0.,1.));
#1061 = DIRECTION('',(1.,0.,0.));
#1062 = MANIFOLD_SOLID_BREP('',#1063);
#1063 = CLOSED_SHELL('',(#1064));
#1064 = ADVANCED_FACE('',(#1065),#1069,.T.);
#1065 = FACE_BOUND('',#1066,.T.);
#1066 = VERTEX_LOOP('',#1067);
#1067 = VERTEX_POINT('',#1068);
#1068 = CARTESIAN_POINT('',(2.8,-1.2,0.));
#1069 = SPHERICAL_SURFACE('',#1070,0.2);
#1070 = AXIS2_PLACEMENT_3D('',#1071,#1072,#1073);
#1071 = CARTESIAN_POINT('',(2.8,-1.2,0.2));
#1072 = DIRECTION('',(0.,0.,1.));
#1073 = DIRECTION('',(1.,0.,0.));
#1074 = MANIFOLD_SOLID_BREP('',#1075);
#1075 = CLOSED_SHELL('',(#1076));
#1076 = ADVANCED_FACE('',(#1077),#1081,.T.);
#1077 = FACE_BOUND('',#1078,.T.);
#1078 = VERTEX_LOOP('',#1079);
#1079 = VERTEX_POINT('',#1080);
#1080 = CARTESIAN_POINT('',(2.8,-2.,0.));
#1081 = SPHERICAL_SURFACE('',#1082,0.2);
#1082 = AXIS2_PLACEMENT_3D('',#1083,#1084,#1085);
#1083 = CARTESIAN_POINT('',(2.8,-2.,0.2));
#1084 = DIRECTION('',(0.,0.,1.));
#1085 = DIRECTION('',(1.,0.,0.));
#1086 = MANIFOLD_SOLID_BREP('',#1087);
#1087 = CLOSED_SHELL('',(#1088));
#1088 = ADVANCED_FACE('',(#1089),#1093,.T.);
#1089 = FACE_BOUND('',#1090,.T.);
#1090 = VERTEX_LOOP('',#1091);
#1091 = VERTEX_POINT('',#1092);
#1092 = CARTESIAN_POINT('',(2.8,-2.8,0.));
#1093 = SPHERICAL_SURFACE('',#1094,0.2);
#1094 = AXIS2_PLACEMENT_3D('',#1095,#1096,#1097);
#1095 = CARTESIAN_POINT('',(2.8,-2.8,0.2));
#1096 = DIRECTION('',(0.,0.,1.));
#1097 = DIRECTION('',(1.,0.,0.));
#1098 = MANIFOLD_SOLID_BREP('',#1099);
#1099 = CLOSED_SHELL('',(#1100));
#1100 = ADVANCED_FACE('',(#1101),#1105,.T.);
#1101 = FACE_BOUND('',#1102,.T.);
#1102 = VERTEX_LOOP('',#1103);
#1103 = VERTEX_POINT('',#1104);
#1104 = CARTESIAN_POINT('',(2.8,-3.6,0.));
#1105 = SPHERICAL_SURFACE('',#1106,0.2);
#1106 = AXIS2_PLACEMENT_3D('',#1107,#1108,#1109);
#1107 = CARTESIAN_POINT('',(2.8,-3.6,0.2));
#1108 = DIRECTION('',(0.,0.,1.));
#1109 = DIRECTION('',(1.,0.,0.));
#1110 = MANIFOLD_SOLID_BREP('',#1111);
#1111 = CLOSED_SHELL('',(#1112));
#1112 = ADVANCED_FACE('',(#1113),#1117,.T.);
#1113 = FACE_BOUND('',#1114,.T.);
#1114 = VERTEX_LOOP('',#1115);
#1115 = VERTEX_POINT('',#1116);
#1116 = CARTESIAN_POINT('',(3.6,3.6,0.));
#1117 = SPHERICAL_SURFACE('',#1118,0.2);
#1118 = AXIS2_PLACEMENT_3D('',#1119,#1120,#1121);
#1119 = CARTESIAN_POINT('',(3.6,3.6,0.2));
#1120 = DIRECTION('',(0.,0.,1.));
#1121 = DIRECTION('',(1.,0.,0.));
#1122 = MANIFOLD_SOLID_BREP('',#1123);
#1123 = CLOSED_SHELL('',(#1124));
#1124 = ADVANCED_FACE('',(#1125),#1129,.T.);
#1125 = FACE_BOUND('',#1126,.T.);
#1126 = VERTEX_LOOP('',#1127);
#1127 = VERTEX_POINT('',#1128);
#1128 = CARTESIAN_POINT('',(3.6,2.8,0.));
#1129 = SPHERICAL_SURFACE('',#1130,0.2);
#1130 = AXIS2_PLACEMENT_3D('',#1131,#1132,#1133);
#1131 = CARTESIAN_POINT('',(3.6,2.8,0.2));
#1132 = DIRECTION('',(0.,0.,1.));
#1133 = DIRECTION('',(1.,0.,0.));
#1134 = MANIFOLD_SOLID_BREP('',#1135);
#1135 = CLOSED_SHELL('',(#1136));
#1136 = ADVANCED_FACE('',(#1137),#1141,.T.);
#1137 = FACE_BOUND('',#1138,.T.);
#1138 = VERTEX_LOOP('',#1139);
#1139 = VERTEX_POINT('',#1140);
#1140 = CARTESIAN_POINT('',(3.6,2.,0.));
#1141 = SPHERICAL_SURFACE('',#1142,0.2);
#1142 = AXIS2_PLACEMENT_3D('',#1143,#1144,#1145);
#1143 = CARTESIAN_POINT('',(3.6,2.,0.2));
#1144 = DIRECTION('',(0.,0.,1.));
#1145 = DIRECTION('',(1.,0.,0.));
#1146 = MANIFOLD_SOLID_BREP('',#1147);
#1147 = CLOSED_SHELL('',(#1148));
#1148 = ADVANCED_FACE('',(#1149),#1153,.T.);
#1149 = FACE_BOUND('',#1150,.T.);
#1150 = VERTEX_LOOP('',#1151);
#1151 = VERTEX_POINT('',#1152);
#1152 = CARTESIAN_POINT('',(3.6,1.2,0.));
#1153 = SPHERICAL_SURFACE('',#1154,0.2);
#1154 = AXIS2_PLACEMENT_3D('',#1155,#1156,#1157);
#1155 = CARTESIAN_POINT('',(3.6,1.2,0.2));
#1156 = DIRECTION('',(0.,0.,1.));
#1157 = DIRECTION('',(1.,0.,0.));
#1158 = MANIFOLD_SOLID_BREP('',#1159);
#1159 = CLOSED_SHELL('',(#1160));
#1160 = ADVANCED_FACE('',(#1161),#1165,.T.);
#1161 = FACE_BOUND('',#1162,.T.);
#1162 = VERTEX_LOOP('',#1163);
#1163 = VERTEX_POINT('',#1164);
#1164 = CARTESIAN_POINT('',(3.6,0.4,0.));
#1165 = SPHERICAL_SURFACE('',#1166,0.2);
#1166 = AXIS2_PLACEMENT_3D('',#1167,#1168,#1169);
#1167 = CARTESIAN_POINT('',(3.6,0.4,0.2));
#1168 = DIRECTION('',(0.,0.,1.));
#1169 = DIRECTION('',(1.,0.,0.));
#1170 = MANIFOLD_SOLID_BREP('',#1171);
#1171 = CLOSED_SHELL('',(#1172));
#1172 = ADVANCED_FACE('',(#1173),#1177,.T.);
#1173 = FACE_BOUND('',#1174,.T.);
#1174 = VERTEX_LOOP('',#1175);
#1175 = VERTEX_POINT('',#1176);
#1176 = CARTESIAN_POINT('',(3.6,-0.4,0.));
#1177 = SPHERICAL_SURFACE('',#1178,0.2);
#1178 = AXIS2_PLACEMENT_3D('',#1179,#1180,#1181);
#1179 = CARTESIAN_POINT('',(3.6,-0.4,0.2));
#1180 = DIRECTION('',(0.,0.,1.));
#1181 = DIRECTION('',(1.,0.,0.));
#1182 = MANIFOLD_SOLID_BREP('',#1183);
#1183 = CLOSED_SHELL('',(#1184));
#1184 = ADVANCED_FACE('',(#1185),#1189,.T.);
#1185 = FACE_BOUND('',#1186,.T.);
#1186 = VERTEX_LOOP('',#1187);
#1187 = VERTEX_POINT('',#1188);
#1188 = CARTESIAN_POINT('',(3.6,-1.2,0.));
#1189 = SPHERICAL_SURFACE('',#1190,0.2);
#1190 = AXIS2_PLACEMENT_3D('',#1191,#1192,#1193);
#1191 = CARTESIAN_POINT('',(3.6,-1.2,0.2));
#1192 = DIRECTION('',(0.,0.,1.));
#1193 = DIRECTION('',(1.,0.,0.));
#1194 = MANIFOLD_SOLID_BREP('',#1195);
#1195 = CLOSED_SHELL('',(#1196));
#1196 = ADVANCED_FACE('',(#1197),#1201,.T.);
#1197 = FACE_BOUND('',#1198,.T.);
#1198 = VERTEX_LOOP('',#1199);
#1199 = VERTEX_POINT('',#1200);
#1200 = CARTESIAN_POINT('',(3.6,-2.,0.));
#1201 = SPHERICAL_SURFACE('',#1202,0.2);
#1202 = AXIS2_PLACEMENT_3D('',#1203,#1204,#1205);
#1203 = CARTESIAN_POINT('',(3.6,-2.,0.2));
#1204 = DIRECTION('',(0.,0.,1.));
#1205 = DIRECTION('',(1.,0.,0.));
#1206 = MANIFOLD_SOLID_BREP('',#1207);
#1207 = CLOSED_SHELL('',(#1208));
#1208 = ADVANCED_FACE('',(#1209),#1213,.T.);
#1209 = FACE_BOUND('',#1210,.T.);
#1210 = VERTEX_LOOP('',#1211);
#1211 = VERTEX_POINT('',#1212);
#1212 = CARTESIAN_POINT('',(3.6,-2.8,0.));
#1213 = SPHERICAL_SURFACE('',#1214,0.2);
#1214 = AXIS2_PLACEMENT_3D('',#1215,#1216,#1217);
#1215 = CARTESIAN_POINT('',(3.6,-2.8,0.2));
#1216 = DIRECTION('',(0.,0.,1.));
#1217 = DIRECTION('',(1.,0.,0.));
#1218 = MANIFOLD_SOLID_BREP('',#1219);
#1219 = CLOSED_SHELL('',(#1220));
#1220 = ADVANCED_FACE('',(#1221),#1225,.T.);
#1221 = FACE_BOUND('',#1222,.T.);
#1222 = VERTEX_LOOP('',#1223);
#1223 = VERTEX_POINT('',#1224);
#1224 = CARTESIAN_POINT('',(3.6,-3.6,0.));
#1225 = SPHERICAL_SURFACE('',#1226,0.2);
#1226 = AXIS2_PLACEMENT_3D('',#1227,#1228,#1229);
#1227 = CARTESIAN_POINT('',(3.6,-3.6,0.2));
#1228 = DIRECTION('',(0.,0.,1.));
#1229 = DIRECTION('',(1.,0.,0.));
#1230 = ( GEOMETRIC_REPRESENTATION_CONTEXT(3) 
GLOBAL_UNCERTAINTY_ASSIGNED_CONTEXT((#1234)) 
GLOBAL_UNIT_ASSIGNED_CONTEXT((#1231,#1232,#1233)) REPRESENTATION_CONTEXT
('Context #1','3D Context with UNIT and UNCERTAINTY') );
#1231 = ( LENGTH_UNIT() NAMED_UNIT(*) SI_UNIT(.MILLI.,.METRE.) );
#1232 = ( NAMED_UNIT(*) PLANE_ANGLE_UNIT() SI_UNIT($,.RADIAN.) );
#1233 = ( NAMED_UNIT(*) SI_UNIT($,.STERADIAN.) SOLID_ANGLE_UNIT() );
#1234 = UNCERTAINTY_MEASURE_WITH_UNIT(LENGTH_MEASURE(1.E-07),#1231,
  'distance_accuracy_value','confusion accuracy');
#1235 = SHAPE_DEFINITION_REPRESENTATION(#1236,#29);
#1236 = PRODUCT_DEFINITION_SHAPE('','',#1237);
#1237 = PRODUCT_DEFINITION('design','',#1238,#1241);
#1238 = PRODUCT_DEFINITION_FORMATION('','',#1239);
#1239 = PRODUCT('Array','Array','',(#1240));
#1240 = PRODUCT_CONTEXT('',#2,'mechanical');
#1241 = PRODUCT_DEFINITION_CONTEXT('part definition',#2,'design');
#1242 = CONTEXT_DEPENDENT_SHAPE_REPRESENTATION(#1243,#1245);
#1243 = ( REPRESENTATION_RELATIONSHIP('','',#29,#10) 
REPRESENTATION_RELATIONSHIP_WITH_TRANSFORMATION(#1244) 
SHAPE_REPRESENTATION_RELATIONSHIP() );
#1244 = ITEM_DEFINED_TRANSFORMATION('','',#11,#15);
#1245 = PRODUCT_DEFINITION_SHAPE('Placement','Placement of an item',
  #1246);
#1246 = NEXT_ASSEMBLY_USAGE_OCCURRENCE('1','=>[0:1:1:2]','',#5,#1237,$);
#1247 = PRODUCT_RELATED_PRODUCT_CATEGORY('part',$,(#1239));
#1248 = ADVANCED_BREP_SHAPE_REPRESENTATION('',(#11,#1249),#1669);
#1249 = MANIFOLD_SOLID_BREP('',#1250);
#1250 = CLOSED_SHELL('',(#1251,#1371,#1447,#1527,#1576,#1603,#1610,#1665
    ));
#1251 = ADVANCED_FACE('',(#1252),#1266,.F.);
#1252 = FACE_BOUND('',#1253,.F.);
#1253 = EDGE_LOOP('',(#1254,#1289,#1317,#1345));
#1254 = ORIENTED_EDGE('',*,*,#1255,.F.);
#1255 = EDGE_CURVE('',#1256,#1258,#1260,.T.);
#1256 = VERTEX_POINT('',#1257);
#1257 = CARTESIAN_POINT('',(-4.,-4.,0.4));
#1258 = VERTEX_POINT('',#1259);
#1259 = CARTESIAN_POINT('',(-4.,-4.,1.1));
#1260 = SURFACE_CURVE('',#1261,(#1265,#1277),.PCURVE_S1.);
#1261 = LINE('',#1262,#1263);
#1262 = CARTESIAN_POINT('',(-4.,-4.,0.4));
#1263 = VECTOR('',#1264,1.);
#1264 = DIRECTION('',(0.,0.,1.));
#1265 = PCURVE('',#1266,#1271);
#1266 = PLANE('',#1267);
#1267 = AXIS2_PLACEMENT_3D('',#1268,#1269,#1270);
#1268 = CARTESIAN_POINT('',(-4.,-4.,0.4));
#1269 = DIRECTION('',(1.,0.,0.));
#1270 = DIRECTION('',(0.,0.,1.));
#1271 = DEFINITIONAL_REPRESENTATION('',(#1272),#1276);
#1272 = LINE('',#1273,#1274);
#1273 = CARTESIAN_POINT('',(0.,0.));
#1274 = VECTOR('',#1275,1.);
#1275 = DIRECTION('',(1.,0.));
#1276 = ( GEOMETRIC_REPRESENTATION_CONTEXT(2) 
PARAMETRIC_REPRESENTATION_CONTEXT() REPRESENTATION_CONTEXT('2D SPACE',''
  ) );
#1277 = PCURVE('',#1278,#1283);
#1278 = PLANE('',#1279);
#1279 = AXIS2_PLACEMENT_3D('',#1280,#1281,#1282);
#1280 = CARTESIAN_POINT('',(-4.,-4.,0.4));
#1281 = DIRECTION('',(0.,1.,0.));
#1282 = DIRECTION('',(0.,0.,1.));
#1283 = DEFINITIONAL_REPRESENTATION('',(#1284),#1288);
#1284 = LINE('',#1285,#1286);
#1285 = CARTESIAN_POINT('',(0.,0.));
#1286 = VECTOR('',#1287,1.);
#1287 = DIRECTION('',(1.,0.));
#1288 = ( GEOMETRIC_REPRESENTATION_CONTEXT(2) 
PARAMETRIC_REPRESENTATION_CONTEXT() REPRESENTATION_CONTEXT('2D SPACE',''
  ) );
#1289 = ORIENTED_EDGE('',*,*,#1290,.T.);
#1290 = EDGE_CURVE('',#1256,#1291,#1293,.T.);
#1291 = VERTEX_POINT('',#1292);
#1292 = CARTESIAN_POINT('',(-4.,4.,0.4));
#1293 = SURFACE_CURVE('',#1294,(#1298,#1305),.PCURVE_S1.);
#1294 = LINE('',#1295,#1296);
#1295 = CARTESIAN_POINT('',(-4.,-4.,0.4));
#1296 = VECTOR('',#1297,1.);
#1297 = DIRECTION('',(0.,1.,0.));
#1298 = PCURVE('',#1266,#1299);
#1299 = DEFINITIONAL_REPRESENTATION('',(#1300),#1304);
#1300 = LINE('',#1301,#1302);
#1301 = CARTESIAN_POINT('',(0.,0.));
#1302 = VECTOR('',#1303,1.);
#1303 = DIRECTION('',(0.,-1.));
#1304 = ( GEOMETRIC_REPRESENTATION_CONTEXT(2) 
PARAMETRIC_REPRESENTATION_CONTEXT() REPRESENTATION_CONTEXT('2D SPACE',''
  ) );
#1305 = PCURVE('',#1306,#1311);
#1306 = PLANE('',#1307);
#1307 = AXIS2_PLACEMENT_3D('',#1308,#1309,#1310);
#1308 = CARTESIAN_POINT('',(-4.,-4.,0.4));
#1309 = DIRECTION('',(0.,0.,1.));
#1310 = DIRECTION('',(1.,0.,0.));
#1311 = DEFINITIONAL_REPRESENTATION('',(#1312),#1316);
#1312 = LINE('',#1313,#1314);
#1313 = CARTESIAN_POINT('',(0.,0.));
#1314 = VECTOR('',#1315,1.);
#1315 = DIRECTION('',(0.,1.));
#1316 = ( GEOMETRIC_REPRESENTATION_CONTEXT(2) 
PARAMETRIC_REPRESENTATION_CONTEXT() REPRESENTATION_CONTEXT('2D SPACE',''
  ) );
#1317 = ORIENTED_EDGE('',*,*,#1318,.T.);
#1318 = EDGE_CURVE('',#1291,#1319,#1321,.T.);
#1319 = VERTEX_POINT('',#1320);
#1320 = CARTESIAN_POINT('',(-4.,4.,1.1));
#1321 = SURFACE_CURVE('',#1322,(#1326,#1333),.PCURVE_S1.);
#1322 = LINE('',#1323,#1324);
#1323 = CARTESIAN_POINT('',(-4.,4.,0.4));
#1324 = VECTOR('',#1325,1.);
#1325 = DIRECTION('',(0.,0.,1.));
#1326 = PCURVE('',#1266,#1327);
#1327 = DEFINITIONAL_REPRESENTATION('',(#1328),#1332);
#1328 = LINE('',#1329,#1330);
#1329 = CARTESIAN_POINT('',(0.,-8.));
#1330 = VECTOR('',#1331,1.);
#1331 = DIRECTION('',(1.,0.));
#1332 = ( GEOMETRIC_REPRESENTATION_CONTEXT(2) 
PARAMETRIC_REPRESENTATION_CONTEXT() REPRESENTATION_CONTEXT('2D SPACE',''
  ) );
#1333 = PCURVE('',#1334,#1339);
#1334 = PLANE('',#1335);
#1335 = AXIS2_PLACEMENT_3D('',#1336,#1337,#1338);
#1336 = CARTESIAN_POINT('',(-4.,4.,0.4));
#1337 = DIRECTION('',(0.,1.,0.));
#1338 = DIRECTION('',(0.,0.,1.));
#1339 = DEFINITIONAL_REPRESENTATION('',(#1340),#1344);
#1340 = LINE('',#1341,#1342);
#1341 = CARTESIAN_POINT('',(0.,0.));
#1342 = VECTOR('',#1343,1.);
#1343 = DIRECTION('',(1.,0.));
#1344 = ( GEOMETRIC_REPRESENTATION_CONTEXT(2) 
PARAMETRIC_REPRESENTATION_CONTEXT() REPRESENTATION_CONTEXT('2D SPACE',''
  ) );
#1345 = ORIENTED_EDGE('',*,*,#1346,.F.);
#1346 = EDGE_CURVE('',#1258,#1319,#1347,.T.);
#1347 = SURFACE_CURVE('',#1348,(#1352,#1359),.PCURVE_S1.);
#1348 = LINE('',#1349,#1350);
#1349 = CARTESIAN_POINT('',(-4.,-4.,1.1));
#1350 = VECTOR('',#1351,1.);
#1351 = DIRECTION('',(0.,1.,0.));
#1352 = PCURVE('',#1266,#1353);
#1353 = DEFINITIONAL_REPRESENTATION('',(#1354),#1358);
#1354 = LINE('',#1355,#1356);
#1355 = CARTESIAN_POINT('',(0.7,0.));
#1356 = VECTOR('',#1357,1.);
#1357 = DIRECTION('',(0.,-1.));
#1358 = ( GEOMETRIC_REPRESENTATION_CONTEXT(2) 
PARAMETRIC_REPRESENTATION_CONTEXT() REPRESENTATION_CONTEXT('2D SPACE',''
  ) );
#1359 = PCURVE('',#1360,#1365);
#1360 = PLANE('',#1361);
#1361 = AXIS2_PLACEMENT_3D('',#1362,#1363,#1364);
#1362 = CARTESIAN_POINT('',(-4.,-4.,1.1));
#1363 = DIRECTION('',(0.,0.,1.));
#1364 = DIRECTION('',(1.,0.,0.));
#1365 = DEFINITIONAL_REPRESENTATION('',(#1366),#1370);
#1366 = LINE('',#1367,#1368);
#1367 = CARTESIAN_POINT('',(0.,0.));
#1368 = VECTOR('',#1369,1.);
#1369 = DIRECTION('',(0.,1.));
#1370 = ( GEOMETRIC_REPRESENTATION_CONTEXT(2) 
PARAMETRIC_REPRESENTATION_CONTEXT() REPRESENTATION_CONTEXT('2D SPACE',''
  ) );
#1371 = ADVANCED_FACE('',(#1372),#1278,.F.);
#1372 = FACE_BOUND('',#1373,.F.);
#1373 = EDGE_LOOP('',(#1374,#1397,#1398,#1421));
#1374 = ORIENTED_EDGE('',*,*,#1375,.F.);
#1375 = EDGE_CURVE('',#1256,#1376,#1378,.T.);
#1376 = VERTEX_POINT('',#1377);
#1377 = CARTESIAN_POINT('',(4.,-4.,0.4));
#1378 = SURFACE_CURVE('',#1379,(#1383,#1390),.PCURVE_S1.);
#1379 = LINE('',#1380,#1381);
#1380 = CARTESIAN_POINT('',(-4.,-4.,0.4));
#1381 = VECTOR('',#1382,1.);
#1382 = DIRECTION('',(1.,0.,0.));
#1383 = PCURVE('',#1278,#1384);
#1384 = DEFINITIONAL_REPRESENTATION('',(#1385),#1389);
#1385 = LINE('',#1386,#1387);
#1386 = CARTESIAN_POINT('',(0.,0.));
#1387 = VECTOR('',#1388,1.);
#1388 = DIRECTION('',(0.,1.));
#1389 = ( GEOMETRIC_REPRESENTATION_CONTEXT(2) 
PARAMETRIC_REPRESENTATION_CONTEXT() REPRESENTATION_CONTEXT('2D SPACE',''
  ) );
#1390 = PCURVE('',#1306,#1391);
#1391 = DEFINITIONAL_REPRESENTATION('',(#1392),#1396);
#1392 = LINE('',#1393,#1394);
#1393 = CARTESIAN_POINT('',(0.,0.));
#1394 = VECTOR('',#1395,1.);
#1395 = DIRECTION('',(1.,0.));
#1396 = ( GEOMETRIC_REPRESENTATION_CONTEXT(2) 
PARAMETRIC_REPRESENTATION_CONTEXT() REPRESENTATION_CONTEXT('2D SPACE',''
  ) );
#1397 = ORIENTED_EDGE('',*,*,#1255,.T.);
#1398 = ORIENTED_EDGE('',*,*,#1399,.T.);
#1399 = EDGE_CURVE('',#1258,#1400,#1402,.T.);
#1400 = VERTEX_POINT('',#1401);
#1401 = CARTESIAN_POINT('',(4.,-4.,1.1));
#1402 = SURFACE_CURVE('',#1403,(#1407,#1414),.PCURVE_S1.);
#1403 = LINE('',#1404,#1405);
#1404 = CARTESIAN_POINT('',(-4.,-4.,1.1));
#1405 = VECTOR('',#1406,1.);
#1406 = DIRECTION('',(1.,0.,0.));
#1407 = PCURVE('',#1278,#1408);
#1408 = DEFINITIONAL_REPRESENTATION('',(#1409),#1413);
#1409 = LINE('',#1410,#1411);
#1410 = CARTESIAN_POINT('',(0.7,0.));
#1411 = VECTOR('',#1412,1.);
#1412 = DIRECTION('',(0.,1.));
#1413 = ( GEOMETRIC_REPRESENTATION_CONTEXT(2) 
PARAMETRIC_REPRESENTATION_CONTEXT() REPRESENTATION_CONTEXT('2D SPACE',''
  ) );
#1414 = PCURVE('',#1360,#1415);
#1415 = DEFINITIONAL_REPRESENTATION('',(#1416),#1420);
#1416 = LINE('',#1417,#1418);
#1417 = CARTESIAN_POINT('',(0.,0.));
#1418 = VECTOR('',#1419,1.);
#1419 = DIRECTION('',(1.,0.));
#1420 = ( GEOMETRIC_REPRESENTATION_CONTEXT(2) 
PARAMETRIC_REPRESENTATION_CONTEXT() REPRESENTATION_CONTEXT('2D SPACE',''
  ) );
#1421 = ORIENTED_EDGE('',*,*,#1422,.F.);
#1422 = EDGE_CURVE('',#1376,#1400,#1423,.T.);
#1423 = SURFACE_CURVE('',#1424,(#1428,#1435),.PCURVE_S1.);
#1424 = LINE('',#1425,#1426);
#1425 = CARTESIAN_POINT('',(4.,-4.,0.4));
#1426 = VECTOR('',#1427,1.);
#1427 = DIRECTION('',(0.,0.,1.));
#1428 = PCURVE('',#1278,#1429);
#1429 = DEFINITIONAL_REPRESENTATION('',(#1430),#1434);
#1430 = LINE('',#1431,#1432);
#1431 = CARTESIAN_POINT('',(0.,8.));
#1432 = VECTOR('',#1433,1.);
#1433 = DIRECTION('',(1.,0.));
#1434 = ( GEOMETRIC_REPRESENTATION_CONTEXT(2) 
PARAMETRIC_REPRESENTATION_CONTEXT() REPRESENTATION_CONTEXT('2D SPACE',''
  ) );
#1435 = PCURVE('',#1436,#1441);
#1436 = PLANE('',#1437);
#1437 = AXIS2_PLACEMENT_3D('',#1438,#1439,#1440);
#1438 = CARTESIAN_POINT('',(4.,-4.,0.4));
#1439 = DIRECTION('',(1.,0.,0.));
#1440 = DIRECTION('',(0.,0.,1.));
#1441 = DEFINITIONAL_REPRESENTATION('',(#1442),#1446);
#1442 = LINE('',#1443,#1444);
#1443 = CARTESIAN_POINT('',(0.,0.));
#1444 = VECTOR('',#1445,1.);
#1445 = DIRECTION('',(1.,0.));
#1446 = ( GEOMETRIC_REPRESENTATION_CONTEXT(2) 
PARAMETRIC_REPRESENTATION_CONTEXT() REPRESENTATION_CONTEXT('2D SPACE',''
  ) );
#1447 = ADVANCED_FACE('',(#1448,#1496),#1360,.T.);
#1448 = FACE_BOUND('',#1449,.T.);
#1449 = EDGE_LOOP('',(#1450,#1451,#1452,#1475));
#1450 = ORIENTED_EDGE('',*,*,#1346,.F.);
#1451 = ORIENTED_EDGE('',*,*,#1399,.T.);
#1452 = ORIENTED_EDGE('',*,*,#1453,.T.);
#1453 = EDGE_CURVE('',#1400,#1454,#1456,.T.);
#1454 = VERTEX_POINT('',#1455);
#1455 = CARTESIAN_POINT('',(4.,4.,1.1));
#1456 = SURFACE_CURVE('',#1457,(#1461,#1468),.PCURVE_S1.);
#1457 = LINE('',#1458,#1459);
#1458 = CARTESIAN_POINT('',(4.,-4.,1.1));
#1459 = VECTOR('',#1460,1.);
#1460 = DIRECTION('',(0.,1.,0.));
#1461 = PCURVE('',#1360,#1462);
#1462 = DEFINITIONAL_REPRESENTATION('',(#1463),#1467);
#1463 = LINE('',#1464,#1465);
#1464 = CARTESIAN_POINT('',(8.,0.));
#1465 = VECTOR('',#1466,1.);
#1466 = DIRECTION('',(0.,1.));
#1467 = ( GEOMETRIC_REPRESENTATION_CONTEXT(2) 
PARAMETRIC_REPRESENTATION_CONTEXT() REPRESENTATION_CONTEXT('2D SPACE',''
  ) );
#1468 = PCURVE('',#1436,#1469);
#1469 = DEFINITIONAL_REPRESENTATION('',(#1470),#1474);
#1470 = LINE('',#1471,#1472);
#1471 = CARTESIAN_POINT('',(0.7,0.));
#1472 = VECTOR('',#1473,1.);
#1473 = DIRECTION('',(0.,-1.));
#1474 = ( GEOMETRIC_REPRESENTATION_CONTEXT(2) 
PARAMETRIC_REPRESENTATION_CONTEXT() REPRESENTATION_CONTEXT('2D SPACE',''
  ) );
#1475 = ORIENTED_EDGE('',*,*,#1476,.F.);
#1476 = EDGE_CURVE('',#1319,#1454,#1477,.T.);
#1477 = SURFACE_CURVE('',#1478,(#1482,#1489),.PCURVE_S1.);
#1478 = LINE('',#1479,#1480);
#1479 = CARTESIAN_POINT('',(-4.,4.,1.1));
#1480 = VECTOR('',#1481,1.);
#1481 = DIRECTION('',(1.,0.,0.));
#1482 = PCURVE('',#1360,#1483);
#1483 = DEFINITIONAL_REPRESENTATION('',(#1484),#1488);
#1484 = LINE('',#1485,#1486);
#1485 = CARTESIAN_POINT('',(0.,8.));
#1486 = VECTOR('',#1487,1.);
#1487 = DIRECTION('',(1.,0.));
#1488 = ( GEOMETRIC_REPRESENTATION_CONTEXT(2) 
PARAMETRIC_REPRESENTATION_CONTEXT() REPRESENTATION_CONTEXT('2D SPACE',''
  ) );
#1489 = PCURVE('',#1334,#1490);
#1490 = DEFINITIONAL_REPRESENTATION('',(#1491),#1495);
#1491 = LINE('',#1492,#1493);
#1492 = CARTESIAN_POINT('',(0.7,0.));
#1493 = VECTOR('',#1494,1.);
#1494 = DIRECTION('',(0.,1.));
#1495 = ( GEOMETRIC_REPRESENTATION_CONTEXT(2) 
PARAMETRIC_REPRESENTATION_CONTEXT() REPRESENTATION_CONTEXT('2D SPACE',''
  ) );
#1496 = FACE_BOUND('',#1497,.T.);
#1497 = EDGE_LOOP('',(#1498));
#1498 = ORIENTED_EDGE('',*,*,#1499,.F.);
#1499 = EDGE_CURVE('',#1500,#1500,#1502,.T.);
#1500 = VERTEX_POINT('',#1501);
#1501 = CARTESIAN_POINT('',(-2.5,3.,1.1));
#1502 = SURFACE_CURVE('',#1503,(#1508,#1515),.PCURVE_S1.);
#1503 = CIRCLE('',#1504,0.5);
#1504 = AXIS2_PLACEMENT_3D('',#1505,#1506,#1507);
#1505 = CARTESIAN_POINT('',(-3.,3.,1.1));
#1506 = DIRECTION('',(0.,0.,1.));
#1507 = DIRECTION('',(1.,0.,0.));
#1508 = PCURVE('',#1360,#1509);
#1509 = DEFINITIONAL_REPRESENTATION('',(#1510),#1514);
#1510 = CIRCLE('',#1511,0.5);
#1511 = AXIS2_PLACEMENT_2D('',#1512,#1513);
#1512 = CARTESIAN_POINT('',(1.,7.));
#1513 = DIRECTION('',(1.,0.));
#1514 = ( GEOMETRIC_REPRESENTATION_CONTEXT(2) 
PARAMETRIC_REPRESENTATION_CONTEXT() REPRESENTATION_CONTEXT('2D SPACE',''
  ) );
#1515 = PCURVE('',#1516,#1521);
#1516 = CYLINDRICAL_SURFACE('',#1517,0.5);
#1517 = AXIS2_PLACEMENT_3D('',#1518,#1519,#1520);
#1518 = CARTESIAN_POINT('',(-3.,3.,0.99));
#1519 = DIRECTION('',(0.,0.,1.));
#1520 = DIRECTION('',(1.,0.,0.));
#1521 = DEFINITIONAL_REPRESENTATION('',(#1522),#1526);
#1522 = LINE('',#1523,#1524);
#1523 = CARTESIAN_POINT('',(0.,0.11));
#1524 = VECTOR('',#1525,1.);
#1525 = DIRECTION('',(1.,0.));
#1526 = ( GEOMETRIC_REPRESENTATION_CONTEXT(2) 
PARAMETRIC_REPRESENTATION_CONTEXT() REPRESENTATION_CONTEXT('2D SPACE',''
  ) );
#1527 = ADVANCED_FACE('',(#1528),#1334,.T.);
#1528 = FACE_BOUND('',#1529,.T.);
#1529 = EDGE_LOOP('',(#1530,#1553,#1554,#1555));
#1530 = ORIENTED_EDGE('',*,*,#1531,.F.);
#1531 = EDGE_CURVE('',#1291,#1532,#1534,.T.);
#1532 = VERTEX_POINT('',#1533);
#1533 = CARTESIAN_POINT('',(4.,4.,0.4));
#1534 = SURFACE_CURVE('',#1535,(#1539,#1546),.PCURVE_S1.);
#1535 = LINE('',#1536,#1537);
#1536 = CARTESIAN_POINT('',(-4.,4.,0.4));
#1537 = VECTOR('',#1538,1.);
#1538 = DIRECTION('',(1.,0.,0.));
#1539 = PCURVE('',#1334,#1540);
#1540 = DEFINITIONAL_REPRESENTATION('',(#1541),#1545);
#1541 = LINE('',#1542,#1543);
#1542 = CARTESIAN_POINT('',(0.,0.));
#1543 = VECTOR('',#1544,1.);
#1544 = DIRECTION('',(0.,1.));
#1545 = ( GEOMETRIC_REPRESENTATION_CONTEXT(2) 
PARAMETRIC_REPRESENTATION_CONTEXT() REPRESENTATION_CONTEXT('2D SPACE',''
  ) );
#1546 = PCURVE('',#1306,#1547);
#1547 = DEFINITIONAL_REPRESENTATION('',(#1548),#1552);
#1548 = LINE('',#1549,#1550);
#1549 = CARTESIAN_POINT('',(0.,8.));
#1550 = VECTOR('',#1551,1.);
#1551 = DIRECTION('',(1.,0.));
#1552 = ( GEOMETRIC_REPRESENTATION_CONTEXT(2) 
PARAMETRIC_REPRESENTATION_CONTEXT() REPRESENTATION_CONTEXT('2D SPACE',''
  ) );
#1553 = ORIENTED_EDGE('',*,*,#1318,.T.);
#1554 = ORIENTED_EDGE('',*,*,#1476,.T.);
#1555 = ORIENTED_EDGE('',*,*,#1556,.F.);
#1556 = EDGE_CURVE('',#1532,#1454,#1557,.T.);
#1557 = SURFACE_CURVE('',#1558,(#1562,#1569),.PCURVE_S1.);
#1558 = LINE('',#1559,#1560);
#1559 = CARTESIAN_POINT('',(4.,4.,0.4));
#1560 = VECTOR('',#1561,1.);
#1561 = DIRECTION('',(0.,0.,1.));
#1562 = PCURVE('',#1334,#1563);
#1563 = DEFINITIONAL_REPRESENTATION('',(#1564),#1568);
#1564 = LINE('',#1565,#1566);
#1565 = CARTESIAN_POINT('',(0.,8.));
#1566 = VECTOR('',#1567,1.);
#1567 = DIRECTION('',(1.,0.));
#1568 = ( GEOMETRIC_REPRESENTATION_CONTEXT(2) 
PARAMETRIC_REPRESENTATION_CONTEXT() REPRESENTATION_CONTEXT('2D SPACE',''
  ) );
#1569 = PCURVE('',#1436,#1570);
#1570 = DEFINITIONAL_REPRESENTATION('',(#1571),#1575);
#1571 = LINE('',#1572,#1573);
#1572 = CARTESIAN_POINT('',(0.,-8.));
#1573 = VECTOR('',#1574,1.);
#1574 = DIRECTION('',(1.,0.));
#1575 = ( GEOMETRIC_REPRESENTATION_CONTEXT(2) 
PARAMETRIC_REPRESENTATION_CONTEXT() REPRESENTATION_CONTEXT('2D SPACE',''
  ) );
#1576 = ADVANCED_FACE('',(#1577),#1306,.F.);
#1577 = FACE_BOUND('',#1578,.F.);
#1578 = EDGE_LOOP('',(#1579,#1580,#1581,#1602));
#1579 = ORIENTED_EDGE('',*,*,#1290,.F.);
#1580 = ORIENTED_EDGE('',*,*,#1375,.T.);
#1581 = ORIENTED_EDGE('',*,*,#1582,.T.);
#1582 = EDGE_CURVE('',#1376,#1532,#1583,.T.);
#1583 = SURFACE_CURVE('',#1584,(#1588,#1595),.PCURVE_S1.);
#1584 = LINE('',#1585,#1586);
#1585 = CARTESIAN_POINT('',(4.,-4.,0.4));
#1586 = VECTOR('',#1587,1.);
#1587 = DIRECTION('',(0.,1.,0.));
#1588 = PCURVE('',#1306,#1589);
#1589 = DEFINITIONAL_REPRESENTATION('',(#1590),#1594);
#1590 = LINE('',#1591,#1592);
#1591 = CARTESIAN_POINT('',(8.,0.));
#1592 = VECTOR('',#1593,1.);
#1593 = DIRECTION('',(0.,1.));
#1594 = ( GEOMETRIC_REPRESENTATION_CONTEXT(2) 
PARAMETRIC_REPRESENTATION_CONTEXT() REPRESENTATION_CONTEXT('2D SPACE',''
  ) );
#1595 = PCURVE('',#1436,#1596);
#1596 = DEFINITIONAL_REPRESENTATION('',(#1597),#1601);
#1597 = LINE('',#1598,#1599);
#1598 = CARTESIAN_POINT('',(0.,0.));
#1599 = VECTOR('',#1600,1.);
#1600 = DIRECTION('',(0.,-1.));
#1601 = ( GEOMETRIC_REPRESENTATION_CONTEXT(2) 
PARAMETRIC_REPRESENTATION_CONTEXT() REPRESENTATION_CONTEXT('2D SPACE',''
  ) );
#1602 = ORIENTED_EDGE('',*,*,#1531,.F.);
#1603 = ADVANCED_FACE('',(#1604),#1436,.T.);
#1604 = FACE_BOUND('',#1605,.T.);
#1605 = EDGE_LOOP('',(#1606,#1607,#1608,#1609));
#1606 = ORIENTED_EDGE('',*,*,#1422,.F.);
#1607 = ORIENTED_EDGE('',*,*,#1582,.T.);
#1608 = ORIENTED_EDGE('',*,*,#1556,.T.);
#1609 = ORIENTED_EDGE('',*,*,#1453,.F.);
#1610 = ADVANCED_FACE('',(#1611),#1516,.F.);
#1611 = FACE_BOUND('',#1612,.F.);
#1612 = EDGE_LOOP('',(#1613,#1636,#1637,#1638));
#1613 = ORIENTED_EDGE('',*,*,#1614,.T.);
#1614 = EDGE_CURVE('',#1615,#1500,#1617,.T.);
#1615 = VERTEX_POINT('',#1616);
#1616 = CARTESIAN_POINT('',(-2.5,3.,0.99));
#1617 = SEAM_CURVE('',#1618,(#1622,#1629),.PCURVE_S1.);
#1618 = LINE('',#1619,#1620);
#1619 = CARTESIAN_POINT('',(-2.5,3.,0.99));
#1620 = VECTOR('',#1621,1.);
#1621 = DIRECTION('',(0.,0.,1.));
#1622 = PCURVE('',#1516,#1623);
#1623 = DEFINITIONAL_REPRESENTATION('',(#1624),#1628);
#1624 = LINE('',#1625,#1626);
#1625 = CARTESIAN_POINT('',(6.28318530718,-0.));
#1626 = VECTOR('',#1627,1.);
#1627 = DIRECTION('',(0.,1.));
#1628 = ( GEOMETRIC_REPRESENTATION_CONTEXT(2) 
PARAMETRIC_REPRESENTATION_CONTEXT() REPRESENTATION_CONTEXT('2D SPACE',''
  ) );
#1629 = PCURVE('',#1516,#1630);
#1630 = DEFINITIONAL_REPRESENTATION('',(#1631),#1635);
#1631 = LINE('',#1632,#1633);
#1632 = CARTESIAN_POINT('',(0.,-0.));
#1633 = VECTOR('',#1634,1.);
#1634 = DIRECTION('',(0.,1.));
#1635 = ( GEOMETRIC_REPRESENTATION_CONTEXT(2) 
PARAMETRIC_REPRESENTATION_CONTEXT() REPRESENTATION_CONTEXT('2D SPACE',''
  ) );
#1636 = ORIENTED_EDGE('',*,*,#1499,.F.);
#1637 = ORIENTED_EDGE('',*,*,#1614,.F.);
#1638 = ORIENTED_EDGE('',*,*,#1639,.T.);
#1639 = EDGE_CURVE('',#1615,#1615,#1640,.T.);
#1640 = SURFACE_CURVE('',#1641,(#1646,#1653),.PCURVE_S1.);
#1641 = CIRCLE('',#1642,0.5);
#1642 = AXIS2_PLACEMENT_3D('',#1643,#1644,#1645);
#1643 = CARTESIAN_POINT('',(-3.,3.,0.99));
#1644 = DIRECTION('',(0.,0.,1.));
#1645 = DIRECTION('',(1.,0.,0.));
#1646 = PCURVE('',#1516,#1647);
#1647 = DEFINITIONAL_REPRESENTATION('',(#1648),#1652);
#1648 = LINE('',#1649,#1650);
#1649 = CARTESIAN_POINT('',(0.,0.));
#1650 = VECTOR('',#1651,1.);
#1651 = DIRECTION('',(1.,0.));
#1652 = ( GEOMETRIC_REPRESENTATION_CONTEXT(2) 
PARAMETRIC_REPRESENTATION_CONTEXT() REPRESENTATION_CONTEXT('2D SPACE',''
  ) );
#1653 = PCURVE('',#1654,#1659);
#1654 = PLANE('',#1655);
#1655 = AXIS2_PLACEMENT_3D('',#1656,#1657,#1658);
#1656 = CARTESIAN_POINT('',(-3.,3.,0.99));
#1657 = DIRECTION('',(0.,0.,1.));
#1658 = DIRECTION('',(1.,0.,0.));
#1659 = DEFINITIONAL_REPRESENTATION('',(#1660),#1664);
#1660 = CIRCLE('',#1661,0.5);
#1661 = AXIS2_PLACEMENT_2D('',#1662,#1663);
#1662 = CARTESIAN_POINT('',(0.,0.));
#1663 = DIRECTION('',(1.,0.));
#1664 = ( GEOMETRIC_REPRESENTATION_CONTEXT(2) 
PARAMETRIC_REPRESENTATION_CONTEXT() REPRESENTATION_CONTEXT('2D SPACE',''
  ) );
#1665 = ADVANCED_FACE('',(#1666),#1654,.T.);
#1666 = FACE_BOUND('',#1667,.F.);
#1667 = EDGE_LOOP('',(#1668));
#1668 = ORIENTED_EDGE('',*,*,#1639,.F.);
#1669 = ( GEOMETRIC_REPRESENTATION_CONTEXT(3) 
GLOBAL_UNCERTAINTY_ASSIGNED_CONTEXT((#1673)) 
GLOBAL_UNIT_ASSIGNED_CONTEXT((#1670,#1671,#1672)) REPRESENTATION_CONTEXT
('Context #1','3D Context with UNIT and UNCERTAINTY') );
#1670 = ( LENGTH_UNIT() NAMED_UNIT(*) SI_UNIT(.MILLI.,.METRE.) );
#1671 = ( NAMED_UNIT(*) PLANE_ANGLE_UNIT() SI_UNIT($,.RADIAN.) );
#1672 = ( NAMED_UNIT(*) SI_UNIT($,.STERADIAN.) SOLID_ANGLE_UNIT() );
#1673 = UNCERTAINTY_MEASURE_WITH_UNIT(LENGTH_MEASURE(1.E-07),#1670,
  'distance_accuracy_value','confusion accuracy');
#1674 = SHAPE_DEFINITION_REPRESENTATION(#1675,#1248);
#1675 = PRODUCT_DEFINITION_SHAPE('','',#1676);
#1676 = PRODUCT_DEFINITION('design','',#1677,#1680);
#1677 = PRODUCT_DEFINITION_FORMATION('','',#1678);
#1678 = PRODUCT('Body','Body','',(#1679));
#1679 = PRODUCT_CONTEXT('',#2,'mechanical');
#1680 = PRODUCT_DEFINITION_CONTEXT('part definition',#2,'design');
#1681 = CONTEXT_DEPENDENT_SHAPE_REPRESENTATION(#1682,#1684);
#1682 = ( REPRESENTATION_RELATIONSHIP('','',#1248,#10) 
REPRESENTATION_RELATIONSHIP_WITH_TRANSFORMATION(#1683) 
SHAPE_REPRESENTATION_RELATIONSHIP() );
#1683 = ITEM_DEFINED_TRANSFORMATION('','',#11,#19);
#1684 = PRODUCT_DEFINITION_SHAPE('Placement','Placement of an item',
  #1685);
#1685 = NEXT_ASSEMBLY_USAGE_OCCURRENCE('2','=>[0:1:1:3]','',#5,#1676,$);
#1686 = PRODUCT_RELATED_PRODUCT_CATEGORY('part',$,(#1678));
#1687 = MECHANICAL_DESIGN_GEOMETRIC_PRESENTATION_REPRESENTATION('',(
    #1688,#1698,#1707,#1716,#1725,#1734,#1743,#1752,#1761,#1770,#1779,
    #1788,#1797,#1806,#1815,#1824,#1833,#1842,#1851,#1860,#1869,#1878,
    #1887,#1896,#1905,#1914,#1923,#1932,#1941,#1950,#1959,#1968,#1977,
    #1986,#1995,#2004,#2013,#2022,#2031,#2040,#2049,#2058,#2067,#2076,
    #2085,#2094,#2103,#2112,#2121,#2130,#2139,#2148,#2157,#2166,#2175,
    #2184,#2193,#2202,#2211,#2220,#2229,#2238,#2247,#2256,#2265,#2274,
    #2283,#2292,#2301,#2310,#2319,#2328,#2337,#2346,#2355,#2364,#2373,
    #2382,#2391,#2400,#2409,#2418,#2427,#2436,#2445,#2454,#2463,#2472,
    #2481,#2490,#2499,#2508,#2517,#2526,#2535,#2544,#2553,#2562,#2571,
    #2580),#1230);
#1688 = STYLED_ITEM('color',(#1689),#30);
#1689 = PRESENTATION_STYLE_ASSIGNMENT((#1690,#1696));
#1690 = SURFACE_STYLE_USAGE(.BOTH.,#1691);
#1691 = SURFACE_SIDE_STYLE('',(#1692));
#1692 = SURFACE_STYLE_FILL_AREA(#1693);
#1693 = FILL_AREA_STYLE('',(#1694));
#1694 = FILL_AREA_STYLE_COLOUR('',#1695);
#1695 = COLOUR_RGB('',0.73400002718,0.773000001907,0.79699999094);
#1696 = CURVE_STYLE('',#1697,POSITIVE_LENGTH_MEASURE(0.1),#1695);
#1697 = DRAUGHTING_PRE_DEFINED_CURVE_FONT('continuous');
#1698 = STYLED_ITEM('color',(#1699),#42);
#1699 = PRESENTATION_STYLE_ASSIGNMENT((#1700,#1705));
#1700 = SURFACE_STYLE_USAGE(.BOTH.,#1701);
#1701 = SURFACE_SIDE_STYLE('',(#1702));
#1702 = SURFACE_STYLE_FILL_AREA(#1703);
#1703 = FILL_AREA_STYLE('',(#1704));
#1704 = FILL_AREA_STYLE_COLOUR('',#1695);
#1705 = CURVE_STYLE('',#1706,POSITIVE_LENGTH_MEASURE(0.1),#1695);
#1706 = DRAUGHTING_PRE_DEFINED_CURVE_FONT('continuous');
#1707 = STYLED_ITEM('color',(#1708),#54);
#1708 = PRESENTATION_STYLE_ASSIGNMENT((#1709,#1714));
#1709 = SURFACE_STYLE_USAGE(.BOTH.,#1710);
#1710 = SURFACE_SIDE_STYLE('',(#1711));
#1711 = SURFACE_STYLE_FILL_AREA(#1712);
#1712 = FILL_AREA_STYLE('',(#1713));
#1713 = FILL_AREA_STYLE_COLOUR('',#1695);
#1714 = CURVE_STYLE('',#1715,POSITIVE_LENGTH_MEASURE(0.1),#1695);
#1715 = DRAUGHTING_PRE_DEFINED_CURVE_FONT('continuous');
#1716 = STYLED_ITEM('color',(#1717),#66);
#1717 = PRESENTATION_STYLE_ASSIGNMENT((#1718,#1723));
#1718 = SURFACE_STYLE_USAGE(.BOTH.,#1719);
#1719 = SURFACE_SIDE_STYLE('',(#1720));
#1720 = SURFACE_STYLE_FILL_AREA(#1721);
#1721 = FILL_AREA_STYLE('',(#1722));
#1722 = FILL_AREA_STYLE_COLOUR('',#1695);
#1723 = CURVE_STYLE('',#1724,POSITIVE_LENGTH_MEASURE(0.1),#1695);
#1724 = DRAUGHTING_PRE_DEFINED_CURVE_FONT('continuous');
#1725 = STYLED_ITEM('color',(#1726),#78);
#1726 = PRESENTATION_STYLE_ASSIGNMENT((#1727,#1732));
#1727 = SURFACE_STYLE_USAGE(.BOTH.,#1728);
#1728 = SURFACE_SIDE_STYLE('',(#1729));
#1729 = SURFACE_STYLE_FILL_AREA(#1730);
#1730 = FILL_AREA_STYLE('',(#1731));
#1731 = FILL_AREA_STYLE_COLOUR('',#1695);
#1732 = CURVE_STYLE('',#1733,POSITIVE_LENGTH_MEASURE(0.1),#1695);
#1733 = DRAUGHTING_PRE_DEFINED_CURVE_FONT('continuous');
#1734 = STYLED_ITEM('color',(#1735),#90);
#1735 = PRESENTATION_STYLE_ASSIGNMENT((#1736,#1741));
#1736 = SURFACE_STYLE_USAGE(.BOTH.,#1737);
#1737 = SURFACE_SIDE_STYLE('',(#1738));
#1738 = SURFACE_STYLE_FILL_AREA(#1739);
#1739 = FILL_AREA_STYLE('',(#1740));
#1740 = FILL_AREA_STYLE_COLOUR('',#1695);
#1741 = CURVE_STYLE('',#1742,POSITIVE_LENGTH_MEASURE(0.1),#1695);
#1742 = DRAUGHTING_PRE_DEFINED_CURVE_FONT('continuous');
#1743 = STYLED_ITEM('color',(#1744),#102);
#1744 = PRESENTATION_STYLE_ASSIGNMENT((#1745,#1750));
#1745 = SURFACE_STYLE_USAGE(.BOTH.,#1746);
#1746 = SURFACE_SIDE_STYLE('',(#1747));
#1747 = SURFACE_STYLE_FILL_AREA(#1748);
#1748 = FILL_AREA_STYLE('',(#1749));
#1749 = FILL_AREA_STYLE_COLOUR('',#1695);
#1750 = CURVE_STYLE('',#1751,POSITIVE_LENGTH_MEASURE(0.1),#1695);
#1751 = DRAUGHTING_PRE_DEFINED_CURVE_FONT('continuous');
#1752 = STYLED_ITEM('color',(#1753),#114);
#1753 = PRESENTATION_STYLE_ASSIGNMENT((#1754,#1759));
#1754 = SURFACE_STYLE_USAGE(.BOTH.,#1755);
#1755 = SURFACE_SIDE_STYLE('',(#1756));
#1756 = SURFACE_STYLE_FILL_AREA(#1757);
#1757 = FILL_AREA_STYLE('',(#1758));
#1758 = FILL_AREA_STYLE_COLOUR('',#1695);
#1759 = CURVE_STYLE('',#1760,POSITIVE_LENGTH_MEASURE(0.1),#1695);
#1760 = DRAUGHTING_PRE_DEFINED_CURVE_FONT('continuous');
#1761 = STYLED_ITEM('color',(#1762),#126);
#1762 = PRESENTATION_STYLE_ASSIGNMENT((#1763,#1768));
#1763 = SURFACE_STYLE_USAGE(.BOTH.,#1764);
#1764 = SURFACE_SIDE_STYLE('',(#1765));
#1765 = SURFACE_STYLE_FILL_AREA(#1766);
#1766 = FILL_AREA_STYLE('',(#1767));
#1767 = FILL_AREA_STYLE_COLOUR('',#1695);
#1768 = CURVE_STYLE('',#1769,POSITIVE_LENGTH_MEASURE(0.1),#1695);
#1769 = DRAUGHTING_PRE_DEFINED_CURVE_FONT('continuous');
#1770 = STYLED_ITEM('color',(#1771),#138);
#1771 = PRESENTATION_STYLE_ASSIGNMENT((#1772,#1777));
#1772 = SURFACE_STYLE_USAGE(.BOTH.,#1773);
#1773 = SURFACE_SIDE_STYLE('',(#1774));
#1774 = SURFACE_STYLE_FILL_AREA(#1775);
#1775 = FILL_AREA_STYLE('',(#1776));
#1776 = FILL_AREA_STYLE_COLOUR('',#1695);
#1777 = CURVE_STYLE('',#1778,POSITIVE_LENGTH_MEASURE(0.1),#1695);
#1778 = DRAUGHTING_PRE_DEFINED_CURVE_FONT('continuous');
#1779 = STYLED_ITEM('color',(#1780),#150);
#1780 = PRESENTATION_STYLE_ASSIGNMENT((#1781,#1786));
#1781 = SURFACE_STYLE_USAGE(.BOTH.,#1782);
#1782 = SURFACE_SIDE_STYLE('',(#1783));
#1783 = SURFACE_STYLE_FILL_AREA(#1784);
#1784 = FILL_AREA_STYLE('',(#1785));
#1785 = FILL_AREA_STYLE_COLOUR('',#1695);
#1786 = CURVE_STYLE('',#1787,POSITIVE_LENGTH_MEASURE(0.1),#1695);
#1787 = DRAUGHTING_PRE_DEFINED_CURVE_FONT('continuous');
#1788 = STYLED_ITEM('color',(#1789),#162);
#1789 = PRESENTATION_STYLE_ASSIGNMENT((#1790,#1795));
#1790 = SURFACE_STYLE_USAGE(.BOTH.,#1791);
#1791 = SURFACE_SIDE_STYLE('',(#1792));
#1792 = SURFACE_STYLE_FILL_AREA(#1793);
#1793 = FILL_AREA_STYLE('',(#1794));
#1794 = FILL_AREA_STYLE_COLOUR('',#1695);
#1795 = CURVE_STYLE('',#1796,POSITIVE_LENGTH_MEASURE(0.1),#1695);
#1796 = DRAUGHTING_PRE_DEFINED_CURVE_FONT('continuous');
#1797 = STYLED_ITEM('color',(#1798),#174);
#1798 = PRESENTATION_STYLE_ASSIGNMENT((#1799,#1804));
#1799 = SURFACE_STYLE_USAGE(.BOTH.,#1800);
#1800 = SURFACE_SIDE_STYLE('',(#1801));
#1801 = SURFACE_STYLE_FILL_AREA(#1802);
#1802 = FILL_AREA_STYLE('',(#1803));
#1803 = FILL_AREA_STYLE_COLOUR('',#1695);
#1804 = CURVE_STYLE('',#1805,POSITIVE_LENGTH_MEASURE(0.1),#1695);
#1805 = DRAUGHTING_PRE_DEFINED_CURVE_FONT('continuous');
#1806 = STYLED_ITEM('color',(#1807),#186);
#1807 = PRESENTATION_STYLE_ASSIGNMENT((#1808,#1813));
#1808 = SURFACE_STYLE_USAGE(.BOTH.,#1809);
#1809 = SURFACE_SIDE_STYLE('',(#1810));
#1810 = SURFACE_STYLE_FILL_AREA(#1811);
#1811 = FILL_AREA_STYLE('',(#1812));
#1812 = FILL_AREA_STYLE_COLOUR('',#1695);
#1813 = CURVE_STYLE('',#1814,POSITIVE_LENGTH_MEASURE(0.1),#1695);
#1814 = DRAUGHTING_PRE_DEFINED_CURVE_FONT('continuous');
#1815 = STYLED_ITEM('color',(#1816),#198);
#1816 = PRESENTATION_STYLE_ASSIGNMENT((#1817,#1822));
#1817 = SURFACE_STYLE_USAGE(.BOTH.,#1818);
#1818 = SURFACE_SIDE_STYLE('',(#1819));
#1819 = SURFACE_STYLE_FILL_AREA(#1820);
#1820 = FILL_AREA_STYLE('',(#1821));
#1821 = FILL_AREA_STYLE_COLOUR('',#1695);
#1822 = CURVE_STYLE('',#1823,POSITIVE_LENGTH_MEASURE(0.1),#1695);
#1823 = DRAUGHTING_PRE_DEFINED_CURVE_FONT('continuous');
#1824 = STYLED_ITEM('color',(#1825),#210);
#1825 = PRESENTATION_STYLE_ASSIGNMENT((#1826,#1831));
#1826 = SURFACE_STYLE_USAGE(.BOTH.,#1827);
#1827 = SURFACE_SIDE_STYLE('',(#1828));
#1828 = SURFACE_STYLE_FILL_AREA(#1829);
#1829 = FILL_AREA_STYLE('',(#1830));
#1830 = FILL_AREA_STYLE_COLOUR('',#1695);
#1831 = CURVE_STYLE('',#1832,POSITIVE_LENGTH_MEASURE(0.1),#1695);
#1832 = DRAUGHTING_PRE_DEFINED_CURVE_FONT('continuous');
#1833 = STYLED_ITEM('color',(#1834),#222);
#1834 = PRESENTATION_STYLE_ASSIGNMENT((#1835,#1840));
#1835 = SURFACE_STYLE_USAGE(.BOTH.,#1836);
#1836 = SURFACE_SIDE_STYLE('',(#1837));
#1837 = SURFACE_STYLE_FILL_AREA(#1838);
#1838 = FILL_AREA_STYLE('',(#1839));
#1839 = FILL_AREA_STYLE_COLOUR('',#1695);
#1840 = CURVE_STYLE('',#1841,POSITIVE_LENGTH_MEASURE(0.1),#1695);
#1841 = DRAUGHTING_PRE_DEFINED_CURVE_FONT('continuous');
#1842 = STYLED_ITEM('color',(#1843),#234);
#1843 = PRESENTATION_STYLE_ASSIGNMENT((#1844,#1849));
#1844 = SURFACE_STYLE_USAGE(.BOTH.,#1845);
#1845 = SURFACE_SIDE_STYLE('',(#1846));
#1846 = SURFACE_STYLE_FILL_AREA(#1847);
#1847 = FILL_AREA_STYLE('',(#1848));
#1848 = FILL_AREA_STYLE_COLOUR('',#1695);
#1849 = CURVE_STYLE('',#1850,POSITIVE_LENGTH_MEASURE(0.1),#1695);
#1850 = DRAUGHTING_PRE_DEFINED_CURVE_FONT('continuous');
#1851 = STYLED_ITEM('color',(#1852),#246);
#1852 = PRESENTATION_STYLE_ASSIGNMENT((#1853,#1858));
#1853 = SURFACE_STYLE_USAGE(.BOTH.,#1854);
#1854 = SURFACE_SIDE_STYLE('',(#1855));
#1855 = SURFACE_STYLE_FILL_AREA(#1856);
#1856 = FILL_AREA_STYLE('',(#1857));
#1857 = FILL_AREA_STYLE_COLOUR('',#1695);
#1858 = CURVE_STYLE('',#1859,POSITIVE_LENGTH_MEASURE(0.1),#1695);
#1859 = DRAUGHTING_PRE_DEFINED_CURVE_FONT('continuous');
#1860 = STYLED_ITEM('color',(#1861),#258);
#1861 = PRESENTATION_STYLE_ASSIGNMENT((#1862,#1867));
#1862 = SURFACE_STYLE_USAGE(.BOTH.,#1863);
#1863 = SURFACE_SIDE_STYLE('',(#1864));
#1864 = SURFACE_STYLE_FILL_AREA(#1865);
#1865 = FILL_AREA_STYLE('',(#1866));
#1866 = FILL_AREA_STYLE_COLOUR('',#1695);
#1867 = CURVE_STYLE('',#1868,POSITIVE_LENGTH_MEASURE(0.1),#1695);
#1868 = DRAUGHTING_PRE_DEFINED_CURVE_FONT('continuous');
#1869 = STYLED_ITEM('color',(#1870),#270);
#1870 = PRESENTATION_STYLE_ASSIGNMENT((#1871,#1876));
#1871 = SURFACE_STYLE_USAGE(.BOTH.,#1872);
#1872 = SURFACE_SIDE_STYLE('',(#1873));
#1873 = SURFACE_STYLE_FILL_AREA(#1874);
#1874 = FILL_AREA_STYLE('',(#1875));
#1875 = FILL_AREA_STYLE_COLOUR('',#1695);
#1876 = CURVE_STYLE('',#1877,POSITIVE_LENGTH_MEASURE(0.1),#1695);
#1877 = DRAUGHTING_PRE_DEFINED_CURVE_FONT('continuous');
#1878 = STYLED_ITEM('color',(#1879),#282);
#1879 = PRESENTATION_STYLE_ASSIGNMENT((#1880,#1885));
#1880 = SURFACE_STYLE_USAGE(.BOTH.,#1881);
#1881 = SURFACE_SIDE_STYLE('',(#1882));
#1882 = SURFACE_STYLE_FILL_AREA(#1883);
#1883 = FILL_AREA_STYLE('',(#1884));
#1884 = FILL_AREA_STYLE_COLOUR('',#1695);
#1885 = CURVE_STYLE('',#1886,POSITIVE_LENGTH_MEASURE(0.1),#1695);
#1886 = DRAUGHTING_PRE_DEFINED_CURVE_FONT('continuous');
#1887 = STYLED_ITEM('color',(#1888),#294);
#1888 = PRESENTATION_STYLE_ASSIGNMENT((#1889,#1894));
#1889 = SURFACE_STYLE_USAGE(.BOTH.,#1890);
#1890 = SURFACE_SIDE_STYLE('',(#1891));
#1891 = SURFACE_STYLE_FILL_AREA(#1892);
#1892 = FILL_AREA_STYLE('',(#1893));
#1893 = FILL_AREA_STYLE_COLOUR('',#1695);
#1894 = CURVE_STYLE('',#1895,POSITIVE_LENGTH_MEASURE(0.1),#1695);
#1895 = DRAUGHTING_PRE_DEFINED_CURVE_FONT('continuous');
#1896 = STYLED_ITEM('color',(#1897),#306);
#1897 = PRESENTATION_STYLE_ASSIGNMENT((#1898,#1903));
#1898 = SURFACE_STYLE_USAGE(.BOTH.,#1899);
#1899 = SURFACE_SIDE_STYLE('',(#1900));
#1900 = SURFACE_STYLE_FILL_AREA(#1901);
#1901 = FILL_AREA_STYLE('',(#1902));
#1902 = FILL_AREA_STYLE_COLOUR('',#1695);
#1903 = CURVE_STYLE('',#1904,POSITIVE_LENGTH_MEASURE(0.1),#1695);
#1904 = DRAUGHTING_PRE_DEFINED_CURVE_FONT('continuous');
#1905 = STYLED_ITEM('color',(#1906),#318);
#1906 = PRESENTATION_STYLE_ASSIGNMENT((#1907,#1912));
#1907 = SURFACE_STYLE_USAGE(.BOTH.,#1908);
#1908 = SURFACE_SIDE_STYLE('',(#1909));
#1909 = SURFACE_STYLE_FILL_AREA(#1910);
#1910 = FILL_AREA_STYLE('',(#1911));
#1911 = FILL_AREA_STYLE_COLOUR('',#1695);
#1912 = CURVE_STYLE('',#1913,POSITIVE_LENGTH_MEASURE(0.1),#1695);
#1913 = DRAUGHTING_PRE_DEFINED_CURVE_FONT('continuous');
#1914 = STYLED_ITEM('color',(#1915),#330);
#1915 = PRESENTATION_STYLE_ASSIGNMENT((#1916,#1921));
#1916 = SURFACE_STYLE_USAGE(.BOTH.,#1917);
#1917 = SURFACE_SIDE_STYLE('',(#1918));
#1918 = SURFACE_STYLE_FILL_AREA(#1919);
#1919 = FILL_AREA_STYLE('',(#1920));
#1920 = FILL_AREA_STYLE_COLOUR('',#1695);
#1921 = CURVE_STYLE('',#1922,POSITIVE_LENGTH_MEASURE(0.1),#1695);
#1922 = DRAUGHTING_PRE_DEFINED_CURVE_FONT('continuous');
#1923 = STYLED_ITEM('color',(#1924),#342);
#1924 = PRESENTATION_STYLE_ASSIGNMENT((#1925,#1930));
#1925 = SURFACE_STYLE_USAGE(.BOTH.,#1926);
#1926 = SURFACE_SIDE_STYLE('',(#1927));
#1927 = SURFACE_STYLE_FILL_AREA(#1928);
#1928 = FILL_AREA_STYLE('',(#1929));
#1929 = FILL_AREA_STYLE_COLOUR('',#1695);
#1930 = CURVE_STYLE('',#1931,POSITIVE_LENGTH_MEASURE(0.1),#1695);
#1931 = DRAUGHTING_PRE_DEFINED_CURVE_FONT('continuous');
#1932 = STYLED_ITEM('color',(#1933),#354);
#1933 = PRESENTATION_STYLE_ASSIGNMENT((#1934,#1939));
#1934 = SURFACE_STYLE_USAGE(.BOTH.,#1935);
#1935 = SURFACE_SIDE_STYLE('',(#1936));
#1936 = SURFACE_STYLE_FILL_AREA(#1937);
#1937 = FILL_AREA_STYLE('',(#1938));
#1938 = FILL_AREA_STYLE_COLOUR('',#1695);
#1939 = CURVE_STYLE('',#1940,POSITIVE_LENGTH_MEASURE(0.1),#1695);
#1940 = DRAUGHTING_PRE_DEFINED_CURVE_FONT('continuous');
#1941 = STYLED_ITEM('color',(#1942),#366);
#1942 = PRESENTATION_STYLE_ASSIGNMENT((#1943,#1948));
#1943 = SURFACE_STYLE_USAGE(.BOTH.,#1944);
#1944 = SURFACE_SIDE_STYLE('',(#1945));
#1945 = SURFACE_STYLE_FILL_AREA(#1946);
#1946 = FILL_AREA_STYLE('',(#1947));
#1947 = FILL_AREA_STYLE_COLOUR('',#1695);
#1948 = CURVE_STYLE('',#1949,POSITIVE_LENGTH_MEASURE(0.1),#1695);
#1949 = DRAUGHTING_PRE_DEFINED_CURVE_FONT('continuous');
#1950 = STYLED_ITEM('color',(#1951),#378);
#1951 = PRESENTATION_STYLE_ASSIGNMENT((#1952,#1957));
#1952 = SURFACE_STYLE_USAGE(.BOTH.,#1953);
#1953 = SURFACE_SIDE_STYLE('',(#1954));
#1954 = SURFACE_STYLE_FILL_AREA(#1955);
#1955 = FILL_AREA_STYLE('',(#1956));
#1956 = FILL_AREA_STYLE_COLOUR('',#1695);
#1957 = CURVE_STYLE('',#1958,POSITIVE_LENGTH_MEASURE(0.1),#1695);
#1958 = DRAUGHTING_PRE_DEFINED_CURVE_FONT('continuous');
#1959 = STYLED_ITEM('color',(#1960),#390);
#1960 = PRESENTATION_STYLE_ASSIGNMENT((#1961,#1966));
#1961 = SURFACE_STYLE_USAGE(.BOTH.,#1962);
#1962 = SURFACE_SIDE_STYLE('',(#1963));
#1963 = SURFACE_STYLE_FILL_AREA(#1964);
#1964 = FILL_AREA_STYLE('',(#1965));
#1965 = FILL_AREA_STYLE_COLOUR('',#1695);
#1966 = CURVE_STYLE('',#1967,POSITIVE_LENGTH_MEASURE(0.1),#1695);
#1967 = DRAUGHTING_PRE_DEFINED_CURVE_FONT('continuous');
#1968 = STYLED_ITEM('color',(#1969),#402);
#1969 = PRESENTATION_STYLE_ASSIGNMENT((#1970,#1975));
#1970 = SURFACE_STYLE_USAGE(.BOTH.,#1971);
#1971 = SURFACE_SIDE_STYLE('',(#1972));
#1972 = SURFACE_STYLE_FILL_AREA(#1973);
#1973 = FILL_AREA_STYLE('',(#1974));
#1974 = FILL_AREA_STYLE_COLOUR('',#1695);
#1975 = CURVE_STYLE('',#1976,POSITIVE_LENGTH_MEASURE(0.1),#1695);
#1976 = DRAUGHTING_PRE_DEFINED_CURVE_FONT('continuous');
#1977 = STYLED_ITEM('color',(#1978),#414);
#1978 = PRESENTATION_STYLE_ASSIGNMENT((#1979,#1984));
#1979 = SURFACE_STYLE_USAGE(.BOTH.,#1980);
#1980 = SURFACE_SIDE_STYLE('',(#1981));
#1981 = SURFACE_STYLE_FILL_AREA(#1982);
#1982 = FILL_AREA_STYLE('',(#1983));
#1983 = FILL_AREA_STYLE_COLOUR('',#1695);
#1984 = CURVE_STYLE('',#1985,POSITIVE_LENGTH_MEASURE(0.1),#1695);
#1985 = DRAUGHTING_PRE_DEFINED_CURVE_FONT('continuous');
#1986 = STYLED_ITEM('color',(#1987),#426);
#1987 = PRESENTATION_STYLE_ASSIGNMENT((#1988,#1993));
#1988 = SURFACE_STYLE_USAGE(.BOTH.,#1989);
#1989 = SURFACE_SIDE_STYLE('',(#1990));
#1990 = SURFACE_STYLE_FILL_AREA(#1991);
#1991 = FILL_AREA_STYLE('',(#1992));
#1992 = FILL_AREA_STYLE_COLOUR('',#1695);
#1993 = CURVE_STYLE('',#1994,POSITIVE_LENGTH_MEASURE(0.1),#1695);
#1994 = DRAUGHTING_PRE_DEFINED_CURVE_FONT('continuous');
#1995 = STYLED_ITEM('color',(#1996),#438);
#1996 = PRESENTATION_STYLE_ASSIGNMENT((#1997,#2002));
#1997 = SURFACE_STYLE_USAGE(.BOTH.,#1998);
#1998 = SURFACE_SIDE_STYLE('',(#1999));
#1999 = SURFACE_STYLE_FILL_AREA(#2000);
#2000 = FILL_AREA_STYLE('',(#2001));
#2001 = FILL_AREA_STYLE_COLOUR('',#1695);
#2002 = CURVE_STYLE('',#2003,POSITIVE_LENGTH_MEASURE(0.1),#1695);
#2003 = DRAUGHTING_PRE_DEFINED_CURVE_FONT('continuous');
#2004 = STYLED_ITEM('color',(#2005),#450);
#2005 = PRESENTATION_STYLE_ASSIGNMENT((#2006,#2011));
#2006 = SURFACE_STYLE_USAGE(.BOTH.,#2007);
#2007 = SURFACE_SIDE_STYLE('',(#2008));
#2008 = SURFACE_STYLE_FILL_AREA(#2009);
#2009 = FILL_AREA_STYLE('',(#2010));
#2010 = FILL_AREA_STYLE_COLOUR('',#1695);
#2011 = CURVE_STYLE('',#2012,POSITIVE_LENGTH_MEASURE(0.1),#1695);
#2012 = DRAUGHTING_PRE_DEFINED_CURVE_FONT('continuous');
#2013 = STYLED_ITEM('color',(#2014),#462);
#2014 = PRESENTATION_STYLE_ASSIGNMENT((#2015,#2020));
#2015 = SURFACE_STYLE_USAGE(.BOTH.,#2016);
#2016 = SURFACE_SIDE_STYLE('',(#2017));
#2017 = SURFACE_STYLE_FILL_AREA(#2018);
#2018 = FILL_AREA_STYLE('',(#2019));
#2019 = FILL_AREA_STYLE_COLOUR('',#1695);
#2020 = CURVE_STYLE('',#2021,POSITIVE_LENGTH_MEASURE(0.1),#1695);
#2021 = DRAUGHTING_PRE_DEFINED_CURVE_FONT('continuous');
#2022 = STYLED_ITEM('color',(#2023),#474);
#2023 = PRESENTATION_STYLE_ASSIGNMENT((#2024,#2029));
#2024 = SURFACE_STYLE_USAGE(.BOTH.,#2025);
#2025 = SURFACE_SIDE_STYLE('',(#2026));
#2026 = SURFACE_STYLE_FILL_AREA(#2027);
#2027 = FILL_AREA_STYLE('',(#2028));
#2028 = FILL_AREA_STYLE_COLOUR('',#1695);
#2029 = CURVE_STYLE('',#2030,POSITIVE_LENGTH_MEASURE(0.1),#1695);
#2030 = DRAUGHTING_PRE_DEFINED_CURVE_FONT('continuous');
#2031 = STYLED_ITEM('color',(#2032),#486);
#2032 = PRESENTATION_STYLE_ASSIGNMENT((#2033,#2038));
#2033 = SURFACE_STYLE_USAGE(.BOTH.,#2034);
#2034 = SURFACE_SIDE_STYLE('',(#2035));
#2035 = SURFACE_STYLE_FILL_AREA(#2036);
#2036 = FILL_AREA_STYLE('',(#2037));
#2037 = FILL_AREA_STYLE_COLOUR('',#1695);
#2038 = CURVE_STYLE('',#2039,POSITIVE_LENGTH_MEASURE(0.1),#1695);
#2039 = DRAUGHTING_PRE_DEFINED_CURVE_FONT('continuous');
#2040 = STYLED_ITEM('color',(#2041),#498);
#2041 = PRESENTATION_STYLE_ASSIGNMENT((#2042,#2047));
#2042 = SURFACE_STYLE_USAGE(.BOTH.,#2043);
#2043 = SURFACE_SIDE_STYLE('',(#2044));
#2044 = SURFACE_STYLE_FILL_AREA(#2045);
#2045 = FILL_AREA_STYLE('',(#2046));
#2046 = FILL_AREA_STYLE_COLOUR('',#1695);
#2047 = CURVE_STYLE('',#2048,POSITIVE_LENGTH_MEASURE(0.1),#1695);
#2048 = DRAUGHTING_PRE_DEFINED_CURVE_FONT('continuous');
#2049 = STYLED_ITEM('color',(#2050),#510);
#2050 = PRESENTATION_STYLE_ASSIGNMENT((#2051,#2056));
#2051 = SURFACE_STYLE_USAGE(.BOTH.,#2052);
#2052 = SURFACE_SIDE_STYLE('',(#2053));
#2053 = SURFACE_STYLE_FILL_AREA(#2054);
#2054 = FILL_AREA_STYLE('',(#2055));
#2055 = FILL_AREA_STYLE_COLOUR('',#1695);
#2056 = CURVE_STYLE('',#2057,POSITIVE_LENGTH_MEASURE(0.1),#1695);
#2057 = DRAUGHTING_PRE_DEFINED_CURVE_FONT('continuous');
#2058 = STYLED_ITEM('color',(#2059),#522);
#2059 = PRESENTATION_STYLE_ASSIGNMENT((#2060,#2065));
#2060 = SURFACE_STYLE_USAGE(.BOTH.,#2061);
#2061 = SURFACE_SIDE_STYLE('',(#2062));
#2062 = SURFACE_STYLE_FILL_AREA(#2063);
#2063 = FILL_AREA_STYLE('',(#2064));
#2064 = FILL_AREA_STYLE_COLOUR('',#1695);
#2065 = CURVE_STYLE('',#2066,POSITIVE_LENGTH_MEASURE(0.1),#1695);
#2066 = DRAUGHTING_PRE_DEFINED_CURVE_FONT('continuous');
#2067 = STYLED_ITEM('color',(#2068),#534);
#2068 = PRESENTATION_STYLE_ASSIGNMENT((#2069,#2074));
#2069 = SURFACE_STYLE_USAGE(.BOTH.,#2070);
#2070 = SURFACE_SIDE_STYLE('',(#2071));
#2071 = SURFACE_STYLE_FILL_AREA(#2072);
#2072 = FILL_AREA_STYLE('',(#2073));
#2073 = FILL_AREA_STYLE_COLOUR('',#1695);
#2074 = CURVE_STYLE('',#2075,POSITIVE_LENGTH_MEASURE(0.1),#1695);
#2075 = DRAUGHTING_PRE_DEFINED_CURVE_FONT('continuous');
#2076 = STYLED_ITEM('color',(#2077),#546);
#2077 = PRESENTATION_STYLE_ASSIGNMENT((#2078,#2083));
#2078 = SURFACE_STYLE_USAGE(.BOTH.,#2079);
#2079 = SURFACE_SIDE_STYLE('',(#2080));
#2080 = SURFACE_STYLE_FILL_AREA(#2081);
#2081 = FILL_AREA_STYLE('',(#2082));
#2082 = FILL_AREA_STYLE_COLOUR('',#1695);
#2083 = CURVE_STYLE('',#2084,POSITIVE_LENGTH_MEASURE(0.1),#1695);
#2084 = DRAUGHTING_PRE_DEFINED_CURVE_FONT('continuous');
#2085 = STYLED_ITEM('color',(#2086),#558);
#2086 = PRESENTATION_STYLE_ASSIGNMENT((#2087,#2092));
#2087 = SURFACE_STYLE_USAGE(.BOTH.,#2088);
#2088 = SURFACE_SIDE_STYLE('',(#2089));
#2089 = SURFACE_STYLE_FILL_AREA(#2090);
#2090 = FILL_AREA_STYLE('',(#2091));
#2091 = FILL_AREA_STYLE_COLOUR('',#1695);
#2092 = CURVE_STYLE('',#2093,POSITIVE_LENGTH_MEASURE(0.1),#1695);
#2093 = DRAUGHTING_PRE_DEFINED_CURVE_FONT('continuous');
#2094 = STYLED_ITEM('color',(#2095),#570);
#2095 = PRESENTATION_STYLE_ASSIGNMENT((#2096,#2101));
#2096 = SURFACE_STYLE_USAGE(.BOTH.,#2097);
#2097 = SURFACE_SIDE_STYLE('',(#2098));
#2098 = SURFACE_STYLE_FILL_AREA(#2099);
#2099 = FILL_AREA_STYLE('',(#2100));
#2100 = FILL_AREA_STYLE_COLOUR('',#1695);
#2101 = CURVE_STYLE('',#2102,POSITIVE_LENGTH_MEASURE(0.1),#1695);
#2102 = DRAUGHTING_PRE_DEFINED_CURVE_FONT('continuous');
#2103 = STYLED_ITEM('color',(#2104),#582);
#2104 = PRESENTATION_STYLE_ASSIGNMENT((#2105,#2110));
#2105 = SURFACE_STYLE_USAGE(.BOTH.,#2106);
#2106 = SURFACE_SIDE_STYLE('',(#2107));
#2107 = SURFACE_STYLE_FILL_AREA(#2108);
#2108 = FILL_AREA_STYLE('',(#2109));
#2109 = FILL_AREA_STYLE_COLOUR('',#1695);
#2110 = CURVE_STYLE('',#2111,POSITIVE_LENGTH_MEASURE(0.1),#1695);
#2111 = DRAUGHTING_PRE_DEFINED_CURVE_FONT('continuous');
#2112 = STYLED_ITEM('color',(#2113),#594);
#2113 = PRESENTATION_STYLE_ASSIGNMENT((#2114,#2119));
#2114 = SURFACE_STYLE_USAGE(.BOTH.,#2115);
#2115 = SURFACE_SIDE_STYLE('',(#2116));
#2116 = SURFACE_STYLE_FILL_AREA(#2117);
#2117 = FILL_AREA_STYLE('',(#2118));
#2118 = FILL_AREA_STYLE_COLOUR('',#1695);
#2119 = CURVE_STYLE('',#2120,POSITIVE_LENGTH_MEASURE(0.1),#1695);
#2120 = DRAUGHTING_PRE_DEFINED_CURVE_FONT('continuous');
#2121 = STYLED_ITEM('color',(#2122),#606);
#2122 = PRESENTATION_STYLE_ASSIGNMENT((#2123,#2128));
#2123 = SURFACE_STYLE_USAGE(.BOTH.,#2124);
#2124 = SURFACE_SIDE_STYLE('',(#2125));
#2125 = SURFACE_STYLE_FILL_AREA(#2126);
#2126 = FILL_AREA_STYLE('',(#2127));
#2127 = FILL_AREA_STYLE_COLOUR('',#1695);
#2128 = CURVE_STYLE('',#2129,POSITIVE_LENGTH_MEASURE(0.1),#1695);
#2129 = DRAUGHTING_PRE_DEFINED_CURVE_FONT('continuous');
#2130 = STYLED_ITEM('color',(#2131),#618);
#2131 = PRESENTATION_STYLE_ASSIGNMENT((#2132,#2137));
#2132 = SURFACE_STYLE_USAGE(.BOTH.,#2133);
#2133 = SURFACE_SIDE_STYLE('',(#2134));
#2134 = SURFACE_STYLE_FILL_AREA(#2135);
#2135 = FILL_AREA_STYLE('',(#2136));
#2136 = FILL_AREA_STYLE_COLOUR('',#1695);
#2137 = CURVE_STYLE('',#2138,POSITIVE_LENGTH_MEASURE(0.1),#1695);
#2138 = DRAUGHTING_PRE_DEFINED_CURVE_FONT('continuous');
#2139 = STYLED_ITEM('color',(#2140),#630);
#2140 = PRESENTATION_STYLE_ASSIGNMENT((#2141,#2146));
#2141 = SURFACE_STYLE_USAGE(.BOTH.,#2142);
#2142 = SURFACE_SIDE_STYLE('',(#2143));
#2143 = SURFACE_STYLE_FILL_AREA(#2144);
#2144 = FILL_AREA_STYLE('',(#2145));
#2145 = FILL_AREA_STYLE_COLOUR('',#1695);
#2146 = CURVE_STYLE('',#2147,POSITIVE_LENGTH_MEASURE(0.1),#1695);
#2147 = DRAUGHTING_PRE_DEFINED_CURVE_FONT('continuous');
#2148 = STYLED_ITEM('color',(#2149),#642);
#2149 = PRESENTATION_STYLE_ASSIGNMENT((#2150,#2155));
#2150 = SURFACE_STYLE_USAGE(.BOTH.,#2151);
#2151 = SURFACE_SIDE_STYLE('',(#2152));
#2152 = SURFACE_STYLE_FILL_AREA(#2153);
#2153 = FILL_AREA_STYLE('',(#2154));
#2154 = FILL_AREA_STYLE_COLOUR('',#1695);
#2155 = CURVE_STYLE('',#2156,POSITIVE_LENGTH_MEASURE(0.1),#1695);
#2156 = DRAUGHTING_PRE_DEFINED_CURVE_FONT('continuous');
#2157 = STYLED_ITEM('color',(#2158),#654);
#2158 = PRESENTATION_STYLE_ASSIGNMENT((#2159,#2164));
#2159 = SURFACE_STYLE_USAGE(.BOTH.,#2160);
#2160 = SURFACE_SIDE_STYLE('',(#2161));
#2161 = SURFACE_STYLE_FILL_AREA(#2162);
#2162 = FILL_AREA_STYLE('',(#2163));
#2163 = FILL_AREA_STYLE_COLOUR('',#1695);
#2164 = CURVE_STYLE('',#2165,POSITIVE_LENGTH_MEASURE(0.1),#1695);
#2165 = DRAUGHTING_PRE_DEFINED_CURVE_FONT('continuous');
#2166 = STYLED_ITEM('color',(#2167),#666);
#2167 = PRESENTATION_STYLE_ASSIGNMENT((#2168,#2173));
#2168 = SURFACE_STYLE_USAGE(.BOTH.,#2169);
#2169 = SURFACE_SIDE_STYLE('',(#2170));
#2170 = SURFACE_STYLE_FILL_AREA(#2171);
#2171 = FILL_AREA_STYLE('',(#2172));
#2172 = FILL_AREA_STYLE_COLOUR('',#1695);
#2173 = CURVE_STYLE('',#2174,POSITIVE_LENGTH_MEASURE(0.1),#1695);
#2174 = DRAUGHTING_PRE_DEFINED_CURVE_FONT('continuous');
#2175 = STYLED_ITEM('color',(#2176),#678);
#2176 = PRESENTATION_STYLE_ASSIGNMENT((#2177,#2182));
#2177 = SURFACE_STYLE_USAGE(.BOTH.,#2178);
#2178 = SURFACE_SIDE_STYLE('',(#2179));
#2179 = SURFACE_STYLE_FILL_AREA(#2180);
#2180 = FILL_AREA_STYLE('',(#2181));
#2181 = FILL_AREA_STYLE_COLOUR('',#1695);
#2182 = CURVE_STYLE('',#2183,POSITIVE_LENGTH_MEASURE(0.1),#1695);
#2183 = DRAUGHTING_PRE_DEFINED_CURVE_FONT('continuous');
#2184 = STYLED_ITEM('color',(#2185),#690);
#2185 = PRESENTATION_STYLE_ASSIGNMENT((#2186,#2191));
#2186 = SURFACE_STYLE_USAGE(.BOTH.,#2187);
#2187 = SURFACE_SIDE_STYLE('',(#2188));
#2188 = SURFACE_STYLE_FILL_AREA(#2189);
#2189 = FILL_AREA_STYLE('',(#2190));
#2190 = FILL_AREA_STYLE_COLOUR('',#1695);
#2191 = CURVE_STYLE('',#2192,POSITIVE_LENGTH_MEASURE(0.1),#1695);
#2192 = DRAUGHTING_PRE_DEFINED_CURVE_FONT('continuous');
#2193 = STYLED_ITEM('color',(#2194),#702);
#2194 = PRESENTATION_STYLE_ASSIGNMENT((#2195,#2200));
#2195 = SURFACE_STYLE_USAGE(.BOTH.,#2196);
#2196 = SURFACE_SIDE_STYLE('',(#2197));
#2197 = SURFACE_STYLE_FILL_AREA(#2198);
#2198 = FILL_AREA_STYLE('',(#2199));
#2199 = FILL_AREA_STYLE_COLOUR('',#1695);
#2200 = CURVE_STYLE('',#2201,POSITIVE_LENGTH_MEASURE(0.1),#1695);
#2201 = DRAUGHTING_PRE_DEFINED_CURVE_FONT('continuous');
#2202 = STYLED_ITEM('color',(#2203),#714);
#2203 = PRESENTATION_STYLE_ASSIGNMENT((#2204,#2209));
#2204 = SURFACE_STYLE_USAGE(.BOTH.,#2205);
#2205 = SURFACE_SIDE_STYLE('',(#2206));
#2206 = SURFACE_STYLE_FILL_AREA(#2207);
#2207 = FILL_AREA_STYLE('',(#2208));
#2208 = FILL_AREA_STYLE_COLOUR('',#1695);
#2209 = CURVE_STYLE('',#2210,POSITIVE_LENGTH_MEASURE(0.1),#1695);
#2210 = DRAUGHTING_PRE_DEFINED_CURVE_FONT('continuous');
#2211 = STYLED_ITEM('color',(#2212),#726);
#2212 = PRESENTATION_STYLE_ASSIGNMENT((#2213,#2218));
#2213 = SURFACE_STYLE_USAGE(.BOTH.,#2214);
#2214 = SURFACE_SIDE_STYLE('',(#2215));
#2215 = SURFACE_STYLE_FILL_AREA(#2216);
#2216 = FILL_AREA_STYLE('',(#2217));
#2217 = FILL_AREA_STYLE_COLOUR('',#1695);
#2218 = CURVE_STYLE('',#2219,POSITIVE_LENGTH_MEASURE(0.1),#1695);
#2219 = DRAUGHTING_PRE_DEFINED_CURVE_FONT('continuous');
#2220 = STYLED_ITEM('color',(#2221),#738);
#2221 = PRESENTATION_STYLE_ASSIGNMENT((#2222,#2227));
#2222 = SURFACE_STYLE_USAGE(.BOTH.,#2223);
#2223 = SURFACE_SIDE_STYLE('',(#2224));
#2224 = SURFACE_STYLE_FILL_AREA(#2225);
#2225 = FILL_AREA_STYLE('',(#2226));
#2226 = FILL_AREA_STYLE_COLOUR('',#1695);
#2227 = CURVE_STYLE('',#2228,POSITIVE_LENGTH_MEASURE(0.1),#1695);
#2228 = DRAUGHTING_PRE_DEFINED_CURVE_FONT('continuous');
#2229 = STYLED_ITEM('color',(#2230),#750);
#2230 = PRESENTATION_STYLE_ASSIGNMENT((#2231,#2236));
#2231 = SURFACE_STYLE_USAGE(.BOTH.,#2232);
#2232 = SURFACE_SIDE_STYLE('',(#2233));
#2233 = SURFACE_STYLE_FILL_AREA(#2234);
#2234 = FILL_AREA_STYLE('',(#2235));
#2235 = FILL_AREA_STYLE_COLOUR('',#1695);
#2236 = CURVE_STYLE('',#2237,POSITIVE_LENGTH_MEASURE(0.1),#1695);
#2237 = DRAUGHTING_PRE_DEFINED_CURVE_FONT('continuous');
#2238 = STYLED_ITEM('color',(#2239),#762);
#2239 = PRESENTATION_STYLE_ASSIGNMENT((#2240,#2245));
#2240 = SURFACE_STYLE_USAGE(.BOTH.,#2241);
#2241 = SURFACE_SIDE_STYLE('',(#2242));
#2242 = SURFACE_STYLE_FILL_AREA(#2243);
#2243 = FILL_AREA_STYLE('',(#2244));
#2244 = FILL_AREA_STYLE_COLOUR('',#1695);
#2245 = CURVE_STYLE('',#2246,POSITIVE_LENGTH_MEASURE(0.1),#1695);
#2246 = DRAUGHTING_PRE_DEFINED_CURVE_FONT('continuous');
#2247 = STYLED_ITEM('color',(#2248),#774);
#2248 = PRESENTATION_STYLE_ASSIGNMENT((#2249,#2254));
#2249 = SURFACE_STYLE_USAGE(.BOTH.,#2250);
#2250 = SURFACE_SIDE_STYLE('',(#2251));
#2251 = SURFACE_STYLE_FILL_AREA(#2252);
#2252 = FILL_AREA_STYLE('',(#2253));
#2253 = FILL_AREA_STYLE_COLOUR('',#1695);
#2254 = CURVE_STYLE('',#2255,POSITIVE_LENGTH_MEASURE(0.1),#1695);
#2255 = DRAUGHTING_PRE_DEFINED_CURVE_FONT('continuous');
#2256 = STYLED_ITEM('color',(#2257),#786);
#2257 = PRESENTATION_STYLE_ASSIGNMENT((#2258,#2263));
#2258 = SURFACE_STYLE_USAGE(.BOTH.,#2259);
#2259 = SURFACE_SIDE_STYLE('',(#2260));
#2260 = SURFACE_STYLE_FILL_AREA(#2261);
#2261 = FILL_AREA_STYLE('',(#2262));
#2262 = FILL_AREA_STYLE_COLOUR('',#1695);
#2263 = CURVE_STYLE('',#2264,POSITIVE_LENGTH_MEASURE(0.1),#1695);
#2264 = DRAUGHTING_PRE_DEFINED_CURVE_FONT('continuous');
#2265 = STYLED_ITEM('color',(#2266),#798);
#2266 = PRESENTATION_STYLE_ASSIGNMENT((#2267,#2272));
#2267 = SURFACE_STYLE_USAGE(.BOTH.,#2268);
#2268 = SURFACE_SIDE_STYLE('',(#2269));
#2269 = SURFACE_STYLE_FILL_AREA(#2270);
#2270 = FILL_AREA_STYLE('',(#2271));
#2271 = FILL_AREA_STYLE_COLOUR('',#1695);
#2272 = CURVE_STYLE('',#2273,POSITIVE_LENGTH_MEASURE(0.1),#1695);
#2273 = DRAUGHTING_PRE_DEFINED_CURVE_FONT('continuous');
#2274 = STYLED_ITEM('color',(#2275),#810);
#2275 = PRESENTATION_STYLE_ASSIGNMENT((#2276,#2281));
#2276 = SURFACE_STYLE_USAGE(.BOTH.,#2277);
#2277 = SURFACE_SIDE_STYLE('',(#2278));
#2278 = SURFACE_STYLE_FILL_AREA(#2279);
#2279 = FILL_AREA_STYLE('',(#2280));
#2280 = FILL_AREA_STYLE_COLOUR('',#1695);
#2281 = CURVE_STYLE('',#2282,POSITIVE_LENGTH_MEASURE(0.1),#1695);
#2282 = DRAUGHTING_PRE_DEFINED_CURVE_FONT('continuous');
#2283 = STYLED_ITEM('color',(#2284),#822);
#2284 = PRESENTATION_STYLE_ASSIGNMENT((#2285,#2290));
#2285 = SURFACE_STYLE_USAGE(.BOTH.,#2286);
#2286 = SURFACE_SIDE_STYLE('',(#2287));
#2287 = SURFACE_STYLE_FILL_AREA(#2288);
#2288 = FILL_AREA_STYLE('',(#2289));
#2289 = FILL_AREA_STYLE_COLOUR('',#1695);
#2290 = CURVE_STYLE('',#2291,POSITIVE_LENGTH_MEASURE(0.1),#1695);
#2291 = DRAUGHTING_PRE_DEFINED_CURVE_FONT('continuous');
#2292 = STYLED_ITEM('color',(#2293),#834);
#2293 = PRESENTATION_STYLE_ASSIGNMENT((#2294,#2299));
#2294 = SURFACE_STYLE_USAGE(.BOTH.,#2295);
#2295 = SURFACE_SIDE_STYLE('',(#2296));
#2296 = SURFACE_STYLE_FILL_AREA(#2297);
#2297 = FILL_AREA_STYLE('',(#2298));
#2298 = FILL_AREA_STYLE_COLOUR('',#1695);
#2299 = CURVE_STYLE('',#2300,POSITIVE_LENGTH_MEASURE(0.1),#1695);
#2300 = DRAUGHTING_PRE_DEFINED_CURVE_FONT('continuous');
#2301 = STYLED_ITEM('color',(#2302),#846);
#2302 = PRESENTATION_STYLE_ASSIGNMENT((#2303,#2308));
#2303 = SURFACE_STYLE_USAGE(.BOTH.,#2304);
#2304 = SURFACE_SIDE_STYLE('',(#2305));
#2305 = SURFACE_STYLE_FILL_AREA(#2306);
#2306 = FILL_AREA_STYLE('',(#2307));
#2307 = FILL_AREA_STYLE_COLOUR('',#1695);
#2308 = CURVE_STYLE('',#2309,POSITIVE_LENGTH_MEASURE(0.1),#1695);
#2309 = DRAUGHTING_PRE_DEFINED_CURVE_FONT('continuous');
#2310 = STYLED_ITEM('color',(#2311),#858);
#2311 = PRESENTATION_STYLE_ASSIGNMENT((#2312,#2317));
#2312 = SURFACE_STYLE_USAGE(.BOTH.,#2313);
#2313 = SURFACE_SIDE_STYLE('',(#2314));
#2314 = SURFACE_STYLE_FILL_AREA(#2315);
#2315 = FILL_AREA_STYLE('',(#2316));
#2316 = FILL_AREA_STYLE_COLOUR('',#1695);
#2317 = CURVE_STYLE('',#2318,POSITIVE_LENGTH_MEASURE(0.1),#1695);
#2318 = DRAUGHTING_PRE_DEFINED_CURVE_FONT('continuous');
#2319 = STYLED_ITEM('color',(#2320),#870);
#2320 = PRESENTATION_STYLE_ASSIGNMENT((#2321,#2326));
#2321 = SURFACE_STYLE_USAGE(.BOTH.,#2322);
#2322 = SURFACE_SIDE_STYLE('',(#2323));
#2323 = SURFACE_STYLE_FILL_AREA(#2324);
#2324 = FILL_AREA_STYLE('',(#2325));
#2325 = FILL_AREA_STYLE_COLOUR('',#1695);
#2326 = CURVE_STYLE('',#2327,POSITIVE_LENGTH_MEASURE(0.1),#1695);
#2327 = DRAUGHTING_PRE_DEFINED_CURVE_FONT('continuous');
#2328 = STYLED_ITEM('color',(#2329),#882);
#2329 = PRESENTATION_STYLE_ASSIGNMENT((#2330,#2335));
#2330 = SURFACE_STYLE_USAGE(.BOTH.,#2331);
#2331 = SURFACE_SIDE_STYLE('',(#2332));
#2332 = SURFACE_STYLE_FILL_AREA(#2333);
#2333 = FILL_AREA_STYLE('',(#2334));
#2334 = FILL_AREA_STYLE_COLOUR('',#1695);
#2335 = CURVE_STYLE('',#2336,POSITIVE_LENGTH_MEASURE(0.1),#1695);
#2336 = DRAUGHTING_PRE_DEFINED_CURVE_FONT('continuous');
#2337 = STYLED_ITEM('color',(#2338),#894);
#2338 = PRESENTATION_STYLE_ASSIGNMENT((#2339,#2344));
#2339 = SURFACE_STYLE_USAGE(.BOTH.,#2340);
#2340 = SURFACE_SIDE_STYLE('',(#2341));
#2341 = SURFACE_STYLE_FILL_AREA(#2342);
#2342 = FILL_AREA_STYLE('',(#2343));
#2343 = FILL_AREA_STYLE_COLOUR('',#1695);
#2344 = CURVE_STYLE('',#2345,POSITIVE_LENGTH_MEASURE(0.1),#1695);
#2345 = DRAUGHTING_PRE_DEFINED_CURVE_FONT('continuous');
#2346 = STYLED_ITEM('color',(#2347),#906);
#2347 = PRESENTATION_STYLE_ASSIGNMENT((#2348,#2353));
#2348 = SURFACE_STYLE_USAGE(.BOTH.,#2349);
#2349 = SURFACE_SIDE_STYLE('',(#2350));
#2350 = SURFACE_STYLE_FILL_AREA(#2351);
#2351 = FILL_AREA_STYLE('',(#2352));
#2352 = FILL_AREA_STYLE_COLOUR('',#1695);
#2353 = CURVE_STYLE('',#2354,POSITIVE_LENGTH_MEASURE(0.1),#1695);
#2354 = DRAUGHTING_PRE_DEFINED_CURVE_FONT('continuous');
#2355 = STYLED_ITEM('color',(#2356),#918);
#2356 = PRESENTATION_STYLE_ASSIGNMENT((#2357,#2362));
#2357 = SURFACE_STYLE_USAGE(.BOTH.,#2358);
#2358 = SURFACE_SIDE_STYLE('',(#2359));
#2359 = SURFACE_STYLE_FILL_AREA(#2360);
#2360 = FILL_AREA_STYLE('',(#2361));
#2361 = FILL_AREA_STYLE_COLOUR('',#1695);
#2362 = CURVE_STYLE('',#2363,POSITIVE_LENGTH_MEASURE(0.1),#1695);
#2363 = DRAUGHTING_PRE_DEFINED_CURVE_FONT('continuous');
#2364 = STYLED_ITEM('color',(#2365),#930);
#2365 = PRESENTATION_STYLE_ASSIGNMENT((#2366,#2371));
#2366 = SURFACE_STYLE_USAGE(.BOTH.,#2367);
#2367 = SURFACE_SIDE_STYLE('',(#2368));
#2368 = SURFACE_STYLE_FILL_AREA(#2369);
#2369 = FILL_AREA_STYLE('',(#2370));
#2370 = FILL_AREA_STYLE_COLOUR('',#1695);
#2371 = CURVE_STYLE('',#2372,POSITIVE_LENGTH_MEASURE(0.1),#1695);
#2372 = DRAUGHTING_PRE_DEFINED_CURVE_FONT('continuous');
#2373 = STYLED_ITEM('color',(#2374),#942);
#2374 = PRESENTATION_STYLE_ASSIGNMENT((#2375,#2380));
#2375 = SURFACE_STYLE_USAGE(.BOTH.,#2376);
#2376 = SURFACE_SIDE_STYLE('',(#2377));
#2377 = SURFACE_STYLE_FILL_AREA(#2378);
#2378 = FILL_AREA_STYLE('',(#2379));
#2379 = FILL_AREA_STYLE_COLOUR('',#1695);
#2380 = CURVE_STYLE('',#2381,POSITIVE_LENGTH_MEASURE(0.1),#1695);
#2381 = DRAUGHTING_PRE_DEFINED_CURVE_FONT('continuous');
#2382 = STYLED_ITEM('color',(#2383),#954);
#2383 = PRESENTATION_STYLE_ASSIGNMENT((#2384,#2389));
#2384 = SURFACE_STYLE_USAGE(.BOTH.,#2385);
#2385 = SURFACE_SIDE_STYLE('',(#2386));
#2386 = SURFACE_STYLE_FILL_AREA(#2387);
#2387 = FILL_AREA_STYLE('',(#2388));
#2388 = FILL_AREA_STYLE_COLOUR('',#1695);
#2389 = CURVE_STYLE('',#2390,POSITIVE_LENGTH_MEASURE(0.1),#1695);
#2390 = DRAUGHTING_PRE_DEFINED_CURVE_FONT('continuous');
#2391 = STYLED_ITEM('color',(#2392),#966);
#2392 = PRESENTATION_STYLE_ASSIGNMENT((#2393,#2398));
#2393 = SURFACE_STYLE_USAGE(.BOTH.,#2394);
#2394 = SURFACE_SIDE_STYLE('',(#2395));
#2395 = SURFACE_STYLE_FILL_AREA(#2396);
#2396 = FILL_AREA_STYLE('',(#2397));
#2397 = FILL_AREA_STYLE_COLOUR('',#1695);
#2398 = CURVE_STYLE('',#2399,POSITIVE_LENGTH_MEASURE(0.1),#1695);
#2399 = DRAUGHTING_PRE_DEFINED_CURVE_FONT('continuous');
#2400 = STYLED_ITEM('color',(#2401),#978);
#2401 = PRESENTATION_STYLE_ASSIGNMENT((#2402,#2407));
#2402 = SURFACE_STYLE_USAGE(.BOTH.,#2403);
#2403 = SURFACE_SIDE_STYLE('',(#2404));
#2404 = SURFACE_STYLE_FILL_AREA(#2405);
#2405 = FILL_AREA_STYLE('',(#2406));
#2406 = FILL_AREA_STYLE_COLOUR('',#1695);
#2407 = CURVE_STYLE('',#2408,POSITIVE_LENGTH_MEASURE(0.1),#1695);
#2408 = DRAUGHTING_PRE_DEFINED_CURVE_FONT('continuous');
#2409 = STYLED_ITEM('color',(#2410),#990);
#2410 = PRESENTATION_STYLE_ASSIGNMENT((#2411,#2416));
#2411 = SURFACE_STYLE_USAGE(.BOTH.,#2412);
#2412 = SURFACE_SIDE_STYLE('',(#2413));
#2413 = SURFACE_STYLE_FILL_AREA(#2414);
#2414 = FILL_AREA_STYLE('',(#2415));
#2415 = FILL_AREA_STYLE_COLOUR('',#1695);
#2416 = CURVE_STYLE('',#2417,POSITIVE_LENGTH_MEASURE(0.1),#1695);
#2417 = DRAUGHTING_PRE_DEFINED_CURVE_FONT('continuous');
#2418 = STYLED_ITEM('color',(#2419),#1002);
#2419 = PRESENTATION_STYLE_ASSIGNMENT((#2420,#2425));
#2420 = SURFACE_STYLE_USAGE(.BOTH.,#2421);
#2421 = SURFACE_SIDE_STYLE('',(#2422));
#2422 = SURFACE_STYLE_FILL_AREA(#2423);
#2423 = FILL_AREA_STYLE('',(#2424));
#2424 = FILL_AREA_STYLE_COLOUR('',#1695);
#2425 = CURVE_STYLE('',#2426,POSITIVE_LENGTH_MEASURE(0.1),#1695);
#2426 = DRAUGHTING_PRE_DEFINED_CURVE_FONT('continuous');
#2427 = STYLED_ITEM('color',(#2428),#1014);
#2428 = PRESENTATION_STYLE_ASSIGNMENT((#2429,#2434));
#2429 = SURFACE_STYLE_USAGE(.BOTH.,#2430);
#2430 = SURFACE_SIDE_STYLE('',(#2431));
#2431 = SURFACE_STYLE_FILL_AREA(#2432);
#2432 = FILL_AREA_STYLE('',(#2433));
#2433 = FILL_AREA_STYLE_COLOUR('',#1695);
#2434 = CURVE_STYLE('',#2435,POSITIVE_LENGTH_MEASURE(0.1),#1695);
#2435 = DRAUGHTING_PRE_DEFINED_CURVE_FONT('continuous');
#2436 = STYLED_ITEM('color',(#2437),#1026);
#2437 = PRESENTATION_STYLE_ASSIGNMENT((#2438,#2443));
#2438 = SURFACE_STYLE_USAGE(.BOTH.,#2439);
#2439 = SURFACE_SIDE_STYLE('',(#2440));
#2440 = SURFACE_STYLE_FILL_AREA(#2441);
#2441 = FILL_AREA_STYLE('',(#2442));
#2442 = FILL_AREA_STYLE_COLOUR('',#1695);
#2443 = CURVE_STYLE('',#2444,POSITIVE_LENGTH_MEASURE(0.1),#1695);
#2444 = DRAUGHTING_PRE_DEFINED_CURVE_FONT('continuous');
#2445 = STYLED_ITEM('color',(#2446),#1038);
#2446 = PRESENTATION_STYLE_ASSIGNMENT((#2447,#2452));
#2447 = SURFACE_STYLE_USAGE(.BOTH.,#2448);
#2448 = SURFACE_SIDE_STYLE('',(#2449));
#2449 = SURFACE_STYLE_FILL_AREA(#2450);
#2450 = FILL_AREA_STYLE('',(#2451));
#2451 = FILL_AREA_STYLE_COLOUR('',#1695);
#2452 = CURVE_STYLE('',#2453,POSITIVE_LENGTH_MEASURE(0.1),#1695);
#2453 = DRAUGHTING_PRE_DEFINED_CURVE_FONT('continuous');
#2454 = STYLED_ITEM('color',(#2455),#1050);
#2455 = PRESENTATION_STYLE_ASSIGNMENT((#2456,#2461));
#2456 = SURFACE_STYLE_USAGE(.BOTH.,#2457);
#2457 = SURFACE_SIDE_STYLE('',(#2458));
#2458 = SURFACE_STYLE_FILL_AREA(#2459);
#2459 = FILL_AREA_STYLE('',(#2460));
#2460 = FILL_AREA_STYLE_COLOUR('',#1695);
#2461 = CURVE_STYLE('',#2462,POSITIVE_LENGTH_MEASURE(0.1),#1695);
#2462 = DRAUGHTING_PRE_DEFINED_CURVE_FONT('continuous');
#2463 = STYLED_ITEM('color',(#2464),#1062);
#2464 = PRESENTATION_STYLE_ASSIGNMENT((#2465,#2470));
#2465 = SURFACE_STYLE_USAGE(.BOTH.,#2466);
#2466 = SURFACE_SIDE_STYLE('',(#2467));
#2467 = SURFACE_STYLE_FILL_AREA(#2468);
#2468 = FILL_AREA_STYLE('',(#2469));
#2469 = FILL_AREA_STYLE_COLOUR('',#1695);
#2470 = CURVE_STYLE('',#2471,POSITIVE_LENGTH_MEASURE(0.1),#1695);
#2471 = DRAUGHTING_PRE_DEFINED_CURVE_FONT('continuous');
#2472 = STYLED_ITEM('color',(#2473),#1074);
#2473 = PRESENTATION_STYLE_ASSIGNMENT((#2474,#2479));
#2474 = SURFACE_STYLE_USAGE(.BOTH.,#2475);
#2475 = SURFACE_SIDE_STYLE('',(#2476));
#2476 = SURFACE_STYLE_FILL_AREA(#2477);
#2477 = FILL_AREA_STYLE('',(#2478));
#2478 = FILL_AREA_STYLE_COLOUR('',#1695);
#2479 = CURVE_STYLE('',#2480,POSITIVE_LENGTH_MEASURE(0.1),#1695);
#2480 = DRAUGHTING_PRE_DEFINED_CURVE_FONT('continuous');
#2481 = STYLED_ITEM('color',(#2482),#1086);
#2482 = PRESENTATION_STYLE_ASSIGNMENT((#2483,#2488));
#2483 = SURFACE_STYLE_USAGE(.BOTH.,#2484);
#2484 = SURFACE_SIDE_STYLE('',(#2485));
#2485 = SURFACE_STYLE_FILL_AREA(#2486);
#2486 = FILL_AREA_STYLE('',(#2487));
#2487 = FILL_AREA_STYLE_COLOUR('',#1695);
#2488 = CURVE_STYLE('',#2489,POSITIVE_LENGTH_MEASURE(0.1),#1695);
#2489 = DRAUGHTING_PRE_DEFINED_CURVE_FONT('continuous');
#2490 = STYLED_ITEM('color',(#2491),#1098);
#2491 = PRESENTATION_STYLE_ASSIGNMENT((#2492,#2497));
#2492 = SURFACE_STYLE_USAGE(.BOTH.,#2493);
#2493 = SURFACE_SIDE_STYLE('',(#2494));
#2494 = SURFACE_STYLE_FILL_AREA(#2495);
#2495 = FILL_AREA_STYLE('',(#2496));
#2496 = FILL_AREA_STYLE_COLOUR('',#1695);
#2497 = CURVE_STYLE('',#2498,POSITIVE_LENGTH_MEASURE(0.1),#1695);
#2498 = DRAUGHTING_PRE_DEFINED_CURVE_FONT('continuous');
#2499 = STYLED_ITEM('color',(#2500),#1110);
#2500 = PRESENTATION_STYLE_ASSIGNMENT((#2501,#2506));
#2501 = SURFACE_STYLE_USAGE(.BOTH.,#2502);
#2502 = SURFACE_SIDE_STYLE('',(#2503));
#2503 = SURFACE_STYLE_FILL_AREA(#2504);
#2504 = FILL_AREA_STYLE('',(#2505));
#2505 = FILL_AREA_STYLE_COLOUR('',#1695);
#2506 = CURVE_STYLE('',#2507,POSITIVE_LENGTH_MEASURE(0.1),#1695);
#2507 = DRAUGHTING_PRE_DEFINED_CURVE_FONT('continuous');
#2508 = STYLED_ITEM('color',(#2509),#1122);
#2509 = PRESENTATION_STYLE_ASSIGNMENT((#2510,#2515));
#2510 = SURFACE_STYLE_USAGE(.BOTH.,#2511);
#2511 = SURFACE_SIDE_STYLE('',(#2512));
#2512 = SURFACE_STYLE_FILL_AREA(#2513);
#2513 = FILL_AREA_STYLE('',(#2514));
#2514 = FILL_AREA_STYLE_COLOUR('',#1695);
#2515 = CURVE_STYLE('',#2516,POSITIVE_LENGTH_MEASURE(0.1),#1695);
#2516 = DRAUGHTING_PRE_DEFINED_CURVE_FONT('continuous');
#2517 = STYLED_ITEM('color',(#2518),#1134);
#2518 = PRESENTATION_STYLE_ASSIGNMENT((#2519,#2524));
#2519 = SURFACE_STYLE_USAGE(.BOTH.,#2520);
#2520 = SURFACE_SIDE_STYLE('',(#2521));
#2521 = SURFACE_STYLE_FILL_AREA(#2522);
#2522 = FILL_AREA_STYLE('',(#2523));
#2523 = FILL_AREA_STYLE_COLOUR('',#1695);
#2524 = CURVE_STYLE('',#2525,POSITIVE_LENGTH_MEASURE(0.1),#1695);
#2525 = DRAUGHTING_PRE_DEFINED_CURVE_FONT('continuous');
#2526 = STYLED_ITEM('color',(#2527),#1146);
#2527 = PRESENTATION_STYLE_ASSIGNMENT((#2528,#2533));
#2528 = SURFACE_STYLE_USAGE(.BOTH.,#2529);
#2529 = SURFACE_SIDE_STYLE('',(#2530));
#2530 = SURFACE_STYLE_FILL_AREA(#2531);
#2531 = FILL_AREA_STYLE('',(#2532));
#2532 = FILL_AREA_STYLE_COLOUR('',#1695);
#2533 = CURVE_STYLE('',#2534,POSITIVE_LENGTH_MEASURE(0.1),#1695);
#2534 = DRAUGHTING_PRE_DEFINED_CURVE_FONT('continuous');
#2535 = STYLED_ITEM('color',(#2536),#1158);
#2536 = PRESENTATION_STYLE_ASSIGNMENT((#2537,#2542));
#2537 = SURFACE_STYLE_USAGE(.BOTH.,#2538);
#2538 = SURFACE_SIDE_STYLE('',(#2539));
#2539 = SURFACE_STYLE_FILL_AREA(#2540);
#2540 = FILL_AREA_STYLE('',(#2541));
#2541 = FILL_AREA_STYLE_COLOUR('',#1695);
#2542 = CURVE_STYLE('',#2543,POSITIVE_LENGTH_MEASURE(0.1),#1695);
#2543 = DRAUGHTING_PRE_DEFINED_CURVE_FONT('continuous');
#2544 = STYLED_ITEM('color',(#2545),#1170);
#2545 = PRESENTATION_STYLE_ASSIGNMENT((#2546,#2551));
#2546 = SURFACE_STYLE_USAGE(.BOTH.,#2547);
#2547 = SURFACE_SIDE_STYLE('',(#2548));
#2548 = SURFACE_STYLE_FILL_AREA(#2549);
#2549 = FILL_AREA_STYLE('',(#2550));
#2550 = FILL_AREA_STYLE_COLOUR('',#1695);
#2551 = CURVE_STYLE('',#2552,POSITIVE_LENGTH_MEASURE(0.1),#1695);
#2552 = DRAUGHTING_PRE_DEFINED_CURVE_FONT('continuous');
#2553 = STYLED_ITEM('color',(#2554),#1182);
#2554 = PRESENTATION_STYLE_ASSIGNMENT((#2555,#2560));
#2555 = SURFACE_STYLE_USAGE(.BOTH.,#2556);
#2556 = SURFACE_SIDE_STYLE('',(#2557));
#2557 = SURFACE_STYLE_FILL_AREA(#2558);
#2558 = FILL_AREA_STYLE('',(#2559));
#2559 = FILL_AREA_STYLE_COLOUR('',#1695);
#2560 = CURVE_STYLE('',#2561,POSITIVE_LENGTH_MEASURE(0.1),#1695);
#2561 = DRAUGHTING_PRE_DEFINED_CURVE_FONT('continuous');
#2562 = STYLED_ITEM('color',(#2563),#1194);
#2563 = PRESENTATION_STYLE_ASSIGNMENT((#2564,#2569));
#2564 = SURFACE_STYLE_USAGE(.BOTH.,#2565);
#2565 = SURFACE_SIDE_STYLE('',(#2566));
#2566 = SURFACE_STYLE_FILL_AREA(#2567);
#2567 = FILL_AREA_STYLE('',(#2568));
#2568 = FILL_AREA_STYLE_COLOUR('',#1695);
#2569 = CURVE_STYLE('',#2570,POSITIVE_LENGTH_MEASURE(0.1),#1695);
#2570 = DRAUGHTING_PRE_DEFINED_CURVE_FONT('continuous');
#2571 = STYLED_ITEM('color',(#2572),#1206);
#2572 = PRESENTATION_STYLE_ASSIGNMENT((#2573,#2578));
#2573 = SURFACE_STYLE_USAGE(.BOTH.,#2574);
#2574 = SURFACE_SIDE_STYLE('',(#2575));
#2575 = SURFACE_STYLE_FILL_AREA(#2576);
#2576 = FILL_AREA_STYLE('',(#2577));
#2577 = FILL_AREA_STYLE_COLOUR('',#1695);
#2578 = CURVE_STYLE('',#2579,POSITIVE_LENGTH_MEASURE(0.1),#1695);
#2579 = DRAUGHTING_PRE_DEFINED_CURVE_FONT('continuous');
#2580 = STYLED_ITEM('color',(#2581),#1218);
#2581 = PRESENTATION_STYLE_ASSIGNMENT((#2582,#2587));
#2582 = SURFACE_STYLE_USAGE(.BOTH.,#2583);
#2583 = SURFACE_SIDE_STYLE('',(#2584));
#2584 = SURFACE_STYLE_FILL_AREA(#2585);
#2585 = FILL_AREA_STYLE('',(#2586));
#2586 = FILL_AREA_STYLE_COLOUR('',#1695);
#2587 = CURVE_STYLE('',#2588,POSITIVE_LENGTH_MEASURE(0.1),#1695);
#2588 = DRAUGHTING_PRE_DEFINED_CURVE_FONT('continuous');
#2589 = MECHANICAL_DESIGN_GEOMETRIC_PRESENTATION_REPRESENTATION('',(
    #2590),#1669);
#2590 = STYLED_ITEM('color',(#2591),#1249);
#2591 = PRESENTATION_STYLE_ASSIGNMENT((#2592,#2598));
#2592 = SURFACE_STYLE_USAGE(.BOTH.,#2593);
#2593 = SURFACE_SIDE_STYLE('',(#2594));
#2594 = SURFACE_STYLE_FILL_AREA(#2595);
#2595 = FILL_AREA_STYLE('',(#2596));
#2596 = FILL_AREA_STYLE_COLOUR('',#2597);
#2597 = COLOUR_RGB('',0.300000011921,0.300000011921,0.300000011921);
#2598 = CURVE_STYLE('',#2599,POSITIVE_LENGTH_MEASURE(0.1),#2597);
#2599 = DRAUGHTING_PRE_DEFINED_CURVE_FONT('continuous');
ENDSEC;
END-ISO-10303-21;
